offset	lines	text
0x0002ac87	1	새로운 정보를 입수
0x0002b065	2	도쿄 게임쇼 버전은\n여기까지입니다。
0x0002b082	2	2009년 발매 예정!\n
0x0002b098	2	무죄를 쟁취할 수 있을지는\n당신에게 달렸습니다....
0x0002c058	1	［오전］
0x0002c065	1	［오후］
0x0002e706	1	시라카와 저택
0x0002e711	1	시라카와 빌딩
0x0002e71d	1	미즈타니 탐정사무소(고교)
0x0002e738	1	피해 현장
0x0002e745	1	누마사키 법률사무소
0x0002e761	1	신토 택시 센터
0x0002e77b	1	게임 센터
0x0002e788	1	시라카와 저택
0x0002e791	1	시라카와 빌딩
0x0002e79b	1	미즈타니 탐정사무소(고교)
0x0002e7b4	1	피해 현장
0x0002e7bf	1	누마사키 법률사무소
0x0002e7d7	1	신토 택시 센터
0x0002e7ed	1	게임 센터
0x00037dc4	7	　\n　\n전반부는 여기까지입니다.\n이제부터는 이야기의 후반부입니다.\n　\n　\n　
0x000388c4	1	［피의자가 어떤 사람인지 궁금했다］
0x000388e3	2	［피의자에게 다른 말을 하고\n싶었다］
0x00038902	1	［아무 생각도 하지 않았다］
0x00038916	1	［시라카와 가문의 가족 구성］
0x0003892e	1	［최근 달라진 점］
0x00038b7a	2	【노리코】\n(여기가 피해자의 집이네)
0x00038bdf	4	【노리코】\n(……그렇다 해도 정말 으리으리한\n집이네.\n역시 위엄이 느껴져)
0x00038c51	3	【노리코】\n(시라카와 저택에 도착했네.\n어떻게 할까?)
0x00038d70	2	【노리코】\n(훌륭한 문패가 걸려 있네)
0x00038dba	3	【노리코】\n(이름난 문패 가게에\n주문했겠지……)
0x00038e16	2	【노리코】\n(훌륭한 문패가 걸려 있네)
0x00038e99	4	【노리코】\n(문이 크네……\n문만 이렇게 큰 걸 보면,\n집 자체도 상당히 크겠지……)
0x00038f06	4	【노리코】\n(자세히 보니,\n주변 집 문도 멋진 게 많네.\n다들 부자인가 봐……)
0x00038f77	3	【노리코】\n(압도될 정도로,\n훌륭한 문이네……)
0x00038ff3	2	【도어폰】\n……네.
0x0003902e	3	【노리코】\n저는 변호사인\n신조 노리코라고 합니다.
0x00039081	3	【노리코】\n무례한 부탁이라 죄송하지만,\n잠시 이야기를 나눌 수 있을까요?
0x000390f0	3	【도어폰】\n……\n잠시만 기다려 주세요.
0x00039136	2	【노리코】\n네.
0x000391c6	2	【여성】\n……변호사님인가요?
0x0003920a	5	【노리코】\n네.\n이번 사건 피의자인\n사이토 코우지의 담당\n변호사입니다.
0x00039279	4	【노리코】\n코우지는 무죄를 주장하고 있고,\n저 역시 코우지가 무죄라고\n생각합니다.
0x000392e5	2	【여성】\n……정말 그 사람은 무죄인가요?
0x0003932c	3	【노리코】\n물론 객관적인 증거는\n아직 아무것도 나오지 않았습니다.
0x00039387	6	【노리코】\n하지만 코우지가 무죄라면,\n진범은 아직도 도망치고 있을\n겁니다.\n그런 일은 절대로 용서할 수\n없습니다.
0x000393f8	5	【노리코】\n제가 알고 싶은 건 사건의\n진상입니다.\n그러기 위해 시라카와 씨에게도\n협조해 주셨으면 합니다만……
0x00039468	2	【여성】\n…………
0x000394ae	4	【여성】\n저는 이 집에서 도우미로 일하는\n토죠라고 합니다.\n부인께서는 지금 외출 중이신데……
0x00039527	2	【노리코】\n그랬군요……
0x00039562	4	【노리코】\n그럼 토죠 씨,\n이야기를 여쭤보고 싶은데,\n괜찮으실까요?
0x000395cc	2	【가사도우미】\n제가요?
0x00039609	4	【노리코】\n네.\n대답할 수 있는 범위에서만\n괜찮습니다……
0x0003966c	3	【가사도우미】\n……알겠습니다.\n무엇부터 말씀드리면 될까요?
0x000396ed	2	【도어폰】\n……네.
0x00039728	3	【노리코】\n저는 변호사인\n신조 노리코입니다.
0x00039777	3	【노리코】\n노조미 씨에게 여쭤볼 것이 있는데,\n집에 계신가요?
0x000397d3	2	【도어폰】\n…………
0x0003980e	2	【도어폰】\n잠시만 기다려 주세요……
0x000398e5	3	【노조미】\n기다리게 했네요.\n무슨 일이죠?
0x0003992a	3	【노리코】\n이번에는 사진을 주셔서\n감사합니다.
0x0003999a	2	【노조미】\n아니에요……
0x000399d0	3	【노리코】\n지난번에 피의자 사이토 씨를\n접견하셨죠?
0x00039a4e	3	【노조미】\n……네.\n덕분에 만날 수 있었습니다……
0x00039a9e	5	【노리코】\n저기……\n'덕분에'라는 말은 빼 주세요.\n여러 가지로 문제가 될 수\n있으니까……
0x00039b11	4	【노조미】\n아…… 그렇네요……\n제가 멋대로 만나러 간\n것이니까요……
0x00039b6a	4	【노리코】\n그런데 말이죠……\n코우지가 마음에 걸리는\n모양이에요.
0x00039bbd	3	【노리코】\n……헤어질 때 중얼거리던\n한마디가.
0x00039c04	2	【노조미】\n…………
0x00039c3c	2	【노리코】\n뭔가 눈치채신 점이 있나요?
0x00039ca6	2	【노조미】\n……모르겠어요.
0x00039ce2	4	【노리코】\n그럼 질문 방법을 바꿔볼게요.\n노조미 씨는 코우지가 범인이라고\n생각하나요?
0x00039d69	2	【노조미】\n어……?
0x00039da1	4	【노리코】\n코우지는 말했어요.\n헤어질 때 『살인자』라는 말을\n들었다고요.
0x00039e12	2	【노조미】\n…………
0x00039e4a	2	【노리코】\n하지만, 그게 진심인가요?
0x00039e9b	2	【노조미】\n무슨 뜻……인가요……?
0x00039ee0	4	【노리코】\n피해자 가족과의 접촉은 금지되어\n있습니다.\n지난번에 말씀드린 대로예요.
0x00039f4b	4	【노리코】\n그런데도 변장까지 해서 찾아가고,\n그렇게까지 말했다는 게 마음에\n걸려서……
0x00039fab	2	【노조미】\n…………
0x0003a027	2	【노리코】\n사실은……
0x0003a092	3	【노리코】\n피의자가 어떤 사람이었는지\n관심이 있었다거나?
0x0003a10f	2	【노조미】\n아……
0x0003a145	2	【노리코】\n(반응이 있었어!)
0x0003a185	2	【노리코】\n역시 그랬군요.
0x0003a1db	3	【노리코】\n사실은 다른 말을 하고 싶었던 거\n아닌가요……?
0x0003a22d	2	【노조미】\n…………
0x0003a265	3	【노리코】\n(반응 없음……\n이건 아닌 모양이네)
0x0003a2cf	3	【노리코】\n사실은…… 아무 생각도 하지\n않았나요?
0x0003a316	2	【노조미】\n…………
0x0003a34e	3	【노리코】\n(반응 없음……\n이건 아닌 모양이네)
0x0003a3a2	3	【노리코】\n그럼 코우지를 보고\n뭔가 생각나는 게 있었나요?
0x0003a40d	2	【노조미】\n…………
0x0003a445	2	【노리코】\n(역시 말해 주지 않네……)
0x0003a48d	4	【노리코】\n……알겠습니다.\n말하기 어려우시다면 더는 묻지\n않을게요.
0x0003a4f5	2	【노조미】\n……죄송해요.
0x0003a53d	3	【노조미】\n잘…… 모르겠어요……\n저 자신도……
0x0003a58b	3	【노리코】\n저야말로,\n배려가 부족했습니다.
0x0003a5db	3	【노리코】\n그렇겠죠……\n노조미 씨도 피해자니까요……
0x0003a636	2	【노조미】\n…………
0x0003a66e	3	【노리코】\n하지만 믿어줘요.\n코우지는 범인이 아니에요!
0x0003a6ba	3	【노리코】\n코우지의 변호사라는 입장을\n떠나서, 저는 그렇게 생각해요.
0x0003a717	2	【노조미】\n…………
0x0003a74f	3	【노리코】\n뭔가 눈치챈 점이 있다면,\n알려주시면 감사하겠습니다.
0x0003a7a5	4	【노리코】\n저에게 말하기 어렵다면,\n코우지에게 직접 말해 주셔도\n괜찮습니다.
0x0003a7fd	3	【노리코】\n코우지도 저도 진범을 반드시 잡을\n생각이니까요……
0x0003a85a	2	【노조미】\n…………
0x0003a8ec	3	【노리코】\n(도우미가 있다니,\n역시 시라카와 가문이네……?)
0x0003aa14	3	【노리코】\n시라카와 가문의 가족 구성에 대해\n알려주실 수 있나요?
0x0003aa70	2	【가사도우미】\n가족 구성 말인가요……
0x0003aabe	3	【가사도우미】\n먼저 남편분이 계셨습니다만……\n당신도 아시다시피…… 말이죠.
0x0003ab22	2	【노리코】\n네.
0x0003ab64	4	【가사도우미】\n남편분은 이미 돌아가셨으니,\n현재 시라카와 가문의 가장은\n부인입니다.
0x0003abe1	3	【노리코】\n부인 성함을\n여쭤봐도 될까요?
0x0003ac46	5	【가사도우미】\n미사에 님입니다.\n아름다울 미, 사람 인 변에 왼쪽\n좌, 은혜 혜로 써서\n미사에 님입니다.
0x0003acbe	2	【노리코】\n미사에 씨……군요.
0x0003ad0d	4	【가사도우미】\n네.\n그리고 따님이 노조미 님입니다.\n히라가나로 노조미라고 씁니다.
0x0003ad79	2	【노리코】\n노조미 씨……군요.
0x0003adc5	3	【가사도우미】\n네……\n현재는 두 분이 살고 계십니다.
0x0003ae12	3	【노리코】\n그렇군요.\n감사합니다.
0x0003af17	3	【노리코】\n최근 달라진 점은\n없었나요?
0x0003af6d	2	【가사도우미】\n달라진 일이라니요?
0x0003afad	4	【노리코】\n네.\n예를 들면, 남편분이 늦게 귀가하게\n됐다거나……
0x0003b013	6	【가사도우미】\n그렇다면 반대입니다.\n예전과 비교하면, 최근……이라고\n해도\n지난 몇 년 사이지만, 일찍\n귀가하게 됐습니다.
0x0003b097	4	【가사도우미】\n예전에는 일만 하시는 분이셨지만,\n최근에는 오히려 가족 서비스를\n우선하셨던 것 같습니다.
0x0003b13c	3	【노리코】\n그렇군요……\n다른 변화는 없었나요?
0x0003b195	3	【가사도우미】\n글쎄요……\n특별히 없었던 것 같습니다만……
0x0003b1e1	3	【노리코】\n알겠습니다.\n감사합니다.
0x0003b280	4	【여성】\n어머, 토죠 씨.\n손님이세요?\n안으로 모셨으면 좋았을 텐데요.
0x0003b2f5	3	【노리코】\n(누구일까, 이 여성……\n어라, 잠깐!?)
0x0003b34c	3	【가사도우미】\n아, 부인……\n이분은……
0x0003b39d	3	【노리코】\n(부인이라고 하는 걸 보니,\n이 사람이 미사에 씨구나……)
0x0003b3f7	4	【노리코】\n(……본인의 얼굴을 그린 건가……?\n아니, 지금은 이야기에 집중해야\n해)
0x0003b471	4	【노리코】\n처음 뵙겠습니다.\n저는 변호사인\n신조 노리코라고 합니다.
0x0003b4cd	4	【노리코】\n이번 사건의 피의자인\n사이토 코우지의 담당\n변호사입니다.
0x0003b563	2	【미사에】\n피의자……라고요?
0x0003b5af	4	【노리코】\n네.\n하지만 저는 코우지가 무죄라고\n믿고 있습니다.
0x0003b60f	3	【미사에】\n……변호사님이라면,\n입장상 그렇게 말할 수밖에 없겠죠.
0x0003b66a	2	【노리코】\n…………
0x0003b6a3	3	【노리코】\n(미사에 씨에게 코우지는\n소중한 사람을 죽인 원수……)
0x0003b704	3	【노리코】\n(코우지의 변호사인 나를 향한\n시선도 차갑네……)
0x0003b762	4	【노리코】\n아니, 입장 때문이 아니라,\n이번 사건의 진범은 다른\n사람이라고 생각합니다.
0x0003b7ca	3	【노리코】\n그 진범을 잡기 위해서라도,\n부디 협조해 주셨으면 합니다……
0x0003b835	2	【미사에】\n…………
0x0003b87d	3	【미사에】\n실례하겠습니다.\n아무것도 말할 게 없습니다.
0x0003b8ce	2	【노리코】\n아……
0x0003b932	3	【가사도우미】\n아, 부인!?\n기다려 주세요……!
0x0003b9cc	2	【노리코】\n…………
0x0003ba05	4	【노리코】\n그렇겠지…… 남편분이 돌아가신 지\n며칠밖에 안 됐으니까.\n이런 반응은 당연하겠지……
0x0003ba7e	2	【노리코】\n조금 더 신경 썼어야 했는데……
0x0003bad1	2	【여성】\n……?
0x0003bb08	2	【여성】\n실례지만 누구신가요?
0x0003bb60	2	【노리코】\n어……!?
0x0003bba8	2	【여성】\n무슨 일로 저희 집에 오셨나요?
0x0003bbec	3	【노리코】\n네 집이라니……\n혹시 노조미 씨?
0x0003bc4f	2	【노조미】\n네, 네. 맞는데요……
0x0003bca9	5	【노리코】\n처음 뵙겠습니다……\n이번 사건 피의자의 변호를\n담당하고 있는 신조 노리코라고\n합니다.
0x0003bd49	2	【노조미】\n변호사……님?
0x0003bd87	2	【노리코】\n네.
0x0003bdbc	3	【노리코】\n여러 이야기를 나눌 수 있으면\n해서요……
0x0003be0d	2	【노조미】\n…………
0x0003be45	2	【노리코】\n(그야, 침묵할 수밖에 없겠지……)
0x0003be9b	4	【노조미】\n피의자라니……\n아버지를 죽였을지도 모르는 사람\n말이죠……?
0x0003bf07	2	【노리코】\n어……?
0x0003bf40	3	【노리코】\n(죽였을지도 모르는 사람이라니……\n그렇게 생각하고 있는 건가……?)
0x0003bfa2	4	【노리코】\n그, 그렇죠……\n죽였을지도 모른다고 의심받는\n사람입니다……
0x0003c004	3	【노리코】\n하지만 저는 진범은 따로 있다고\n생각해요!
0x0003c052	2	【노조미】\n…………
0x0003c08a	4	【노리코】\n부탁드립니다!\n진범을 잡기 위해서라도,\n이야기를 들려주셨으면 해요!
0x0003c0f1	2	【노조미】\n…………
0x0003c14f	2	【노조미】\n협조해도 좋아요.
0x0003c18d	3	【노리코】\n네……\n정말인가요!?
0x0003c1e0	3	【노조미】\n그럼 저는\n무엇에 협조하면 될까요?
0x0003c22e	2	【노리코】\n그, 그렇군요……
0x0003c26b	4	【노리코】\n(대략적인 정보는 들었고……\n가능하다면 코우지에게 보여줄\n사진이 있으면 좋겠는데……)
0x0003c2d8	4	【노리코】\n가능하면,\n당신과…… 미사에 씨의 사진을\n받고 싶은데요……
0x0003c349	2	【노조미】\n사진 말인가요……?
0x0003c388	4	【노리코】\n네.\n두 분을 구별할 수 있다면\n어떤 사진이든 괜찮습니다.
0x0003c3e1	2	【노조미】\n…………
0x0003c43f	3	【노조미】\n……알겠습니다.\n그럼 지금 가져올게요.
0x0003c48d	2	【노리코】\n감사합니다!
0x0003c552	2	【노조미】\n……여기 있습니다.
0x0003c590	3	【노리코】\n감사합니다.\n그럼 받아 갈게요.
0x0003c64d	2	【노리코】\n(귀여운 아가씨네)
0x0003c692	3	【노리코】\n(얼핏 멍해 보이지만,\n의외로 속은 강한 사람 같네)
0x0003c6f3	3	【노리코】\n(노조미 씨구나.\n여자인 내가 봐도 귀엽네)
0x0003c762	3	【노리코】\n(코우지에게 물어보고 싶은 건\n지금으로선 없나……)
0x0003c7ef	2	【노리코】\n(이제 조사를 끝낼까……?)
0x0003c89f	3	【노리코】\n그럼 저는 이만 실례할게요.\n바쁘신데 죄송했습니다.
0x0003c923	3	【노조미】\n아, 아니에요……\n수고하셨어요……
0x0003c974	2	【노리코】\n(조금 더 이야기를 들어보자)
0x0003c9c3	3	【노리코】\n(아직 물어봐야 할 게 남아 있어.\n아직 돌아갈 수는 없겠네.)
0x0003ca75	3	【노리코】\n시라카와 저택에서 얻은 정보는\n대략 이런 내용이었어.
0x0003cb0d	2	【노리코】\n그리고 이게 두 사람의 사진이야.
0x0003cbab	2	【코우지】\n…………
0x0003cbe4	2	【노리코】\n어때……?
0x0003cc1d	3	【코우지】\n……이건,\n내 어머니가 아닌 거지?
0x0003cc81	4	【노리코】\n응……\n이 여자는 피해자의 아내인, 미사에\n씨야.
0x0003ccdc	2	【코우지】\n……정말 닮았네……
0x0003cd25	3	【노리코】\n그래.\n하지만 완전히 타인이야……
0x0003cd6a	5	【노리코】\n어제 관공서에서 조사해 봤는데……\n증조할아버지 대까지 거슬러\n올라가도,\n네 어머니와 혈연관계는 없더라.
0x0003cdf8	2	【코우지】\n……그렇군.
0x0003cea3	2	【코우지】\n고마워, 도움이 됐어.
0x0003cf25	3	【코우지】\n그렇군.\n결국 아무것도 말하지 않았단 건가.
0x0003cf7f	2	【노리코】\n그렇네……
0x0003cfc4	5	【코우지】\n그녀가 무슨 생각을 하는지 알 수\n없는 이상,\n이쪽은 그녀의 움직임을 기다릴\n수밖에 없겠네.
0x0003d070	1	시라카와 빌딩 주변
0x0003d07c	1	시라카와 빌딩 주변
0x0003d08c	1	시라카와 빌딩
0x0003d094	1	시라카와 빌딩
0x0003d1b1	3	【노리코】\n(여기가 시라카와 그룹의 중심,\n시라카와 빌딩이네)
0x0003d224	3	【노리코】\n(그나저나,\n큰 빌딩이네……)
0x0003d26e	4	【노리코】\n(입구는 어디일까……?\n안으로 들어가서 이야기를 해보고\n싶은데……)
0x0003d323	3	【노리코】\n(시라카와 빌딩에 도착했네.\n어떻게 할까?)
0x0003d448	2	【노리코】\n(정말 큰 빌딩이네……)
0x0003d48c	3	【노리코】\n(시라카와 그룹의 각 기업 본사가\n들어선 빌딩인 것 같지만……)
0x0003d4f5	5	【노리코】\n(이 빌딩을 보면,\n시라카와 그룹이 얼마나 힘을 갖고\n있는지\n잘 알 수 있네)
0x0003d557	2	【노리코】\n(…………)
0x0003d594	5	【노리코】\n(이 시라카와 그룹 대표를 죽인\n죄로\n기소된 거지,\n코우지는……)
0x0003d5f9	2	【노리코】\n(정신을 바짝 차려야 해……)
0x0003d64b	4	【노리코】\n(큰 빌딩……\n하지만 압도당하고 있을 때가\n아니야)
0x0003d6a6	3	【노리코】\n(정신을 바짝 차리고\n조사해야 해)
0x0003d73c	3	【노리코】\n(주변은 온통 사무실뿐이네.\n높은 빌딩이 줄지어 있어)
0x0003d78c	4	【노리코】\n(이렇게 빌딩이 많으니,\n샐러리맨을 위한 식당은\n장사가 잘되겠네)
0x0003d7f4	4	【노리코】\n(우리 사무실 근처에도 맛있는\n점심을\n먹을 수 있는 가게가 있는데……)
0x0003d85a	4	【노리코】\n(나는 밖에 나가 있는 일이 더\n많아서\n갈 기회가 없단 말이지)
0x0003d8b8	4	【노리코】\n(이 근처에도 맛있는 가게가\n있으려나?\n근처를 돌아다녀 볼까)
0x0003d918	2	【노리코】\n(사무실뿐이네)
0x0003d954	3	【노리코】\n(시라카와 빌딩에 뒤지지 않을 만큼\n큰 빌딩이 줄지어 있네)
0x0003da70	1	팸플릿
0x0003da78	1	팸플릿
0x0003da84	1	응접 코너
0x0003da8d	1	응접 코너
0x0003da9a	1	로비
0x0003da9f	1	로비
0x0003dc50	2	【노리코】\n(시라카와 빌딩 안이네)
0x0003dc90	3	【노리코】\n(밖에서 봐도 훌륭했지만,\n안도 대단하네……)
0x0003dce6	3	【노리코】\n(누군가와 이야기하고 싶은데,\n어떻게 해야 할까?)
0x0003dddf	3	【노리코】\n(천장이 높게 뚫려 있어서\n공간이 더 높게 느껴져)
0x0003de3e	3	【노리코】\n(게다가 빛이 많이 들어와서\n밝고 좋은 분위기네)
0x0003dea9	4	【노리코】\n(역시 주택 메이커 건물이네.\n이러면 맡겨도 괜찮겠다는 분위기를\n입구만 봐도 느끼게 해)
0x0003df33	2	【노리코】\n(천장이 높아서 밝네……)
0x0003df85	3	【노리코】\n(손님에게 안심감을 주는 구조로\n되어 있는 거구나)
0x0003e048	5	【노리코】\n(……어떻게 말을 꺼낼까?\n『시라카와 그룹에 대해 이야기하고\n싶다』고\n말하면 되려나?)
0x0003e0b5	2	【노리코】\n(…………)
0x0003e0f2	3	【노리코】\n(……에라, 모르겠다.\n일단 부딪혀 보자)
0x0003e162	6	【노리코】\n실례합니다.\n저는 변호사인 신조 노리코라고\n합니다만,\n지난 사건에 관해 조사하고\n있습니다.
0x0003e1cf	4	【노리코】\n시라카와 그룹에 관해\n이야기를 여쭤보고 싶은데,\n담당하시는 분이 계실까요?
0x0003e242	2	【접수원】\n잠시만 기다려 주십시오.
0x0003e28f	4	【노리코】\n(……말해 보자.\n이 경우 담당자는\n어느 부서 사람이 나오는 걸까?)
0x0003e2f7	2	【접수원】\n……네…… 네…… 알겠습니다.
0x0003e357	3	【접수원】\n기다리게 했습니다.\n시라카와 담당자가 응대하겠습니다.
0x0003e3ab	4	【접수원】\n저쪽에 응접 코너가 있으니,\n그쪽에서 잠시\n기다려 주시겠습니까?
0x0003e40f	3	【노리코】\n네, 알겠습니다.\n감사합니다.
0x0003e477	3	【노리코】\n(응접 코너는……\n저기 의자와 테이블이 있는 곳이네)
0x0003e4fa	3	【노리코】\n(다시 담당자를\n불러 달라고 할까?)
0x0003e545	4	【노리코】\n실례합니다.\n저는 변호사인 신조 노리코라고\n합니다.
0x0003e599	3	【노리코】\n시라카와 담당 나카가와 씨는\n계신가요?
0x0003e600	3	【접수원】\n나카가와 말씀이시죠.\n잠시만 기다려 주십시오.
0x0003e657	2	【노리코】\n…………
0x0003e69a	4	【접수원】\n기다리게 했습니다.\n지금 미나즈키가 돌아오니,\n저쪽 응접 코너에서 기다려 주세요.
0x0003e707	2	【노리코】\n네, 감사합니다.
0x0003e790	2	【노리코】\n(여러 집의 팸플릿이 있네)
0x0003e7d8	3	【노리코】\n(우와……\n이런 집도 만들 수 있구나……)
0x0003e827	7	【노리코】\n(하지만 너무 참신한 집은 공사를\n하면\n살기 불편해질 가능성도 있어\n보이네……\n디자인을 택할지, 살기 편한 걸\n택할지 고민되네)
0x0003e8ce	3	【노리코】\n(집의 매력을 응축한 모형이\n전시되어 있네)
0x0003e959	5	【노리코】\n(응접 코너 같은 곳이 있네.\n비즈니스 상담부터 집 꾸미기\n상담까지……\n그런 느낌이려나?)
0x0003e9d1	3	【노리코】\n(방문객용 응접 코너네.\n나도 상담하러 이용해 볼까)
0x0003ea62	1	관엽식물
0x0003ea6b	1	관엽식물
0x0003ea78	1	테이블
0x0003ea7e	1	테이블
0x0003ea88	1	응접 코너
0x0003ea91	1	응접 코너
0x0003eaaa	1	［시라카와 이치로의 인물상］
0x0003eac0	1	［시라카와 그룹의 새 대표］
0x0003eada	1	［나카가와 씨의 급여］
0x0003eaef	1	［시라카와 사토루에 대해］
0x0003eb02	1	［명함에 대해］
0x0003eb13	1	［정기 휴일에 대해］
0x0003ed68	3	【노리코】\n(나카가와 씨가 올 때까지,\n잠시 기다려 보자)
0x0003eddd	2	【노리코】\n…………
0x0003ee7f	2	【나카가와】\n기다리게 했습니다!
0x0003eebb	3	【노리코】\n죄송합니다, 바쁘신데\n자꾸 불러서……
0x0003ef25	2	【나카가와】\n아니요, 이게 제 일이니까요.
0x0003efdb	4	【노리코】\n(관엽식물이 장식되어 있네.\n이런 소박한 인테리어에도\n신경을 쓰고 있구나)
0x0003f095	3	【노리코】\n(집이라……\n동경되네……)
0x0003f0e2	4	【노리코】\n(도내에 살 거라면\n최근 아파트가 더 편한 경우도\n있겠지)
0x0003f141	2	【노리코】\n(어느 쪽이 좋으려나……?)
0x0003f18a	3	【노리코】\n(집이라……\n동경되네……)
0x0003f211	2	【노리코】\n…………
0x0003f24a	3	【노리코】\n(……5분……\n좀처럼 오지 않네……)
0x0003f29a	2	【노리코】\n(역시 의심받고 있는 걸까……?)
0x0003f352	3	【여성】\n기다리게 했습니다.\n변호사 신조 씨 맞으신가요?
0x0003f3a3	4	【노리코】\n네.\n처음 뵙겠습니다, 신조 노리코라고\n합니다.
0x0003f3fe	4	【여성】\n처음 뵙겠습니다.\n시라카와를 담당하고 있는,\n나카가와 리에라고 합니다.
0x0003f49a	2	【노리코】\n명함, 받아도 될까요?
0x0003f535	3	【나카가와】\n그래서 오늘은 어떤 용건으로\n오셨나요?
0x0003f581	5	【노리코】\n네.\n저는 지난 사건에서\n피의자의 변호를 담당하게\n되었습니다.
0x0003f5e7	4	【노리코】\n그래서 번거로우시겠지만,\n귀사에 대해 몇 가지\n여쭤볼 수 있을까 해서요……
0x0003f660	4	【나카가와】\n그렇군요…… 알겠습니다.\n어떤 것부터\n말씀드리면 될까요?
0x0003f6c6	4	【노리코】\n그렇네요.\n먼저 시라카와 그룹의 개요부터\n말씀해 주실 수 있을까요?
0x0003f72e	2	【나카가와】\n알겠습니다.
0x0003f77f	4	【나카가와】\n저희 시라카와 그룹은\n주택 건설을 주 업무로 하며,\n부문별로 세분화되어 있습니다.
0x0003f80e	4	【나카가와】\n먼저 집을 짓고 싶다고 상담해 오는\n고객과 직접 응대하는 곳이\n『시라카와 하우징』입니다.
0x0003f88b	6	【나카가와】\n시라카와 하우징은 고객의\n라이프스타일에 맞춰,\n무리가 없는 예산으로 설계\n단계부터 상담할 수 있다는 것이\n가장 큰 장점입니다.
0x0003f920	5	【나카가와】\n그를 위해 건축 전문가가 많은\n『시라카와 건설』과 연계하여,\n고객의 요구에 응할 수 있는 체계를\n갖추고 있습니다.
0x0003f9c1	5	【나카가와】\n또한 고객이 집을 지을 때,\n새로 지을 장소에도 유연하게\n대응할 수 있도록\n『시라카와 부동산』이 있습니다.
0x0003fa51	4	【나카가와】\n각 회사의 연계에 따라,\n고객이 원하는 장소에 원하는 집을\n제공할 수 있는 셈입니다.
0x0003fabf	3	【노리코】\n그렇군요……\n대단하네요.
0x0003fb12	4	【나카가와】\n신조 씨도 어떠신가요?\n변호사님이라면 자기 집 같은\n건……
0x0003fb6f	4	【노리코】\n네?\n아, 네.\n그건 또 언젠가……
0x0003fbc9	4	【나카가와】\n그때는 부디\n저를 지명해 주시면\n좋겠습니다.
0x0003fc26	2	【노리코】\n아, 네……
0x0003fc60	4	【노리코】\n저기……\n나카가와 씨는 시라카와 측\n분이시죠?
0x0003fcac	3	【노리코】\n시라카와 쪽은 영업 활동도\n겸하고 있나요?
0x0003fd12	4	【나카가와】\n아니요, 본격적으로 이야기를\n진행하게 되면,\n담당자를 소개해 드립니다.
0x0003fd8c	4	【나카가와】\n그때 제 소개를 통해 진행하면,\n일반 고객에게는 없는 특전이\n붙습니다!
0x0003fe0b	4	【나카가와】\n여기만의 비밀인데,\n소개하는 저에게도 약간의 특전이\n있답니다.
0x0003fe7d	2	【나카가와】\n그러니 꼭!
0x0003fec2	3	【노리코】\n(아, 당했네……\n설마 영업을 당할 줄은 몰랐어……)
0x0003ff1d	5	【노리코】\n(하지만…… 여기서 무턱대고\n거절하는 것보다,\n조금 관심을 보이는 편이\n정보를 끌어내기 쉬울지도……)
0x0003ff9e	3	【나카가와】\n그럼 다른 질문하고 싶은 게\n있으신가요?
0x000401f8	2	【코우지】\n그리고……
0x00040303	2	【노리코】\n(이제 조사를 끝낼까……?)
0x000403b3	3	【노리코】\n그럼 저는 이만 실례하겠습니다.\n바쁘신데 감사합니다.
0x00040423	4	【나카가와】\n아니요, 또 꼭 들러 주세요.\n그때는 멋진 집을 찾아드리는 데\n도움이 되겠습니다.
0x0004049e	3	【노리코】\n네, 알겠습니다.\n그럼 이만 실례하겠습니다.
0x000404fe	2	【노리코】\n(조금 더 이야기를 들어보자)
0x0004054d	3	【노리코】\n(아직 물어봐야 할 게 남아 있어.\n아직 떠날 수는 없어)
0x000405ff	3	【노리코】\n시라카와 빌딩에서 얻은 정보는\n대략 이런 내용이었어.
0x000406a0	3	【코우지】\n……\n결혼과 신혼집……?
0x0004071a	5	【노리코】\n어쩔 수 없었어.\n그렇게 말하는 편이\n정보를 받기 쉬울 거라고 생각했단\n말이야.
0x000407a3	2	【코우지】\n……뭐, 그건 상관없지만.
0x0004080e	4	【코우지】\n그나저나,\n리폼할 때 받은 명함이라……\n이제 수수께끼가 풀렸어.
0x0004089c	4	【코우지】\n고마워, 노리코!\n이제 숙적에게 반격할 수 있을 것\n같아.
0x0004090e	2	【노리코】\n(아, 부끄러웠다……)
0x00040957	4	【노리코】\n(게다가 잘 생각해 보면……\n코우지에게 보고할 필요도\n없었는데, 거짓말까지 했네……)
0x00040a26	2	【코우지】\n그리고……
0x00040a9d	5	【코우지】\n그렇군.\n시라카와 사토루의 평판은 아주\n좋다, 이건가.\n여러모로 판단하기 어려운 상대네.
0x00040b26	5	【노리코】\n그렇네.\n확실히 능력 있는 인물이지만,\n그렇다고 진범이라고 할 만한\n근거는 없고.
0x00040bc0	5	【코우지】\n알았어.\n하지만 지금까지처럼 용의자라는\n전제로\n조사를 계속하자.
0x00040c56	4	【노리코】\n저기, 전임 사장님……\n시라카와 이치로 씨는 어떤\n분이셨나요?
0x00040cdc	4	【나카가와】\n전임 사장님 말인가요?\n글쎄요……\n아주 엄격한 분이셨습니다.
0x00040d57	5	【나카가와】\n하지만 시라카와 그룹이 이렇게\n커진 건\n전임 사장님의 수완 덕분이라고\n생각합니다.
0x00040dd2	4	【나카가와】\n그러니,\n경영자로서는 훌륭한 분이었다고\n생각합니다.
0x00040e26	4	【노리코】\n경영자로서는……?\n그럼 사람으로서는 뭔가 문제가\n있었나요?
0x00040ea7	4	【나카가와】\n저는 말단이라 별로 느끼지\n못했지만,\n윗분들은 여러 가지…… 아차!
0x00040f37	3	【나카가와】\n지금 말은 못 들은 걸로 해\n주세요!
0x00040f85	3	【노리코】\n그렇군요……\n알겠습니다.
0x00040fdb	3	【노리코】\n시라카와 그룹의 새 대표는,\n이제 누가 맡게 됐나요?
0x0004105b	4	【나카가와】\n네.\n오늘 대외적으로도 발표될\n예정입니다만……
0x000410bf	3	【나카가와】\n『시라카와 사토루』라는 분이\n취임하게 되어 있습니다.
0x00041120	3	【노리코】\n시라카와 사토루 씨는\n어떤 분인가요?
0x0004118d	3	【나카가와】\n시라카와 씨인가요……?\n글쎄요……
0x000411dd	3	【접수원】\n실례합니다.\n나카가와 씨……
0x00041257	2	【나카가와】\n……네…… 네……
0x00041298	3	【나카가와】\n알겠습니다.\n곧 돌아오겠습니다.
0x000412e1	2	【접수원】\n부탁드립니다.
0x00041365	4	【나카가와】\n죄송합니다.\n제 고객에게 문제가 생긴 것\n같아서……
0x000413cb	3	【나카가와】\n이야기의 계속은 나중에 해도\n될까요?
0x00041452	4	【노리코】\n그렇군요……\n알겠습니다.\n그럼 저도 이만 실례하겠습니다.
0x000414b8	3	【나카가와】\n죄송합니다.\n그럼 다음에 또 잘 부탁드립니다.
0x00041527	3	【노리코】\n……나카가와 씨, 서둘러 가\n버렸네.
0x00041573	2	【노리코】\n그럼 나도 돌아가자.
0x00041607	2	【노리코】\n……라는 느낌이었어.
0x0004166d	4	【코우지】\n그렇군……\n이렇게 되니 신경 쓰이는 건\n새 대표인 『시라카와 사토루』네.
0x000416d9	4	【코우지】\n이렇게 말하면 그렇지만,\n피해자가 죽었기 때문에\n새 대표가 될 수 있었던 거니까……
0x0004176c	3	【노리코】\n확실히 그렇네……\n용의자일지도.
0x000417da	3	【코우지】\n조사해 보는 게 좋겠네.\n시라카와 사토루의 인물상을……
0x00041850	3	【노리코】\n나카가와 씨의 급여는\n어느 정도인가요……?
0x000418c2	3	【나카가와】\n그, 그건……\n아무래도 말씀드리기 곤란하네요.
0x00041915	3	【노리코】\n그, 그렇죠.\n죄송합니다, 이상한 걸 물어봐서.
0x00041971	2	【나카가와】\n…………
0x000419c9	4	【노리코】\n새로 시라카와 그룹의 톱이 된\n시라카와 사토루 씨에 대해\n여쭤보고 싶은데요……
0x00041a59	3	【나카가와】\n시라카와 씨인가요……?\n글쎄요……
0x00041adf	5	【나카가와】\n시라카와 사토루는\n고인이 된 시라카와 이치로의\n사촌에 해당하는\n인물입니다.
0x00041b46	4	【나카가와】\n대표 취임 인사에서도\n말씀드렸지만, 새 대표는 기업 간의\n관계를 바꾸려고 합니다.
0x00041bcf	5	【나카가와】\n지금까지는 『시라카와 하우징』을\n주력 기업으로 삼아,\n그룹을 하나의 조직으로\n운영했지만……
0x00041c4d	7	【나카가와】\n『시라카와 홀딩스』라는\n지주회사를 새로 만들고,\n그 아래에 『시라카와 하우징』을\n비롯한\n각 기업을 두는 형태로 한다고\n합니다.
0x00041cf2	6	【나카가와】\n이는 지금까지처럼 위에서 의견을\n강요하는 것이 아니라, 그룹의\n기업끼리\n의견 조정을 쉽게 하려는 목적이\n있습니다.
0x00041d8c	3	【나카가와】\n그래서 그룹 대표라는 입장도\n지금까지와는 달라집니다.
0x00041df6	4	【나카가와】\n지금까지는 『시라카와 하우징』\n대표가\n사실상 그룹 대표였습니다.
0x00041e6a	4	【나카가와】\n하지만 앞으로는\n『시라카와 홀딩스』 대표가\n그룹 대표가 됩니다.
0x00041ecf	4	【노리코】\n아무래도 새 대표는 현장의 의견을\n적극적으로 받아들이는 타입인\n모양이네요.
0x00041f30	2	【노리코】\n그런데, 인품은 어떤 분인가요?
0x00041fa1	4	【나카가와】\n그렇군요……\n전임 대표보다는 편하게 이야기할\n수 있는 느낌입니다.
0x0004201e	3	【나카가와】\n살갑게 말도 걸어 주시고,\n태도도 부드러운 분입니다.
0x00042080	3	【노리코】\n그렇군요……\n귀중한 이야기, 감사합니다.
0x0004212d	3	【나카가와】\n시라카와 사토루 대표는\n정말 좋은 분이에요!
0x00042196	3	【노리코】\n귀사의 명함에 대해\n여쭤보고 싶은데요……
0x00042217	2	【나카가와】\n명함 말인가요……?
0x0004225d	4	【노리코】\n네.\n이 디지털카메라 모니터를\n봐 주시겠어요?
0x000422ca	2	【나카가와】\n…………
0x00042310	5	【나카가와】\n이 명함…… 전임 대표의 것\n같네요.\n그런데 디자인이 다른 것\n같은데요……
0x00042378	3	【노리코】\n디자인이 다르다……?\n그게 무슨 뜻인가요?
0x000423e8	3	【나카가와】\n제가 드린 명함을\n가지고 계신가요?
0x0004243b	2	【노리코】\n네, 이거 맞죠?
0x000424aa	3	【노리코】\n……그렇군요,\n확실히 디자인이 다르네요.
0x000424fe	3	【나카가와】\n전임 대표의 명함은\n8년 전까지 사용되던 것이네요.
0x0004255a	4	【나카가와】\n시대가 바뀌어 2001년에\n명함 디자인을 새로 바꿨기 때문에,\n디자인이 다른 겁니다.
0x00042608	4	【노리코】\n(……그렇다는 건,\n코우지가 피해자를 만난 건\n적어도 8년 이상 전……)
0x00042685	4	【나카가와】\n그런데, 슬슬 신조 씨의 신혼집\n이야기를\n구체화하지 않겠습니까……?
0x000426f1	3	【노리코】\n뭐라고요!?\n자, 잠깐만요, 그건 아직……
0x0004274c	4	【나카가와】\n그럼 적어도 고객 정보로서\n회사에 등록하도록\n해 주실 수 없을까요?
0x000427c8	4	【나카가와】\n고객 정보는 계속 남아 있으니,\n나중에 다시 신혼집을 생각하실 때\n바로 대응할 수 있습니다!
0x0004284b	3	【노리코】\n고객 정보……?\n……그거야!
0x000428a2	4	【노리코】\n죄송해요,\n조사해 보고 싶은 게\n있는데요!
0x000428ff	3	【나카가와】\n네, 네!?\n무엇인가요!
0x00042943	5	【노리코】\n고객 정보에 사이토 코우지……\n아니면 사이토 씨 어머니의 이름이\n등록되어 있지 않은지 조사해\n주시겠어요!?
0x000429e9	4	【나카가와】\n저기……\n그분은 신조 씨와\n어떤 관계인가요……?
0x00042a42	2	【노리코】\n어……?
0x00042aa1	3	【나카가와】\n요즘은 개인정보 취급에 대해\n여러모로 까다로워서……
0x00042b0d	4	【노리코】\n(어, 어떻게 하지……?\n피의자라고 그대로 말해도\n되려나……?)
0x00042b76	2	【노리코】\n…………
0x00042baf	2	【노리코】\n(에라, 거짓말도 방편이지!)
0x00042bfb	3	【노리코】\n저, 저의 연인입니다.\n사이토 코우지는……
0x00042c68	4	【나카가와】\n아!\n결혼을 예정하고 계신다는\n말씀이신가요!?
0x00042cc0	3	【노리코】\n네, 네……\n그런 셈이에요……
0x00042d14	4	【나카가와】\n결혼을 계기로 신혼집을 구하신다는\n거군요!\n축하드립니다.
0x00042d78	2	【노리코】\n아, 감사합니다……
0x00042dba	6	【노리코】\n아, 그게 말이죠……\n혹시 코우지의 이름이나 코우지\n어머니의 이름으로,\n고객 정보가 등록되어 있지 않을까\n해서요……
0x00042e48	3	【노리코】\n아까 명함인데요,\n코우지가 가지고 있던 겁니다.
0x00042eac	4	【나카가와】\n알겠습니다.\n그럼 바로 조사해서 알려\n드리겠습니다.
0x00042f26	2	【노리코】\n…………
0x00042f5f	2	【노리코】\n(죄송해요, 나카가와 씨!)
0x00042ff5	4	【나카가와】\n기다리게 했습니다.\n확실히 사이토 씨 어머니 명의로\n등록되어 있었습니다.
0x00043061	3	【나카가와】\n아무래도 지금으로부터 9년쯤 전에\n집을 리폼하셨던 것 같네요.
0x000430c7	4	【노리코】\n리폼!\n그렇군요,\n그때 전임 사장님과 만났던 거군요.
0x0004312d	3	【나카가와】\n네, 회사의 대표와 전임 대표가\n인사하러 방문했던 모양입니다.
0x000431a6	5	【나카가와】\n전임 대표가 개인 고객을\n직접 만날 기회는 별로 없었는데,\n아무래도 우수 고객이었던\n모양이네요.
0x00043226	3	【나카가와】\n그럼 신조 씨의 신혼집\n이야기는……
0x0004327a	3	【노리코】\n아, 저기, 그건 또,\n코우지와 함께 왔을 때라도……
0x000432e6	5	【나카가와】\n아, 그렇군요.\n그럼 부디,\n코우지 씨와 함께 방문해 주시길\n기다리겠습니다.
0x0004334e	3	【노리코】\n네, 네……\n그렇게 되면 좋겠네요……
0x000433c5	3	【나카가와】\n코우지 씨와 함께 방문해 주시길\n진심으로 기다리고 있겠습니다.
0x00043414	2	【노리코】\n아, 네……
0x00043455	3	【노리코】\n정기 휴일에 대해 알려 주실 수\n있나요?
0x000434c6	3	【나카가와】\n네.\n토요일이 정기 휴일입니다.
0x00043521	2	【나카가와】\n네. 일요일이 정기 휴일입니다.
0x000435d0	1	시라카와 빌딩 주변
0x000435dc	1	시라카와 빌딩 주변
0x000435ec	1	시라카와 빌딩
0x000435f4	1	시라카와 빌딩
0x00043725	3	【노리코】\n(시라카와 빌딩에 도착했네.\n어떻게 할까?)
0x000438f7	4	【노리코】\n(큰 빌딩……\n하지만 압도당하고 있을 때가\n아니야)
0x00043952	2	【노리코】\n(정신을 바짝 차리고 조사해야 해)
0x000439a8	2	【노리코】\n(사무실뿐이네)
0x000439e4	3	【노리코】\n(시라카와 빌딩에 뒤지지 않을 만큼\n큰 빌딩이 줄지어 있네)
0x00043a78	1	팸플릿
0x00043a80	1	팸플릿
0x00043a8c	1	응접 코너
0x00043a95	1	응접 코너
0x00043aa2	1	로비
0x00043aa7	1	로비
0x00043dc3	2	【노리코】\n(여러 집의 팸플릿이 있네)
0x00043e0b	3	【노리코】\n(우와……\n이런 집도 만들 수 있구나……)
0x00043e5a	7	【노리코】\n(하지만 너무 참신한 집은 공사를\n하면\n살기 불편해질 가능성도 있어\n보이네……\n디자인을 택할지, 살기 편한 걸\n택할지 고민되네)
0x00043ef5	3	【노리코】\n(집의 매력을 응축한 모형이\n전시되어 있네)
0x00043f4f	3	【노리코】\n(방문객용 응접 코너네.\n나도 상담하러 이용해 볼까)
0x00043fb5	2	【노리코】\n(천장이 높아서 밝네……)
0x00044007	3	【노리코】\n(손님에게 안심감을 주는 구조로\n되어 있는 거구나)
0x000440a0	4	【노리코】\n실례합니다.\n저는 변호사인 신조 노리코라고\n합니다.
0x000440f4	4	【노리코】\n시라카와 건설의 미나즈키 코우지\n씨와\n이야기를 나누고 싶은데요……?
0x0004414d	3	【접수원】\n미나즈키 씨 말씀이시죠.\n잠시만 기다려 주세요.
0x000441a6	2	【노리코】\n…………
0x000441df	2	【노리코】\n…………
0x00044222	4	【접수원】\n기다리게 했습니다.\n지금 미나즈키가 돌아오니,\n저쪽 응접 코너에서 기다려 주세요.
0x0004428f	2	【노리코】\n네, 감사합니다!
0x0004431a	3	【노리코】\n(오늘은 시라카와 사토루 대표에게\n이야기를 꼭 들어야 하는 거지……)
0x00044375	3	【노리코】\n(으~\n긴장되네……)
0x000443c2	5	【노리코】\n(……이런 말을 하고 있을 때가\n아니지.\n우선 만나게 해 달라고\n접수원에게 부탁해야 해……)
0x00044467	5	【노리코】\n실례합니다.\n저는 변호사인 신조 노리코라고\n합니다.\n시라카와 사토루 씨는 계신가요?
0x000444d0	3	【접수원】\n시라카와 씨 말인가요?\n약속이 있으신가요?
0x00044522	5	【노리코】\n(그렇겠지……\n이렇게 큰 기업의 대표니까,\n사전에 약속을 잡는 게\n당연하겠지……)
0x0004458f	3	【노리코】\n(……하지만,\n여기서 물러날 수는 없어!)
0x000445e2	5	【노리코】\n약속은 없지만,\n지난 사건에 대해 여쭤보고 싶은\n것이\n있어서요……
0x0004464a	2	【접수원】\n……잠시만 기다려 주세요.
0x00044699	4	【노리코】\n(기다릴 테니, 만나게 해\n주세요……\n부탁해요!)
0x000446eb	2	【노리코】\n…………
0x0004472e	3	【접수원】\n……기다리게 했습니다.\n안내해 드리겠습니다.
0x00044789	3	【노리코】\n어……?\n만나게 해 주시는 건가요?
0x000447d0	3	【접수원】\n네.\n이쪽으로 오시죠.
0x00044842	2	【노리코】\n(이, 말해 보는 거네……!)
0x000448a9	3	【노리코】\n오늘만큼은 미나즈키 씨에게\n이야기를 꼭 들어야 해……
0x000448f8	3	【노리코】\n……부탁해요!\n오늘만큼은 만나 주세요……!!
0x00044979	4	【노리코】\n실례합니다.\n저는 변호사인 신조 노리코라고\n합니다.
0x000449cd	4	【노리코】\n시라카와 건설의 미나즈키 코우지\n씨는\n계신가요?
0x00044a20	3	【접수원】\n미나즈키 씨 말씀이시죠.\n잠시만 기다려 주세요.
0x00044a79	2	【노리코】\n…………
0x00044abc	4	【접수원】\n기다리게 했습니다.\n지금 미나즈키가 돌아오니,\n저쪽 응접 코너에서 기다려 주세요.
0x00044b29	2	【노리코】\n네, 감사합니다!
0x00044b9b	4	【노리코】\n(다행이다, 오늘은 있는\n모양이네……\n여러 이야기를 들어야지!)
0x00044c44	4	【노리코】\n실례합니다.\n저는 변호사인 신조 노리코라고\n합니다.
0x00044c98	4	【노리코】\n시라카와 건설의 미나즈키 코우지\n씨는\n계신가요?
0x00044ceb	3	【접수원】\n미나즈키 씨 말씀이시죠.\n잠시만 기다려 주세요.
0x00044d44	2	【노리코】\n…………
0x00044d7d	2	【노리코】\n…………
0x00044dc0	2	【접수원】\n기다리게 했습니다.
0x00044e00	5	【접수원】\n대단히 죄송하지만,\n지금 미나즈키는 외출 중이라\n돌아오는 시간은 모른다고\n합니다……
0x00044e80	2	【노리코】\n어, 그런가요……?
0x00044ec2	4	【접수원】\n대단히 죄송합니다.\n전하실 말씀이 있으면 전해\n드리겠습니다만……?
0x00044f1a	5	【노리코】\n아니요, 특별히 전할 말은\n없습니다……\n그럼 다시\n찾아뵙겠습니다.
0x00044f7e	2	【접수원】\n알겠습니다.
0x00044fc6	2	【노리코】\n그럼 이만 실례하겠습니다.
0x0004503c	4	【노리코】\n(……없는 모양이네, 어쩔 수\n없지.\n어떻게 할까……)
0x00045094	2	【나카가와】\n어라, 신조 씨……?
0x000450d5	2	【노리코】\n어……?
0x00045127	2	【노리코】\n아, 나카가와 씨.
0x00045171	4	【나카가와】\n아, 마침 잘됐네요!\n신조 씨와 이야기하고 싶다고\n생각하던 참이었습니다.
0x000451cc	3	【노리코】\n(아……\n설마 신혼집 이야기……!?)
0x00045232	2	【나카가와】\n시간은 괜찮으신가요……?
0x00045281	3	【노리코】\n괜찮다고 하면 괜찮습니다만……\n그래도……
0x000452f1	2	【나카가와】\n그럼 저쪽 응접 코너로 가시죠!
0x0004533c	2	【노리코】\n어…… 네, 네……
0x00045395	4	【노리코】\n(……뭐, 괜찮겠지.\n모처럼 왔으니, 나카가와 씨에게\n조금 더 이야기를 들어보자)
0x0004546c	1	관엽식물
0x00045475	1	관엽식물
0x00045482	1	테이블
0x00045488	1	테이블
0x00045492	1	응접 코너
0x0004549b	1	응접 코너
0x000454b4	1	［미나즈키 코우지에 대해］
0x000454cb	1	［눈치챈 점］
0x000454df	1	［미나즈키 코우지의 알리바이］
0x000454f8	1	［피해자와 미나즈키 코우지의 관계］
0x00045517	2	［피해자와 미즈타니 아사츠유의\n관계］
0x00045534	2	［피해자와 누마사키 에이타로의\n관계］
0x00045553	2	［미나즈키 코우지와 시라카와\n사토루의 관계］
0x00045572	1	［게임장의 레버를 부순 사건］
0x0004558d	1	［시라카와 이치로에 대해］
0x000455a2	1	［플레이한 게임에 대해］
0x000455b9	1	［정기 휴일에 대해］
0x00045874	3	【나카가와】\n실례지만, 신조 씨.\n신혼집 이야기 말인데요……
0x000458ce	3	【노리코】\n(이제는 여기서,\n확실히 말하는 편이 낫겠네)
0x0004591b	3	【노리코】\n저, 저기……\n그 건인데요……
0x00045970	2	【나카가와】\n네!
0x000459a5	3	【노리코】\n당분간은,\n신혼집 예정이 없어서요……
0x00045a00	2	【나카가와】\n어, 그런가요?
0x00045a3e	4	【노리코】\n아, 네……\n여러 가지로 정신이 없어서,\n지금은 그럴 때가 아니라서……
0x00045ac5	2	【나카가와】\n그렇군요……
0x00045aff	3	【노리코】\n(우와……\n대놓고 풀이 죽어 있네……)
0x00045b51	6	【노리코】\n저기…… 언젠가 신혼집을 지을\n때는,\n꼭 나카가와 씨에게\n연락드리겠습니다.\n그때 잘 부탁드립니다!
0x00045c02	4	【나카가와】\n어……\n그, 그런가요?\n신혼집 말씀이시죠?
0x00045c4e	2	【노리코】\n네, 네.
0x00045c86	3	【노리코】\n(……바로 태도가 바뀌었네.\n현금 밝히는 사람이네……)
0x00045cda	5	【노리코】\n(뭐, 그건 그렇다 치고,\n모처럼이니 미나즈키 씨의 평판\n같은 걸\n물어볼까?)
0x00045d40	2	【노리코】\n조금 이야기해도 될까요?
0x00045d90	2	【나카가와】\n네, 괜찮습니다.
0x00045dd9	2	【노리코】\n그럼……
0x00045e1b	3	【노리코】\n(미나즈키 씨가 올 때까지,\n잠시 기다려 보자)
0x00045e92	2	【노리코】\n(…………)
0x00045f3a	2	【미나즈키 코우지】\n당신이 날 불러낸 변호사인가?
0x00045f83	5	【노리코】\n아, 맞아요.\n처음 뵙겠습니다.\n저는 변호사인 신조 노리코라고\n합니다.
0x0004600f	2	【미나즈키 코우지】\n변호사…… 그 사건의?
0x00046054	6	【노리코】\n네.\n저는 피의자 사이토 코우지 씨의\n변호를 담당하고 있어서,\n조금 이야기를 여쭤보고 싶은데,\n괜찮으실까요?
0x00046101	2	【미나즈키 코우지】\n……들어오세요.
0x0004613b	3	【노리코】\n감사합니다.\n그럼……
0x0004619f	2	【미나즈키 코우지】\n오래 기다렸지, 변호사.
0x000461e4	3	【노리코】\n아, 일부러 시간을 내게 해서\n죄송합니다.
0x00046255	3	【미나즈키 코우지】\n괜찮아, 변호사님, 미인이니까.\n그래서 오늘은 무슨 이야기?
0x0004647d	3	【노리코】\n(유리 테이블이네.\n아주 비싸 보이는데)
0x000464cd	3	【노리코】\n(뭔가 회의 중인\n그룹이 있네)
0x000467d1	2	【노리코】\n(이제 조사를 끝낼까……?)
0x000468ba	4	【노리코】\n그럼 저는 이만 실례할게요.\n바쁘신데 시간 내주셔서\n감사합니다.
0x00046943	4	【나카가와】\n아니요, 또 꼭 들러 주세요.\n그때는 멋진 집 만들기를\n도와드리겠습니다.
0x000469c0	3	【노리코】\n네, 알겠습니다……\n그럼 실례하겠습니다.
0x00046a4a	2	【여자아이】\n꺄하하!
0x00046a9b	3	【노리코】\n(……활발한 여자아이네.\n상담하러 온 가족의 아이일까……?)
0x00046afa	4	【노리코】\n(어라, 그런데 저 아이,\n엘리베이터 쪽으로 가 버렸는데……\n혹시 직원의 아이일까?)
0x00046b82	4	【노리코】\n(아, 혹시\n소문으로 들은 요시모토 유미\n짱일까?)
0x00046bde	2	【노리코】\n(……따라가 봤어야 했는데)
0x00046c32	3	【노리코】\n(아, 혹시\n그 아이가 요시모토 유미 짱일까?)
0x00046c83	4	【노리코】\n(……그렇다면,\n미즈타니 씨의 딸이\n왜 이런 곳에 온 걸까……?)
0x00046cf3	2	【노리코】\n(……따라가 봤어야 했는데)
0x00046d37	3	【노리코】\n(상당히 자유로운 환경의\n회사인가 보네……)
0x00046d8f	5	【노리코】\n(하지만 자유롭게 드나들기 쉬운\n환경을\n마련해 두었기 때문에 손님도\n많이 오는 걸지도 모르겠네)
0x00046e08	2	【노리코】\n(역시 대기업은 다르네)
0x00046e64	2	【노리코】\n(…………)
0x00046ea1	3	【노리코】\n(어라, 그런데 우리 말고는\n아무도 없네)
0x00046ef3	4	【노리코】\n(밖에서 들어와 버린 건가?\n1층만이라면 자유롭게 들어올 수\n있는 모양이네)
0x00046f57	5	【노리코】\n(그렇게 드나들기 쉬운 환경을\n마련했기 때문에\n손님도 많이 오는 걸지도 모르겠네.\n역시 대기업은 다르네)
0x00046fee	2	【나카가와】\n실례합니다, 신조 씨.
0x00047030	2	【노리코】\n네, 무슨 일이죠?
0x0004706d	4	【나카가와】\n접수원에게 물어봤는데,\n지금 미나즈키가 돌아왔다고\n합니다.
0x000470d8	2	【나카가와】\n불러 드릴까요?
0x00047115	2	【노리코】\n아, 그럼 부탁드립니다!!
0x00047158	3	【나카가와】\n알겠습니다.\n그럼 잠시만 기다려 주세요.
0x000471b0	2	【노리코】\n(돌아가려던 참에…… 운이 좋았네)
0x00047201	2	【노리코】\n(조금 더 이야기를 들어보자)
0x000472c0	4	【노리코】\n그럼 저는 이만 실례할게요.\n바쁘신데 시간 내주셔서\n감사합니다.
0x00047349	4	【미나즈키 코우지】\n좋아.\n또 묻고 싶은 게 있으면,\n언제든 와.
0x000473aa	2	【미나즈키 코우지】\n나도 기분 전환이 되니까.
0x000473fb	3	【노리코】\n네.\n그때 잘 부탁드립니다.
0x00047448	2	【노리코】\n(조금 더 이야기를 들어보자)
0x0004749f	3	【노리코】\n(아직 물어봐야 할 게 남아 있어.\n아직 떠날 수는 없어)
0x00047552	3	【노리코】\n시라카와 빌딩에서 얻은 정보는\n대략 이런 내용이었어.
0x000475ce	3	【코우지】\n우선 나카가와 씨에게 들은\n미나즈키 이야긴데……
0x0004762a	6	【코우지】\n임원 대우로 복직이라……\n그 정도로 회사 내 평판이 좋은\n줄은 몰랐네.\n그러니 현 대표가 다시 부른\n거겠지.
0x000476c5	6	【노리코】\n새 대표 시라카와 사토루 씨가\n취임할 것은\n1년 전부터 정해져 있었고,\n그때부터 미나즈키를 다시 부를\n생각이었던 모양이야.
0x0004776b	2	【코우지】\n…………
0x000477b1	2	【코우지】\n그건 뭔가 수상하네.
0x00047802	5	【코우지】\n1년 전부터 사토루가 미나즈키를\n다시 부르려 했다면,\n그 무렵부터 복직 이야기가\n있었다는 거지?
0x00047893	3	【노리코】\n하지만 그에 대해 미나즈키 씨는,\n단순한 우연이라고 말했어.
0x00047900	4	【코우지】\n그렇군.\n미나즈키를 만난 날 피해자가\n살해된 건 단순한 우연이라……
0x0004797d	3	【코우지】\n……직접 미나즈키와 이야기를\n해 보고 싶네.
0x00047a0b	3	【코우지】\n그렇군.\n단순한 우연이라……
0x00047a63	3	【코우지】\n뭐, 어느 쪽이든,\n본인은 그렇게 말할 수밖에 없겠지.
0x00047ad9	2	【노리코】\n그렇지……
0x00047b38	5	【코우지】\n자신에게 불리할 만한 일까지\n모두 말해 줬지만,\n객관적인 증거가 나오지 않는 한\n믿을 수는 없어……
0x00047be1	2	【노리코】\n…………
0x00047c40	6	【코우지】\n미나즈키가 말한,\nVIP 룸 통로에서 나오는 걸\n봤다는 녀석은,\n아마 누마사키 변호사를 말하는\n거겠지.
0x00047ce4	5	【코우지】\n확실히 누마사키 변호사는 23시\n무렵 현장에 도착해,\nVIP 룸에서 5분 정도\n만나기로 했다고 말했지?
0x00047d6d	6	【코우지】\n대략적으로 생각해서,\n처음 VIP 룸에 들어가기 위한\n준비를 하고\n누마사키 변호사가 나갈 때까지\n대략 10분이라고 치자.
0x00047e11	6	【노리코】\n그렇다면 VIP 룸 통로에서 나온\n사람을 본 미나즈키 씨는 23시\n10분쯤\nVIP 룸에 들어가 자정 무렵\n나왔다는 거네.
0x00047ec1	4	【코우지】\n그리고 미나즈키의 말을 믿는다면\n그 뒤에는 게임센터에 갔다는 거군.\n과연……
0x00047f50	4	【코우지】\n그럼 게임 센터에 가서\n미나즈키를 목격한 사람이 없는지\n탐문해 오지 않겠어?
0x00047fd1	2	【노리코】\n네, 알겠어요.
0x0004803f	3	【코우지】\n누마사키 변호사는 몇 시쯤 VIP\n룸을 나왔을까?
0x000480a8	3	【코우지】\n그걸 알면 미나즈키 알리바이도\n대략 알 수 있을 텐데……
0x00048149	2	【코우지】\n그래서, 상대방은 뭐라고 하던가?
0x000481b3	4	【노리코】\n응, 증언해 줬어.\n0시 10분쯤부터 0시 50분쯤까지\n대전했다고.
0x0004824c	6	【코우지】\n이제 미나즈키 코우지의 알리바이가\n입증된 셈인가!\n……정말이지, 지기 싫어하는 성격\n때문에\n사람을 고생시키다니.
0x0004831a	4	【코우지】\n그런데 좀 신경 쓰이는 건,\n시라카와 이치로의 표정이\n진심으로 보였다는 이야기네……
0x0004838d	3	【노리코】\n하지만 코우지에게\n그런 거짓말을 할 이득은 없어.
0x000483e7	2	【코우지】\n그렇겠지……
0x00048467	3	【노리코】\n미나즈키 코우지 씨를\n아시나요?
0x000484d5	4	【나카가와】\n네, 알고 있습니다.\n시라카와 건설에 복직한 분이죠?\n사내에서도 유명한 분이고요.
0x0004853f	2	【노리코】\n유명하다니…… 무슨 뜻인가요?
0x000485a7	5	【나카가와】\n선배에게 들은 적이 있습니다.\n예전에 전임 사장님과 문제가 생겨\n그만둔\n실력 있는 건축가가 있었다고요.
0x0004864f	5	【나카가와】\n그분이 복직한다니, 선배가\n기뻐했습니다.\n우리 회사의 마지막 희망이\n되살아났다고요.
0x000486cc	4	【노리코】\n헤에……\n그렇게 대단한 사람인가요,\n미나즈키 씨는?
0x00048731	5	【나카가와】\n네.\n참신한 것부터 전통적인\n디자인까지, 어떤 건축물에도\n대응하고……
0x000487ab	7	【나카가와】\n무엇보다 훌륭한 점은, 아무리\n기발한 디자인이라도\n사는 사람의 입장에 서서 빛과\n공간의 흐름,\n그리고 내진성에 최대한 배려한다는\n점입니다.
0x0004887d	6	【나카가와】\n물론 건축가라면 당연히 배려해야\n할 점이지만,\n어느 하나를 우선하면\n어쩔 수 없이 어느 정도 희생이\n생기기 마련인데……
0x00048913	3	【노리코】\n미나즈키 씨의 건축에는\n그런 게 거의 없고……
0x00048963	4	【노리코】\n그런 점이\n손님에게도 회사 사람들에게도\n신뢰받는 이유군요.
0x000489ef	5	【나카가와】\n네, 맞습니다.\n임원 대우로 복직한 것에 대해서도,\n사내에서 불만이 나온 적은\n없습니다.
0x00048a6b	3	【노리코】\n어?\n임원 대우인가요?
0x00048ac8	4	【나카가와】\n네.\n디자인 부문의 부문장으로\n있습니다.
0x00048b1b	2	【노리코】\n그랬군요……
0x00048b7f	5	【나카가와】\n아무래도,\n새 대표가 톱에 오르는 건 1년\n전부터\n예정되어 있었던 모양인데……
0x00048c14	4	【나카가와】\n그때부터 새 대표는\n미나즈키를 다시 부르는 것을\n결정하고 있었다는 소문입니다.
0x00048c8d	3	【나카가와】\n하지만 실력을 다시 살펴보니,\n그것도 납득이 갑니다!
0x00048ced	3	【나카가와】\n신조 씨가 신혼집을 지으실 때는,\n미나즈키를 추천해 드리겠습니다!
0x00048d4e	3	【노리코】\n네, 네.\n그때 잘 부탁드립니다……
0x00048dec	5	【나카가와】\n미나즈키는,\n우리 회사가 자신 있게 추천할 수\n있는\n건축가입니다!
0x00048e5c	3	【노리코】\n최근 회사에서 발생한 문제 같은 건\n없나요?
0x00048ed4	2	【나카가와】\n트러블이라면, 일상다반사죠.
0x00048f2b	6	【나카가와】\n고객에게도\n평생 한 번 있을 가장 큰 구매일\n테니,\n그 정도는 어쩔 수 없다고\n생각합니다.
0x00048fa4	2	【노리코】\n그렇군요.
0x00048fdb	4	【노리코】\n(사실은 사건 이야기를 듣고\n싶었지만,\n그 사람이 알고 있을 리 없나……)
0x00049043	5	【노리코】\n미나즈키 씨가 사건 당일 라이트\n블루에 도착한 후,\n어떤 경로를 거쳤는지 알려주실 수\n있을까요?
0x000490d6	3	【미나즈키 코우지】\n또 이야기하는 거야?\n이번 건도 본인에게 직접 말했는데?
0x00049128	4	【노리코】\n죄송하지만,\n한 번 더 말씀해 주실 수\n있을까요?
0x0004919e	4	【미나즈키 코우지】\n어쩔 수 없지.\n뭐, 좋아.\n미인 변호사님의 부탁이니까!
0x000491fd	2	【노리코】\n…………
0x00049236	5	【노리코】\n(……실력 있는 건축가라고\n들었으니,\n좀 더 진지한 사람을 상상했는데,\n의외로 가벼운 사람이네……)
0x000492b7	3	【노리코】\n(아니면 힘든 일을 극복하면서\n성격이 바뀐 걸까……?)
0x0004934a	3	【미나즈키 코우지】\n……응?\n왜 그래, 변호사?
0x00049394	4	【노리코】\n아니요, 아무것도 아닙니다.\n그럼 사건 당일의 행적을\n알려 주시겠어요?
0x00049415	3	【미나즈키 코우지】\n그럼 그 가게에 도착한 때부터\n말하면 될까?
0x00049460	2	【노리코】\n네, 거기서부터 부탁드립니다.
0x000494b0	4	【미나즈키 코우지】\n음~ 글쎄.\n우선 시라카와 씨에게 불려서\n그 가게에 갔어.
0x00049536	3	【미나즈키 코우지】\n아, 시계는 차지 않는 습관이라\n정확한 시간은 몰라.
0x00049591	4	【노리코】\n……그렇군요.\n그럼 질문을 바꿀게요.\n23시에는 가게에 도착해 있었나요?
0x0004961e	2	【미나즈키 코우지】\n아니, 조금 더 늦었던 것 같아.
0x00049678	4	【미나즈키 코우지】\n그러고 보니,\n마침 VIP 룸으로 향하는 통로에서\n어떤 사람이 나오는 걸 봤어.
0x000496df	3	【노리코】\n어떤 사람요?\n그게 누구죠?
0x00049734	4	【미나즈키 코우지】\n그건 모르겠네.\n어디선가 본 적 있는 사람 같긴\n했지만……
0x00049795	5	【미나즈키 코우지】\n그리고 그대로 가게의 VIP 룸에\n들어가\n시라카와 씨와 이야기를 했어.\n1시간 정도였나?
0x000497fe	2	【노리코】\n(……그럼 50분쯤 후라는 건가?)
0x00049851	2	【노리코】\n그동안 계속 VIP 룸에 있었나요?
0x000498ab	6	【미나즈키 코우지】\n응, 그래.\n중간에 시라카와 씨가 몇 번인가\n화장실에 갔지만.\n나이 들면 화장실에 자주 간다는 게\n정말이네.
0x00049933	4	【미나즈키 코우지】\n그리고 이야기가 끝나 VIP 룸을\n나와,\n돌아가는 길에 게임 센터에 들렀어.
0x00049997	2	【노리코】\n게임 센터요?
0x000499e4	4	【미나즈키 코우지】\n그 바에서 5분 정도 걸리는\n『어뮤즈 하우스』라는 곳.\n마침 집으로 향하는 길이었거든.
0x00049a60	3	【노리코】\n하지만 그걸 증명해 줄 사람은\n없다는 말씀이셨죠?
0x00049ad8	3	【미나즈키 코우지】\n그렇지.\n증명할 방법이 없어.
0x00049b1d	3	【노리코】\n게임 센터에 가서 플레이한 게임은\n어떤 게임이었나요?
0x00049b9a	3	【미나즈키 코우지】\n미안하지만,\n그건 말하고 싶지 않군.
0x00049be4	2	【노리코】\n왜 그런가요?
0x00049c44	3	【미나즈키 코우지】\n반대로 묻겠는데,\n그런 걸 물어봐서 어쩌려는 거지?
0x00049c92	4	【노리코】\n아니요…… 혹시 플레이 데이터\n같은 게\n남아 있지 않을까 해서요……
0x00049cf9	3	【미나즈키 코우지】\n그런 플레이 데이터가 남는 게임은\n적어도 플레이하지 않았어.
0x00049d6c	3	【노리코】\n(안 되나……\n그래도 여기서 포기할 수는 없지)
0x00049dc0	3	【노리코】\n저기, 부탁이 하나 있는데,\n괜찮으실까요?
0x00049e36	4	【미나즈키 코우지】\n뭐?\n나랑 게임 대결이라도\n하고 싶은 거야?
0x00049e7f	3	【노리코】\n아니요, 아닙니다.\n사진을 한 장 찍어도 될까요?
0x00049f04	4	【미나즈키 코우지】\n사진이라니, 내 사진?\n뭐, 사진 한 장 정도라면 괜찮아.\n자.
0x00049f5b	2	【노리코】\n그럼.
0x00049f9a	2	【노리코】\n감사합니다.
0x00049ff2	5	【노리코】\n아까 이야기로는,\n피해자와 미나즈키 씨의 관계가\n그다지 좋지 않았다고\n하셨는데요……?
0x0004a08a	2	【미나즈키 코우지】\n오, 정곡을 찌르네?
0x0004a0ca	2	【노리코】\n죄송합니다.
0x0004a128	3	【미나즈키 코우지】\n아니, 괜찮아.\n솔직히 말해서, 그랬어.
0x0004a19b	4	【미나즈키 코우지】\n이렇게 말하면 그렇지만,\n일하기 편해.\n성가신 걸림돌이 사라진 셈이니까.
0x0004a1ff	3	【노리코】\n(그건 아무리 그래도 너무 심한 말\n아닌가……)
0x0004a247	3	【노리코】\n사실 지금, 관련자들의 알리바이와\n가능한 동기를 찾고 있어서요……
0x0004a2ce	6	【미나즈키 코우지】\n하하하, 그렇군.\n그런 의미라면 나에게는 충분한\n동기가 있지.\n무엇보다 나는 시라카와 씨를\n원망하고 있으니까.
0x0004a38e	4	【미나즈키 코우지】\n그렇다고 내 감정을 속일 생각은\n없어.\n나는 하지 않았으니까.
0x0004a3f5	4	【노리코】\n그럼 알려 주세요.\n당신이 말하는 원한이란\n무엇인가요?
0x0004a471	3	【미나즈키 코우지】\n……정곡을 찌르네.\n좋아, 그런 질문은 싫지 않아.
0x0004a4d5	2	【노리코】\n…………
0x0004a51b	4	【미나즈키 코우지】\n나는 예전에 시라카와 건설에서\n일했어.\n그야말로 죽어라 일했지.
0x0004a59c	4	【미나즈키 코우지】\n회사를 위해\n죽도록 일하고, 일하고, 일하고……\n그러다 나는 우울증에 걸렸어.
0x0004a604	3	【노리코】\n어……\n우울증……!?
0x0004a676	2	【미나즈키 코우지】\n나도 놀랐어.
0x0004a6c7	4	【미나즈키 코우지】\n그때는 맡은 일이 너무 많았지.\n『건축계의 에이스』라 불리며,\n나를 지명하는 손님도 많았고.
0x0004a76c	6	【미나즈키 코우지】\n회사도 그에 응해 일을 계속\n가져왔고,\n정신 차리고 보니 감당할 수 없을\n만큼 일이 쌓여……\n결국 실수를 저질렀어.
0x0004a800	4	【미나즈키 코우지】\n하지만 회사는 그 실수에 눈감아\n줬지.\n그동안의 공로가 컸다는 이유로.
0x0004a87a	4	【미나즈키 코우지】\n하지만 내 안에서는 그 실수를\n계기로\n무언가가 변했어.
0x0004a8d9	5	【미나즈키 코우지】\n그리고 나는 선을 그을 수 없게\n됐어……\n선을 그어야 한다고 생각하면서도,\n손이 움직이지 않았지……
0x0004a956	3	【미나즈키 코우지】\n발버둥 치고…… 괴로워하고……\n우울증에 걸렸어.
0x0004a9b3	4	【미나즈키 코우지】\n주변 사람들은 배려해 줬어.\n그렇게 많은 일을 떠안고 있었으니,\n우울증에 걸릴 만하다고 말이지.
0x0004aa51	4	【미나즈키 코우지】\n하지만 시라카와 그 사람은\n달랐어……\n일을 게을리하면 해고라고 했지.
0x0004aab4	2	【노리코】\n…………
0x0004aafa	4	【미나즈키 코우지】\n나는 아무것도 모르는 시라카와 그\n사람을\n몹시 원망했어.
0x0004ab85	4	【미나즈키 코우지】\n사토루 씨가 없었다면,\n나는 이 회사로 돌아오지 못했을\n거야.
0x0004ac1b	4	【미나즈키 코우지】\n내게는 시라카와 그 사람을 죽일\n충분한 동기가 있어.\n하지만 내가 한 짓은 아니야.
0x0004aca0	3	【노리코】\n미즈타니 아사츠유라는 사람을\n아나요?
0x0004ad1a	2	【미나즈키 코우지】\n아니, 모르는데?
0x0004ad58	2	【노리코】\n그렇군요……
0x0004adbd	2	【미나즈키 코우지】\n그런 사람은 모르겠어.
0x0004ae1b	3	【노리코】\n누마사키 에이타로라는 사람을\n아나요?
0x0004ae98	2	【미나즈키 코우지】\n아니, 들어본 적 없어.
0x0004aed8	3	【노리코】\n시라카와 그룹의 고문\n변호사인데요……?
0x0004af41	4	【미나즈키 코우지】\n고문 변호사라…… 그래도\n내 일과는 별로 관계없고,\n잘 모르겠어.
0x0004afdd	3	【미나즈키 코우지】\n잘 모르겠으니,\n다른 사람에게 물어봐 줄래?
0x0004b048	5	【노리코】\n시라카와 사토루 씨가 없었다면,\n당신은 이 회사로 돌아오지 못했을\n거라고\n말씀하셨죠?
0x0004b0d6	3	【미나즈키 코우지】\n말했지.\n사토루 씨는 내 은인이라서 말이야.
0x0004b126	2	【노리코】\n은인이라고요?
0x0004b16f	6	【미나즈키 코우지】\n시라카와 그 사람이 나에게\n해고라고 선고했을 때,\n끝까지 저항해 준 게 사토루\n씨였어.\n그때 내 직속 상사였던 사람이지.
0x0004b22e	5	【미나즈키 코우지】\n그때는 자살까지 생각할 정도로\n정신적으로 예민했거든.\n그 사람이 없었다면 난 지금쯤 이\n세상에 없었을 거야.
0x0004b2b4	3	【노리코】\n한 가지 여쭤보고 싶은 게 있는데,\n괜찮을까요?
0x0004b32a	4	【미나즈키 코우지】\n뭐?\n이제 와서 사양할 필요 없으니,\n뭐든 물어봐.
0x0004b381	5	【노리코】\n지난번에 회사 직원에게서\n당신은 1년 전부터 복직할\n예정이었다는\n말을 들었습니다.
0x0004b3ea	5	【노리코】\n하지만 실제로 복직한 건 얼마\n전이죠.\n마치 피해자가 사라질 타이밍을\n기다린 것처럼……
0x0004b465	2	【노리코】\n이거, 우연인가요?
0x0004b4d2	2	【미나즈키 코우지】\n우연이야.
0x0004b51f	4	【미나즈키 코우지】\n내가 그날 그 가게에 간 건,\n시라카와 그 사람과 화해하기\n위해서였어.
0x0004b58b	5	【미나즈키 코우지】\n확실히 1년 전부터 사토루 씨에게\n복직하지 않겠냐고\n권유받았지만,\n계속 망설였지.
0x0004b602	4	【미나즈키 코우지】\n그래서 나는 복직 조건으로\n시라카와 그 사람의 사과를\n요구했어.
0x0004b670	6	【미나즈키 코우지】\n그리고 한 달 전부터 그 이야기가\n구체화되면서\n나도 조금 진지하게 생각하게 됐어.\n하지만 아무래도 그 일이 마음에\n걸렸지……
0x0004b706	4	【미나즈키 코우지】\n시라카와 그 사람도 계속 내게\n사과하기를\n망설였던 모양이야.
0x0004b783	3	【미나즈키 코우지】\n그리고 마침내 내게 사과한 그날,\n누군가에게 살해당하고 말았어……
0x0004b806	2	【미나즈키 코우지】\n그저 우연이야.
0x0004b849	3	【노리코】\n그렇군요……\n알겠습니다.
0x0004b88c	3	【노리코】\n무례한 질문을 드려\n대단히 죄송했습니다.
0x0004b8e7	4	【미나즈키 코우지】\n아니……\n의심하는 것도 무리는 아니라고\n생각해.
0x0004b961	2	【미나즈키 코우지】\n사토루 씨는 내 은인이야.
0x0004b9c0	3	【노리코】\n사건 당일, 미나즈키 씨는\n게임 센터에 갔죠?
0x0004ba3f	2	【미나즈키 코우지】\n그래, 그런데?
0x0004ba81	4	【노리코】\n미나즈키 씨가 들렀다는\n게임 센터에 가서,\n탐문해 봤습니다.
0x0004bae6	3	【노리코】\n게임 센터 직원이\n미나즈키 씨를 봤다고 했습니다.
0x0004bb66	3	【미나즈키 코우지】\n넨다 씨인가.\n쓸데없는 짓을……
0x0004bbad	3	【노리코】\n쓸데없는 짓이라니?\n왜 쓸데없는 짓인가요?
0x0004bbfa	4	【노리코】\n오히려 알리바이가 입증돼서\n용의자에서 벗어나게 되는\n거잖아요? 기뻐할 일 아닌가요.
0x0004bc76	4	【미나즈키 코우지】\n용의자라고 해도,\n당신들이 멋대로 의심하는\n것뿐이잖아?
0x0004bcdd	3	【미나즈키 코우지】\n게다가 당신들은 경찰도 아니고,\n나한테는 아무 영향도 없지만.
0x0004bd34	2	【노리코】\n으……
0x0004bd90	5	【미나즈키 코우지】\n신경 쓰이는 것도 말해 줬으니까,\n작은 보답이야.\n그래서 내 용의는 변호사님\n관점에서 사라진 거야?
0x0004be08	5	【노리코】\n아니요, 직원의 말로는\n미나즈키 씨를 본 건 맞지만,\n정확한 시간까지는 모른다고\n했어요.
0x0004be9f	5	【미나즈키 코우지】\n그렇구나.\n그럼 내 용의는 아직 안 벗겨진\n셈이네.\n허탕이었어.
0x0004befd	4	【노리코】\n그럼 이야기로 돌아가죠.\n왜 직원의 증언이\n쓸데없는 겁니까?
0x0004bf74	2	【미나즈키 코우지】\n…………
0x0004bfd3	3	【미나즈키 코우지】\n별거 아니야.\n말버릇 같은 거야.
0x0004c021	2	【노리코】\n그럴까요?
0x0004c05b	4	【노리코】\n게임 레버를 부쉈다면서요.\n대전 게임에서 져서 화가 나\n부순 거 아닌가요?
0x0004c0fc	2	【미나즈키 코우지】\n큭……!?
0x0004c137	5	【노리코】\n당신은 상당히 지기 싫어하는\n성격이군요.\n게다가 굴욕적인 일은,\n죽어도 남에게 말하지 않을 정도로.
0x0004c1cd	2	【미나즈키 코우지】\n…………
0x0004c206	6	【노리코】\n지난번에 어떤 게임을 했는지\n물었을 때,\n당신은 『말하고 싶지 않다』고\n했죠.\n이건……
0x0004c2a8	3	【미나즈키 코우지】\n이제 됐어!!\n그 게임 얘기는 그만해!!
0x0004c2ff	3	【미나즈키 코우지】\n그래, 맞아!\n그 자식한테 당해서 졌어!!
0x0004c34c	2	【노리코】\n……당했다고?
0x0004c3b4	5	【미나즈키 코우지】\n격투 게임에서 하메 기술을 쓰는\n놈은 게이머가 아니야!\n매너 위반…… 아니, 반칙이야!\n그 자식은…… 그 자식은……!!
0x0004c442	2	【노리코】\n진정하세요.
0x0004c48d	2	【미나즈키 코우지】\n하아…… 하아……
0x0004c4f0	2	【미나즈키 코우지】\n미안, 흥분해 버려서……
0x0004c534	2	【노리코】\n아니요……
0x0004c578	5	【미나즈키 코우지】\n……안 돼.\n시라카와 이치로에게 굴욕적인 말을\n듣고,\n회사를 해고당한 뒤로……
0x0004c5fc	4	【미나즈키 코우지】\n굴욕을 당했다고 생각하면 갑자기\n피가 거꾸로 솟고,\n내가 나를 잃어버린달까……
0x0004c665	2	【노리코】\n…………
0x0004c69e	3	【노리코】\n……혹시, 그 다툼 때문에\n시라카와 이치로 씨도……
0x0004c716	3	【미나즈키 코우지】\n아니, 그건 아니야!\n그것만은 믿어 줘!!
0x0004c788	5	【미나즈키 코우지】\n이제 시라카와 씨에게 원한은 없어.\n그 사람은…… 사건 당일, 내게\n사과했어.\n그걸로 빚은 청산된 거야!
0x0004c7fe	2	【노리코】\n…………
0x0004c8a0	3	【미나즈키 코우지】\n굴욕적인 대우를 받는 건\n용서할 수 없어……
0x0004c91d	3	【노리코】\n정말 당신이 시라카와 이치로 씨를\n죽인 건 아닌가요?
0x0004c999	5	【미나즈키 코우지】\n그래……\n확실히 그자는 내게 굴욕적인 말을\n했고,\n그걸 계속 원망한 것도 사실이야.
0x0004ca1e	4	【미나즈키 코우지】\n하지만 그자는 사건 당일,\n내가 돌아와 줬으면 한다고\n사과했어.
0x0004ca88	3	【미나즈키 코우지】\n그걸로 이제 아무래도 좋아졌어.\n전부 없던 일로 하기로 했지.
0x0004cade	4	【노리코】\n하지만 굴욕적인 일에 민감한\n당신이 그렇게 순순히 감정을\n정리할 수 있나요?
0x0004cb64	3	【미나즈키 코우지】\n……그자는 시라카와 이치로가\n아니었어.
0x0004cbad	3	【노리코】\n뭐라고요!?\n무슨 뜻인가요……?
0x0004cc1a	3	【미나즈키 코우지】\n내가 아는 시라카와 이치로는,\n사과 같은 걸 할 사람이 아니야.
0x0004cc99	4	【미나즈키 코우지】\n내가 아는 사람으로 말하자면……\n그래, 그자의 아들인 시라카와 신지\n씨……
0x0004ccf7	2	【노리코】\n시라카와 신지…… 씨인가요?
0x0004cd63	5	【미나즈키 코우지】\n그래, 신지 씨.\n시라카와 그룹 안에서는,\n가장 사토루 씨와 가까운\n사람이었지.
0x0004cdd2	4	【미나즈키 코우지】\n아니, 반대인가.\n사토루 씨가 신지 씨의 신뢰를\n이어받고 있는 거야.
0x0004ce40	5	【미나즈키 코우지】\n그러고 보니, 사토루 씨가\n말했었나.\n『나는 시라카와 신지의 경영을\n실현하겠다』고.
0x0004cea6	2	【노리코】\n시라카와 신지 씨의 경영이란?
0x0004cef7	4	【미나즈키 코우지】\n시라카와 그룹 말이야.\n최근 지주회사를 만들고,\n그 아래에 그룹 회사를 매달았잖아?
0x0004cf71	3	【미나즈키 코우지】\n그건 신지 씨가\n계속 제안해 오던 일이야.
0x0004cfcc	5	【미나즈키 코우지】\n하지만 자기 영향력이 줄어드는 걸\n싫어한\n시라카와 이치로가 계속 그 안을\n각하했지.
0x0004d057	5	【미나즈키 코우지】\n그렇게나 다른 사람인데…… 이상한\n일이야.\n그때는 정말 그렇게 보였어.\n시라카와 이치로가 신지 씨에게……
0x0004d0d8	2	【노리코】\n…………
0x0004d13c	3	【미나즈키 코우지】\n내게 사과한 그자는,\n시라카와 신지 씨와 똑같이 생겼어.
0x0004d1b3	3	【노리코】\n『그 녀석한테 당해서 졌다』고\n말씀하셨죠?
0x0004d203	3	【노리코】\n그 녀석이라는 건,\n아는 사람인가요?
0x0004d274	3	【미나즈키 코우지】\n…………\n모르겠네.
0x0004d2b6	3	【노리코】\n게임에서 져서 화가 난 건가요?\n조금 과민반응 아닌가요?
0x0004d33e	2	【미나즈키 코우지】\n큭……!
0x0004d377	3	【노리코】\n그 하메 기술이\n반칙 행위라는 건 이해합니다.
0x0004d3e5	5	【미나즈키 코우지】\n그래!\n격투 게임에서 하메 기술은\n반칙이야!\n신사적이지 않아!
0x0004d44d	3	【노리코】\n그렇다면 알려 주세요.\n대전 상대는 아는 사람인가요?
0x0004d4b4	3	【미나즈키 코우지】\n……그래, 맞아!\n온라인 상대였어!
0x0004d50b	4	【미나즈키 코우지】\n그 녀석의 연락처도 알고 있어.\n그렇게 그 녀석에게 연락하고\n싶다면 알려 줄게!
0x0004d579	5	【노리코】\n그 건에 한 가지만 알려 주세요.\n레버를 부순 건,\n시라카와 이치로 씨를 만난\n뒤인가요?
0x0004d5f8	4	【미나즈키 코우지】\n그래, 맞아.\n그 바에서 게임 센터까지 걸어서\n5분 정도야.
0x0004d65d	4	【미나즈키 코우지】\n그러니까 0시 10분부터 0시\n50분쯤의\n이야기겠지.
0x0004d6bb	5	【노리코】\n그럼 그 대전 상대에게 이야기를\n들으면,\n당신의 알리바이가 증명되는\n거네요?
0x0004d745	3	【미나즈키 코우지】\n그렇겠지……\n그 녀석이 시간을 기억하고 있다면.
0x0004d791	3	【노리코】\n그럼 알려 주세요.\n그 사람의 연락처를……
0x0004d7f3	2	【미나즈키 코우지】\n……×××－○○○○－○○○○.
0x0004d844	2	【노리코】\n감사합니다!
0x0004d8a7	3	【미나즈키 코우지】\n……레버를 부순 것도 그때야.\n나머지는 적당히 탐문해 봐.
0x0004d91b	4	【미나즈키 코우지】\n격투 게임에는 암묵적인 양해라는\n게 있어.\n그걸 어기는 놈은 게이머가 아니야.
0x0004d99c	3	【노리코】\n정기 휴일에 대해 알려 주실 수\n있나요?
0x0004d9f4	3	【나카가와】\n네.\n토요일이 정기 휴일입니다.
0x0004da82	1	［피해자에 대해］
0x0004da94	1	［미나즈키 코우지에 대해］
0x0004daaa	1	［뭔가 눈치챈 점］
0x0004dcff	3	【접수원】\n여기 있습니다.\n잠시만 기다려 주세요.
0x0004dd55	2	【도어폰】\n네……
0x0004dd8e	2	【접수원】\n신조 씨를 모셔 왔습니다.
0x0004ddd9	3	【도어폰】\n들어오세요.\n지금 문을 열겠습니다.
0x0004de5d	4	【노리코】\n(여기가 시라카와 그룹\n회장실이구나.\n역시 비싸 보이네……)
0x0004debb	3	【접수원】\n실례합니다.\n변호사 신조 씨입니다.
0x0004df09	4	【노리코】\n신조입니다.\n오늘은 시간을 내 주셔서\n감사합니다.
0x0004df88	4	【사토루】\n아닙니다, 변호사님이야말로 수고\n많으십니다.\n편히 앉으세요.
0x0004dfe2	2	【접수원】\n그럼 저는 이만 실례하겠습니다.
0x0004e041	2	【노리코】\n그나저나 좋은 방이네요.
0x0004e0aa	5	【사토루】\n네, 정말 그렇습니다.\n제가 취임한 지 아직 얼마 되지\n않아,\n아직 마음이 놓이지 않네요.
0x0004e112	2	【노리코】\n알 것 같네요.
0x0004e177	4	【사토루】\n……그럼 바로 본론으로\n들어가겠습니다만,\n제게 물어보고 싶은 것이 있다고요?
0x0004e1d7	3	【노리코】\n네.\n몇 가지 있어서요……
0x0004e385	2	【노리코】\n(이제 조사를 끝낼까……?)
0x0004e447	4	【노리코】\n그럼 저는 이만 실례할게요.\n바쁘신데 시간 내주셔서\n감사합니다.
0x0004e4d0	5	【사토루】\n아닙니다, 변호사님이야말로 수고\n많으십니다.\n사건의 해결은 회사에도\n저 자신에게도 중요한 일입니다.
0x0004e550	2	【사토루】\n잘 부탁드립니다.
0x0004e591	3	【노리코】\n네.\n저도 전력으로 노력하겠습니다.
0x0004e61b	2	【노리코】\n어……?
0x0004e685	2	【사토루】\n아, 또 들어와 버렸나?
0x0004e6c9	2	【여자아이】\n…………
0x0004e703	2	【여자아이】\n아빠, 오늘도 없네……
0x0004e782	2	【노리코】\n……지금 아이는?
0x0004e7e5	4	【사토루】\n글쎄요……\n어디선가 몰래 들어오는\n모양입니다. 저도 잘 모르겠군요.
0x0004e870	5	【사토루】\n저 문은 자동 잠금인데,\n이상하게도\n그 아이는 그 자물쇠 여는 법도\n알고 있어요.
0x0004e8e7	4	【사토루】\n아마 이치로 씨가 그 아이에게\n문 여는 법을 가르쳐 준 것\n같습니다만……
0x0004e945	4	【노리코】\n……하지만 시라카와 이치로\n씨에게, 저 정도 나이의 아가씨는\n없었죠……?
0x0004e9bb	5	【사토루】\n네……\n그러니 이웃집 아일 수도\n있지만…… 그 아이는 이 방에\n익숙해져 있어요.
0x0004ea29	4	【사토루】\n하지만 일에 엄격했던 이치로 씨가\n이곳에 남의 아이를 데려올\n거라고는 생각하기 어렵습니다.
0x0004ea9c	3	【노리코】\n…………\n이상한 아이네요……
0x0004eaf7	4	【노리코】\n(아, 혹시\n소문으로 들은 요시모토 유미\n짱일까?)
0x0004eb53	2	【노리코】\n(……따라가 봤어야 했는데)
0x0004eba7	3	【노리코】\n(아, 혹시\n그 아이가 요시모토 유미 짱일까?)
0x0004ebf8	4	【노리코】\n(……그렇다면,\n미즈타니 씨의 딸이\n왜 이런 곳에 온 걸까……?)
0x0004ec68	2	【노리코】\n(……따라가 봤어야 했는데)
0x0004ecac	3	【노리코】\n그럼 저도 슬슬 실례하겠습니다.\n오늘은 정말 감사했습니다.
0x0004ed45	3	【노리코】\n(그래.\n조금 더 이야기해 보자)
0x0004eda2	3	【노리코】\n(아직 물어봐야 할 게 있어.\n아직 돌아갈 수는 없어)
0x0004ee52	3	【노리코】\n시라카와 빌딩에서 얻은 정보는\n대략 이런 내용이었어.
0x0004eec8	5	【코우지】\n그렇군.\n미나즈키 코우지의 복직에 대해서는\n제대로 한 달 전부터 알고 있었다는\n거네.
0x0004ef3f	5	【코우지】\n게다가 미나즈키의 복직 요구에\n대해 피해자가 받아들이는 형태로\n되어 있어.\n이와 관련된 트러블은 없어 보이네.
0x0004efe0	5	【코우지】\n다만……\n사건 당일에 이야기가 꼬였을\n가능성은\n배제할 수 없어.
0x0004f05f	4	【노리코】\n그렇지……\n사토루 씨가 동석하지 않았으니,\n그 부분은 아무래도 알 수 없겠네.
0x0004f0cf	4	【코우지】\n그 사토루 씨도, 설마 이런 일이\n될 줄은\n상상하지 못했겠지.
0x0004f14a	2	【코우지】\n…………
0x0004f190	3	【코우지】\n아니, 사토루가 진범이고\n미나즈키가 실행범이라면……?
0x0004f20d	4	【노리코】\n뭐라고요……?\n그럼 사토루 씨가 한 말은\n전부 거짓말이라는 뜻인가요?
0x0004f272	2	【코우지】\n……가능성으로는 0이 아니야.
0x0004f2c7	6	【코우지】\n……이렇게 되면 역시 미나즈키의\n알리바이를\n확실히 하지 않고서는,\n코우지의 무죄를 증명할 수\n없겠어……
0x0004f382	4	【코우지】\n역시 먼저 게임 센터에 가서,\n미나즈키의 알리바이를 확인할\n수밖에 없겠네.
0x0004f3f5	3	【노리코】\n그렇네.\n우선 거기서부터 시작하자.
0x0004f44e	6	【노리코】\n……그럴지도 모르겠네.\n하지만 미나즈키 코우지의\n알리바이는 불확실해서,\n객관적으로 증명하기는\n어렵겠어……
0x0004f4e6	2	【코우지】\n……막다른 길이네.
0x0004f54d	2	【노리코】\n그렇네……
0x0004f5ab	4	【코우지】\n어쩔 수 없지.\n이제 아오이에게 이야기를 듣는\n수밖에 없겠어.
0x0004f60a	5	【코우지】\n미나즈키의 성격, 취미, 행동……\n거기서 알리바이를 증명할 만한\n정보가\n나오기를 기대할 수밖에 없어.
0x0004f6b0	3	【노리코】\n……알겠어.\n그럼 아오이 씨의 전화번호는……
0x0004f711	7	【코우지】\n……아니, 가능하면 직접 물어보고\n와 줘.\n괜히 전화를 걸었다가\n미나즈키 본인에게 우리가 조사\n중이라는 걸\n들키는 게 무서워.
0x0004f7c7	4	【노리코】\n그렇구나……\n하지만 직접 만나서 물으려면\n어떻게 해야 할까?
0x0004f82c	5	【코우지】\n귀찮을지도 모르지만,\n아오이는 미즈타니 탐정사무소 근처\n고등학교에 다니니까,\n거기서 기다리는 게 좋겠어.
0x0004f8cf	2	【노리코】\n응, 알겠어.
0x0004f98b	3	【노리코】\n전임 대표 시라카와 이치로 씨는,\n어떤 분이었나요?
0x0004fa02	4	【사토루】\n저와 이치로 씨는 사촌 사이였지만,\n서로 성격이 정반대라는 건\n알고 있었습니다.
0x0004fa7c	5	【사토루】\n아시겠지만,\n아버지가 세운 시라카와 부동산을\n여기까지 키운 것은 이치로 씨의\n공적입니다.
0x0004fb0f	5	【사토루】\n하지만 회사를 키우는 데만 골몰한\n나머지,\n주변 사람들에 대한 배려를\n잊었던 것 같습니다.
0x0004fb92	4	【사토루】\n그래서 솔직히 말씀드리면,\n저희 회사는 업계에서도\n평판이 좋다고는 할 수 없습니다.
0x0004fc26	4	【사토루】\n그래서 저는 이윤 중시 경영에서,\n먼저 사람이 중심인 경영으로\n전환하려고 합니다.
0x0004fc9c	6	【사토루】\n이치로 씨 자신도 1년 전부터 제게\n경영을 맡길 것을\n생각하고 있었던 만큼,\n경영 방식의 전환을 생각하고\n있었던 것 같습니다.
0x0004fd23	6	【사토루】\n자신은 이윤 중시 경영밖에 할 수\n없다.\n그런 서투른 사람이었지만,\n경영자로서는 최고의 사람이었다고\n할 수 있겠죠.
0x0004fda3	4	【노리코】\n그렇군요…… 잘 알겠습니다.\n그럼 개인으로서의 이치로 씨는\n어떤 사람이었나요?
0x0004fe2b	3	【사토루】\n흠……\n저도 판단하기 어려운 부분입니다.
0x0004fe9f	5	【사토루】\n왜냐하면, 이치로 씨는 일만 아는\n사람이어서,\n사적인 모습을 보인 적이\n거의 없었습니다.
0x0004ff1a	4	【사토루】\n그러니 이치로 씨의 인물상은\n자연히 경영자로서의 모습이 되어\n버립니다.
0x0004ff76	2	【노리코】\n그렇군요……
0x0004ffdb	3	【사토루】\n경영자로서의 이치로 씨는\n최고의 사람이었습니다.
0x0005008c	3	【노리코】\n미나즈키 코우지 씨를\n알고 계시죠?
0x000500fa	4	【사토루】\n물론입니다.\n이치로 씨는 시라카와 건설의\n에이스였으니까요.
0x00050147	6	【노리코】\n본인에게 들었는데요,\n미나즈키 씨는 한때 시라카와\n건설을 그만뒀다가,\n얼마 전 이곳에 복직했다고\n하던데요……
0x000501c0	3	【노리코】\n복직할 때,\n당신이 힘을 써 줬다고 들었습니다.
0x00050240	4	【사토루】\n네, 맞습니다.\n그 정도 실력자를 내버려 두는 건\n아까우니까요.
0x000502a2	4	【노리코】\n하지만 미나즈키 씨는 전임\n대표와의 문제를 계기로\n일을 그만뒀다고 들었습니다.
0x00050307	4	【노리코】\n실례인 건 잘 알고 있습니다만,\n미나즈키 씨가 복직한 시점에\n다소 위화감을 느끼고 있습니다.
0x000503ae	2	【사토루】\n그렇군요……
0x0005040b	5	【사토루】\n즉 미나즈키 씨가 복직하는 것과\n때를 같이해,\n이치로 씨가 살해당한 점이\n마음에 걸린다는 말씀이군요.
0x0005047e	2	【노리코】\n그렇습니다.
0x000504c2	5	【사토루】\n그렇다면 미나즈키 씨는\n무죄입니다. 왜냐하면 미나즈키\n씨의 복직이 구체화된 것은\n한 달 전쯤이기 때문입니다.
0x00050544	6	【사토루】\n물론 이치로 씨도 미나즈키 씨의\n복직에 대해\n복잡한 심경이었던 것 같습니다.\n하지만 저는 여기서 희망을\n보았습니다.
0x000505bb	2	【노리코】\n……무슨 뜻인가요?
0x0005060a	4	【사토루】\n예전의 이치로 씨였다면,\n무조건 미나즈키 씨의 복직을\n거절했을 겁니다.
0x0005067b	5	【사토루】\n그런데 미나즈키 씨의 복직에 대해\n복잡한 심경을 품었다는 건\n적어도 받아들일 생각도 했다는\n뜻입니다.
0x00050702	5	【사토루】\n지난 몇 년간 이치로 씨는 아주\n온화해졌습니다.\n제게 경영을 맡기려 했던 것도\n그 증거 중 하나입니다.
0x00050789	3	【사토루】\n저는 이 기회에 두 분이 화해하도록\n힘을 썼습니다.
0x000507ee	5	【사토루】\n그 덕분에 두 사람 사이의 앙금이\n풀리고,\n미나즈키 씨의 복직도 실현된\n것입니다.
0x0005085f	3	【노리코】\n두 분이 화해한 건 사건 당일이라고\n미나즈키 씨 본인에게 들었습니다.
0x000508cd	5	【사토루】\n네……\n그날 저도 함께하려고 했지만,\n이치로 씨가 혼자 매듭짓고 싶다고\n했습니다.
0x00050962	2	【사토루】\n그 부분은 고집 센 분이라서……
0x000509ac	4	【노리코】\n……그날 뭔가 문제가 생겼을\n가능성은\n생각할 수 없을까요?
0x00050a32	6	【사토루】\n그럴 리 없다고 단언할 수\n있습니다.\n아까도 말씀드렸지만,\n미나즈키 씨의 복직은 한 달 전부터\n구체화되어 있었습니다.
0x00050ad7	6	【사토루】\n그런 흐름으로 그날 두 분은 만난\n것입니다.\n만약 그날 문제가 생겼다면,\n미나즈키 씨는 복직하지 않았을\n겁니다.
0x00050b55	5	【노리코】\n하지만 실제로 얼굴을 마주하고\n이야기한 건\n미나즈키 씨가 그만둔 뒤 처음,\n그때가 처음이었죠?
0x00050bc1	4	【노리코】\n상대 얼굴을 보고 감정이\n격해졌다……\n그럴 가능성은 없을까요?
0x00050c44	3	【사토루】\n아무리 그렇게 말씀하셔도\n부정할 방법은 없습니다만……
0x00050cbb	4	【사토루】\n하지만 두 분은 한 달 전부터\n복직한다는 방향으로\n의견이 일치하고 있었고……
0x00050d25	3	【노리코】\n……그렇군요.\n그럼 다른 방향에서 여쭤볼게요.
0x00050d78	5	【노리코】\n한 달 전부터 복직이 정해져\n있었다고 하셨는데,\n구체적으로 어떤 과정으로 진행된\n건가요?
0x00050dfd	5	【사토루】\n그렇군요……\n먼저 제가 이치로 씨에게\n제안했습니다.\n그게 1년 전입니다.
0x00050e6a	4	【사토루】\n하지만 그때는 아직 구체적인\n이야기는\n되지 않았습니다.
0x00050ed2	4	【사토루】\n미나즈키 씨의 복직을 진지하게\n제안하기 시작한 건,\n한 달 전쯤입니다.
0x00050f40	6	【사토루】\n이치로 씨는 그 제안을\n받아들였습니다.\n그래서 곧바로 미나즈키 씨에게\n연락해,\n구체적인 이야기를 진행했습니다.
0x00050fd7	6	【사토루】\n처음에는 미적지근했던 미나즈키\n씨였지만,\n이치로 씨가 사과한다면이라는\n조건으로\n승낙해 주었습니다.
0x00051067	5	【사토루】\n그 내용을 이치로 씨에게 말하자,\n『모든 건 내게 맡겨 둬』라고\n말했고,\n그날 두 분이 만났다는 흐름입니다.
0x000510e1	2	【노리코】\n그렇군요…… 감사합니다.
0x00051184	4	【사토루】\n미나즈키 씨가 복직해 준 것은\n우리 회사에 분명 큰 도움이 될\n겁니다.
0x00051244	3	【노리코】\n사건에 대해 뭔가 눈치챈 점은\n없나요?
0x000512b8	3	【사토루】\n글쎄요……\n특별히 없습니다.
0x00051328	1	사무소 입구
0x00051333	1	사무소 입구
0x00051342	1	오인 고등학교
0x0005134b	1	오인 고등학교
0x00051358	1	미즈타니 탐정사무소
0x00051367	1	미즈타니 탐정사무소
0x0005137a	1	［눌러 본다］
0x00051389	1	［누르지 않는다］
0x000515c0	2	【노리코】\n(미즈타니 탐정사무소에 도착했어.)
0x00051609	4	【노리코】\n(저기가 코우지의 지인이란\n여고생이 다니는\n오인 고등학교네……)
0x00051677	3	【노리코】\n(간자키 아카네 씨와\n미나즈키 아오이 씨였던가……)
0x000516ce	4	【노리코】\n(자, 어떻게 찾아볼까……?\n일단 주변 학생에게\n물어볼까?)
0x0005173a	2	【노리코】\n실례합니다, 잠깐 괜찮을까요?
0x000517b1	2	【아카네】\n네, 무슨 일이세요?
0x000517ec	3	【노리코】\n저……\n오인 고등학교 학생이시죠?
0x00051846	2	【아카네】\n그런데요……
0x0005187f	5	【노리코】\n음……\n간자키 아카네 씨와 미나즈키\n아오이 씨라는 분을\n아시나요?
0x000518e6	2	【아카네】\n어……?
0x00051943	3	【아오이】\n그거……\n저희를 말하는 건데요……?
0x0005198c	3	【노리코】\n어!\n그, 그래요!?
0x000519da	4	【아오이】\n저기……당신은 누구세요?\n혹시 이 탐정사무소의\n새 조사원인가요?
0x00051a40	3	【노리코】\n어……\n아, 아니요. 그게 아니에요.
0x00051a8b	4	【노리코】\n저는 사이토 코우지 씨의 담당\n변호사인 신조 노리코라고\n합니다.
0x00051b13	4	【아카네】\n아, 사부님의 변호사구나!\n그래서 우리 이름을\n알고 있었던 거네!
0x00051b73	4	【노리코】\n어, 네……\n코우지가 너희 둘에게 묻고 싶은 게\n있대서요.
0x00051bc8	4	【노리코】\n제가 코우지를 대신해 이야기를\n들으려고\n너희를 찾고 있었어요.
0x00051c2b	5	【아카네】\n네? 사부님이요!?\n뭔데요?\n저희가 대답할 수 있는 거라면 뭐든\n대답할게요!
0x00051c97	3	【노리코】\n그럼……\n미나즈키 아오이 씨.
0x00051d06	2	【아오이】\n네, 네.
0x00051d3c	3	【노리코】\n사건 당일, 오빠가 입고 있던 옷을\n기억하나요?
0x00051d9c	3	【아오이】\n……죄송해요.\n저는 잘 모르겠어요……
0x00051dea	2	【노리코】\n역시 그렇군요……
0x00051e4f	4	【아카네】\n모르면\n알아보면 되잖아!\n오빠한테 직접 물어보든가!
0x00051ece	2	【아오이】\n어, 그, 그래도……
0x00051f0a	4	【노리코】\n부탁드릴게요.\n눈치채지 않게 물어봐\n주실 수 있을까요?
0x00051f80	4	【아카네】\n맡겨만 줘!\n아오이가 안 물어봐도 이 아카네가\n물어볼 테니까!
0x00051fe7	2	【아카네】\n그렇지, 아오이!
0x00052043	3	【아오이】\n으, 응……\n그렇긴 한데……
0x00052085	4	【노리코】\n그럼 결과를 알게 되면 제\n휴대전화로\n전화해 주실 수 있나요?
0x00052101	2	【아카네】\n응, 알았어!
0x00052152	2	【아카네】\n그럼, 또 보자~!
0x000521df	2	【노리코】\n……활기찬 아이들이네.
0x00052253	4	【노리코】\n아카네 씨와 아오이 씨에게 들은\n이야기는\n이 정도였어.
0x000522cb	2	【코우지】\n……아카네는 여전하네.
0x00052336	4	【노리코】\n뭔가,\n아오이 씨에게 괜한 부탁을 한\n걸까?
0x000523a7	4	【노리코】\n‘사건 당일에 무슨 옷을\n입었어?’라니,\n너무 갑작스러워서 묻기 어렵지……
0x00052439	3	【코우지】\n그렇긴 하지.\n그래서 전화는 왔어?
0x00052494	5	【노리코】\n아니, 전화는 안 왔어.\n역시 묻기 어려웠던 걸까,\n아니면 오빠가 집에 없었던\n걸까……
0x0005252a	4	【코우지】\n그렇구나.\n뭐, 느긋하게 기다리다 보면\n언젠가는 전화가 오겠지.
0x000525d6	2	【노리코】\n(여기가 미즈타니 탐정사무소네.)
0x00052636	2	【노리코】\n(……코우지가 일하는 곳인가.)
0x00052680	3	【노리코】\n(……미즈타니 씨는\n어떤 사람일까?)
0x000526cd	3	【노리코】\n(코우지의 스승님이라 했지……\n실례하지 않도록 조심해야겠다.)
0x00052745	4	【노리코】\n(그리고…… 이 앞에\n코우지가 아는 여고생이 다니는\n고등학교가 있었지……)
0x00052822	2	【노리코】\n(미즈타니 탐정사무소 앞에 왔네.)
0x0005294e	5	【노리코】\n(미즈타니 탐정사무소가 들어선\n건물이네.\n아무래도 2층에 사무소가 있나\n봐.)
0x000529b4	4	【노리코】\n(1층은 편의점이네.\n사무소를 차리기엔 편리한\n곳일지도……)
0x00052a18	3	【노리코】\n(미즈타니 탐정사무소가 들어선\n건물이네.)
0x00052a66	3	【노리코】\n(1층은 편의점이고,\n2층에 사무소가 있는 모양이야.)
0x00052af3	3	【노리코】\n(근처에 고등학교가 있네.\n……‘오인 고등학교’인가.)
0x00052b5c	4	【노리코】\n(아무래도 공학인가 봐.\n나는 여학교를 나와서, 조금\n부러울지도……)
0x00052bc9	3	【노리코】\n(고등학교가 있네.\n공학인 모양이야.)
0x00052c4e	3	【노리코】\n(일하는 데 방해가 될 테니,\n오늘은 그만두자.)
0x00052cc7	2	【노리코】\n(입구에 인터폰이 있어.)
0x00052d23	2	【노리코】\n(긴장되네……)
0x00052d6c	2	【도어폰】\n네, 미즈타니 탐정사무소인데요?
0x00052db6	4	【노리코】\n아, 저기요.\n저는 변호사 신조 노리코라고\n합니다.
0x00052e0a	3	【도어폰】\n변호사님?\n혹시 코우 짱 담당이세요?
0x00052e55	5	【노리코】\n코우 짱……?\n아, 네, 맞아요.\n사이토 코우지 씨의 담당\n변호사예요.
0x00052eb9	3	【도어폰】\n아, 역시!\n어서 안으로 들어오세요!
0x00052f08	2	【노리코】\n네, 그럼 실례하겠습니다.
0x00052fac	2	【노리코】\n…………
0x00052fe5	2	【도어폰】\n네, 미즈타니 탐정사무소인데요?
0x0005302f	3	【노리코】\n안녕하세요.\n변호사 신조 노리코입니다.
0x0005307b	3	【도어폰】\n아, 노리코 짱이구나.\n어서 와.
0x000530c2	2	【노리코】\n실례합니다.
0x0005317f	2	【노리코】\n(이제 조사를 끝낼까……?)
0x0005322f	2	【노리코】\n(돌아가자.)
0x00053281	3	【노리코】\n(이제 조사할 건\n없을 것 같지만……)
0x000532db	3	【노리코】\n(아직 조사할 게 남았어.\n돌아갈 수는 없겠네.)
0x0005340a	1	［알리바이에 관해］
0x0005341c	1	［사건 발생 후의 BGM］
0x0005343a	2	［코우지가 취해 곯아떨어져 있었다는\n증언］
0x00053455	1	［뭔가 눈치챈 점］
0x0005347b	1	블라인드
0x00053483	1	블라인드
0x0005348f	1	코우지의 책상
0x00053497	1	코우지의 책상
0x000534a3	1	아사츠유의 책상
0x000534ab	1	아사츠유의 책상
0x00053678	2	【여성】\n어서 와, 환영해!
0x000536b7	3	【노리코】\n(와, 예쁜 여자분……\n이 사람이 미즈타니 씨인가……?)
0x0005371f	2	【노리코】\n아, 저기요, 처음 뵙겠습니다……
0x00053761	4	【노리코】\n이번 사건에서 사이토 코우지 씨의\n담당 변호사가 된\n신조 노리코라고 합니다……
0x000537de	4	【여성】\n우와……\n코우 짱이 이런 귀여운 아이를\n담당으로 삼다니……
0x00053847	2	【여성】\n정말, 보통 사람이 아니네~
0x0005388d	2	【노리코】\n아, 저기……
0x00053926	4	【여고생】\n어서 오세요~!!\n미즈타니 탐정사무소에 오신 걸\n환영합니다!!
0x0005398e	3	【여고생】\n살인 사건부터 애완동물 찾기까지,\n고민거리라면 뭐든 해결해 드려요!!
0x00053a01	3	【노리코】\n(어……!?\n이 아이가 탐정……?)
0x00053a62	3	【노리코】\n(……아, 혹시 코우지가 말한\n여고생인가?)
0x00053ae7	4	【여고생】\n어머~?\n그 표정은 꽤 심각한 고민이 있는\n모양인데……
0x00053b6a	2	【여고생】\n그야~ 제 추리, 맞았죠!?
0x00053bbb	2	【노리코】\n어, 그게……
0x00053bf7	5	【노리코】\n저는 이번 사건에서 사이토 코우지\n씨의 담당 변호사가 된\n신조 노리코라고 하는데, 미즈타니\n씨는……
0x00053c8e	3	【여고생】\n어!?\n사부님의 변호사님이세요!!
0x00053d0b	3	【여고생】\n그렇다면 정말 잘 오셨어요!\n자자, 어서 들어오세요!!
0x00053d88	4	【여고생】\n아카네 짱……\n시험이 코앞이니까 오늘은 이제\n돌아가야지……
0x00053e0e	4	【여고생】\n사부님의 변호사님이 오셨단\n말이야!!\n조금만 더 있어도 되잖아!!
0x00053e9d	4	【여성】\n자자, 약속했잖니.\n학생의 본분은 공부야.\n오늘은 일찍 돌아가렴!
0x00053f26	3	【여고생】\n……네~\n그럼 오늘은 돌아갈게요.
0x00053f9b	2	【여고생】\n그럼 가자, 아오이.
0x0005400c	3	【여고생】\n응.\n그럼 실례하겠습니다.
0x0005407b	2	【여성】\n네, 수고했어.
0x00054121	4	【여성】\n놀랐죠?\n탐정사무소에 들어오자마자\n여고생이 맞이할 줄은.
0x00054199	2	【노리코】\n아, 아니요……
0x000541d3	3	【노리코】\n(와, 예쁜 여자분……\n이 사람이 미즈타니 씨인가……?)
0x00054261	3	【여성】\n저기, 코우 짱 담당\n변호사였지?
0x000542b2	4	【노리코】\n네, 맞아요.\n처음 뵙겠습니다. 신조 노리코라고\n합니다.
0x00054329	4	【여성】\n우와……\n코우 짱이 이런 귀여운 아이를\n담당으로 삼다니……
0x000543ab	2	【여성】\n정말, 보통 사람이 아니네~
0x000543f1	2	【노리코】\n아, 저기……
0x00054451	4	【여성】\n아, 미안해.\n미즈타니 탐정사무소 소장인\n미즈타니 아사츠유야.
0x000544dc	2	【아사츠유】\n잘 부탁해, 노리코 짱.
0x0005451d	2	【노리코】\n저, 잘 부탁드립니다……
0x00054560	4	【노리코】\n(붙임성 있는 분이네……\n확실히 코우지와 잘 맞을 것\n같아……)
0x000545df	2	【아사츠유】\n그래서, 코우 짱은 어때……?
0x00054628	4	【노리코】\n어떤지요……?\n건강하다고 해도 될까요……?\n이런 경우에.
0x00054689	4	【노리코】\n워낙 자기 페이스대로인 사람이라,\n구류돼 있다는 비장함 같은 건\n별로 없어요.
0x00054708	3	【아사츠유】\n후후, 자기 페이스대로인\n사람이라……
0x00054773	3	【아사츠유】\n저기, 노리코 짱은\n코우 짱과 어떤 사이야?
0x000547c3	5	【노리코】\n어……!?\n그건, 그러니까,\n변호사와 의뢰인 사이라고나\n할까요……
0x00054855	3	【아사츠유】\n아니, 그런 뜻이 아니라,\n예전부터 알던 사이 아니야?
0x000548d4	4	【아사츠유】\n코우 짱을 ‘자기 페이스대로인\n사람’이라고 부르는 걸 보면,\n예전부터 알던 사람처럼 말하길래.
0x00054938	3	【노리코】\n(우와……\n역시 눈치가 빠르시네……)
0x000549ad	3	【아사츠유】\n나도 코우 짱과 얘기하고 싶은데,\n이래저래 바빠서 말이야.
0x00054a2f	4	【아사츠유】\n뭐, 우리 사무소는\n조사원이 둘뿐인데\n한 명은 휴직 중이잖아?
0x00054ab4	2	【아사츠유】\n정말 정신없이 바쁘다니까!
0x00054af2	2	【노리코】\n……힘드시겠네요.
0x00054b58	4	【아사츠유】\n힘든 정도가 아니지!\n그래도 곧 얼굴 보이러 갈 테니\n코우 짱에게 전해 줘.
0x00054bb9	5	【노리코】\n네, 알겠습니다.\n그래서 오늘은 몇 가지 여쭤보고\n싶어서 왔는데,\n괜찮을까요?
0x00054c4e	2	【아사츠유】\n그래, 괜찮아.
0x00054cfb	2	【아사츠유】\n어서 와~!
0x00054d36	3	【노리코】\n저, 바쁘신데 시간을 내게 해서\n죄송합니다……
0x00054dc6	3	【아사츠유】\n어허, 그렇게 딱딱한\n인사는 됐어, 됐어!
0x00054ec3	3	【노리코】\n(코우지의 스승, 미즈타니 아사츠유\n씨)
0x00054f14	4	【노리코】\n(정말 아름다운 분이네……\n하지만 실력자이기도 하지.\n동경하게 돼……)
0x00055014	1	【노리코】(무엇부터 물어볼까?)
0x00055158	2	【노리코】\n(슬슬 조사를 끝낼까?)
0x00055209	4	【노리코】\n그럼 저는 이만 실례할게요.\n바쁘신데 시간 내주셔서\n감사합니다.
0x00055292	4	【아사츠유】\n아니야, 괜찮아, 괜찮아.\n노리코 짱이라면 언제든 환영이니까\n편하게 놀러 와!
0x00055301	3	【노리코】\n네, 네.\n감사합니다……
0x0005535e	2	【노리코】\n(조금 더 이야기를 들어보자)
0x000553ad	3	【노리코】\n(아직 물어봐야 할 게 남아 있어.\n아직 돌아갈 수는 없겠네.)
0x000554a3	3	【코우지】\n……후.\n여전하네, 저 사람은……
0x00055517	3	【코우지】\n그런데 초면인 노리코에게까지\n나와 똑같이 대하다니……
0x00055599	4	【코우지】\n이거,\n노리코도 아사츠유 패밀리로\n인정받았네!
0x00055610	2	【노리코】\n그, 그렇구나……
0x00055673	5	【코우지】\n그건 그렇고,\n내가 택시를 타고 있었다는 걸\n객관적으로 증명하면\n알리바이가 입증된다는 거지.
0x0005570c	6	【노리코】\n도내 택시 회사를 하나하나\n찾아가서,\n미야카미 긴자에서 코우지\n아파트까지 승차 기록이 없는지\n알아볼까?
0x0005579c	4	【코우지】\n그건 꽤 번거로운 일이 되지\n않을까?\n더 효율적인 방법이 있을 텐데……
0x00055806	3	【코우지】\n예를 들면 도내 택시 회사들을\n총괄하는 택시협회 같은 건 없을까?
0x00055879	3	【코우지】\n거기서 각 택시 회사에 연락해서\n확인해 달라고 하면 되지 않을까?
0x00055907	3	【노리코】\n확실히 그게 좋을지도……\n알아볼게.
0x000559b9	4	【코우지】\n뭐가\n‘이렇게 많이 마실 수\n있게 됐습니다’야!
0x00055a16	3	【코우지】\n나는 여전히 술에 약하다고!\n억지로 마시게 한 것뿐이잖아!
0x00055a95	4	【노리코】\n그, 그렇죠……\n갑자기 술이 세진 줄 알고\n깜짝 놀랐어요……
0x00055b19	5	【코우지】\n……안 되겠어, 노리코.\n저 사람 성격을 잘 파악해 두지\n않으면\n언젠가 큰일을 당할 거야……
0x00055bb4	2	【노리코】\n조, 조심할게요……
0x00055c56	4	【코우지】\n그렇지!\nBGM이 흘러나오지 않았어……\n이 사실은 굉장히 중요해!
0x00055d13	2	【코우지】\n이걸로 모든 사실이 뒤집힌다!
0x00055d7f	3	【노리코】\n어……\n무슨 뜻이야……!?
0x00055deb	2	【코우지】\n애초에 말이야.
0x00055e32	5	【코우지】\nVIP 룸 안에서는 사건 당일,\n원래 피해자가 신청한\n클래식 음악이 흘러나오고 있었어야\n해.
0x00055eb4	3	【코우지】\n그런데도 왜\n음악이 흐르지 않았다고 생각해?
0x00055f27	5	【노리코】\n마지막까지 재생되면 처음으로\n돌아가도록\n반복 재생 중이라고 했으니……\n재생이 멈춰 있었던 걸까?
0x00055fa7	4	【코우지】\n그것도 가능성 중 하나지만,\nCD가 아닌 다른 음원으로 바뀌어\n있었던 거라고 생각해.
0x0005601b	3	【코우지】\n포인트는 하나 더 있어.\n가게 안에 울려 퍼진 총성이야.
0x0005608d	5	【코우지】\n이 총성은 VIP 룸에서 들려온\n거였지.\n그래서 관계자들이 VIP 룸으로\n달려갔고……
0x00056119	4	【코우지】\n뭔가 걸리지 않아……?\n흘러나오지 않았던 BGM.\n그리고 총성……
0x0005618e	3	【코우지】\n이 정보들을 조합하면\n어떤 사실을 추리할 수 있어!
0x0005621b	6	【코우지】\nVIP 룸에서 흘러나오지 않았던\nBGM.\n가게 안에 울려 퍼진 총성.\n이것들과 관련된 단서를 조합하는\n거야!
0x00056374	2	【코우지】\n(아니야, 그런 게 아니야!)
0x000563bb	4	【코우지】\n(가게 안에 총성이 울려 퍼졌다는\n사실에서\n도출되는 것!)
0x00056425	3	【코우지】\n(BGM 대신 재생된 다른 음원의\n가능성!)
0x0005647d	3	【코우지】\n(여기서 도출할 수 있을 거야……\n새로운 추리를!)
0x00056522	6	【코우지】\n우선 생각해야 할 건, 원래\nVIP룸 안에서\n재생됐어야 할 클래식이\n사건 발생 후에는 재생되지\n않았다는 거야.
0x000565a4	4	【코우지】\nCD는 반복 재생이야.\n플레이어를 건드리지 않았다면\n계속 클래식이 흘렀을 거야.
0x00056618	3	【코우지】\n그러니 그때 다른 음원으로\n바뀌어 있었다고 추측할 수 있어.
0x00056681	4	【코우지】\n그리고 또 하나 중요한 점은,\nVIP 룸에\n방음 설비가 되어 있었다는 거야.
0x000566f9	5	【코우지】\n그런데 왜 총성이 가게 안에 울려\n퍼졌을까.\nVIP 룸 문이 열려 있었기\n때문이야!
0x0005679a	2	【노리코】\n왜 그런 일을……?
0x0005681a	5	【코우지】\n이렇게 생각하면 돼……\n총성이 들린 시각, 즉 0시\n44분이\n범행 시각이라고 믿게 하려는 거야!
0x000568a1	4	【코우지】\n0시 44분에 확실한 알리바이를\n만들어 두면,\n범인은 용의자에서 벗어날 수 있어.
0x00056921	5	【노리코】\n알리바이 조작을 위해,\n외부 음원에 녹음해 둔 총성을\nVIP 룸 스피커에서 재생한\n거야……?
0x000569ae	4	【코우지】\n그런 뜻이야!\n실제 범행 시각은 0시 44분보다\n전이겠지.
0x00056a4a	3	【노리코】\n……코우지의 추리가 맞다면\n관계자 전원의 알리바이가 무너져!
0x00056abc	6	【노리코】\n0시 44분에는 소장님도 미즈타니\n씨도\n콘도 형사도 홀에 있었으니\n서로 알리바이를 증명하고\n있었지만……
0x00056b45	3	【노리코】\n범행 시각이 그보다 전이라면\n확실한 증명을 할 수 없게 돼!
0x00056bdd	3	【코우지】\n알리바이가 불확실한 건\n나뿐만이 아니라는 뜻이야!
0x00056cd3	2	【코우지】\n이제 저 정보가 맞다면……!
0x00056d90	4	【노리코】\n(블라인드는 계속 내려져 있네.\n기밀 사항 같은 걸 취급해서\n그런가……?)
0x00056e09	4	【노리코】\n(……라고 생각했는데,\n단순히 햇빛이 눈부셔서일지도\n모르겠네.)
0x00056e71	5	【노리코】\n(저쪽에 있는 책상이 미즈타니 씨\n자리인 모양이네.\n일 잘하는 사람은 책상도\n깔끔하지.)
0x00056edb	4	【노리코】\n(……아마 앞쪽 자리가 코우지\n자리네.\n적당히 어질러져 있고……)
0x00056f3d	3	【노리코】\n(……그래도 변한 건 없어서\n조금 안심되기도 하네.)
0x00056fb8	3	【노리코】\n우선 사건 당일의 행적을 정리해\n보려고 해요.
0x00057006	3	【노리코】\n미즈타니 씨에게 사건 당일의\n행적을 여쭤보고 싶은데요……
0x00057087	4	【아사츠유】\n……코우 짱이\n내게 물어보라고\n부탁했구나.
0x00057105	5	【아사츠유】\n그렇지……\n사건 당일…… 아니, 사건이 일어난\n순간에는\n택시를 타고 있었을 거야.
0x00057179	2	【노리코】\n택시요?
0x000571db	6	【아사츠유】\n그래, 코우 짱이 완전히\n곯아떨어져서,\n어깨를 빌려 일단 가게 밖으로\n데리고 나가\n택시에 태웠어.
0x00057267	5	【아사츠유】\n마스터에게 양해를 구하고\n비상구로 나가게 해 달라고 했어.\n비상구 쪽이 큰길에 가까워서\n택시도 잡을 수 있을 것 같았거든.
0x00057314	2	【아사츠유】\n그런데 택시가 좀처럼 안 잡히더라.
0x00057387	5	【아사츠유】\n겨우 잡은 택시 기사에게\n내가 목적지를 알려 주고,\n돈을 건네서 코우 짱을 데려다주게\n했어.
0x00057410	4	【아사츠유】\n그 택시를 배웅하고\n나는 가게로 돌아왔는데,\n그때 총성이 들렸어……
0x00057486	3	【노리코】\n그렇군요……\n코우지는 택시를 탄 거네요.
0x0005750d	4	【아사츠유】\n어라……\n코우지라고 이름만 부르네.\n혹시 두 사람, 깊은 사이인가……?
0x00057571	2	【노리코】\n아, 아니, 그게……
0x000575d5	3	【아사츠유】\n후후, 부끄러워하지 마,\n부끄러워하지 마!
0x00057618	2	【노리코】\n아우……
0x00057675	3	【아사츠유】\n……그래.\n조만간 코우 짱 접견하러 갈게.
0x000576d5	4	【아사츠유】\n그때 사건 당일 행적을\n구체적으로 설명해 주겠다고 전해\n줘.
0x00057742	4	【아사츠유】\n아마 직접 설명하는 편이\n코우 짱도 여러 가지를 떠올리기\n쉬울 테고.
0x000577a0	3	【노리코】\n그, 그렇겠네요.\n알겠습니다. 전해 둘게요!
0x00057831	4	【아사츠유】\n사건이 일어났을 때\n코우 짱은 택시를 타고 있었을\n거야.
0x000578a6	6	【노리코】\n사건이 일어났을 때……\n그러니까 총성이 가게 안에 울려\n퍼졌을 때인데,\n미즈타니 씨도 VIP 룸으로\n달려갔죠?
0x00057966	5	【아사츠유】\n응, 그래.\n먼저 콘도 형사가 안으로 들어갔고,\n그다음 나와 누마사키 변호사가\n함께 들어갔어.
0x000579dc	3	【노리코】\n그때 VIP 룸 안에서 BGM이\n흘러나오고 있었나요?
0x00057a58	3	【아사츠유】\n음…… 어땠더라.\n왜?
0x00057aa0	4	【노리코】\n그날은 피해자의 요청으로\nVIP 룸 안에서 클래식이\n흘러나오고 있었다고 하더라고요.
0x00057b46	4	【아사츠유】\n……흠.\n코우 짱은 그렇게 추리하고 있는\n거구나.
0x00057b95	2	【노리코】\n네!?
0x00057bf2	4	【아사츠유】\n아, 미안.\n코우 짱이 어떤 추리를 하고 있는지\n궁금해서 그만.
0x00057c77	5	【아사츠유】\nBGM은 흘러나오지 않았던 것\n같아.\n적어도 클래식은 흐르지 않았다고\n생각해.
0x00057ce3	4	【노리코】\n그렇군요!\n귀중한 정보를 알려 주셔서\n감사합니다.
0x00057d58	2	【아사츠유】\n별말을 다 하네.
0x00057de2	3	【아사츠유】\n사건 발생 후 VIP 룸에는\nBGM 같은 건 흘러나오지 않았어.
0x00057e64	3	【노리코】\n저기, 부탁드릴 게 하나\n있는데요……
0x00057ecf	3	【아사츠유】\n뭔데?\n뭐든 말해 봐!
0x00057f11	3	【노리코】\n코우지는 그날\n완전히 취해 있었던 거죠?
0x00057f88	4	【아사츠유】\n그럼, 그럼.\n라이트 블루에 도착했을 때는\n완전히 곤드레만드레였어.
0x00057fe8	3	【노리코】\n그런데 경찰은 그 말을\n믿어 주지 않는 것 같아요.
0x00058037	4	【노리코】\n그래서 미즈타니 씨께서\n코우지가 곯아떨어져 있었다고\n증언해 주셨으면 해요.
0x000580c0	4	【아사츠유】\n아, 그거야 식은 죽 먹기지.\n원한다면 그날 코우 짱이 마신\n술도 목록으로 적어 줄게.
0x00058153	5	【아사츠유】\n그날은 라이트 블루에 도착하기\n전에도\n맥주를 병으로 5병, 소주를 2병,\n와인을 2병 둘이서 비웠거든……
0x00058209	3	【아사츠유】\n그중 3분의 1은 코우 짱도\n마셨고!
0x00058251	2	【노리코】\n…………
0x0005828a	5	【노리코】\n아, 저기……\n코우지는 술에 약해요……\n맥주 한 잔만 마셔도 취해 버릴\n정도로요.
0x00058329	5	【아사츠유】\n사실 코우 짱은\n처음에는 술에 약했는데,\n지금은 이렇게나 많이 마실 수 있게\n됐어요!
0x000583b3	2	【아사츠유】\n결국 완전히 취해 버렸지만 말이야.
0x000583fb	5	【노리코】\n그랬군요……\n그 사실을 경찰에 증언해 주시면\n정말 취해 있었다는 걸 증명할 수\n있을 것 같아요.
0x00058469	2	【노리코】\n그럼 잘 부탁드릴게요.
0x000584d2	2	【아사츠유】\n맡겨 둬!
0x0005855d	4	【아사츠유】\n코우 짱이 취해 있었다고\n증언하면 되는 거지.\n그거야 식은 죽 먹기지!
0x000585c1	3	【노리코】\n사건에 관해\n뭔가 눈치챈 점은 없나요?
0x00058638	3	【아사츠유】\n음……\n지금은 특별히 없는 것 같네……
0x000586ac	2	【코우지】\n그리고……
0x0005874c	1	사무소 입구
0x00058757	1	사무소 입구
0x00058766	1	오인 고등학교
0x0005876f	1	오인 고등학교
0x0005877c	1	미즈타니 탐정사무소
0x0005878b	1	미즈타니 탐정사무소
0x000587aa	1	［미나즈키 코우지의 취미］
0x000587c2	1	［미나즈키 코우지의 성격］
0x000587da	1	［미나즈키 코우지의 행동 패턴］
0x000587f7	1	［눌러 본다］
0x00058806	1	［누르지 않는다］
0x00058c88	2	【노리코】\n미즈타니 탐정사무소 앞에 왔어.
0x00059108	2	【노리코】\n오빠의 취미가 뭔가요?
0x0005915f	4	【아오이】\n음……\n가장 좋아하는 건 컴퓨터\n게임이에요.
0x000591b9	4	【아오이】\n게임센터 게임뿐 아니라,\n휴대용 게임기와 가정용 게임기,\nPC 게임까지 뭐든 해요.
0x0005923c	2	【노리코】\n게임 말고는……?
0x00059289	3	【아오이】\n글쎄요……\n인터넷을 자주 봐요……
0x000592e3	3	【아카네】\n아무튼 TV 앞에 붙어 있지,\n아오이 오빠는.
0x0005933f	4	【아오이】\nTV가 아니라 컴퓨터야!\n게임도 전부 모니터에 연결해서\n하니까……
0x000593a8	3	【아카네】\nTV나 모니터나 똑같은 거잖아?\n모양도 비슷하고.
0x00059425	4	【아오이】\n으, 응……\n뭔가를 보여 준다는 점은\n같지만……
0x0005947c	4	【노리코】\n알겠어요.\n오빠는 모니터 앞에 있는 일이\n많다는 거군요.
0x00059500	3	【아오이】\n오빠는 모니터 앞에 있는 일이\n많아요.
0x00059566	2	【노리코】\n오빠는 어떤 성격인가요?
0x000595d0	3	【아오이】\n저기……\n조금 무서운 느낌……이에요……
0x0005961e	2	【노리코】\n무섭다고요……!?
0x0005966c	3	【아오이】\n……가끔 무슨 생각을 하는지\n잘 모르겠을 때가 있어서요……
0x000596cd	5	【아카네】\n아아, 알 것 같아……\n아오이 오빠니까 너무 나쁘게\n말하고 싶진 않지만,\n나도 좀 무서운 느낌이 들어.
0x0005974e	4	【아카네】\n아오이 방에서 얘기하고 있어도,\n갑자기 오빠 방에서 고함 소리가\n들리기도 하고.
0x000597b9	3	【노리코】\n고함 소리……!?\n왜요……?
0x00059819	3	【아오이】\n인터넷 대전 게임을 할 때,\n지면 분해서 소리를 질러요.
0x00059888	4	【아오이】\n오빠는 아무튼 지는 걸 정말\n싫어해요.\n성격이 그래서 그런 것뿐인데……
0x000598f0	3	【아카네】\n나도 지는 건 싫어하지만,\n아오이 오빠는 차원이 다르지~
0x00059974	2	【아오이】\n예를 들면, 이런 일이 있었어요.
0x00059a15	5	【아오이】\n예전에 격투 게임 대회가\n있었는데요.\n그때 1회전에서 굴욕적인 패배를\n당했대요.
0x00059a96	4	【아오이】\n그러고 다음 해에, 같은 상대에게\n똑같이 굴욕적인 방법으로\n이겼대요.
0x00059b00	5	【아오이】\n오빠 말로는, 굴욕을 안겨 준\n상대에게는\n똑같은 굴욕을 맛보여 주지 않으면\n분이 풀리지 않는대요.
0x00059b81	3	【노리코】\n그럼 우승하지 못하는 한,\n매년 똑같은 일을 한다는 건가요?
0x00059bd9	4	【아오이】\n그게 아니에요.\n그 전년도 상대에게 복수했을 때도\n준우승이었던 모양이지만……
0x00059c49	5	【아오이】\n준우승으로 끝난 패배는 납득할\n만했던 모양이라,\n그다음 해에는 복수하지\n않았거든요.
0x00059caa	2	【노리코】\n……무서운 사람이네요.
0x00059cea	2	【아오이】\n네……
0x00059d1f	5	【아오이】\n무서운 건,\n그 복수를 해냈다는 이야기를 들은\n게\n복수를 끝낸 뒤였다는 거예요.
0x00059d8a	7	【아오이】\n그 전년도에는 아무튼 울면서 집에\n돌아왔는데,\n몇 번이나 물어봐도 이유를 말해\n주지 않았고,\n가족이 그 일을 다시 꺼내고 1년\n뒤에야 말해 줬어요.
0x00059e1a	3	【아오이】\n그때는 정말,\n후련한 얼굴로 말해 줬어요.
0x00059e65	2	【노리코】\n…………
0x00059eee	3	【노리코】\n오빠 성격을 잘 알 것 같아요.\n감사합니다.
0x00059f4f	2	【아오이】\n아니에요……
0x00059fa4	3	【아오이】\n오빠는 아무튼 지는 걸 정말\n싫어해요.
0x00059ffd	5	【아오이】\n아, 하지만 오빠가 지는 걸\n싫어하게 된 건\n회사에서 해고된 뒤부터고,\n그전에는 승부욕이 강했어요.
0x0005a09d	5	【아오이】\n지금은 일을 시작했으니까,\n아침 일찍 집을 나가 밤늦게\n돌아오는 것 말고는\n잘 모르지만……
0x0005a115	4	【노리코】\n예전 행동 패턴이면 충분해요.\n특히 사건 발생 전후를 알고\n싶어요.
0x0005a19e	6	【아오이】\n글쎄요……\n기본적으로 식사나 화장실 갈 때\n외에는\n방에서 잘 나오지 않는\n사람이었어요……
0x0005a22a	3	【아오이】\n가끔 밖에 나가긴 했지만,\n대부분 게임센터에 갔던 것 같아요.
0x0005a291	5	【아오이】\n물건은 인터넷으로 주문했으니까\n거의 밖에 나가지 않아도\n그럭저럭 지낼 수 있었던\n모양이에요.
0x0005a313	3	【아오이】\n식사나 화장실 갈 때 외에는,\n계속 방에 있었던 것 같아요.
0x0005a36a	3	【노리코】\n(미즈타니 탐정사무소가 있는\n건물이네.)
0x0005a3b9	3	【노리코】\n(1층은 편의점이고,\n2층에 사무소가 있는 모양이야.)
0x0005a43a	5	【노리코】\n(오인 고등학교가 있네.\n코우지 어머니와 시라카와 신지\n씨에 대해\n선생님께 듣고 싶은데……)
0x0005a4ac	6	【노리코】\n(그 전에 미나즈키 코우지 씨에\n대해,\n아오이 씨와 이야기를 좀 해 보고\n싶은데.\n어떻게 할까……)
0x0005a51a	2	【노리코】\n(…………)
0x0005a557	3	【노리코】\n(아, 마침 두 사람이 오고\n있어!)
0x0005a61e	2	【아카네】\n아, 사부님의 변호사님이다!
0x0005a675	2	【아오이】\n안녕하세요.
0x0005a6ab	3	【노리코】\n안녕하세요.\n마침 잘 만났네요.
0x0005a6fe	4	【아카네】\n저희한테요?\n뭐예요, 뭐예요? 이야기를 듣고\n싶다고요!?
0x0005a74a	5	【노리코】\n네.\n아오이 씨 오빠 이야기를 듣고\n싶은데……\n잠깐 괜찮을까요?
0x0005a7b0	3	【아오이】\n오빠 이야기……인가요?\n무슨 말씀이세요?
0x0005a82b	5	【노리코】\n(오인 고등학교가 있네.\n코우지 어머니와 시라카와 신지\n씨에 대해\n듣고 싶은데……)
0x0005a8a4	2	【노리코】\n(안으로 들어갈까?)
0x0005a958	2	【노리코】\n(들어가자.)
0x0005a9ae	2	【노리코】\n(조금 더 여기 있자.)
0x0005aa03	3	【노리코】\n(고등학교가 있네.\n공학인 모양이야.)
0x0005aa71	4	【노리코】\n(고등학교가 있네.\n미나즈키 아오이 씨에게 이야기를\n듣고 싶은데……)
0x0005aaba	2	【노리코】\n(…………)
0x0005ab12	2	【노리코】\n(아, 두 사람이 오고 있어!)
0x0005abd5	2	【아카네】\n아, 사부님의 변호사님이다!
0x0005ac2c	2	【아오이】\n안녕하세요.
0x0005ac62	3	【노리코】\n안녕하세요.\n잘됐네요.
0x0005accc	4	【아카네】\n저희한테요?\n뭐예요, 뭐예요? 이야기를 듣고\n싶다고요!?
0x0005ad18	5	【노리코】\n네.\n아오이 씨 오빠 이야기를 듣고\n싶은데……\n잠깐 괜찮을까요?
0x0005ad97	3	【아오이】\n오빠 이야기……인가요?\n무슨 말씀이세요?
0x0005ae25	4	【노리코】\n(고등학교가 있네.\n오인 고등학교……\n공학인 모양이야.)
0x0005aeba	4	【아카네】\n저……\n솔직히 말해서, 변호사님은 돈을 잘\n버나요?
0x0005af0f	3	【노리코】\n어……\n갑자기 왜요?
0x0005af5f	4	【아카네】\n왜냐하면 변호사님,\n진범을 찾으려고 조사하고\n계시잖아요?
0x0005afc8	4	【아카네】\n하는 일이 꼭 탐정 같기도 하고,\n그렇다면 장래에는 변호사가 되어도\n좋을까 해서요.
0x0005b047	4	【아오이】\n아카네 짱!\n변호사가 된다는 건 그렇게 쉽게\n말할 수 있는 직업이 아니야!
0x0005b0b5	4	【아오이】\n국가시험 중에서도 가장 어려운\n시험이라고 하는\n사법시험에 합격해야 하니까!
0x0005b12a	3	【아카네】\n사법시험?\n얼마나 공부해야 합격할 수 있어?
0x0005b1a2	4	【아오이】\n음……\n고등학교 입시의 100배는 힘들다고\n생각해.
0x0005b21e	3	【아카네】\n헉……\n그, 그건 힘들겠다……
0x0005b264	6	【노리코】\n평생 필사적으로 노력하면 합격할\n수 있어요.\n오인 고등학교는 명문이니까,\n우선 좋은 법학부에 들어가는\n것부터 시작하면 돼요.
0x0005b2ee	4	【노리코】\n하지만 노력 없이는 합격할 수 없는\n것도 사실이에요.\n그 점만큼은 각오해 두세요.
0x0005b375	3	【아카네】\n……역시 탐정으로 할까나,\n아하하.
0x0005b3eb	3	【아카네】\n역시 사양할게요……\n타하하……
0x0005b473	2	【노리코】\n(아직 물어볼 게 있었나……?)
0x0005b545	2	【노리코】\n(아오이 씨에게 물어볼 것은……)
0x0005b63f	3	【노리코】\n이야기를 들려주셔서\n감사합니다.
0x0005b699	4	【아오이】\n아니요, 저희가 할 수 있는\n일이라면\n뭐든 협력할게요……
0x0005b6f9	3	【아카네】\n사부님의 무죄가\n증명되면 좋겠네요!
0x0005b74b	3	【노리코】\n고마워요.\n그럼 실례하겠습니다.
0x0005b79e	2	【아오이】\n실례하겠습니다.
0x0005b7e3	2	【아카네】\n실례할게요~!
0x0005b8a8	2	【노리코】\n(아오이 씨에게 물어볼 것은……)
0x0005b9bd	2	【노리코】\n(미즈타니 씨, 계시려나……?)
0x0005ba0f	2	【노리코】\n(인터폰을 눌러 볼까?)
0x0005ba66	2	【노리코】\n(미즈타니 씨, 계시려나……?)
0x0005bab3	2	【노리코】\n(조금 더 상황을 지켜보자.)
0x0005bb1b	2	【노리코】\n…………
0x0005bb54	2	【노리코】\n(어라, 안 계신가……)
0x0005bba5	2	【노리코】\n…………
0x0005bbde	2	【도어폰】\n네, 미즈타니 탐정사무소인데요?
0x0005bc28	3	【노리코】\n아, 저기요.\n변호사 신조 노리코입니다.
0x0005bc74	3	【도어폰】\n아, 노리코 짱이구나.\n어서 와.
0x0005bcbb	2	【노리코】\n그럼 실례하겠습니다.
0x0005bde1	2	【노리코】\n(오늘은 이걸로 조사를 끝낼까?)
0x0005be9a	2	【노리코】\n(그럼 돌아가자.)
0x0005bedf	3	【노리코】\n(그래.\n조금 더 상황을 지켜보자.)
0x0005bf3d	3	【노리코】\n(아직 조사해야 할 게 남았어.\n돌아갈 수는 없겠네.)
0x0005c044	4	【노리코】\n아카네 씨와 아오이 씨에게 들은\n이야기는\n이 정도였어.
0x0005c0bc	4	【코우지】\n……그렇군.\n미나즈키 코우지는 지는 걸\n싫어하는군……
0x0005c125	3	【코우지】\n재미있는 가설을 세울 수 있을 것\n같아.
0x0005c1c4	7	【코우지】\n미나즈키 코우지는 지는 걸\n싫어하고,\n굴욕적인 패배를 당했다는 사실은\n남에게 말하지 않는 모양이야.\n최근에도 그런 굴욕적인 패배를\n당한 적이 없었나……?
0x0005c331	2	【코우지】\n(아니야, 이게 아니야!)
0x0005c378	6	【코우지】\n(미나즈키 코우지는 극도로 지는 걸\n싫어해.\n게다가 취미인 게임에서 굴욕적인\n패배를 당하면\n상당히 난폭해진다고 해.)
0x0005c40f	5	【코우지】\n(최근에도 그런 일이 있었을 거야.\n미나즈키 코우지가 게임에서 졌을\n때 같은 반응을\n보인 적이……)
0x0005c505	4	【코우지】\n그래…… 미나즈키 코우지는\n게임센터에서\n레버를 부쉈다는 모양이야.
0x0005c573	5	【코우지】\n이건 혹시,\n굴욕적인 패배를 당하고\n분해서 견딜 수 없었기 때문\n아닐까?
0x0005c624	3	【노리코】\n음……\n뭐라고 단정하기는 어려울 것 같아.
0x0005c679	4	【노리코】\n어쩌면\n게임에 너무 열중해서 그랬을 수도\n있고……
0x0005c6f1	5	【코우지】\n하지만 전에 네가 내가 플레이한\n게임에 대해 물었을 때,\n미나즈키는 분명히\n가르쳐 주기 싫다고 했잖아?
0x0005c791	2	【노리코】\n아, 그러고 보니 그랬지……
0x0005c7f9	5	【코우지】\n이 단서를 조금 더 파고들어 보지\n않을래?\n잘 풀리면 새로운 정보를 얻을 수\n있을지도 몰라.
0x0005c88a	3	【노리코】\n그렇네……\n알겠어.
0x0005c995	3	【코우지】\n그리고 어머니와 시라카와 신지의\n이야기인데……
0x0005ca33	4	【코우지】\n……왠지 복잡하네.\n아버지 말고 어머니를 좋아했던\n남자의 이야기를 듣는 건……
0x0005caaa	3	【코우지】\n이 사건은 대체 인간관계가\n어디까지 얽혀 있는 거야……?
0x0005cb0d	3	【코우지】\n설마 어머니와 시라카와 신지까지\n연결되어 있었다니……
0x0005cb85	2	【코우지】\n…………
0x0005cbcb	5	【코우지】\n잠깐, 그러고 보니……\n어머니가 먼저 졸업한 탓에,\n결국 신지는 어머니에게 차이고\n끝난 건가?
0x0005cc63	3	【노리코】\n거기까지는 듣지 못했어……\n미안해……
0x0005ccd4	2	【코우지】\n……아니야, 괜찮아.
0x0005cd39	5	【코우지】\n지금까지 얻은 정보로 추리해 보면,\n두 사람은 졸업 후에도\n어떤 관계를 맺고 있었다는 걸 알\n수 있어!
0x0005cdf2	4	【코우지】\n어머니와 신지는 졸업 후에도\n어떤 관계를 이어 가고 있었어……\n그걸 보여 주는 건……!?
0x0005cf1d	2	【코우지】\n(아니야, 그런 게 아니야!)
0x0005cf64	5	【코우지】\n(나도 신지를 한 번 만난 적이\n있어!\n그 사실이 어머니와 신지 사이에\n어떤 관계가 있었다는 증거야!)
0x0005d064	2	【코우지】\n그래…… 집수리야.
0x0005d0f3	3	【코우지】\n그때 어머니는 아는 회사에\n부탁해서 집을 고친다고 했어.
0x0005d154	3	【코우지】\n그 아는 사람이라는 게\n바로 시라카와 신지 아니겠어?
0x0005d1aa	5	【코우지】\n모니터로 선정돼서\n수리 비용은 들지 않는다고 했지만,\n그 자체가 신지의 힘이\n아니었을까?
0x0005d224	3	【코우지】\n즉, 어머니와 신지 사이에는\n어떤 관계가 계속되고 있었던 거야!
0x0005d2f5	6	【노리코】\n그, 그래도\n두 사람 사이에 어떤 관계가\n있었다고 해도,\n두 분 모두 몇 년 전에\n돌아가셨잖아……?
0x0005d37a	3	【노리코】\n이번 사건과는\n별로 관계없는 것 아닐까……?
0x0005d40a	2	【코우지】\n……확인하고 싶어.
0x0005d457	2	【노리코】\n확인……?
0x0005d49f	2	【코우지】\n……그래, 확인이야.
0x0005d4ec	4	【노리코】\n……혹시 말인데.\n코우지는 진범을 거의 짐작하고\n있는 거 아니야?
0x0005d570	2	【코우지】\n글쎄, 어떨까.
0x0005d5b9	3	【코우지】\n다만 진범을 알아냈다고 해도\n동기를 모르겠어.
0x0005d61b	3	【노리코】\n두 사람의 관계를 알면\n진범의 동기도 알 수 있어?
0x0005d67c	3	【코우지】\n그것도 모르겠어.\n모두 포함해서 확인해 봐야 해.
0x0005d6da	2	【노리코】\n……그럼 소장님께 물어볼까?
0x0005d72f	5	【노리코】\n소장님은 피해자인\n시라카와 신지 씨의 형과\n친구였고,\n신지 씨와도 함께 일했을 테니까.
0x0005d7d8	3	【코우지】\n……그렇군, 그게 좋을지도\n모르겠어.
0x0005d82d	5	【코우지】\n노조미도 시라카와 신지가\n누마사키 변호사를 존경했다고\n했어. 어쩌면 재미있는 이야기를\n들을 수 있을지도 몰라.
0x0005d8cf	3	【코우지】\n누마사키 변호사에게 물어봐 줘……\n두 사람의 관계를.
0x0005d94a	2	【노리코】\n알겠어.
0x0005da2a	1	［아사츠유의 알리바이에 관해］
0x0005da41	1	［이치로와 아사츠유의 관계에 관해］
0x0005da60	2	［이치로와 누마사키 에이타로의\n관계에 관해］
0x0005da81	2	［이치로와 콘도 가쓰미의 관계에\n관해］
0x0005daa0	2	［이치로와 미나즈키 코우지의 관계에\n관해］
0x0005dac1	1	［아사츠유와 콘도의 관계에 관해］
0x0005dadc	1	［뭔가 눈치챈 점］
0x0005daf0	1	［아사츠유와 유미의 관계에 관해］
0x0005db09	1	［하리마 나오타다에 관해］
0x0005db30	1	블라인드
0x0005db38	1	블라인드
0x0005db44	1	코우지의 책상
0x0005db4c	1	코우지의 책상
0x0005db58	1	아사츠유의 책상
0x0005db60	1	아사츠유의 책상
0x0005df2b	2	【아사츠유】\n어서 와~!
0x0005df66	4	【노리코】\n아, 네……\n바쁘신데 시간을 내게 해서\n죄송합니다……
0x0005dff8	3	【아사츠유】\n어허, 그렇게 딱딱한 인사는 됐어,\n됐어!
0x0005e1cd	4	【노리코】\n사건 현장에 있던 관계자들의\n알리바이를\n다시 조사하고 있어요.
0x0005e225	3	【노리코】\n그래서 미즈타니 씨의 알리바이도\n알려 주셨으면 해서요……
0x0005e2a1	2	【아사츠유】\n어머, 나도 용의자라는 얘기네?
0x0005e2ef	3	【노리코】\n아……\n그, 그런 뜻은……
0x0005e359	4	【아사츠유】\n후후, 괜찮아.\n관계자들의 알리바이를 조사하는 건\n옳은 일이야.
0x0005e3d5	4	【아사츠유】\n음……\n그럼 라이트 블루에 들어간 뒤부터\n이야기하면 될까?
0x0005e42f	2	【노리코】\n네, 부탁드릴게요.
0x0005e493	3	【아사츠유】\n라이트 블루에 도착한 게\n23시 30분쯤이었나……?
0x0005e515	3	【아사츠유】\n그 시점에 코우 짱은 이미\n완전히 곤드레만드레였어.
0x0005e56f	2	【노리코】\n코우지는 술에 약하니까요……
0x0005e5dc	3	【아사츠유】\n그래서 우리는 카운터에 앉았는데,\n코우 짱은 금방 곯아떨어졌지.
0x0005e667	3	【아사츠유】\n나는 마스터와 이야기하며 홀짝홀짝\n마셨어.
0x0005e6b4	2	【노리코】\n라이트 블루에는 자주 가세요?
0x0005e706	4	【아사츠유】\n그렇지.\n변호사 시절부터 다닌 단골 가게야.\n사건 전날에도 마시러 갔을 정도고.
0x0005e795	2	【아사츠유】\n그래서 마스터와는 안면이 있어.
0x0005e7fd	4	【아사츠유】\n하지만 코우 짱을 데리고 간 건\n처음이었나?\n코우 짱은 술을 별로 안 마시니까.
0x0005e870	3	【아사츠유】\n가게에 들어갔을 때 알았는데,\n아는 사람이 몇 명 있더라.
0x0005e8ce	3	【노리코】\n그중 한 명은 저희 소장님이시죠.\n또 누구인가요……?
0x0005e932	5	【아사츠유】\n우선 콘도 형사.\n탐정이 된 뒤로 그와는\n같은 사건을 두고 몇 번이나\n맞붙었거든.
0x0005e9b1	6	【아사츠유】\n그리고 피해자가 된 시라카와 씨.\n시라카와 씨는 VIP 룸에\n들어갔는데,\n마스터에게 오늘 왔다는 말을\n들었어.
0x0005ea46	4	【아사츠유】\n변호사 시절에 몇 번인가 같이\n왔으니,\n그 사람도 마스터와 안면이 있지.
0x0005eaad	2	【노리코】\n아, 그러셨군요.
0x0005eb13	7	【아사츠유】\n인사를 할까 고민했지만, 그\n사람과는 별로 좋게 헤어진 게\n아니고,\nVIP 룸에 있다는 건 중요한\n이야기를 하고 있다는 뜻일 테니\n일부러 방해하지 않았어.
0x0005ebd6	4	【아사츠유】\n그래서 혼자 홀짝홀짝 마셨고,\n자리에서 일어난 건 화장을 고치러\n갔을 때 정도였나……?
0x0005ec42	2	【노리코】\n그 시각은 기억하시나요?
0x0005eca9	4	【아사츠유】\n음……\n그 정도까지 자세히는 기억 못\n하겠네.
0x0005ecf9	3	【노리코】\n그렇군요……\n죄송해요.
0x0005ed61	3	【아사츠유】\n아니야, 괜찮아.\n일에 열중하느라 그랬을 뿐이야!
0x0005edd4	6	【아사츠유】\n화장을 고치러 갔던 시각은 기억 안\n나지만,\n취해 버린 코우 짱에게 어깨를 빌려\n가게를 나온 건 0시 30분쯤이었던\n것 같아.
0x0005ee8f	5	【아사츠유】\n아, 그리고 업무 전화가 걸려\n와서,\n0시 전후에 자리에서 일어났던 것\n같아.
0x0005ef21	3	【아사츠유】\n그 외에는 계속 카운터에 있었던 것\n같아.
0x0005ef6e	3	【노리코】\n그렇군요.\n감사합니다.
0x0005efec	3	【아사츠유】\n거의 카운터에서 홀짝홀짝 마시고\n있었어.
0x0005f056	3	【노리코】\n피해자와 미즈타니 씨는 아는\n사이였죠?
0x0005f0d4	5	【아사츠유】\n응, 그래.\n그 사람은 변호사 시절의\n의뢰인이었어.\n하지만 병을 이유로 해고당했지.
0x0005f148	2	【노리코】\n…………
0x0005f1a7	4	【아사츠유】\n그렇게 심각한 표정 짓지 않아도\n돼.\n지금은 이미 마음을 정리했으니까.
0x0005f204	2	【노리코】\n네, 네……
0x0005f263	5	【아사츠유】\n하지만 그때는 정말 납득이 안\n됐어……\n나도 죽을 각오로 일하고\n있었고……
0x0005f301	5	【아사츠유】\n하지만 아무리 강한 척해도\n몸이 따라 주지 않았을 테고,\n만족스러운 일을 할 수 있었을지는\n모르겠네.
0x0005f392	5	【아사츠유】\n냉정하게 생각하면\n그 사람의 판단이 옳았을지도 몰라.\n인간적으로 존경할 수 있는지는\n별개지만.
0x0005f404	5	【노리코】\n하지만 저는 미즈타니 씨의 마음을\n잘 알아요.\n저도 담당에서 제외되지 않으려고\n필사적이니까요……
0x0005f474	5	【노리코】\n의뢰인을 믿지 못하는 변호사를\n제외하는 건\n당연하고 흔한 일이에요.\n흔한 일이긴 하지만……
0x0005f509	2	【아사츠유】\n납득이 안 되지.
0x0005f554	6	【아사츠유】\n그건 자신의 실력이 부족하다는\n분함이나,\n사람 보는 눈이 없는 의뢰인에 대한\n분노 같은 게\n아니라……
0x0005f5db	3	【아사츠유】\n혼자 남겨지는 게 무서워……\n아니야?
0x0005f631	3	【노리코】\n……네, 맞아요.\n특히 이번 사건은……
0x0005f6aa	3	【아사츠유】\n……노리코 짱.\n역시 너와 나는 정말 닮았네.
0x0005f725	5	【아사츠유】\n하지만 코우 짱은 이제 네 곁을\n떠나지 않을 거야.\n네가 지금 모습 그대로 있다면\n말이야.
0x0005f787	2	【노리코】\n어……
0x0005f7e4	4	【아사츠유】\n나도 좀 더 솔직했다면,\n인생이 조금은 달라졌을지도……\n……이제 와선 늦었지만.
0x0005f851	4	【노리코】\n아니요, 늦지 않았어요!\n미즈타니 씨는 아름다우시고,\n이제부터예요!
0x0005f8dd	3	【아사츠유】\n아니야, 괜찮아.\n지금은 노리코 짱이 있으니까.
0x0005f92c	2	【노리코】\n어……!?
0x0005f98d	4	【아사츠유】\n내가 솔직해지지 못했던 인생을,\n노리코 짱을 통해\n다시 돌아볼 수 있으니까.
0x0005fa1a	3	【아사츠유】\n그러니까 솔직해져야 해, 노리코\n짱!
0x0005fa68	2	【노리코】\n어…… 네!
0x0005fad1	5	【아사츠유】\n그 사람은 내가 변호사 시절 맡았던\n의뢰인이었어.\n하지만 심장병을 이유로\n해고당했지.
0x0005fb55	3	【노리코】\n피해자와 우리 소장님은\n어떤 관계였는지 알고 계세요?
0x0005fbde	2	【아사츠유】\n음……
0x0005fc24	5	【아사츠유】\n두 사람 다 어느 정도 아는\n사이지만,\n고문 변호사와 의뢰인 관계였다는\n것 정도밖에 몰라.
0x0005fc9f	2	【노리코】\n그렇군요……
0x0005fce6	4	【아사츠유】\n학생 시절부터 알고 지냈다는\n이야기는 들었지만……\n그래도 이상하지.
0x0005fd4f	2	【노리코】\n이상하다고요?
0x0005fdb3	5	【아사츠유】\n두 사람의 성격을 알고 보면\n말이야.\n누마사키 씨는 어쨌든 고지식한\n사람이잖아?
0x0005fe3c	4	【아사츠유】\n뒤에서 여러 일을 벌이는 시라카와\n씨와\n오래 어울렸다는 게 믿기지 않아서.
0x0005fe96	5	【노리코】\n……하지만 소장님 자신은\n그걸 일과 사생활의 문제로 구분한\n것 아닐까요?\n그분도 고지식한 분이고……
0x0005ff15	4	【아사츠유】\n응, 그렇게 생각할 수도 있지만,\n그럴 거면 처음부터 누마사키 씨를\n고문 변호사로 삼았으면 됐잖아?
0x0005ff88	3	【노리코】\n……사생활과 일을\n분리하고 싶었던 것 아닐까요?
0x00060005	5	【아사츠유】\n응, 그것만은 아닌 것 같아.\n내가 현역 변호사였을 때\n시라카와 씨에게 속마음을 들은\n적이 있거든.
0x00060079	2	【노리코】\n속마음이요?
0x000600c2	4	【아사츠유】\n응.\n사실은 누마사키 씨를 고문\n변호사로 삼고 싶었다는 이야기.
0x00060131	4	【아사츠유】\n하지만 누마사키 씨는 거절한\n모양이야.\n이유는 말할 필요도 없지만.
0x00060192	4	【노리코】\n……하지만 지금은 소장님이 고문\n변호사잖아요.\n왜 그런 걸까요……?
0x00060208	3	【아사츠유】\n이건 어디까지나 추측인데,\n누마사키 씨는 약점을 잡힌 거야.
0x0006026a	3	【노리코】\n약점이요……?\n어떤……?
0x000602c0	3	【아사츠유】\n앵무새처럼 되묻기만 하면 안 돼.\n노리코 짱은 알고 있잖아……?
0x00060328	3	【노리코】\n네……?\n무, 무슨 말씀이세요……?
0x00060397	3	【아사츠유】\n어머, 몰라?\n의외네.
0x00060403	3	【아사츠유】\n하지만 곧 알게 될 거야.\n분명.
0x00060459	4	【아사츠유】\n그러니까 내가 말해 줄 수는 없어.\n이런 건 관계자에게 직접 제대로\n들어야 하니까.
0x000604b7	2	【노리코】\n…………
0x000604f0	2	【노리코】\n아마 알고 있다고 생각해요……
0x00060543	2	【아사츠유】\n그럼 그게 답이네.
0x000605bc	2	【아사츠유】\n누마사키 씨는 약점을 잡힌 거야.
0x0006062b	3	【노리코】\n피해자와 콘도 형사의 관계에 대해\n알고 계신 게 있나요?
0x000606c8	3	【아사츠유】\n후후, 드디어……\n판도라의 상자를 열게 되는 거네.
0x0006071f	3	【노리코】\n네……?\n무슨 말씀이세요?
0x00060788	4	【아사츠유】\n두 사람이 고교 시절\n동급생이었다는 건\n알고 있지?
0x000607dd	2	【노리코】\n네, 그건 알고 있어요.
0x0006082b	4	【아사츠유】\n그렇다면 어느 정도 눈치챘을 텐데?\n두 사람이 뒤에서 더러운 일을\n했다는 걸.
0x00060895	3	【노리코】\n……구체적인 것까지는 모르지만,\n대략은 알고 있어요.
0x0006091b	4	【아사츠유】\n그럼 구체적으로 조사해 보면\n재미있을 거야.\n물론 지금은 그럴 여유가 없겠지만.
0x0006098b	4	【노리코】\n미즈타니 씨는 알고 계신가요?\n두 사람이 구체적으로 무슨 일을\n했는지……
0x00060a17	3	【아사츠유】\n알고 있어.\n하지만 지금은 알려 줄 수 없어.
0x00060a65	2	【노리코】\n그런…… 왜요?
0x00060ab3	3	【아사츠유】\n후후, 곧 알게 될 거야.\n아주 가까운 시일 내에.
0x00060aff	3	【노리코】\n코우지의 인생이 걸려 있어요!\n알려 주세요!
0x00060b5d	4	【아사츠유】\n코우 짱이라면 괜찮아.\n그건 내가 보증할게.\n그래도 지금은 알려 줄 수 없어.
0x00060bed	2	【아사츠유】\n그 점은 용서해 줘, 노리코 짱.
0x00060c30	2	【노리코】\n…………
0x00060c69	2	【노리코】\n그럼 확인만 하게 해 주세요.
0x00060cad	4	【노리코】\n피해자와 콘도 형사 사이에\n어떤 추한 관계가 있었던 건……\n틀림없죠?
0x00060d4d	2	【아사츠유】\n틀림없어.
0x00060dc7	3	【아사츠유】\n두 사람은 뒤에서 꽤 더러운 일을\n하고 있었어.
0x00060e38	3	【노리코】\n미즈타니 씨는 미나즈키 코우지를\n아세요?
0x00060eaf	4	【아사츠유】\n알고 있어.\n내가 현역 변호사였을 때,\n에이스급의 변호사였거든.
0x00060f28	6	【아사츠유】\n그 시라카와 씨도 한 수 높이\n평가했지.\n그런데 내가 해고된 뒤\n그 사람도 해고됐다는 말을 듣고\n놀랐던 기억이 나.
0x00060fd0	7	【아사츠유】\n게다가 해고된 이유가 병\n때문이라고 들어서,\n아, 나와 같구나 싶어\n동정했는데……\n실제로는 나보다 더 괴로운 일을\n당했던 모양이야.
0x00061086	2	【아사츠유】\n내가 아는 건 이 정도야.
0x0006110e	3	【아사츠유】\n병을 이유로 해고당했으니……\n본인도 납득하지 못했겠지.
0x0006118b	5	【노리코】\n사실 우리 소장님에게 피해자와\n콘도 형사의 관계를 물었는데,\n소장님은 미즈타니 씨에게\n물어보라고 하셨어요.
0x00061211	2	【노리코】\n이게 무슨 뜻일까요?
0x0006127d	3	【아사츠유】\n아하하!\n누마사키 씨답네.
0x000612cc	6	【아사츠유】\n누마사키 씨는 부정한 일을\n싫어했지.\n정말 고지식하다고 해야 하나,\n좋게 말하면 그렇고 나쁘게 말하면\n꽉 막힌 사람이야.
0x0006137b	4	【아사츠유】\n좋아.\n피해자와 콘도 형사의 관계를 말해\n줄게.
0x000613d5	4	【노리코】\n네, 그 이야기도 듣고 싶지만,\n한 가지 더 신경 쓰이는 점이\n있어서요……
0x00061432	5	【노리코】\n소장님은 마치 미즈타니 씨와 콘도\n형사가\n아주 오래 알고 지낸 사이인 것처럼\n말씀하셨어요.
0x000614c3	4	【아사츠유】\n그렇구나.\n나와 콘도 형사의 관계도 궁금한\n거네.
0x00061524	4	【아사츠유】\n그렇게 대단한 관계는 아니야.\n탐정과 경찰로서 여러 일로\n맞부딪힌 적이 있을 뿐이지.
0x00061596	4	【아사츠유】\n나도 법의 테두리를 아슬아슬하게\n넘나드는 수사를 할 때가 있고,\n체포될 뻔한 적도 몇 번 있어.
0x0006162f	4	【아사츠유】\n실제로 코우 짱은 한 번\n체포됐었지.\n뭐, 그때는 하루 만에 풀려났지만.
0x000616a4	2	【노리코】\n…………
0x00061703	3	【아사츠유】\n탐정이라는 건 반쯤 뒷세계에\n발을 들이고 있는 셈이니까.
0x00061770	5	【아사츠유】\n물론 합법적으로 영업하는 곳도\n있지만,\n우리 사무소는 작아서 그렇게\n해서는 꾸려 갈 수가 없어.
0x00061804	4	【아사츠유】\n어때……?\n노리코 짱이 보기엔 코우 짱이\n그런 위험한 일을 하는 게 싫어?
0x00061867	4	【노리코】\n아, 아니……\n솔직히 불안하긴 하지만……\n그가 선택한 일이니까요.
0x000618f1	5	【아사츠유】\n후후, 솔직해서 좋네.\n그럼 코우 짱이 제대로 된 일을\n하게 하려면\n노리코 짱, 힘 좀 보태 줄래?
0x0006196a	3	【노리코】\n제가요?\n무엇을 하면 되는데요?
0x000619c2	5	【아사츠유】\n뭐, 지금 당장이라는 얘기는\n아니야.\n때가 되면 여러 가지 부탁할 일이\n있을지도 몰라.
0x00061a33	4	【아사츠유】\n또 이야기가 옆길로 빠졌네.\n아무튼 그런 식으로 콘도 형사와\n몇 번이나 맞섰던 적이 있어.
0x00061ab5	4	【아사츠유】\n하지만 콘도 형사는 나를 체포할 수\n없어.\n왜 그런지 알겠어?
0x00061b10	3	【노리코】\n……혹시 콘도 형사의 약점을\n잡고 있어서요?
0x00061b8d	4	【아사츠유】\n딩동!\n날카롭네, 역시 코우 짱의\n여자친구답다!
0x00061bec	3	【노리코】\n아니에요!\n그런 사이가 아니에요……!
0x00061c51	5	【아사츠유】\n후후, 정말 귀엽다니까, 노리코\n짱.\n그래서 자꾸 놀리고 싶어지는 거야.\n미안.
0x00061cb9	3	【노리코】\n그것보다 콘도 형사의 약점이란 게\n어떤 건가요?
0x00061d35	3	【아사츠유】\n그건 아무래도 말할 수 없어.\n코우 짱에게도 말한 적이 없는걸.
0x00061daf	3	【아사츠유】\n그래도 대충 짐작은 되지?\n자, 이 얘기는 끝!
0x00061dff	4	【노리코】\n그럼 질문을 바꿀게요.\n그 약점을 이용하면 코우지를\n지금 당장 석방시킬 수도 있나요?
0x00061e92	3	【아사츠유】\n할 수 있어.\n하지만 그럴 생각은 없어.
0x00061eda	2	【노리코】\n왜 그런가요?
0x00061f3a	4	【아사츠유】\n노리코 짱, 평소에는 귀엽지만\n코우 짱 일만 나오면 갑자기\n강해지네.
0x00061fa1	3	【노리코】\n아……\n죄송합니다……
0x00062007	5	【아사츠유】\n아니야, 괜찮아.\n이번에 코우 짱을 석방시키지 않는\n건\n너와도 관계가 있어, 노리코 짱.
0x0006207b	3	【노리코】\n네……?\n저라고요……?
0x000620ca	5	【아사츠유】\n응.\n두 사람이 힘으로 무죄를 증명할 수\n있다고\n믿으니까.
0x00062135	5	【아사츠유】\n지금까지는 코우 짱을 너무\n과보호했나 싶거든.\n하지만 이제 코우 짱도 슬슬\n독립해야지.
0x000621aa	4	【노리코】\n그 결과 코우지가 사형을\n선고받으면 어떻게 하실\n건가요……?
0x00062236	3	【아사츠유】\n그게 코우 짱의 운명이라면\n받아들일 수밖에 없지.
0x00062288	4	【노리코】\n그, 그래도……\n도울 방법이 있는데도\n그걸 못 본 척하다니……
0x000622eb	5	【아사츠유】\n편법으로 얻은 승리에 의미가\n있을까?\n노리코 짱네 소장님이라면\n그런 건 허락하지 않을 것 같아.
0x0006235e	2	【노리코】\n………
0x000623bb	5	【아사츠유】\n괜찮아.\n이 사건은 나도 조사하고 있고,\n정말 필요할 때는 나도 힘을 빌려줄\n테니까.
0x00062455	2	【아사츠유】\n물론 편법 없이.
0x000624a3	5	【아사츠유】\n가능하면 둘이서 해결하도록 해.\n그렇지 않으면 남에게 의지하기만\n하는 인생으로\n끝나 버려.
0x00062516	3	【노리코】\n알겠습니다.\n죄송해요, 자꾸 의지하기만 해서.
0x00062573	3	【아사츠유】\n아니야, 괜찮아.\n하지만 코우 짱이 부럽네.
0x000625d4	4	【아사츠유】\n이렇게 진지하게 코우 짱을\n도와주려는\n아이가 있다니.
0x00062632	2	【노리코】\n그, 그런 건……
0x00062693	3	【아사츠유】\n후후.\n정말 귀엽다, 노리코 짱.
0x00062709	4	【아사츠유】\n나, 콘도 형사의 약점을 잡고\n있어.\n내용은 말할 수 없지만.
0x0006276f	3	【노리코】\n사건에 관해\n뭔가 눈치챈 점은 없나요?
0x000627e6	3	【아사츠유】\n음……\n지금은 특별히 없는 것 같네……
0x0006285d	2	【노리코】\n조금 무례한 질문을 드리겠습니다.
0x000628d3	3	【아사츠유】\n어머, 뭘까?\n조금 기대되네…… 후후.
0x00062921	4	【노리코】\n코우지가 취조에서 들었다던데요,\n요시모토 형사는 미즈타니 씨의\n연인인 모양이네요?
0x000629ad	3	【아사츠유】\n어머, 그 아이가 말해 버렸구나!?\n그럼 이제 얼버무릴 필요는 없겠네.
0x00062a31	2	【아사츠유】\n그래, 나와 그 애는 자매야.
0x00062a76	3	【노리코】\n그렇다면 미즈타니 씨의 본명은\n요시모토……가 맞나요?
0x00062ae5	4	【아사츠유】\n그래.\n별로 큰 목소리로는 말할 수\n없지만.
0x00062b3d	3	【아사츠유】\n내 이름은 요시모토 스미카야.\n호적도 제대로 남아 있어.
0x00062bb9	2	【노리코】\n……그럼 본론으로 들어갈게요.
0x00062bfa	3	【노리코】\n『요시모토 유미』 짱……\n미즈타니 씨의 따님인가요?
0x00062c74	2	【아사츠유】\n……거기까지 알아낸 거구나.
0x00062ce0	5	【아사츠유】\n어차피 호적을 조사하면 알 수 있는\n일이니까……\n인정할게.\n요시모토 유미는 내 딸이야.
0x00062d5e	3	【아사츠유】\n아버지는 시라카와 신지야.\n즉, 피해자의 조카인 셈이지.
0x00062e1a	2	【노리코】\n…………
0x00062e79	3	【아사츠유】\n응……?\n무슨 일이야, 노리코 짱.
0x00062ec2	3	【노리코】\n죄송해요……\n조금 놀라서……
0x00062f16	4	【노리코】\n미즈타니 씨에게 아이가 있었다는\n것도\n놀랍지만……
0x00062f92	3	【아사츠유】\n어머, 그건 기뻐해도 되는 거지?\n그만큼 젊어 보인다는 뜻이잖아?
0x00062fea	3	【노리코】\n네, 맞긴 한데……\n시라카와 신지 씨와의 아이라니……
0x00063072	4	【아사츠유】\n그런데 나와 신지 씨가 사귀었다는\n건\n코우 짱에게 들었잖아?
0x000630d4	2	【노리코】\n네, 그렇긴 한데……
0x0006313b	3	【아사츠유】\n그런데 유미는 어떻게 알게 된\n거야?
0x00063186	3	【노리코】\n시라카와 노조미 씨가\n시라카와 빌딩에서 목격했대요.
0x000631e9	2	【노리코】\n저도 시라카와 빌딩에서 봤고요……
0x0006325b	3	【아사츠유】\n뭐……!?\n아직 그 아이가……?
0x000632bd	2	【아사츠유】\n…………
0x000632f6	2	【노리코】\n미즈타니…… 씨?
0x00063359	2	【아사츠유】\n아, 아아…… 미안.
0x000633bf	5	【아사츠유】\n정말, 그 아이도 혼자\n어슬렁어슬렁……\n아직 어린데 혼자 그런 곳에 가면\n위험하잖아!
0x00063430	2	【노리코】\n그, 그렇네요……
0x00063494	4	【아사츠유】\n뭐, 엄마가 이런 문제 많은\n사람이라\n어쩔 수 없나.
0x000634e3	2	【노리코】\n…………
0x0006351c	3	【노리코】\n왜 아이가 있다는 걸\n코우지에게도 숨기신 건가요?
0x00063599	3	【아사츠유】\n으, 음……\n그렇게 대단한 이유는 없는데……
0x00063613	4	【아사츠유】\n나, 적이 많잖아.\n아이가 있다는 게 알려지면\n여러모로 귀찮아져.
0x0006368d	5	【아사츠유】\n그러니까 적을 속이려면 먼저\n아군부터 속여야 한다는,\n어떤 위인이 남긴 가르침을 충실히\n따르고 있었던 거야.
0x000636fb	2	【노리코】\n……그랬군요.
0x00063747	4	【아사츠유】\n아무튼 이제 더 이상 위험한 짓을\n하게 둘 수 없으니,\n유미에게 단단히 일러둬야겠네.
0x000637d1	2	【아사츠유】\n알려 줘서 고마워, 노리코 짱!
0x00063819	2	【노리코】\n아, 아니요……
0x0006387e	2	【아사츠유】\n유미에게 단단히 일러둬야겠네!
0x000638e1	2	【노리코】\n하리마 나오타다라는 분, 아세요?
0x0006394f	4	【아사츠유】\n응, 알아.\n내게 심장 이식을 해 준 의사\n선생님.
0x000639a2	2	【노리코】\n어떤 분인가요?
0x00063a03	3	【아사츠유】\n어? 왜……?\n그 사람이 뭔가 했어?
0x00063a4f	4	【노리코】\n아니요……\n뒤가 구린 분인 것 같아서,\n어떤 사람인지 궁금해서요……
0x00063acd	4	【아사츠유】\n거기까지 알고 있다는 건,\n지금 내 심장이 누구의 것인지\n코우 짱이 알고 있구나?
0x00063b3b	3	【노리코】\n……네.\n대략 짐작하고 있어요.
0x00063bad	3	【아사츠유】\n그렇구나.\n응, 그게 맞을 거야.
0x00063bf8	3	【노리코】\n……미즈타니 씨가 그 사실을\n알고 있다는 게 의외였어요.
0x00063c51	3	【노리코】\n그것도 하리마 선생님에게 들으신\n건가요?
0x00063cbf	3	【아사츠유】\n아니, 듣지는 않았어.\n하지만 왠지 알겠더라.
0x00063d37	3	【아사츠유】\n코우 짱을 보고 있으면\n가끔 정말 사랑스러워져.
0x00063dad	3	【아사츠유】\n아, 미리 말해 두지만\n연애 감정은 아니야.
0x00063e30	4	【아사츠유】\n어머니가 손 많이 가는 아이를\n바라보는 느낌이라고 할까……\n그런 감정으로 가득 차는 거야.
0x00063ea4	2	【노리코】\n…………
0x00063f03	3	【아사츠유】\n그래서 내 심장에 대해\n조사해 본 적이 있어.
0x00063f65	3	【아사츠유】\n하리마 선생님이 나한테 하신 말은\n말이야……
0x00063fba	6	【아사츠유】\n『당신에게 심장을 주고 싶다는\n의지를\n가진 사람이 있어.\n그 의지를 받아들일 각오가 되어\n있나?』……라고.
0x00064057	3	【아사츠유】\n그건 나에게는\n더없이 바라던 말이었어.
0x000640a4	4	【노리코】\n……그때는 이미\n시라카와 신지 씨가 돌아가신\n뒤였죠.
0x00064124	6	【아사츠유】\n맞아.\n유미는 그 사람의 살아 있는\n유품이기도 하니까,\n어떻게든 나는 계속 살고\n싶었어……
0x00064194	4	【아사츠유】\n나는 하리마 선생님께 부탁해서,\n불법이라는 걸 알면서도\n이식 수술을 받았어.
0x00064216	4	【아사츠유】\n그리고 지금까지 심한 거부 반응도\n없이\n계속 살아 있을 수 있었지……
0x0006427f	2	【노리코】\n……그 후 하리마 선생님은요?
0x000642eb	4	【아사츠유】\n한 달 정도 수술 후 경과를 봐\n주다가\n어느 날 갑자기 사라져 버렸어.
0x00064351	4	【노리코】\n그렇군요.\n그럼 거의 기억에 남지\n않으시겠네요?
0x000643ab	5	【아사츠유】\n그렇지……\n하지만 내게 심장을 이식해 준\n사람이고,\n그런 의미에서는 감사하고 있어.
0x00064469	2	【아사츠유】\n하리마 선생님의 인상은 거의 없어.
0x000644ba	3	【노리코】\n(코우지의 스승, 미즈타니 아사츠유\n씨)
0x0006450b	4	【노리코】\n(정말 아름다운 분이네……\n하지만 실력자이기도 하지.\n동경하게 돼……)
0x0006462d	2	【노리코】\n(무엇부터 물어볼까……?)
0x00064be5	2	【노리코】\n(이제 조사를 끝낼까……?)
0x00064c9d	4	【노리코】\n그럼 저는 이만 실례할게요.\n바쁘신데 시간 내주셔서\n감사합니다.
0x00064d26	4	【아사츠유】\n아니야, 괜찮아, 괜찮아.\n노리코 짱이라면 언제든 환영이니까\n편하게 놀러 와!
0x00064d95	3	【노리코】\n네.\n감사합니다……
0x00064de5	3	【노리코】\n아, 그러고 보니\n병은 이제 괜찮으신가요?
0x00064e65	4	【아사츠유】\n심장 말이야?\n그럼 이제 괜찮아.\n경과도 아주 순조롭고.
0x00064f07	5	【아사츠유】\n면역억제제를 먹어야 하고\n반년에 한 번 검사를 받아야 하는\n것 외에는\n평범한 생활 그 자체야.
0x00064f9b	3	【노리코】\n그렇군요.\n그럼 다행이에요.
0x00064fdf	3	【노리코】\n역시 이식 수술을 받은 병원이\n외국이었나요?
0x0006505b	5	【아사츠유】\n아니, 일본이야.\n게다가 도쿄 안에 있어.\n미야카미 대학 부속 병원이라고\n들어 봤어?
0x000650bf	5	【노리코】\n미야카미 대학 부속\n병원이라고요……!?\n네, 네……\n잘 알고 있어요……
0x00065146	3	【아사츠유】\n응?\n무슨 일이야?
0x00065182	3	【노리코】\n아니요, 아무것도 아니에요.\n그럼 이만 실례하겠습니다.
0x000651e7	3	【노리코】\n(그래.\n조금 더 이야기해 보자)
0x00065244	3	【노리코】\n(아직 물어봐야 할 게 있어.\n아직 돌아갈 수는 없어)
0x0006531e	3	【노리코】\n미즈타니 씨에게 들은 정보는\n이런 내용이었어.
0x00065571	2	【코우지】\n그리고……
0x000655af	4	【노리코】\n(블라인드는 계속 내려져 있어.\n기밀 사항 등을 취급하고\n있어서일까……?)
0x00065625	4	【노리코】\n(……라고 생각했는데,\n단순히 햇빛이 눈부셔서일지도\n모르겠네.)
0x0006568d	5	【노리코】\n(저쪽에 있는 책상이 미즈타니 씨\n자리인 모양이네.\n일 잘하는 사람은 책상도\n깔끔하지.)
0x000656f7	4	【노리코】\n(……아마 앞쪽 자리가 코우지\n자리네.\n적당히 어질러져 있고……)
0x00065759	3	【노리코】\n(……그래도 변한 건 없어서\n조금 안심되기도 하네.)
0x000657e9	2	【코우지】\n…………
0x00065848	7	【코우지】\n신경 쓰이는 정보가 몇 가지\n있었어.\n하지만 가장 신경 쓰이는 건,\n아사츠유 씨가 심장 이식 수술을\n받은\n미야카미 대학 부속 병원……
0x000658ee	4	【노리코】\n나도 순간 엄마를 의심했어.\n설마 미야카미 대학 부속\n병원이었다니……
0x00065965	2	【코우지】\n…………
0x000659e4	5	【코우지】\n내 주변 사람 중에 심장 이식\n수술과\n관련된 사람이 둘 있어.\n그건……?
0x00065b18	3	【코우지】\n(아사츠유 씨는 맞아.\n하지만 다른 한 사람이 틀렸어.)
0x00065b6f	4	【코우지】\n(내게 슬픈 기억으로 남아 있는\n사람.\n그건……?)
0x00065be2	3	【코우지】\n(엄마는 맞아.\n하지만 다른 한 사람이 틀렸어.)
0x00065c38	5	【코우지】\n(……아니, 이야기의 흐름을 보면\n알 수 있잖아?\n나도 좀 더 위기감을\n가져야겠어……)
0x00065ca5	3	【코우지】\n(심장 이식 수술을 받은\n또 한 사람은……?)
0x00065d16	2	【코우지】\n(둘 다 틀렸어!)
0x00065d79	5	【코우지】\n(한 명은 이야기의 흐름으로 알 수\n있잖아?\n나도 좀 더 위기감을\n가져야겠어……)
0x00065de1	4	【코우지】\n(또 한 명은 내게 슬픈 기억으로\n남아 있는 사람.\n그건……?)
0x00065e61	3	【코우지】\n(그래……\n아사츠유 씨…… 그리고 엄마야.)
0x00065ebf	3	【코우지】\n미야카미 대학 부속 병원은\n엄마가 간호사로 일하던 병원이야.
0x00065f57	4	【코우지】\n하지만 그날,\n엄마는 계단에서 떨어지는 사고로\n죽었어……
0x00065fb0	5	【코우지】\n그리고 엄마의 심장은 누군가에게\n이식됐지만,\n가족인 나는 누구에게 이식됐는지\n듣지 못했어.
0x0006602e	3	【코우지】\n그게 지금으로부터 5년 전……\n2004년의 일이야.
0x000660bf	4	【코우지】\n……아사츠유 씨가 이식 수술을\n받은 시기는\n자세히 몰라.
0x00066130	4	【코우지】\n본인에게 들은 이야기로는,\n2000년 무렵 심장병을 앓았고\n몇 년 뒤에 수술을 받았다고 했어.
0x000661ee	3	【노리코】\n그렇다면 시기상으로는 어긋나지\n않네.
0x0006625b	5	【코우지】\n아, 그렇구나.\n미야카미 대학 부속 병원에서\n심장 이식 수술을 한 사례가 얼마나\n있는지는 모르겠어.
0x000662d5	5	【코우지】\n하지만 시기상으로\n이 두 사람 사이에 수술이\n이루어졌을\n가능성은 높아……
0x00066345	4	【코우지】\n아사츠유 씨가 엄마의 심장을\n이식받은 건 아닌지\n확인해 볼 필요가 있어.
0x000663de	4	【노리코】\n저기, 코우지?\n의심한다니…… 말투가 좀 날카로운\n것 같아.
0x0006645e	3	【코우지】\n그러게……\n냉정해져야겠지……
0x000664d3	3	【노리코】\n……말해 줘, 코우지.\n뭔가 숨기고 있지?
0x00066534	4	【코우지】\n아사츠유 씨를 의심하고 싶지는\n않아……\n하지만……
0x00066621	4	【코우지】\n(농담이지……?\n사람이 이렇게 허무하게 죽는\n건가……?)
0x00066686	4	【코우지】\n(숨도 쉬고 있잖아……\n그냥 잠든 것뿐이지?\n엄마……!)
0x000666ed	3	【간호사 A】\n네……!?\n그거 정말이에요……!?
0x00066740	3	【간호사 B】\n조용!\n목소리 낮춰.
0x000667a5	2	【간호사 A】\n하지만…… 믿을 수 없어요……
0x000667e7	4	【간호사 B】\n나, 봐 버렸어……\n가요 씨가 외래 환자와\n계단참에서 싸우는 걸……
0x0006685b	2	【코우지】\n(뭐……!?)
0x0006689a	4	【의사】\n뭘 소곤소곤하고 있나?\n여기서 수다 떨고 있을 때가\n아니잖아?
0x00066919	2	【간호사 B】\n아, 선생님!
0x00066958	3	【간호사 A】\n죄, 죄송합니다……\n일하러 돌아갈게요……
0x00066a5e	4	【노리코】\n……그게……?\n코우지 어머니가\n누군가에게 살해당했다는 뜻……!?
0x00066aea	3	【코우지】\n아니, 내가 잘못 들은 걸지도\n몰라.
0x00066b62	5	【코우지】\n하지만 그 말은 선명하게 기억하고\n있어.\n잘못 들은 게 아니라면,\n확실한 이야기라고 생각해.
0x00066c04	3	【노리코】\n그, 그럴 수가……\n그 미즈타니 씨가……
0x00066c75	4	【코우지】\n나도 의심하고 싶지 않아!\n그래서 조사하는 거야!\n아사츠유 씨가 무죄라는 걸!
0x00066cfa	2	【노리코】\n코우지……
0x00066d59	6	【코우지】\n……너무 흥분했네.\n아무튼 미야카미 대학 부속 병원\n간호사에게\n물어보러 가는 것도 조사 항목에\n넣자.
0x00066e06	2	【노리코】\n……알겠어.
0x00066ebf	4	【코우지】\n그리고 또 하나 신경 쓰이는 게\n있어.\n그건 누마사키 변호사의 약점이야.
0x00066f40	4	【코우지】\n누마사키 변호사의 약점에 대해서는\n이미 답이 나왔어.\n그건……?
0x0006705e	2	【코우지】\n(아니야, 이게 아니야!)
0x000670be	4	【코우지】\n(누마사키 변호사는 피해자에게\n뒤가 구린 일이 있었을 거야.\n그 사실은……?)
0x000671b9	5	【코우지】\n야스요와의 불륜.\n이 사실을 피해자에게 들킨 것이\n누마사키 변호사의 약점이\n되었겠지.
0x00067247	4	【코우지】\n누마사키 변호사는 계속\n고문 변호사 자리를 거절해 왔지만,\n맡지 않을 수 없게 된 거야.
0x0006730c	5	【노리코】\n또 하나 신경 쓰이는 게 있어요.\n피해자는 자신의 불륜 상대를\n왜 그렇게 중요한 자리에\n앉혔을까요?
0x0006739f	3	【노리코】\n보통은 불륜 사실을 알게 되면\n소장님을 믿을 수 없게 되지 않아?
0x00067448	4	【코우지】\n확실히 그래……\n아무래도 또 다른 속사정이 있는 것\n같아.
0x000674a8	2	【노리코】\n……소장님께 직접 물어볼까?
0x000674fd	4	【코우지】\n할 수 있겠어?\n야스요가 자살했다는 걸\n함구하라고 했을 정도잖아?
0x0006757b	6	【노리코】\n응……\n하지만 여기까지 왔으니 물러설 수\n없어.\n본인에게 직접 묻지 않으면 알 수\n없는걸.
0x0006760a	3	【코우지】\n알겠어. 부탁할게.\n하지만 신중하게 해.
0x0006766e	3	【코우지】\n누마사키 변호사가 진범일 가능성도\n부정할 수 없어.
0x000676ed	3	【노리코】\n……응.\n신중하게 물어보고 올게.
0x00067819	3	【코우지】\n그리고 또 하나 신경 쓰이는 건,\n아사츠유 씨와 콘도의 관계야.
0x000678c2	4	【코우지】\n그렇군……\n아사츠유 씨와 콘도의 관계는\n흥미롭네.
0x00067970	3	【코우지】\n특히 아사츠유 씨가 잡고 있다는\n콘도의 약점은……
0x00067a85	2	【코우지】\n(아니야, 그게 아니야!)
0x00067ae5	6	【코우지】\n(아사츠유 씨가 말한 콘도의 약점은\n세상에 알려지면 큰 문제가 될\n일이야.\n그걸 보여 주는 정보가 있었을\n텐데……)
0x00067bf6	3	【코우지】\n그래, 아마 피해자와의\n추한 관계를 말하는 거겠지.
0x00067c63	5	【코우지】\n내용까지는 모르지만,\n아무리 불법에 가까운 수사를 해도\n체포를 포기하게 만들 정도의 힘은\n있는 모양이야.
0x00067d32	2	【노리코】\n그거 상당히 큰 힘이네.
0x00067db7	4	【코우지】\n아아……\n어쩌면 조직 전체가 연루됐을지도\n몰라.
0x00067e2a	4	【노리코】\n조직적으로……?\n설마 그 사실을 은폐하려고\n피해자를 죽인 거야……!?
0x00067ec9	5	【코우지】\n생각해 볼 수 없는 일은 아니야.\n그렇게 생각하면 경찰이 나에게\n살인 누명을 씌우려는 것도 설명이\n돼.
0x00067f6d	5	【코우지】\n그렇게 생각하면 우리도 콘도의\n약점을\n함부로 조사하는 건 위험할지도\n몰라.
0x00067ff8	3	【노리코】\n……설마 위험하다고\n조사를 안 하겠다는 말은 아니지?
0x00068077	2	【노리코】\n나는 할 거야.
0x000680db	3	【코우지】\n아니……\n이 일은 내가 직접 해결하겠어.
0x0006814e	4	【노리코】\n코우지 스스로요!?\n이렇게 불리한 상황에서\n어떻게……?
0x000681d1	3	【코우지】\n때를 봐서 미우라와\n담판을 지어 보려고.
0x00068236	3	【노리코】\n상대는 같은 형사잖아……?\n너무 위험해!
0x00068292	4	【코우지】\n아니……\n그 녀석은 아무래도\n콘도와 성격이 안 맞는 모양이야.
0x000682f3	5	【코우지】\n게다가 미우라는 조직에 영합할\n사람도 아니야.\n경찰이 부정을 저지르고 있다면,\n뭔가 반응을 보일 거야.
0x000683a3	2	【노리코】\n하지만……
0x00068400	3	【코우지】\n뭐, 잘해낼 거야.\n오히려 두근거릴 정도인걸.
0x00068475	3	【노리코】\n알겠어……\n코우지에게 맡길게.
0x000684ca	3	【노리코】\n하지만 무모한 짓은 하지 마……\n신중하게 해……
0x00068546	3	【코우지】\n알고 있어.\n걱정하지 마.
0x0006859d	3	【코우지】\n콘도의 약점은\n본인이 자백한 그대로겠지.
0x000685fd	4	【코우지】\n피해자의 문제를 눈감아 주는 대신,\n콘도와 그 상사에게\n리베이트를 줬다는 것……
0x00068694	4	【코우지】\n하지만 지금 와서는,\n별 의미 없는 단서가 되어\n버렸네……
0x00068771	2	【코우지】\n그리고 유미 짱 말인데……
0x00068807	3	【코우지】\n역시 요시모토 유미는\n아사츠유 씨의 딸이었구나.
0x00068869	4	【코우지】\n게다가 시라카와 신지와의\n아이라니……\n아사츠유 씨도 고생했겠네……
0x000688f1	4	【코우지】\n하지만 너무 남의 일처럼 굴었어,\n아사츠유 씨도.\n말해 줬으면 좋았을 텐데.
0x0006896d	4	【노리코】\n하지만 지금 생각하면,\n뭔가 짐작되는 부분이 있었던 것\n아냐?
0x000689eb	3	【코우지】\n어?\n아니, 전혀……
0x00068a52	4	【노리코】\n……코우지는 날카로운 건지 둔한\n건지\n전혀 모르겠네……
0x00068adc	5	【코우지】\n아, 아니……\n애초에 아사츠유 씨의 행동을\n의심하지도 않으니\n알아차릴 수가 없지!
0x00068b6d	2	【노리코】\n그렇게 해 두자.
0x00068be8	4	【코우지】\n아사츠유 씨의 본명을 알게 됐으니,\n다시 미야카미 대학 부속 병원에 가\n줬으면 해.
0x00068c77	4	【코우지】\n아사츠유 씨의 현재 병상……\n그리고 엄마와 아사츠유 씨의\n관계를……
0x00068ce2	2	【노리코】\n……알겠어.
0x00068d51	3	【코우지】\n역시 엄마의 심장은\n아사츠유 씨에게……
0x00068dc2	2	【노리코】\n……충격이었어?
0x00068e26	6	【코우지】\n아니, 오히려 기뻐.\n전혀 모르는 사람에게 이식된\n것보다는\n가까이에 있는 사람에게 이식된\n편이 나으니까.
0x00068eb7	6	【코우지】\n생각하기에 따라서는 한 번\n죽었다고 생각한 엄마가\n아직 내 곁에서 심장만이라도 살아\n있는 거야.\n그야 기쁘지.
0x00068f56	2	【노리코】\n그래……
0x00068fb3	3	【코우지】\n그런데 하리마 선생님은\n정말 특징이 없는 사람인가……?
0x00069018	4	【코우지】\n자기 목숨을 살려 준 사람이잖아?\n그렇게 금방 인상이 희미해질 수\n있나……?
0x000690a1	2	【노리코】\n확실히 그렇지만……
0x000690ec	3	【노리코】\n어떻게 할까?\n한 번 더 물어보는 게 좋을까?
0x0006915d	4	【코우지】\n아니, 아사츠유 씨가 스스로 말할\n마음이 생기지 않는 한\n얼버무릴 뿐이야.
0x000691c8	2	【코우지】\n지금은 일단 괜찮아.
0x0006922c	2	【노리코】\n알겠어.
0x00069294	1	［시라카와 신지에 관해］
0x000692a8	1	［사이토 가요에 관해］
0x000692bc	1	［두 사람의 관계］
0x000692ce	1	［눈치챈 점］
0x000694d2	3	【노리코】\n(……경비원 아저씨가 말해 줬지.\n교무실은 여기네.)
0x00069541	2	【남자 교사】\n변호사님인가요?
0x00069583	4	【노리코】\n아, 네.\n처음 뵙겠습니다. 변호사 신조\n노리코입니다.
0x000695da	2	【남자 교사】\n저는 니시지마입니다.
0x0006961b	5	【니시지마】\n죄송합니다. 지금 학생의 학부모가\n와 있어서요.\n상담실이 다 차서\n서서 이야기하게 되겠지만……
0x00069694	2	【노리코】\n저는 괜찮습니다.
0x000696db	3	【니시지마】\n음…… 그렇군요.\n적어도 이 의자에 앉으세요.
0x0006972b	3	【노리코】\n아, 죄송합니다.\n그럼 실례하겠습니다.
0x00069773	3	【니시지마】\n그럼,\n어떤 이야기를 하면 될까요?
0x00069888	2	【노리코】\n(선생님들의 책상이네.)
0x000698c7	3	【노리코】\n(정돈된 책상부터\n조금 어질러진 책상까지 다양하네.)
0x00069929	4	【노리코】\n(그래도 학생들이 쓰는 책상이\n있어서인지\n극도로 어질러진 책상은 없네.)
0x000699e4	2	【노리코】\n(무엇부터 물어볼까……?)
0x00069aca	2	【노리코】\n(이제 조사를 끝낼까……?)
0x00069b87	4	【노리코】\n그럼 저는 이만 실례할게요.\n바쁘신데 시간 내주셔서\n감사합니다.
0x00069bea	4	【니시지마】\n수고하셨습니다, 변호사님.\n사이토 씨 아들의 혐의가 벗겨지길\n바라겠습니다.
0x00069c5d	3	【노리코】\n감사합니다.\n열심히 할게요!
0x00069cb6	2	【노리코】\n(조금 더 이야기를 들어 보자.)
0x00069d0e	3	【노리코】\n(아직 물어봐야 할 게 남아 있어.\n아직 돌아갈 수는 없겠네.)
0x00069dea	6	【노리코】\n그리고 한 명 더 묻고 싶은 사람이\n있어요.\n사실 이 학교에 시라카와 신지라는\n학생이\n다녔던 것 같은데……
0x00069e63	4	【니시지마】\n아, 시라카와 말인가요.\n시라카와도 사이토와 마찬가지로\n방송부 부장이었어요.
0x00069ec7	2	【노리코】\n시라카와 씨도 부장이었군요.
0x00069f0c	5	【니시지마】\n시라카와는 사이토보다 두 기수\n뒤의 부장이었어요.\n시라카와가 1학년일 때\n부장이 사이토였죠.
0x00069f7f	4	【노리코】\n사실 이 학교에 시라카와 신지라는\n학생이\n다녔던 것 같은데……
0x00069fe0	3	【니시지마】\n아, 시라카와인가요?\n기억하고 있어요.
0x0006a029	3	【니시지마】\n저는 방송부 고문인데,\n시라카와는 방송부 부장이었어요.
0x0006a090	2	【노리코】\n오, 방송부였군요?
0x0006a0d4	5	【니시지마】\n시라카와는 성실하고 상냥한\n남자였어요.\n부장이긴 했지만\n사람을 이끄는 타입은 아니었죠.
0x0006a149	6	【니시지마】\n어느 쪽이냐 하면 남에게 지시하는\n걸 어려워하는 타입이라,\n혼자 여러 일을 떠안고\n자멸할 것 같아지는 일도 종종\n있었어요.
0x0006a1d6	5	【니시지마】\n하지만 그런 인품 덕분에\n주변 사람들이 시라카와를 도우려\n했어요……\n인망이 남달랐죠.
0x0006a253	4	【니시지마】\n시라카와는 사람을 이끄는 타입은\n아니었지만,\n인망이 남달랐어요.
0x0006a328	6	【노리코】\n그리고 한 명 더 묻고 싶은 사람이\n있어요.\n사실 이 학교에 사이토 가요라는\n학생이\n다녔던 것 같은데……
0x0006a3a1	4	【니시지마】\n아, 사이토 말인가요.\n사이토도 시라카와와 마찬가지로\n방송부 부장이었어요.
0x0006a405	2	【노리코】\n사이토 씨도 부장이었군요.
0x0006a44a	5	【니시지마】\n사이토는 시라카와보다 두 기수\n앞의 부장이었어요.\n시라카와가 1학년일 때\n부장이 사이토였죠.
0x0006a4bd	3	【노리코】\n사실 이 학교에 사이토 가요라는\n학생이 다녔던 것 같은데……
0x0006a51e	3	【니시지마】\n아, 사이토인가요?\n기억하고 있어요.
0x0006a567	3	【니시지마】\n저는 방송부 고문인데,\n사이토는 방송부 부장이었어요.
0x0006a5ce	2	【노리코】\n오, 방송부였군요?
0x0006a612	5	【니시지마】\n사이토는 활발하고 시원시원한\n여자아이였어요.\n남자아이 못지않은 행동력으로\n부를 거침없이 이끌었죠.
0x0006a68a	2	【노리코】\n오, 코우지의 어머니가……
0x0006a6ce	2	【니시지마】\n어라, 변호사님은 사이토를 아세요?
0x0006a71a	2	【노리코】\n네, 네……
0x0006a754	5	【노리코】\n사실 저는 사이토 가요 씨의\n장남,\n사이토 코우지 씨의 변호를 맡고\n있어요.
0x0006a7b9	3	【니시지마】\n사이토의 장남의 변호?\n무슨 일인가요?
0x0006a808	4	【노리코】\n……사이토 코우지 씨는\n살인 사건의 피의자로 체포되고\n말았어요.
0x0006a879	4	【노리코】\n하지만 그는 무죄예요!\n그래서 무죄를 증명하기 위해\n조사 중이에요.
0x0006a8e1	3	【니시지마】\n그런 사정이었군요……\n알겠습니다.
0x0006a92b	4	【니시지마】\n제가 아는 건 모두 말씀드릴게요.\n부디 사이토 씨 아드님의\n무죄를 증명해 주세요.
0x0006a999	2	【노리코】\n감사합니다!
0x0006a9db	3	【니시지마】\n사이토는 활발하고 시원시원한\n여자아이였어요.
0x0006aa90	3	【노리코】\n사이토 씨와 시라카와 씨는\n선후배 관계였죠?
0x0006aaf8	6	【니시지마】\n네, 그렇죠.\n사이토가 3학년, 시라카와가\n1학년일 때\n같은 방송부에 소속되어 있던\n선후배였어요.
0x0006ab82	2	【노리코】\n두 사람은 사이가 좋았나요?
0x0006abc8	4	【니시지마】\n사이가 좋았다기보다,\n시라카와는 사이토를 동경했던 것\n같아요.
0x0006ac35	2	【노리코】\n동경했다고요?
0x0006ac76	3	【니시지마】\n동경…… 아니, 연애 감정이라고\n하는 편이 나을까.
0x0006acf9	3	【니시지마】\n겉에서 봐도 시라카와의 마음은\n금방 알 수 있을 정도였어요.
0x0006ad57	4	【니시지마】\n방송부 사람들은 모두 눈치채고\n있었던 게 아닐까요.\n본인만 몰랐던 셈이죠.
0x0006adc1	4	【노리코】\n네……?\n혹시 사이토 씨는\n눈치채지 못했나요?
0x0006ae18	5	【니시지마】\n네, 눈치채지 못했던 것 같아요.\n워낙 시원시원한 성격이라\n연애와는 거리가 먼 사람처럼\n보였거든요.
0x0006ae9e	3	【노리코】\n(……코우지가 둔감한 건\n유전이었구나.)
0x0006af12	5	【니시지마】\n하지만 결과적으로 그 동경은\n시라카와에게 좋은 영향을 준 것\n같아서,\n저는 모른 척하고 있었죠.
0x0006af89	2	【노리코】\n좋은 영향이라면?
0x0006afc6	5	【니시지마】\n입부 당시에는 소극적이던\n시라카와가,\n3학년이 되자 부장이 될 정도로\n성장했어요.
0x0006b037	3	【니시지마】\n그건 분명 사이토의 영향을 받은\n증거예요.
0x0006b09b	3	【니시지마】\n그런데 두 사람 모두\n이제 저세상으로 갔다고……
0x0006b0f2	2	【노리코】\n……알고 계셨군요.
0x0006b134	4	【니시지마】\n네.\n둘 다 참 훌륭한 아이들이었는데,\n정말 안타깝습니다.
0x0006b18d	4	【니시지마】\n더 잘 지도했어야 했는데.\n나보다 먼저 가면 안 된다고\n말이죠.
0x0006b1e8	2	【노리코】\n…………
0x0006b226	3	【니시지마】\n시라카와는 사이토를 동경했던 것\n같아요.
0x0006b2e0	1	테이블석
0x0006b2e8	1	테이블석
0x0006b2f4	1	복도로
0x0006b2fa	1	복도로
0x0006b304	1	복도로
0x0006b30a	1	복도로
0x0006b963	3	【노리코】\n(여기가 사건 현장이 된\n라이트 블루네.)
0x0006b9ef	3	【종업원】\n어서 오세요.\n혼자 오셨나요?
0x0006ba39	5	【노리코】\n아, 죄송합니다……\n저는 변호사 신조 노리코라고\n합니다만,\n책임자분 계신가요?
0x0006bacf	3	【종업원】\n변호사님……인가요?\n잠시만 기다려 주세요.
0x0006bb3b	2	【노리코】\n…………
0x0006bb74	4	【노리코】\n(이제 평범하게 영업하고 있네.\n그래도 왠지 손님이 별로 없는 것\n같아……)
0x0006bc41	4	【남성】\n기다리게 했습니다.\n이 가게의 마스터를 맡고 있는\n스기타입니다.
0x0006bca6	4	【노리코】\n처음 뵙겠습니다.\n저는 이번 사건의 담당 변호사가 된\n신조 노리코입니다.
0x0006bd1a	4	【마스터】\n이번 사건의 담당……이라면,\n피의자가 된 사이토 코우지 씨의\n담당 변호사인가요?
0x0006bd94	3	【노리코】\n네, 맞아요.\n그를 아시나요?
0x0006bded	5	【마스터】\n아니요, 사이토 씨는 직접 아는\n사이는 아니지만,\n미즈타니 아사츠유 씨는 자주 이\n가게에 오시니까……
0x0006be5e	2	【노리코】\n미즈타니 씨는 여기 단골이었군요.
0x0006beb3	4	【마스터】\n네.\n그 동행인이 용의자라고 들어서\n매우 놀랐습니다.
0x0006bf22	5	【노리코】\n그는 무죄를 주장하고 있습니다.\n하지만 경찰은 그가 범행을\n저질렀다고\n보는 것 같습니다.
0x0006bf84	4	【노리코】\n그래서 단서를 얻기 위해\n이 가게를 조사하게 해 주셨으면\n하는데……
0x0006bfe4	3	【노리코】\n물론 다른 손님에게 방해되지 않게\n최대한 배려하겠습니다.
0x0006c062	2	【마스터】\n네, 그건 괜찮습니다.
0x0006c0c9	5	【마스터】\n다만 VIP룸 안은 경찰 지시에\n따라\n사건 당시의 상태를 보존하고\n있어서 들어갈 수 없지만……
0x0006c143	4	【노리코】\n그렇군요……\n가능하면 그곳을 가장 보고\n싶었는데요……
0x0006c1c5	4	【마스터】\n안에는 못 들어가지만\n내부 모습을 찍은 사진이 있으니\n나중에 보여 드리겠습니다.
0x0006c235	3	【노리코】\n네!?\n그런 사진이 있나요!?
0x0006c289	3	【마스터】\n네, 몰래 찍은 사진이……\n큰 소리로 말할 수는 없지만요.
0x0006c2fc	2	【마스터】\n그래서 건네 드릴 수는 없지만……
0x0006c34c	3	【노리코】\n아니요, 정말 도움이 됩니다!\n감사합니다!
0x0006c3a6	6	【마스터】\n미즈타니 씨의 동행인이 사건을\n일으켰다고는\n생각하지 않지만, 조금이라도\n도움이 된다면\n저도 기쁘겠습니다.
0x0006c422	4	【마스터】\n그럼 준비해 두겠습니다.\n돌아가시기 전에 보여\n드리겠습니다.
0x0006c488	3	【마스터】\n또 종업원에게도 변호사님 조사에\n협조하라고 말해 두겠습니다.
0x0006c4e8	3	【노리코】\n정말 송구합니다.\n협조에 감사드립니다.
0x0006c541	3	【노리코】\n아, 마지막으로 하나만 여쭤봐도\n될까요?
0x0006c592	3	【마스터】\n물론이죠.\n말씀하세요.
0x0006c5cf	4	【노리코】\n피의자 사이토 씨가 피해자와\n말다툼했다는\n목격 증언이 있다던데요.
0x0006c64d	2	【노리코】\n마스터께서는 뭔가 알고 계신가요?
0x0006c6b5	3	【마스터】\n글쎄요, 저는 기본적으로\n항상 카운터 안에 있어서……
0x0006c730	4	【마스터】\n제가 아는 건 사이토 씨가\n카운터에서\n곯아떨어져 있던 모습뿐입니다.
0x0006c791	3	【노리코】\n감사합니다.\n그럼 잠시 조사하게 해 주세요.
0x0006c80c	3	【노리코】\n(으……\n정말 좋은 분이네……)
0x0006c859	3	【노리코】\n(하지만 미즈타니 씨는 마스터에게\n상당히 신뢰받는 모양이네.)
0x0006c8b7	3	【노리코】\n(신뢰를 배신하지 않도록,\n시간을 아껴 쓰도록 해야겠어.)
0x0006c91c	2	【노리코】\n(그럼 우선 어떻게 할까……?)
0x0006ca05	3	【노리코】\n(여기가 사건 현장이 된\n라이트 블루네.)
0x0006ca78	3	【종업원】\n어서 오세요……\n아, 변호사님, 수고 많으십니다.
0x0006cafb	2	【종업원】\n오늘도 할 이야기가 있나요?
0x0006cb3e	4	【노리코】\n아, 오늘은 마스터에게\n이야기를 좀 듣고 싶을\n뿐이라서……
0x0006cba8	3	【종업원】\n아, 그러세요?\n그럼 카운터 쪽으로 오세요.
0x0006cbf7	2	【노리코】\n네, 감사합니다.
0x0006cc49	4	【노리코】\n아, 마침 잘 됐네요.\n몇 가지 이야기를 듣고 싶은데,\n괜찮을까요?
0x0006ccd1	2	【종업원】\n음, 그럼 사무실에서 듣죠.
0x0006cd1f	2	【노리코】\n아, 네, 알겠습니다.
0x0006cd8d	2	【종업원】\n그럼 먼저 가 있을게요.
0x0006cdf4	2	【노리코】\n(……그럼 어떻게 할까?)
0x0006cf3a	3	【노리코】\n(여기가 코우지와 미즈타니 씨가\n술을 마시던 곳이네.)
0x0006cf88	2	【노리코】\n(술이 많이 놓여 있네.)
0x0006cfcc	3	【노리코】\n(그런데 코우지,\n술 약했을 텐데……)
0x0006d01d	3	【노리코】\n(미즈타니 씨가 단련해서\n마실 수 있게 된 걸까?)
0x0006d079	3	【노리코】\n(코우지와 미즈타니 씨가\n술을 마시던 곳이네.)
0x0006d0c4	2	【노리코】\n(술이 많이 놓여 있네.)
0x0006d141	2	【노리코】\n(안쪽에는 테이블석이 놓여 있네.)
0x0006d188	3	【노리코】\n(단체로 온 손님은\n저쪽에서 마시는 거구나.)
0x0006d1d8	3	【노리코】\n(안쪽에 통로가 있어.\n그 앞에 화장실이 있는 모양이네.)
0x0006d230	3	【노리코】\n(테이블석이네.\n안쪽에 통로가 있어.)
0x0006d374	4	【노리코】\n(그래.\n코우지가 곯아떨어져 있었다는\n얘기를 들어야 하는데……)
0x0006d3cd	3	【노리코】\n조금만 이야기를 듣고 싶은데\n괜찮을까요……?
0x0006d47d	2	【마스터】\n네, 말씀하세요.
0x0006d4b7	5	【노리코】\n음…… 피의자 사이토 씨는 사건\n당시\n곯아떨어져 있었다고 주장하지만,\n경찰은 인정하지 않아요.
0x0006d53d	3	【노리코】\n그래서 마스터께 여쭤보려는\n겁니다.
0x0006d588	5	【노리코】\n항상 기본적으로 카운터 안에\n계신다고 했으니\n사이토 씨가 곯아떨어져 있던 걸\n목격하셨을 것 같아서요……
0x0006d615	3	【마스터】\n네, 잘 기억하고 있습니다.\n그는 완전히 곯아떨어져 있었어요.
0x0006d671	3	【노리코】\n그걸 증명할 객관적인 증거가\n있으면 좋겠는데요……
0x0006d6db	2	【마스터】\n제 증언만으로는 안 될까요?
0x0006d71f	3	【노리코】\n아마 곯아떨어진 척한 거라고\n반박할 것 같아요.
0x0006d7a0	3	【마스터】\n그렇군요……\n척이라……
0x0006d809	3	【마스터】\n하지만 정말로 척한 건 아니었는데\n말이죠.
0x0006d867	4	【마스터】\n저도 이 장사를 오래 해서,\n취한 척인지 아닌지는\n보기만 해도 알 수 있습니다.
0x0006d8d1	4	【노리코】\n그건 든든한 말씀이네요.\n하지만 역시 객관적인 증거는\n없을까요……
0x0006d945	4	【마스터】\n객관적인 증거가 될지는\n모르겠지만, 만약을 위해 실험해\n보는 건 어떨까요?
0x0006d9b9	4	【마스터】\n아까도 말씀드렸듯이,\n취한 척인지 아닌지는\n보기만 해도 압니다.
0x0006da2b	4	【마스터】\n예를 들어 100명을 대상으로\n취한 척인지 제가 꿰뚫어 보는\n실험 같은 건 어떨까요?
0x0006daad	4	【마스터】\n이 실험에 성공하면\n제 증언도 조금은 현실감이 생기지\n않을까요?
0x0006db16	3	【마스터】\n물론 저는\n이 실험에 성공할 자신이 있습니다.
0x0006db67	4	【노리코】\n네……?\n그런 일까지 일부러 해 주셔도\n되나요?
0x0006dbbf	4	【마스터】\n네.\n미즈타니 씨에게는 늘 신세를 지고\n있습니다.
0x0006dc1b	3	【마스터】\n그녀에게 도움이 된다면\n이 정도야 아무것도 아니죠.
0x0006dc6d	3	【노리코】\n아, 감사합니다!\n유력한 증언이 될 것 같아요!
0x0006dcc5	2	【노리코】\n아, 바쁘신데 죄송했습니다.
0x0006dd1f	4	【마스터】\n이제 괜찮으신가요?\n아까 말씀드린 일이 현실이 되면\n언제든 말씀해 주세요.
0x0006dd83	2	【노리코】\n네, 네!
0x0006ddc8	2	【마스터】\n그럼 업무로 돌아가겠습니다.
0x0006de2b	2	【노리코】\n…………
0x0006de9d	2	【노리코】\n(정말 좋은 분이네!)
0x0006df0a	4	【노리코】\n(마스터는 바빠 보이네……\n용무도 없는데 말 거는 건\n그만두자.)
0x0006dfaa	2	【노리코】\n(이제 조사를 끝낼까……?)
0x0006e05a	2	【노리코】\n오늘은 이 정도로 해 두죠.
0x0006e0ac	4	【노리코】\n(아, 맞다.\n마스터에게 사진을 보여 달라고\n해야지.)
0x0006e0fa	3	【노리코】\n마스터,\n이제 슬슬 실례하려고 합니다.
0x0006e16b	5	【마스터】\n그러세요.\n그럼 약속한 대로\nVIP룸 안의 사진을 보여\n드리겠습니다.
0x0006e204	2	【노리코】\n(……정말 큰일이 벌어져 있네.)
0x0006e251	3	【노리코】\n……감사합니다.\n이제 괜찮습니다.
0x0006e2e7	4	【마스터】\n경찰 지시 때문에 건네 드릴 수\n없는 게\n마음 아프지만……
0x0006e344	5	【노리코】\n아니요, 괜찮습니다.\n이 일에 대해서는 발설하지\n않겠습니다.\n정말 감사합니다.
0x0006e3e4	2	【노리코】\n(조금 더 여기 있자.)
0x0006e431	2	【노리코】\n(아직 조사해야 할 게 있어.)
0x0006e4f4	3	【노리코】\n라이트 블루 조사는\n이런 내용이었어.
0x0006e577	3	【코우지】\n그렇군……\n대충 이야기는 알겠어.
0x0006e5cc	5	【노리코】\n돌아오는 길에 사건 현장인 VIP룸\n안 사진을\n보여 달라고 했는데,\n가져올 수는 없었어.
0x0006e65e	4	【코우지】\n아, 그렇다면 이따가 현장 검증을\n갈 예정이야.\n직접 보고 올게.
0x0006e6e7	3	【코우지】\n그럼 전에 현장 검증 갔을 때\n보고 와서 대충 알아.
0x0006e76a	4	【코우지】\n그건 그렇다 치고, 결국 나는\n말다툼이라고 할 만한 일은\n하지 않았던 거네.
0x0006e7db	4	【코우지】\n뭐, '어깨가 부딪쳤으니 사과해'\n같은 말은\n했던 것 같지만……
0x0006e867	4	【노리코】\n하지만 실제로 목격한 사람 말로는\n말다툼이라고 할 정도는 아니었다는\n거고……
0x0006e90d	5	【코우지】\n흠……\n콘도 형사의 말과 미묘하게 표현이\n다른 게\n마음에 걸리네……
0x0006e986	4	【코우지】\n콘도의 말과 미묘하게 표현이 다른\n게\n마음에 걸리지만……
0x0006ea09	3	【코우지】\n그 녀석 말은 믿을 수 없어.\n그건 잘 알고 있어……
0x0006ea80	3	【코우지】\n그리고 한 가지,\n별도로 신경 쓰이는 게 있었어.
0x0006eada	3	【코우지】\n카운터 사진을\n다시 보여 줄 수 있어?
0x0006eb4e	2	【노리코】\n음…… 이거야.
0x0006ec11	3	【코우지】\n그런데 이거……\n방범 카메라 아니야?
0x0006ecb5	2	【코우지】\n이거, 방범 카메라 아니야?
0x0006ecfc	3	【노리코】\n정말이네……\n깜빡했어.
0x0006edd4	3	【코우지】\n다음에 살인 현장에 갈 때라도\n물어봐 줄래?
0x0006ee51	4	【코우지】\n이게 정말 방범 카메라라면,\n적어도 곯아떨어진 내 모습이\n찍혀 있어야 해.
0x0006eec4	3	【코우지】\n어쩌면 다른 중요한 것도\n찍혀 있을지 몰라……
0x0006ef43	3	【노리코】\n알겠어.\n다음에 가면 알아볼게.
0x0006efee	4	【노리코】\n……그래서 받아 온 게 이\n영상이야.\n잠깐 봐 줄래?
0x0006f0c9	2	【코우지】\n이건…… 나야?
0x0006f106	3	【노리코】\n그런 모양이네.\n미즈타니 씨는 찍히지 않았지만……
0x0006f153	4	【코우지】\n분명 내 왼쪽 옆에 앉아 있었던 것\n같으니,\n딱 잘렸네.
0x0006f1b5	4	【노리코】\n역시 그렇구나.\n어쩌면 화장실이라도 간 건가\n싶었는데……
0x0006f22d	2	【노리코】\n……곧이야.
0x0006f269	2	【코우지】\n……곧?
0x0006f30d	2	【코우지】\n무, 뭘 하고 있는 거야……?
0x0006f3b8	2	【코우지】\n…………
0x0006f42f	2	【코우지】\n이거 설마……
0x0006f493	3	【노리코】\n코우지에게 다가가는\n수상한 그림자가 찍혀 있지?
0x0006f513	3	【코우지】\n이건 총에\n내 지문을 묻히는 영상이지!?
0x0006f5a2	3	【노리코】\n그럼 이 사람 그림자가……\n진범이라는 거네……!!
0x0006f624	4	【코우지】\n아쉬운 건, 딱 역광 때문에\n그림자가 되어\n누군지 알 수 없다는 거네.
0x0006f6b3	3	【노리코】\n그래도 옷차림이 정장이라는 건\n대충 알겠지?
0x0006f70f	4	【코우지】\n그렇지……\n그날 정장을 입고\n라이트 블루에 왔던 사람……
0x0006f7a8	4	【노리코】\n그럼 어서 이 영상을 경찰에\n제출해서\n석방 절차를……
0x0006f83a	2	【코우지】\n……아니, 잠깐만.
0x0006f8a5	2	【노리코】\n어……?
0x0006f8eb	2	【코우지】\n…………
0x0006f931	2	【코우지】\n불길한 예감이 들어.
0x0006f996	2	【노리코】\n불길한 예감?
0x0006f9f6	4	【코우지】\n응.\n이 영상은 언뜻 엄청난 증거처럼\n보이지만……
0x0006fa60	4	【코우지】\n지금까지의 전개를 생각하면\n미우라가 나를 석방해 줄 것 같지는\n않아……
0x0006fad4	4	【코우지】\n그가 들이민 혐의를 전부 풀지\n않으면\n아마 석방해 주지 않을 거야……
0x0006fb57	4	【노리코】\n그건 너무 앞서 생각하는 거 아냐?\n이것만으로도 확실한 증거가\n될 것 같은데……
0x0006fbca	4	【코우지】\n경찰도 이 방범 카메라 영상을\n알고 있을지도 몰라.\n그런데 나는 석방되지 않았어……
0x0006fc48	4	【코우지】\n경찰의 작전인지,\n아니면 단순히 눈치채지 못한\n건지는 모르겠지만.
0x0006fcd0	6	【코우지】\n그보다 중요한 건 이 그림자의\n정체야.\n단서가 될 만한 건\n정장 같은 옷을 입고 있다는\n점이지.
0x0006fd48	3	【코우지】\n관계자와 이야기할 기회가 있으면\n당일 정장을 입었는지 확인해 줘.
0x0006fdd1	2	【노리코】\n응, 알겠어.
0x0006febe	4	【코우지】\n……VIP룸 문에 남은 지문은\n총성이 울린 뒤 뛰어 들어간\n콘도 형사의 것뿐……
0x0006ff61	4	【코우지】\n확실히 미우라도 지문을 닦아낸\n흔적이\n있다고 했어……
0x0006fff3	5	【노리코】\n지문을 닦아냈다는 건,\n자기 지문이 남아서 범인으로\n의심받는 걸\n피하기 위해서였겠지?
0x00070081	4	【노리코】\n하지만 진범은 지문을 닦아낼\n필요가 없잖아?\n왜냐하면……
0x000700f6	5	【코우지】\n노리코가 하고 싶은 말은 알아.\n노리코가 지문을 닦아낼 필요가\n없다고\n생각하는 건 그 정보가 있어서겠지?
0x0007019d	4	【코우지】\n하지만 반대야.\n그렇기 때문에\n지문을 닦아내야 했던 거야.
0x00070213	2	【노리코】\n네? 무슨 뜻이야……?
0x000702c6	5	【코우지】\n노리코는 지문을 닦아낼 필요가\n없다고 했어.\n그 추리는 맞지만,\n그 근거가 된 단서는……?
0x00070413	2	【코우지】\n(아니야, 이건 틀렸어!)
0x00070472	4	【코우지】\n(지금까지 진범으로 보이는 사람의\n지문은\n전혀 발견되지 않았어.)
0x000704d3	4	【코우지】\n(그건 진범이 지문을 남기지 않기\n위한\n조치를 했기 때문이야!)
0x000705a5	3	【노리코】\n총에는\n코우지의 지문이 묻어 있었지?
0x0007061c	4	【노리코】\n하지만 다른 한편으로\n진범으로 보이는 사람의 지문은\n없었고……
0x00070686	4	【노리코】\n진범이 장갑을 끼고\n지문이 현장에 남지 않도록\n조치한 거지?
0x0007070e	5	【노리코】\n그렇다면 당연히 문에\n진범의 지문이 묻을 리 없었어.\n그런데 왜 진범은 지문을\n닦아냈을까……?
0x000707c3	3	【코우지】\n여기서는 반대로 생각하는 게\n중요해.
0x00070815	2	【노리코】\n반대로 생각한다고?
0x0007085c	5	【코우지】\n총에는 내 지문이 묻어 있었어.\n그렇다면 객관적으로 생각하면\n나는 지문 방지 조치를 하지\n않았다는 뜻이야.
0x000708ee	4	【코우지】\n그렇다면 당연히 VIP룸 문에도\n내 지문이 남아 있지 않으면\n이상하잖아?
0x00070997	2	【노리코】\n아…… 그렇구나……!
0x000709fc	5	【노리코】\n권총에 코우지의 지문을 묻힐 수는\n있어도\nVIP룸 문에 지문을 묻힐 수는\n없었어……
0x00070a8d	4	【코우지】\n하지만 총에 내 지문을 묻혀\n나를 함정에 빠뜨리려 했다면,\n문에 지문이 없는 건 모순이 생겨.
0x00070b29	5	【코우지】\n그래서 지문을 닦아낸 거야.\n누구의 지문도 남아 있지 않다면,\n내 지문이 남아 있지 않은 것도\n이상하지 않지.
0x00070be6	2	【노리코】\n아, 그런 뜻이었구나……!
0x00070d44	4	【코우지】\n마스터의 증언은 든든하네.\n이걸로 미우라의 요새를\n무너뜨릴 수 있으면 좋겠는데……
0x00070dfe	3	【노리코】\n그런데 또 하나\n신경 쓰이는 게 있었어.
0x00070e74	3	【코우지】\n신경 쓰이는 것?\n뭔데?
0x00070ee0	2	【코우지】\n그렇군……
0x00070f30	3	【노리코】\n또 하나\n신경 쓰이는 게 있었어.
0x00070fa0	3	【노리코】\n그런데 또 하나\n신경 쓰이는 게 있었어.
0x00070ffd	3	【코우지】\n신경 쓰이는 것?\n뭔데?
0x00071057	2	【노리코】\n이 사진을 다시 봐 줄래?
0x000710db	2	【코우지】\n……이게?
0x0007113b	3	【노리코】\n이 부분인데……\n이상한 상처가 나 있어.
0x000711a1	2	【코우지】\n……상처?
0x000711e8	3	【노리코】\n응, 그래.\n왠지 좀 신경 쓰여서……
0x0007125f	3	【코우지】\n……아, 신경 쓰이네.\n혹시……?
0x0007134a	3	【코우지】\n이 상처와 관련된 정보가 있었어.\n그건……?
0x0007145f	2	【코우지】\n(아니야, 이게 아니야!)
0x000714bf	4	【코우지】\n(이 상처는 플레이어를 옮겨서 생긴\n상처라고\n추측돼.)
0x0007151c	5	【코우지】\n(그렇다면 왜 플레이어를 옮긴\n거지?\n그걸 보여 주는 이야기가 있었을\n텐데……)
0x000715f6	3	【코우지】\n이 상처는 플레이어를 옮겨서\n생긴 상처처럼 보이지 않아?
0x0007168e	2	【노리코】\n그렇게 들으니 그렇게 보이지만……
0x000716f9	5	【코우지】\n분명 라이트 블루 종업원이 말했지?\n이 플레이어는 외부 입력 단자를\n통해\n외부 기기와 연결할 수 있다고.
0x00071793	5	【노리코】\n설마……\n코우지는 누군가가 외부 기기를\n이 플레이어에 연결했다고 생각하는\n거야?
0x00071822	2	【코우지】\n그것도 가능성 중 하나야.
0x00071872	6	【코우지】\n어떤 음이 나오는 기계와\n연결했다는 게\n증명되면,\n하나의 큰 가능성을 생각할 수\n있어!
0x00071903	3	【노리코】\n네……\n그게……?
0x0007196b	4	【코우지】\n외부 기기와 플레이어가 연결되고,\n외부 기기에 들어 있던 곡이\n재생됐을 가능성이야!
0x00071a51	4	【노리코】\n잠깐!\n그 추리에는 근본적인 모순이\n있어……!?
0x00071ad6	3	【코우지】\n아아, 맞아.\n하나의 모순이 존재해……
0x00071b91	4	【코우지】\n외부 기기를 이 플레이어에\n연결했다고\n가정하면, 모순되는 단서는……?
0x00071cc3	2	【코우지】\n(아니야, 이게 아니야!)
0x00071d23	5	【코우지】\n(외부 기기의 곡이 재생되지\n않았다면 이상해.\n왜냐하면 VIP룸에서는 다른 곡이\n재생되고 있었을 테니까.)
0x00071d94	4	【코우지】\n(사건 당일 VIP룸 안에서\n재생되고 있던 곡을 보여 주는\n정보는……?)
0x00071e6f	4	【코우지】\n피해자의 요청을 받아\n당일 VIP룸 안에서는 클래식이\n재생되고 있었을 거야……
0x00071f1f	3	【노리코】\n맞아……\n종업원이 그렇게 말했어.
0x00071f91	5	【코우지】\n확실히 클래식이 재생되고 있었어.\n하지만 총성이 가게 안에 울려\n퍼졌을 때에도\n클래식이 재생되고 있었을까……?
0x00072024	4	【코우지】\n피해자의 요청으로 클래식이\n재생되고 있었다면,\n가게 안의 BGM과는 달랐을 텐데.
0x000720ab	3	【코우지】\n그런데도 이 점에 대해\n아무도 이상함을 느끼지 않았어.
0x00072146	3	【코우지】\n그래서 노리코에게\n확인해 달라는 게 있어.
0x000721a0	3	【코우지】\n총성이 울린 뒤 VIP룸으로\n뛰어 들어간 사람……
0x00072220	7	【코우지】\n구체적으로 아사츠유 씨나 누마사키\n변호사와\n이야기할 기회가 있으면,\n그때 VIP룸 안에 BGM이\n재생되고 있었는지\n확인해 줘.
0x000722dd	2	【노리코】\n……알겠어.
0x00072326	5	【코우지】\n그리고 다음에 라이트 블루에 갔을\n때\n외부 기기와 연결한 흔적이\n없는지도 확인해 줘.
0x000723b2	3	【노리코】\n……응, 이것도 알겠어.\n신중하게 확인하고 올게.
0x00072423	2	【코우지】\n그래, 부탁할게.
0x000724c7	2	【코우지】\n…………
0x000725b5	4	【코우지】\n그렇군……\n종업원은 아무도\n플레이어를 옮긴 적이 없다……
0x00072626	3	【코우지】\n……그렇다면 플레이어를 연결한 건\n외부인이라는 가능성이 커지네.
0x0007269e	3	【코우지】\n그리고 리모컨 이야기도\n꽤 중요할 수 있겠어.
0x000726fb	3	【코우지】\n그냥 없어진 건지,\n외부인이 가져간 건지……
0x00072779	3	【노리코】\n가져갔다니……\n무슨 목적으로?
0x000727ce	5	【코우지】\n모르겠어.\n하지만 사건 당일 현장의 이상한\n점은\n전부 무시할 수 없는 정보야.
0x00072849	2	【코우지】\n……!?
0x00072882	3	【코우지】\n그렇구나……\n그런 뜻이었어……!!
0x000728ca	3	【노리코】\n네……\n뭔가 떠오른 거야!?
0x0007290f	4	【코우지】\n그래……\n이 추리가 증명되면\n모든 게 뒤집혀……
0x00072967	2	【노리코】\n무슨 뜻이야!?
0x000729a2	5	【노리코】\n코우지는 계속 외부 기기를\n플레이어에\n연결한 게 아닐까 하고\n고집했지만……
0x00072a06	4	【코우지】\n그래, 그게 중요한 부분이야.\n아니, 외부 기기에 총성이\n녹음되어 있었다면 어떨까?
0x00072a75	4	【노리코】\n외부 기기에 녹음된 총성을\nVIP룸 스피커에서 울렸다는\n뜻……?
0x00072b5d	3	【코우지】\n……아아, 젠장!\n정보가 하나 부족해!
0x00072bac	5	【코우지】\n사건이 발생했을 때\nVIP룸 안에 BGM이 재생되고\n있었는지,\n그게 핵심이야!
0x00072c16	4	【노리코】\n사건 발생 당시의 BGM……?\n그걸 알면 중요한 걸 알 수\n있어!?
0x00072c76	5	【코우지】\n그래……\n이 사실을 알면\n객관적인 증거를 손에 넣을 수\n있어……
0x00072cd6	5	【코우지】\n스포일러하고 싶지는 않아서 말할\n수 없지만,\n아무튼 모든 사실을 뒤집을 만한\n일이야!!
0x00072d3f	3	【노리코】\n우와……\n정말 신경 쓰이게 말하네……
0x00072d8b	2	【노리코】\n나, 오늘 밤 잠들 수 있을까……?
0x00072dda	4	【코우지】\n맞아.\n그걸 뒷받침할 정보를\n지금까지 손에 넣었어.
0x00072e5a	5	【코우지】\nVIP룸 스피커에서 울린 총성은\n외부 기기에 녹음된 것……\n이걸 뒷받침하는 정보들을\n조합해서 생각하는 거야!
0x00072f8f	2	【코우지】\n(아니야, 그런 게 아니야!)
0x00072fd6	5	【코우지】\n(방음 설비가 갖춰진 VIP룸의\n소리를\n가게 안에 울리게 하기 위한\n장치야!)
0x0007305a	4	【코우지】\n(그리고 사건 발생 당시의\n스피커 상태를 보여 주는 정보가\n있다면……!)
0x000730ce	6	【코우지】\n우선 생각해야 할 건,\n원래 VIP룸 안에서 재생됐어야 할\n클래식이\n사건 발생 후에는 재생되지\n않았다는 거야.
0x00073142	4	【코우지】\nCD는 반복 재생으로 되어 있어서\n플레이어를 조작하지 않으면\n곡이 멈출 리가 없어.
0x000731ad	6	【노리코】\n그렇구나……\n반대로 생각하면 클래식이 재생되지\n않은 건\n플레이어를 조작했을 가능성이\n있다는 거네.
0x00073220	5	【코우지】\n그래, 맞아.\n그리고 또 하나 중요한 점은\nVIP룸에\n방음 설비가 되어 있었다는 거야.
0x00073299	6	【코우지】\n그런데 왜 총성이 가게 안에 울려\n퍼졌을까.\n그건 총성이 울렸을 때\nVIP룸 문이 열려 있었기\n때문이야!
0x00073339	2	【노리코】\n왜 그런 일을……?
0x0007337a	5	【코우지】\n간단해.\n총성이 들린 시각, 즉 0시\n44분이\n범행 시각이라고 믿게 하려는 거지.
0x000733ee	6	【코우지】\n그리고 0시 44분에 확실히 증명할\n수 있는\n알리바이를 만들어 두면,\n자신은 용의자에서 벗어날 수\n있으니까.
0x0007346e	4	【노리코】\n즉 알리바이 조작을 위해\n외부 기기에 녹음된 총성을\nVIP룸 스피커로 재생한 거야……
0x000734ef	4	【코우지】\n그런 뜻이야.\n실제 범행 시각은 0시 44분보다\n전이겠지.
0x0007354b	4	【노리코】\n……코우지의 추리가 맞다면\n관계자 전원의 알리바이가 무너질\n거야……
0x000735b3	6	【노리코】\n0시 44분에는 소장님도, 미즈타니\n씨도,\n콘도 형사도 모두 홀에 있었으니\n서로 알리바이를 증명하고\n있었지만……
0x00073633	4	【노리코】\n범행 시각이 그 전이라면\n누가 언제 자리를 비웠는지\n확실히 증명할 수 없게 되지……
0x000736ae	3	【코우지】\n알리바이가 불확실한 건\n나뿐만이 아니라는 뜻이야!
0x0007389a	1	오디오
0x000738a1	1	오디오
0x000738ac	1	화이트보드
0x000738b6	1	화이트보드
0x000738c4	1	［VIP룸에 들어간 인물에 대해］
0x000738e3	1	［피해자와 말다툼에 대해］
0x000738fc	1	［코우지에 대해］
0x0007390c	1	［방범 카메라에 대해 묻기］
0x00073923	1	［그 밖에 눈치챈 점］
0x0007393a	1	［VIP룸의 BGM］
0x00073953	1	［플레이어의 기능］
0x00073967	1	［플레이어를 옮긴 일에 대해］
0x0007397f	1	［사건 발생 후 재생된 BGM］
0x0007399f	1	［정기 휴일에 대해］
0x00073cdc	2	【노리코】\n라이트 블루 사무실이네.
0x00073da9	3	【종업원】\n기다리셨죠……\n아, 아니…… 기다리게 했습니다.
0x00073dfc	3	【노리코】\n아, 편하게 말해도 돼요.\n편한 쪽으로 말하세요.
0x00073e6a	4	【종업원】\n그럼 말씀하신 대로 편하게\n말할게요.\n뭘 물어보고 싶어요?
0x00073f77	3	【종업원】\n아, 왔네요.\n기다리고 있었어요.
0x00074240	3	【노리코】\n말다툼에 대해\n다른 눈치챈 점이 있나요?
0x000742b5	4	【종업원】\n아, 맞다……\n그때 저 말고도\n목격한 손님이 있었어요.
0x0007431d	2	【노리코】\n또 다른 목격자가 있었나요?
0x00074376	4	【종업원】\n네.\n저와 함께 화장실에서 벌어진\n소동을 목격한 사람이 있었어요.
0x000743f0	4	【종업원】\n그 사람이 저한테 말했어요.\n『저 두 사람의 말다툼을\n말리지 않아도 되나요?』라고요.
0x00074454	2	【노리코】\n참, 그 남자는 어떤 사람이었나요?
0x000744ac	4	【종업원】\n50대 정도의 형사였어요.\n사건이 발생하자 앞장서서\n현장 보존 같은 걸 하던 사람이죠.
0x0007451c	3	【노리코】\n형사였군요.\n참고가 됐어요, 감사합니다.
0x0007458e	5	【노리코】\n지난 사건 말인데요……\n피의자인 사이토 씨와 피해자가\n사건 전에 말다툼했다는 증언이\n있어요……
0x0007461b	3	【노리코】\n이 건에 대해\n뭔가 아실까 해서요……
0x00074690	3	【종업원】\n아, 알고 있어요.\n제가 목격했거든요.
0x000746e8	3	【노리코】\n정말요!?\n말다툼은 어떤 느낌이었나요?
0x0007475c	4	【종업원】\n음……\n그걸 말다툼이라고 할 수\n있을까……?
0x000747ba	4	【종업원】\n서로 어깨가 부딪쳐서\n젊은 쪽이 사과하라고 했을\n뿐인데요.
0x0007484a	3	【종업원】\n게다가 나이 든 쪽은 냉정해서\n전혀 상대하지 않았고요.
0x000748aa	3	【노리코】\n……확실히 말다툼과는\n다르네요……
0x00074909	3	【종업원】\n그렇죠.\n말다툼이라고 할 정도는 아니에요.
0x00074968	3	【종업원】\n동료도 보고 있었던 모양인데,\n같은 의견이었어요.
0x000749c4	2	【노리코】\n……그 시각은 기억하시나요?
0x00074a18	3	【종업원】\n음……\n0시 조금 지난 때였나……
0x00074a69	2	【노리코】\n……그럼 0시 5분쯤인가요?
0x00074ac3	2	【종업원】\n그 정도일 거예요.
0x00074baa	3	【노리코】\n피의자 사이토 씨에 대해\n눈치챈 점은 없나요?
0x00074c2e	2	【종업원】\n눈치챈 점이요?
0x00074c94	4	【종업원】\n음……\n카운터에서 곯아떨어져 있었다는\n것 정도밖에는……
0x00074cf0	2	【노리코】\n그렇군요……
0x00074d56	5	【노리코】\n(이걸 묻기 전에,\n실제로 플레이어를 옮긴 흔적이\n있는지\n확인하자.)
0x00074ddc	2	【노리코】\n여기 좀 봐 주시겠어요?
0x00074e44	3	【종업원】\n……\n플레이어요?
0x00074e87	3	【노리코】\n네, 그래요.\n여기 상처가 있죠?
0x00074ede	3	【종업원】\n……\n정말이네요.
0x00074f29	3	【종업원】\n언제 이런 상처가……?\n경찰이 조사할 때 생긴 걸까요?
0x00074f86	4	【노리코】\n원래 있던 건 아니었나요?\n종업원 분이 일하다가 낸\n것이라든지.
0x00075008	3	【종업원】\n그건 아닌 것 같아요.\n옮길 필요가 없었으니까요.
0x0007506b	4	【노리코】\n하지만 어제 말씀하셨죠?\n외부 기기와 연결할 때는\n움직여야 한다고.
0x000750e2	7	【종업원】\n그게 말인데요, 변호사님과 그\n이야기를 하고 나서\n저도 신경 쓰여서 모두에게\n물어봤어요.\n외부 입력 기능을 써 본 적\n있냐고요.
0x0007517c	3	【종업원】\n그랬더니 예상대로\n아무도 써 본 적 없다고 했어요.
0x000751d9	4	【노리코】\n그렇군요……\n하지만 플레이어에는 상처가\n있어요.
0x00075221	3	【노리코】\n언제 생긴 상처인지\n모르겠죠?
0x00075292	2	【종업원】\n그렇네요……
0x000752f4	3	【종업원】\n아, 그래도 적어도 사건 전날에는\n없었던 것 같아요.
0x00075362	6	【종업원】\n전날에도 손님이 요청해서,\n그때 먼지가 쌓여 있는 걸\n봤거든요.\n나중에 닦아야겠다고 생각했을\n정도라서요.
0x000753f0	2	【노리코】\n그래서 먼지를 닦았나요?
0x00075448	6	【종업원】\n그게…… 그때 화장실 청소\n당번이었다는 걸 떠올려서\n급히 화장실 청소를 시작했거든요.\n그래서 먼지 일은 완전히\n잊어버렸어요.
0x000754e5	4	【노리코】\n그런데 사건 당일에도 피해자\n요청으로\nCD를 틀었죠?
0x00075568	2	【종업원】\n네, 그래요.
0x000755a6	2	【노리코】\n그때는 먼지가 쌓여 있지 않았나요?
0x00075601	4	【종업원】\n그게……\n닦아 버렸거든요.\n죄송합니다.
0x00075655	4	【노리코】\n그렇군요……\n참고가 됐어요.\n감사합니다.
0x000756d5	4	【종업원】\n이 가게 사람은\n아무도 플레이어를 옮기지\n않았어요.
0x0007574c	5	【노리코】\n총성이 가게 안에 울려 퍼지는 걸\n듣고\n관계자들이 VIP룸으로 달려갔다고\n하죠?
0x000757d0	4	【노리코】\n그때 VIP룸 안에서 재생되고 있던\nBGM은\n알 수 있나요?
0x00075836	5	【종업원】\n손님이 클래식을 요청했던 것\n같아서,\n아마 클래식 CD가\n재생되고 있었을 거예요.
0x000758a4	3	【노리코】\n사건 발생 후 실제로 재생되고\n있었나요?
0x00075918	2	【종업원】\n음……
0x0007595f	4	【종업원】\n실제로 재생되고 있었냐고 하면\nVIP룸 안에 들어가지 않아서\n모르겠어요……
0x000759ed	7	【종업원】\n총성을 들은 후 VIP룸에 들어간\n건\n남자 손님 2명과 여자 손님\n1명뿐이고,\n이 가게 사람들은 아무도 들어가지\n않았거든요.
0x00075a9d	3	【종업원】\n저는 BGM이 재생되고 있었는지\n모르겠어요.
0x00075b10	3	【노리코】\n사건 당일 VIP룸에 들어간 사람을\n조사 중이에요.
0x00075b6f	2	【노리코】\n뭔가 기억나는 건 없나요?
0x00075bdb	2	【종업원】\n그렇네요……
0x00075c24	5	【종업원】\n여기서 일하는 사람들의 의견을\n종합하면,\n그날 VIP룸에 들어간 사람은\n지금까지 확인된 것만 5명이에요.
0x00075ca7	4	【종업원】\n한 명은 살해된 사람.\n한 명은 그 사람과 함께 온\n변호사.
0x00075d10	4	【종업원】\n그리고 한 명은 카운터에서 술을\n마시던 여자……\n아마 마스터의 지인일 거예요.
0x00075d77	3	【노리코】\n미즈타니 아사츠유 씨죠.\n들었습니다.
0x00075dd4	5	【종업원】\n그리고 현장을 보존한 형사.\n이 세 사람은 적어도 사건이 발생한\n뒤\nVIP룸에 들어갔어요.
0x00075e4b	4	【노리코】\n사건 발생 전에 들어간 사람의\n정보는\n알 수 없나요?
0x00075ec4	3	【종업원】\n죄송하지만\n그 정도까지는 잘 모르겠어요.
0x00075f39	3	【종업원】\n아, 그래도 젊은 남자가\nVIP룸에서 돌아오는 건 봤어요.
0x00075fa4	3	【노리코】\n젊은 남자요?\n어떤 사람이었나요?
0x00076013	2	【종업원】\n확실히 기억나진 않아요……
0x00076065	4	【종업원】\n다른 남자들은 중년 이상이었는데,\n그 사람만 그보다 젊었다는 것\n정도밖에는……
0x000760e0	3	【노리코】\n어떤 옷을 입었는지도\n기억나지 않나요?
0x00076141	3	【종업원】\n음…… 잘 기억나진 않지만,\n적어도 정장은 아니었던 것 같아요.
0x000761a3	3	【노리코】\n그렇군요.\n감사합니다.
0x000761e8	3	【노리코】\n그 밖에 뭔가 눈치챈 점은\n없나요?
0x00076256	4	【종업원】\n경찰에게 들은 이야기인데,\nVIP룸 주변 문에는\n지문이 없었다고 해요.
0x000762dc	3	【종업원】\n그래서 VIP룸에 들어간 인물을\n찾지 못한다고 하더라고요.
0x0007634b	3	【노리코】\n지문이 없다……?\n무슨 뜻일까……
0x000763a6	2	【노리코】\n네, 그런 모양이네요.
0x000763e5	4	【노리코】\n참고로 여쭤보고 싶은데,\nVIP룸 주변 문이라는 건\n구체적으로 어느 문인가요?
0x00076492	2	【종업원】\n음……
0x00076538	4	【종업원】\n홀에서 VIP룸으로 가는 도중에\n있는\n문과……
0x000765e3	4	【종업원】\n사무실에서 VIP룸으로 가는 도중에\n있는\n문과……
0x00076691	2	【종업원】\nVIP룸 입구 문이요.
0x00076750	3	【종업원】\n두 문 모두 양쪽에\n지문이 없었다고 해요.
0x000767b7	5	【종업원】\n남은 지문은 총성이 울린 뒤\nVIP룸에\n가장 먼저 뛰어 들어간\n형사의 것뿐이래요.
0x00076855	2	【노리코】\n(아마 콘도 형사 말이네……)
0x0007689e	3	【노리코】\n알겠어요.\n귀중한 정보 감사합니다.
0x00076931	3	【종업원】\n문에 지문이 없었다니,\n꽤 미스터리네요!
0x000769ac	3	【노리코】\n음……\n이 사진을 봐 주시겠어요?
0x00076a67	2	【종업원】\n아, 카운터 사진이네요.
0x00076aad	2	【노리코】\n이 사진의 이 부분……
0x00076b3b	2	【노리코】\n이거, 방범 카메라 아닌가요?
0x00076b90	2	【종업원】\n아, 맞아요.
0x00076bcc	5	【노리코】\n역시!\n이 카메라로 촬영한 사건 당시\n영상이\n남아 있지 않을까요?
0x00076c5d	3	【종업원】\n음…… 저는 모르니까\n마스터에게 물어보고 올게요.
0x00076cb5	2	【노리코】\n부탁드릴게요.
0x00076d1c	3	【노리코】\n자……\n뭐가 나올까……?
0x00076dbb	4	【종업원】\n기다리게 했어요.\n이 비디오테이프에 사건 전후의\n영상이 들어 있어요.
0x00076e1e	3	【노리코】\n네……\n이거 빌릴 수 있나요?
0x00076e74	3	【종업원】\n아니요, 마스터가 변호사님에게\n드리라고 했어요.
0x00076ec8	2	【노리코】\n정말 그래도 되나요!?
0x00076f10	2	【종업원】\n네, 가져가세요.
0x00076f4c	2	【노리코】\n감사합니다!
0x00076fbe	2	【종업원】\n틀림없이 방범 카메라예요.
0x0007701f	4	【노리코】\n당일 VIP룸에서 재생되던 BGM에\n대해\n여쭤보고 싶은데요……
0x000770a7	3	【종업원】\n돌아가신 분의 요청으로\n클래식 CD를 재생했어요.
0x0007710a	2	【노리코】\n요청이요?
0x00077154	5	【종업원】\nVIP룸 안의 BGM은 이\n플레이어로 제어해서,\n이걸로 재생할 수 있는 곡이면\n어떤 곡이든 틀 수 있어요.
0x000771df	3	【노리코】\n그래서 클래식 CD를\n재생했던 거군요.
0x00077239	4	【종업원】\n반복 모드라서 끝까지 재생되면\n첫 곡으로 돌아가 계속 BGM이\n나와요.
0x000772d8	3	【노리코】\n그 밖에 기억나는 점이나\n눈치챈 점은 없나요?
0x00077351	3	【종업원】\n음……\n특별히 없어요.
0x000773a9	4	【노리코】\n이 플레이어로 재생할 수 있는\n음원에는\n어떤 것들이 있나요?
0x00077428	2	【종업원】\n음, 우선 CD죠.
0x0007747c	3	【종업원】\n손님이 가져온 CD도\n물론 틀 수 있어요.
0x000774db	3	【종업원】\n튜너가 내장돼 있어서\n라디오도 틀 수 있고요.
0x00077542	4	【종업원】\n그 밖에 손님이 가지고 있는\n외부 기기 등에 들어 있는 음원도\n틀 수 있어요.
0x000775a7	2	【노리코】\n그런 것도 가능하군요.
0x000775f4	4	【종업원】\n이 플레이어 뒤쪽에 외부 입력\n단자가 있어서,\n거기에 연결하면 돼요.
0x00077674	4	【종업원】\n단자가 뒤에 있어서 플레이어를 한\n번 움직여야 하니\n좀 번거롭지만요.
0x0007771c	3	【노리코】\n사건에 관해\n기억나는 건 없나요?
0x00077794	2	【종업원】\n아, 그러고 보니……
0x000777d4	2	【종업원】\n…………
0x00077835	2	【종업원】\n……아니요, 아무것도 아니에요.
0x0007787a	3	【노리코】\n그런……\n말하다 말고 그만두지 마세요……
0x000778d3	2	【종업원】\n아니, 별것 아니어서요.
0x0007791a	3	【노리코】\n별것 아니어도 말해 주세요!\n부탁드려요!
0x00077979	3	【종업원】\n그, 그렇게까지 말하시면……\n정말 별것 아닌데요?
0x000779f6	4	【종업원】\n손님이 부탁해서 CD를 틀려고\n리모컨을 찾았는데,\n안 보이더라고요.
0x00077a6d	3	【노리코】\n리모컨……\n이 플레이어 리모컨인가요?
0x00077ae3	2	【종업원】\n네.
0x00077b29	4	【종업원】\n평소라면 리모컨은 플레이어 위에\n놓여 있는데,\n그날은 리모컨이 없었어요.
0x00077b9e	2	【종업원】\n그렇죠, 별것 아니죠?
0x00077be4	3	【노리코】\n(그, 그러게……\n별일 아닐지도……)
0x00077c30	3	【노리코】\n음……\n사소한 의문이 있는데요……
0x00077c91	2	【종업원】\n뭔데요?
0x00077cca	3	【노리코】\n같은 모양의 플레이어가\n두 대 놓여 있잖아요.
0x00077d1b	4	【노리코】\n리모컨을 쓰면, 전파……라고 할까,\n위쪽 버튼을 누를 때\n두 대 모두 켜지는 일은 없나요?
0x00077da3	4	【종업원】\n그럴 리 없어요.\n이 플레이어는\n두 종류의 파형에 대응하거든요.
0x00077e04	2	【노리코】\n두 종류의 파형……?
0x00077e52	4	【종업원】\n음…… 쉽게 설명하면,\n각각 전용 리모컨이라고 생각하시면\n틀림없어요.
0x00077edb	2	【종업원】\n이걸 보세요.
0x00077f89	3	【노리코】\nVIP룸용……\n홀용……
0x00077fe0	4	【종업원】\n네.\n잘못 보지 않도록 제대로 적혀\n있어요.
0x0007804a	3	【종업원】\n당일 찾을 수 없었던 건\n이쪽의 『VIP룸용』이에요.
0x000780a5	2	【노리코】\n하지만 지금은 찾았군요?
0x000780f6	4	【종업원】\n사건 후 책상 아래에 떨어져 있는\n걸 찾았어요.\n누군가 떨어뜨린 거죠.
0x0007816b	2	【종업원】\n그렇죠, 별것 아니죠?
0x000781b1	2	【노리코】\n…………
0x000781ea	4	【노리코】\n(어떨까?\n코우지라면 여기서 뭔가\n이끌어 내겠지……)
0x00078283	4	【종업원】\n리모컨을 찾을 수 없었다는 것\n외에는\n특별한 건 없어요.
0x000782dc	3	【노리코】\n이 가게의 정기 휴일을\n알려 주시겠어요?
0x0007834c	2	【종업원】\n수요일이에요.
0x0007839a	3	【종업원】\n참고로 영업 시작은\n17시부터예요.
0x0007891e	2	【노리코】\n…………
0x00078957	3	【노리코】\n(확실히 코우지 말대로네.\n이건 분명 움직인 흔적이야……)
0x00078a32	2	【노리코】\n(플레이어를 옮긴 흔적이 있어.)
0x00078afe	2	【노리코】\n(둘 다 같은 오디오 플레이어네.)
0x00078b48	3	【노리코】\n(같은 게 두 대……\n이게 무슨 의미가 있을까?)
0x00078c11	3	【노리코】\n(같은 오디오 플레이어가\n놓여 있네.)
0x00078c5d	6	【노리코】\n(위 플레이어가 VIP룸 BGM을\n제어하고\n아래가 나머지 가게 안 BGM을\n제어한다는\n얘기였지.)
0x00078d82	2	【노리코】\n…………
0x00078dbb	4	【노리코】\n(확실히 코우지 말대로야.\n이건 플레이어를 옮긴 흔적이\n틀림없어……)
0x00078e44	2	【노리코】\n(플레이어를 옮긴 흔적이 있어.)
0x00078ea8	3	【노리코】\n(같은 오디오 플레이어가\n놓여 있네.)
0x00078f1a	5	【종업원】\n위 플레이어가 VIP룸을 제어하고,\n아래 플레이어는 가게 안 나머지\nBGM을\n제어해요.
0x0007901e	3	【노리코】\n(같은 오디오 플레이어가\n놓여 있네.)
0x0007906a	3	【노리코】\n같은 플레이어가 두 대……\n무슨 의미가 있나요?
0x000790e8	3	【종업원】\n아, 이거요? 위 플레이어는\nVIP룸 BGM을 제어하는 거예요.
0x00079156	2	【노리코】\nVIP룸 BGM?
0x000791a6	4	【종업원】\n네, VIP룸 안은 손님 요청으로\n원하는 BGM을 틀 수 있게 되어\n있어요.
0x0007921f	4	【종업원】\n그리고 아래 플레이어는\n가게 안에서 재생되는 BGM을\n제어하는 거예요.
0x00079285	2	【노리코】\n그렇군요…… 알겠어요.
0x000792c4	4	【노리코】\n참고로 여쭤보고 싶은데,\nVIP룸에서 틀 BGM은\n요청할 수 있는 거죠?
0x0007932f	2	【노리코】\n어떤 음원을 틀 수 있나요?
0x0007937f	3	【종업원】\n가게에 있는 CD라면 물론 괜찮고,\n손님이 가져온 것도 가능해요.
0x0007940a	2	【종업원】\n더 물어볼 게 있나요?
0x0007944f	3	【노리코】\n지금은 괜찮아요.\n감사합니다.
0x000794af	2	【노리코】\n(책상과 의자가 있어.)
0x000794ed	5	【노리코】\n(종업원들의 휴게실도 겸하는\n모양이네.\n나도 쉬고 싶지만,\n조금만 더 힘내야지.)
0x000795d1	4	【노리코】\n(종업원용 전화가 있네.\n급한 연락을 받을 때\n주로 쓰는 모양이야.)
0x0007963c	5	【노리코】\n(그래서 책상 앞에 화이트보드가\n있는 거구나.\n……라고 추리해 보지만,\n어떨까?)
0x000796b1	4	【노리코】\n(근무 종업원의 스케줄이 적혀\n있네.\n수요일은 정기 휴무로 되어 있어.)
0x00079764	2	【종업원】\n음, 또 물어볼 게 있나요?
0x000797b0	4	【노리코】\n음……\n아니요, 오늘 물어볼 건\n대체로 다 물어본 것 같아요.
0x00079819	2	【종업원】\n그럼 이제 일하러 돌아가도 될까요?
0x00079882	3	【노리코】\n네, 괜찮아요.\n감사합니다.
0x000798e5	2	【종업원】\n그럼 실례할게요.
0x00079954	2	【노리코】\n(……나도 이제 돌아갈까?)
0x000799ac	3	【노리코】\n(……?\n어라, 이건 뭐지?)
0x000799f7	2	【노리코】\n(일단 사진을 찍어 두자.)
0x00079ac0	1	사무실 앞
0x00079ac9	1	사무실 앞
0x00079ae2	1	비상구
0x00079ae9	1	비상구
0x00079dc8	4	【노리코】\n(안쪽에 비상구가 있네.\n이 계단을 사용할 일이 생기지\n않기를 바라.)
0x0007a07e	2	【노리코】\n(두꺼운 문이네.)
0x0007a0c1	3	【노리코】\n(열쇠 구멍이 있으니\n잠글 수 있는 모양이네.)
0x0007a127	3	【노리코】\n(지금은 잠겨 있지 않으니\n문이 열리네.)
0x0007a214	4	【노리코】\n(조금 어두운 정도의 공간이지만,\n고급스러움을 느끼게 하는 분위기를\n자아내고 있어.)
0x0007a494	3	【노리코】\n(여기가 코우지가 말다툼했다는\n화장실이네.)
0x0007a509	3	【종업원】\n잠시 실례할게요……\n청소하겠습니다.
0x0007a55f	3	【노리코】\n네……!?\n아, 혹시 여기 종업원분이세요?
0x0007a5c2	2	【종업원】\n네.
0x0007a5fc	5	【노리코】\n마침 잘 됐네요.\n저는 변호사 신조 노리코라고\n합니다.\n잠깐 여쭤볼 게 있는데……?
0x0007a682	3	【종업원】\n아, 변호사님이세요?\n마스터에게 얘기 들었어요.
0x0007a6fe	3	【종업원】\n여기서 말하기 그러니\n사무실에서 이야기하지 않을래요?
0x0007a750	2	【노리코】\n네, 그러죠.
0x0007a7b2	2	【종업원】\n그럼 먼저 사무실에 가 계세요.
0x0007a801	2	【노리코】\n알겠어요.
0x0007a90c	2	【노리코】\n(청소가 철저해서 깨끗하네.)
0x0007a971	3	【노리코】\n(깨끗한 세면대네.\n거울도 커서 화장 고치기 좋겠다.)
0x0007a9d2	4	【노리코】\n(……라고 말하지만, 사실 화장을\n잘 못해.\n어떻게 하면 잘할 수 있을까?)
0x0007aa50	3	【노리코】\n(깨끗한 세면대네.\n거울도 커서 화장 고치기 좋겠다.)
0x0007aad0	1	VIP룸 문
0x0007aadc	1	VIP룸 문
0x0007aaec	1	???
0x0007ad0e	2	【노리코】\n(여기서 살인이 일어났구나.)
0x0007ad55	4	【노리코】\n(……안쪽을 보고 싶지만,\n경찰이 현장을 보존하고 있어서\n들어갈 수 없어.)
0x0007adba	3	【노리코】\n(아쉽지만 포기할 수밖에\n없겠네……)
0x0007ae0a	2	【노리코】\n(VIP룸 문이네.)
0x0007ae4d	4	【노리코】\n(안에 들어가고 싶지만,\n현장을 보존하고 있어서\n들어갈 수 없어……)
0x0007aeef	3	【노리코】\n(이 문은 자동 잠금이야.\n문 건너편으로 갈까?)
0x0007af71	2	【노리코】\n(그럼 건너편으로 갈게.)
0x0007afea	3	【노리코】\n(그래.\n조금 더 이 주변을 조사해 보자.)
0x0007b041	4	【노리코】\n(문이 있어.\n주의사항 같은 게 적혀 있네.\n음……)
0x0007b0a4	6	【노리코】\n(이 문은 자동 잠금이라\n이쪽에서는 자유롭게 나갈 수\n있지만,\n건너편에서 돌아오려면\n비밀번호 입력이 필요한 모양이네.)
0x0007b131	3	【노리코】\n(비밀번호는 VIP룸 사용자가\n자유롭게 정할 수 있는 모양이야.)
0x0007b190	4	【노리코】\n(……그렇다면 사건 당일\n비밀번호를 알고 있던 사람은\n피해자뿐이었을까……?)
0x0007b216	5	【노리코】\n(나는 비밀번호를 모르니\n건너편으로 가면 돌아오지\n못하겠네. 그래도 건너편으로\n갈까?)
0x0007b2c7	2	【노리코】\n(그럼 건너편으로 갈게.)
0x0007b340	3	【노리코】\n(그래.\n조금 더 이 주변을 조사해 보자.)
0x0007b3f4	1	사무실
0x0007b3fb	1	사무실
0x0007b406	1	???
0x0007b5b4	2	【노리코】\n(앞의 문을 열면 VIP룸이네.)
0x0007b614	3	【노리코】\n(……어라?\n문이 안 열려.)
0x0007b660	2	【노리코】\n(………) 
0x0007b69b	4	【노리코】\n(이 통로에서는 VIP룸에 들어갈\n수 없도록\n자동 잠금이 되어 있는 모양이네.)
0x0007b7df	2	【노리코】\n(사무실 문이네.)
0x0007b81f	3	【노리코】\n(일부가 유리로 되어 있어서\n안이 보이게 되어 있네.)
0x0007b8eb	2	【노리코】\n(문에 주의사항이 적혀 있네.)
0x0007b935	4	【노리코】\n(이 문은 자동 잠금인 모양이야.\n잠금을 풀려면\n비밀번호 입력이 필요한 것 같네.)
0x0007b9a5	3	【노리코】\n(하지만 나는 비밀번호를 모르니\n열 수 없어.)
0x0007b9fe	3	【노리코】\n(비밀번호는 VIP룸 사용자가\n자유롭게 정할 수 있는 모양이야.)
0x0007ba5d	4	【노리코】\n(……그렇다면 사건 당일\n비밀번호를 알고 있던 사람은\n피해자뿐이었을까……?)
0x0007badc	5	【노리코】\n(이 문은 자동 잠금으로 잠겨\n있어.\n열려면 비밀번호가 필요하지만,\n나는 그 번호를 몰라.)
0x0007bbfc	1	테이블석
0x0007bc04	1	테이블석
0x0007bc10	1	복도로
0x0007bc16	1	복도로
0x0007bc20	1	복도로
0x0007bc26	1	복도로
0x0007bee9	3	【노리코】\n(여기가 사건 현장이 된\n라이트 블루네.)
0x0007bf5c	3	【종업원】\n어서 오세요……\n아, 변호사님, 수고 많으십니다.
0x0007bfb5	4	【노리코】\n아, 마침 잘 됐네요.\n조금 이야기를 듣고 싶은데,\n괜찮을까요?
0x0007c023	2	【종업원】\n음, 그럼 사무실에서 듣죠.
0x0007c071	2	【노리코】\n아, 네, 알겠습니다.
0x0007c0c6	2	【종업원】\n그럼 먼저 가 있을게요.
0x0007c121	2	【노리코】\n……그럼 어떻게 할까?
0x0007c1c7	3	【노리코】\n입구로 돌아왔네.\n어떻게 할까?
0x0007c3a7	3	【노리코】\n(코우지와 미즈타니 씨가\n술을 마시던 곳이네.)
0x0007c3f2	2	【노리코】\n(술이 많이 놓여 있네.)
0x0007c43d	3	【노리코】\n(테이블석이네.\n안쪽에 통로가 있어.)
0x0007c4aa	4	【노리코】\n(마스터는 무척 바빠 보이네……\n용무도 없는데 말을 거는 건\n그만두자.)
0x0007c532	2	【노리코】\n(이제 조사를 끝낼까……?)
0x0007c5ea	2	【노리코】\n오늘은 이 정도로 해 두죠.
0x0007c635	2	【노리코】\n(조금 더 여기 있자.)
0x0007c68a	2	【노리코】\n(아직 조사해야 할 게 있어.)
0x0007c730	3	【노리코】\n라이트 블루 조사는\n이런 내용이었어.
0x0007c7fd	4	【코우지】\n그렇구나……\n그 VTR은 이제 남아 있지 않은\n건가……
0x0007c85a	2	【코우지】\n…………
0x0007c8b9	6	【코우지】\n없는 건 어쩔 수 없지.\n그럼 처음 계획대로\n사건의 배후 관계를 추궁하는\n수밖에.\n기분을 전환하자!
0x0007c9f6	1	오디오
0x0007c9fd	1	오디오
0x0007ca08	1	화이트보드
0x0007ca12	1	화이트보드
0x0007ca20	1	［VIP룸에 들어간 인물에 대해］
0x0007ca3f	1	［피해자와 말다툼에 대해］
0x0007ca58	1	［코우지에 관해］
0x0007ca68	1	［방범 카메라에 대해 묻기］
0x0007ca7f	1	［그 밖에 눈치챈 점］
0x0007ca96	1	［VIP룸의 BGM］
0x0007caaf	1	［플레이어의 기능］
0x0007cac3	1	［플레이어를 옮긴 일에 대해］
0x0007cadb	1	［사건 당시 재생된 BGM］
0x0007ccad	2	【노리코】\n(라이트 블루 사무실이네.)
0x0007cd5c	3	【종업원】\n아, 왔네요.\n기다리고 있었어요.
0x0007d07a	2	【노리코】\n(책상과 의자가 있어.)
0x0007d0b8	5	【노리코】\n(종업원들의 휴게실도 겸하는\n모양이네.\n나도 쉬고 싶지만,\n조금만 더 힘내야지.)
0x0007d14b	3	【노리코】\n(같은 오디오 플레이어가\n두 대 놓여 있네.)
0x0007d1c6	3	【노리코】\n음, 부탁이라기보다\n물어보고 싶은 게 있어요.
0x0007d245	2	【종업원】\n뭔데요?
0x0007d27e	4	【노리코】\n전에 받은 방범 카메라\n비디오테이프 말인데요,\n그거 복사본 같은 건 없나요……?
0x0007d314	3	【종업원】\n음…… 저는 모르니까\n마스터에게 물어보고 올게요.
0x0007d392	2	【종업원】\n잠시 기다려 주세요.
0x0007d3d6	2	【노리코】\n수고 끼쳐 죄송해요.
0x0007d498	2	【종업원】\n기다리게 했어요……
0x0007d4e7	3	【종업원】\n마스터 테이프를 경찰이 가져가서\n이제 남아 있지 않대요.
0x0007d546	2	【노리코】\n네? 경찰이요?
0x0007d582	3	【노리코】\n……알겠어요.\n수고 끼쳐 죄송했어요.
0x0007d5e6	3	【종업원】\n아니요, 저야말로\n도움이 못 되어 죄송해요.
0x0007d67b	3	【종업원】\n이제 그 VTR은 없어요.\n도움이 못 되어 죄송해요.
0x0007d70f	4	【노리코】\n(종업원용 전화가 있네.\n급한 연락을 받을 때\n주로 쓰는 모양이야.)
0x0007d77a	5	【노리코】\n(그래서 책상 앞에 화이트보드가\n있는 거구나.\n……라고 추리해 보지만,\n어떨까?)
0x0007d7ef	4	【노리코】\n(근무 종업원의 스케줄이 적혀\n있네.\n수요일은 정기 휴무로 되어 있어.)
0x0007d8a2	2	【종업원】\n음, 또 물어볼 게 있나요?
0x0007d8ee	4	【노리코】\n음……\n아니요, 오늘 물어볼 건\n대체로 다 물어본 것 같아요.
0x0007d957	2	【종업원】\n그럼 이제 일하러 돌아가도 될까요?
0x0007d9c0	3	【노리코】\n네, 괜찮아요.\n감사합니다.
0x0007da23	2	【종업원】\n그럼 실례할게요.
0x0007da92	2	【노리코】\n(……나도 이제 돌아갈까?)
0x0007db18	1	사무실 앞
0x0007db21	1	사무실 앞
0x0007db3a	1	비상구
0x0007db41	1	비상구
0x0007de3d	4	【노리코】\n(안쪽에 비상구가 있네.\n이 계단을 사용할 일이 생기지\n않기를 바라.)
0x0007e15d	2	【노리코】\n(두꺼운 문이네.)
0x0007e1a0	3	【노리코】\n(열쇠 구멍이 있으니\n잠글 수 있는 모양이네.)
0x0007e204	3	【노리코】\n(지금은 잠겨 있지 않으니\n문이 열리네.)
0x0007e27a	4	【노리코】\n(조금 어두운 정도의 공간이지만,\n고급스러움을 느끼게 하는 분위기를\n자아내고 있어.)
0x0007e53d	2	【노리코】\n(청소가 철저해서 깨끗하네.)
0x0007e59d	3	【노리코】\n(깨끗한 세면대네.\n거울도 커서 화장 고치기 좋겠다.)
0x0007e5fe	4	【노리코】\n(……라고 말하지만, 사실 화장을\n잘 못해.\n어떻게 하면 잘할 수 있을까?)
0x0007e67c	3	【노리코】\n(깨끗한 세면대네.\n거울도 커서 화장 고치기 좋겠다.)
0x0007e6fc	1	VIP룸 문
0x0007e708	1	VIP룸 문
0x0007e718	1	???
0x0007e99a	2	【노리코】\n(VIP룸 문이네.)
0x0007e9dd	4	【노리코】\n(안에 들어가고 싶지만,\n현장을 보존하고 있어서\n들어갈 수 없어……)
0x0007ea59	3	【노리코】\n(이 문은 자동 잠금이야.\n문 건너편으로 갈까?)
0x0007eae3	2	【노리코】\n(그럼 건너편으로 갈게.)
0x0007eb57	3	【노리코】\n(그래.\n조금 더 이 주변을 조사해 보자.)
0x0007ebae	4	【노리코】\n(문이 있어.\n주의사항 같은 게 적혀 있네.\n음……)
0x0007ec11	6	【노리코】\n(이 문은 자동 잠금이라\n이쪽에서는 자유롭게 나갈 수\n있지만,\n건너편에서 돌아오려면\n비밀번호 입력이 필요한 모양이네.)
0x0007ec9e	3	【노리코】\n(비밀번호는 VIP룸 사용자가\n자유롭게 정할 수 있는 모양이야.)
0x0007ecfd	4	【노리코】\n(……그렇다면 사건 당일\n비밀번호를 알고 있던 사람은\n피해자뿐이었을까……?)
0x0007ed83	5	【노리코】\n(나는 비밀번호를 모르니\n건너편으로 가면 돌아오지\n못하겠네. 그래도 건너편으로\n갈까?)
0x0007ee3c	2	【노리코】\n(그럼 건너편으로 갈게.)
0x0007eeb0	3	【노리코】\n(그래.\n조금 더 이 주변을 조사해 보자.)
0x0007ef34	1	사무실
0x0007ef3b	1	사무실
0x0007ef46	1	???
0x0007f0f4	2	【노리코】\n(앞의 문을 열면 VIP룸이네.)
0x0007f154	3	【노리코】\n(……어라?\n문이 안 열려.)
0x0007f1a0	4	【노리코】\n(이 통로에서는 VIP룸에 들어갈\n수 없도록\n자동 잠금이 되어 있는 모양이네.)
0x0007f32f	5	【노리코】\n(이 문은 자동 잠금으로 잠겨\n있어.\n열려면 비밀번호가 필요하지만,\n나는 그 번호를 몰라.)
0x0007f3e0	1	소장실
0x0007f3e7	1	소장실
0x0007f643	3	【노리코】\n(누마사키 법률 사무소로\n돌아왔네.)
0x0007f6ac	2	【노리코】\n(여기가 지금 내 직장이야.)
0x0007f6f0	4	【노리코】\n(……라고 해도 최근에는 조사가\n주라\n밖에 나가 있는 게 더 많지만.)
0x0007f768	2	【노리코】\n(누마사키 법률 사무소네.)
0x0007f8af	3	【노리코】\n(소장님 책상이 놓여 있네.\n내 자리는 맨 앞쪽이야.)
0x0007f905	4	【노리코】\n(한숨 돌리고 싶지만,\n아직 조사가 끝나지 않았으니\n참아야지……)
0x0007f9aa	2	【노리코】\n수고하십니다, 다시로 씨.
0x0007fa18	3	【다시로】\n수고해.\n어때, 상태는?
0x0007fa60	5	【노리코】\n음……\n솔직히 말하면 최악이에요.\n좀처럼 한 가닥으로 풀릴 것 같지\n않아요.
0x0007fadb	5	【다시로】\n그렇군……\n하지만 이 사건은 너를 크게\n성장시킬 거야.\n그렇게 생각하고 열심히 하렴.
0x0007fb40	3	【노리코】\n네, 네!\n열심히 할게요!
0x0007fb9f	3	【노리코】\n(선배도 바빠 보이니\n말 거는 건 삼가야겠네……)
0x0007fc2f	3	【노리코】\n(아직 소장님과 이야기가 끝나지\n않았어.)
0x0007fcc0	1	소장님의 책상
0x0007fcc8	1	소장님의 책상
0x0007fcd4	1	［VIP룸에 들어간 인물］
0x0007fcef	1	［당일의 옷차림］
0x0007fd01	1	［이치로와 아사츠유의 관계］
0x0007fd18	1	［사건 발생 후의 BGM］
0x0007fd36	1	［뭔가 눈치챈 점］
0x0007ff05	2	【노리코】\n실례합니다.
0x0007ffad	3	【에이타로】\n……신조 군인가.\n수고했네.
0x0008000c	4	【노리코】\n어, 소장님?\n평소에는 이 시간에 안\n계시는데요……?
0x0008006f	3	【노리코】\n어, 소장님?\n오늘은 쉬는 날 아니었나요?
0x000800e6	3	【에이타로】\n아, 내일 공판 준비 때문에\n서류를 처리해야 해서 말이야.
0x00080146	4	【노리코】\n그랬군요……\n마침 물어볼 게 있었는데 잘\n됐네요.
0x000801c8	3	【에이타로】\n물어볼 것……?\n뭔가?
0x00080214	4	【노리코】\n수고하십니다, 소장님.\n이야기를 좀 여쭤보고 싶은데\n괜찮을까요?
0x0008028d	3	【에이타로】\n이야기……?\n뭔데?
0x000802de	2	【노리코】\n실례합니다.
0x00080386	3	【에이타로】\n……신조 군인가.\n수고했네.
0x000803e5	4	【노리코】\n어, 소장님?\n평소에는 이 시간에 안\n계시는데요……?
0x00080448	3	【노리코】\n어, 소장님?\n오늘은 쉬는 날 아니었나요?
0x000804bf	3	【에이타로】\n아, 내일 공판 준비 때문에\n서류를 처리해야 해서 말이야.
0x0008051f	4	【노리코】\n그랬군요……\n마침 물어볼 게 있었는데 잘\n됐네요.
0x000805a1	3	【에이타로】\n물어볼 것……?\n뭔가?
0x00080685	5	【노리코】\n(누마사키 소장님……\n일에는 엄격하지만 사람에게는\n상냥해.\n상사의 본보기네.)
0x000806ee	3	【노리코】\n(나도 이런 사람이 될 수\n있을까……)
0x0008075d	3	【에이타로】\n응?\n왜 그러니?
0x0008079c	3	【노리코】\n아, 아니요.\n아무것도 아니에요……
0x000807e5	3	【노리코】\n(나도 이런 변호사가 되면\n좋겠다……)
0x00080876	3	【노리코】\n소장님 책상……\n정말 깔끔하게 정리되어 있네요.
0x000808f2	3	【에이타로】\n어지럽혀져 있는 걸\n참지 못하는 성격이라서 말이야.
0x00080946	2	【노리코】\n저도 소장님을 본받아야겠어요.
0x0008099e	4	【에이타로】\n신조 군은 아직 잘 정리하고\n있잖아.\n다른 사람들은……
0x00080a22	3	【에이타로】\n뭐, 각자가 일하기 편하게 하는 게\n제일이지만 말이야.
0x00080a84	2	【노리코】\n(정말 깔끔하게 정리되어 있네.)
0x00080aeb	3	【노리코】\n(소장님 책상……\n정말 깔끔하게 정리되어 있어.)
0x00080b42	3	【노리코】\n(이런 데서 소장님의 꼼꼼함이\n드러나네.)
0x00080b99	2	【노리코】\n(나도 본받아야지……)
0x00080be3	2	【노리코】\n(정말 깔끔하게 정리되어 있네.)
0x00080da2	2	【노리코】\n(이제 조사를 끝낼까……?)
0x00080e52	4	【노리코】\n그럼 저는 이만 실례할게요.\n바쁘신데 시간 내주셔서\n감사합니다.
0x00080edb	3	【에이타로】\n음.\n계속 조사해 주게.
0x00080f26	3	【노리코】\n네.\n그럼 실례하겠습니다.
0x00080f7f	2	【노리코】\n(조금 더 이야기를 들어보자)
0x00080fce	3	【노리코】\n(아직 물어봐야 할 게 남아 있어.\n돌아갈 수는 없겠어.)
0x00081090	3	【노리코】\n소장님에게 들은 정보는\n이런 내용이었어.
0x0008112d	4	【코우지】\n그렇군……\n『코우지』인가.\n순간 두근했어.
0x00081196	3	【노리코】\n아마 목격된 젊은 남자가\n『○○ 코우지』일 거야.
0x00081225	3	【코우지】\n경찰은 이 『코우지』와 나를\n있는 힘껏 연결하려 들겠지……
0x000812a6	3	【코우지】\n대체 누구일까,\n이 『코우지』는……
0x00081367	4	【코우지】\n피해자, 누마사키 변호사, 콘도\n형사는\n모두 정장인가.
0x000813d5	3	【코우지】\n아사츠유 씨가 사복이었던 건\n나도 기억해.
0x0008142d	2	【코우지】\n…………
0x0008148c	2	【코우지】\n그렇군……
0x0008152e	3	【코우지】\n아사츠유 씨가 변호사였다니……\n놀랐어.
0x000815a6	4	【노리코】\n그렇지?\n게다가 시라카와 그룹의\n고문 변호사였다니……
0x00081631	3	【코우지】\n그런 얘기는 한마디도 안 해\n줬어……
0x000816a0	3	【노리코】\n몸이 안 좋아져서 그만뒀다는\n소문도 신경 쓰이네.
0x00081720	3	【코우지】\n아사츠유 씨에게 물어봐도\n분명 얼버무리겠지……
0x000817e2	4	【코우지】\n그렇지!\nBGM이 흘러나오지 않았어……\n이 사실은 굉장히 중요해!
0x00081893	2	【코우지】\n이걸로 모든 사실이 뒤집힌다!
0x000818ff	3	【노리코】\n네……\n무슨 뜻이야……?
0x00081969	4	【코우지】\n당일 VIP룸 안에는,\n원래 클래식이 재생됐어야 했는데,\n왜 재생되지 않았다고 생각해?
0x00081a02	5	【노리코】\n끝까지 재생하면 처음으로\n돌아가도록 반복 재생이라고\n들었는데…… 플레이어가 멈춰\n있었어?
0x00081a81	4	【코우지】\n그것도 가능성 중 하나지만,\nCD 이외의 음원이 재생되고\n있었다고 생각해.
0x00081aed	3	【코우지】\n그리고 또 하나 중요한 점이 있어.\n가게 안에 울려 퍼진 총성이야.
0x00081b60	5	【코우지】\n이 총성은 VIP 룸에서 들려온\n거였지.\n그래서 관계자들이 VIP 룸으로\n달려갔고……
0x00081bec	4	【코우지】\n뭔가 걸리지 않아……?\n재생되지 않았던 BGM.\n그리고 총성……
0x00081c62	3	【코우지】\n이 정보들을 조합하면\n하나의 추리가 성립해!
0x00081cee	5	【코우지】\nVIP룸에서 재생되지 않았던\nBGM과\n가게 안에 울려 퍼진 총성.\n이 둘을 조합하는 거야!
0x00081e3e	2	【코우지】\n(아니야, 그런 게 아니야!)
0x00081e9e	4	【코우지】\n(가게 안에 총성이 울려 퍼졌다는\n사실에서\n도출되는 건!)
0x00081f08	3	【코우지】\n(BGM 대신 재생된 다른 음원의\n가능성!)
0x00081f60	3	【코우지】\n(여기서 새로운 가설을\n도출할 수 있을 거야……!)
0x00082005	6	【코우지】\n우선 생각해야 할 건, 원래\nVIP룸 안에서\n재생됐어야 할 클래식이\n사건 발생 후에는 재생되지\n않았다는 거야.
0x00082087	4	【코우지】\nCD는 반복 재생이야.\n플레이어를 건드리지 않았다면\n계속 클래식이 흘렀을 거야.
0x000820fb	4	【코우지】\n그리고 또 하나 중요한 점은,\nVIP 룸에\n방음 설비가 되어 있었다는 거야.
0x0008218c	5	【코우지】\n그런데 왜 총성이 가게 안에 울려\n퍼졌을까.\nVIP 룸 문이 열려 있었기\n때문이야!
0x00082246	2	【노리코】\n왜 그런 일을……?
0x000822c6	5	【코우지】\n이렇게 생각하면 돼……\n총성이 들린 시각, 즉 0시\n44분이\n범행 시각이라고 믿게 하려는 거야!
0x0008234d	4	【코우지】\n0시 44분에 확실한 알리바이를\n만들어 두면,\n범인은 용의자에서 벗어날 수 있어.
0x000823cd	5	【노리코】\n알리바이 조작을 위해,\n외부 음원에 녹음해 둔 총성을\nVIP 룸 스피커에서 재생한\n거야……?
0x0008245a	4	【코우지】\n그런 뜻이야!\n실제 범행 시각은 0시 44분보다\n전이겠지.
0x000824dd	3	【노리코】\n……코우지의 추리가 맞다면\n관계자 전원의 알리바이가 무너져!
0x0008254f	6	【노리코】\n0시 44분에는 소장님도 미즈타니\n씨도\n콘도 형사도 홀에 있었으니\n서로 알리바이를 증명하고\n있었지만……
0x000825d8	3	【노리코】\n범행 시각이 그보다 전이라면\n확실한 증명을 할 수 없게 돼!
0x00082657	3	【코우지】\n알리바이가 불확실한 건\n나뿐만이 아니라는 뜻이야!
0x00082758	2	【코우지】\n이제 저 정보가 맞다면……!
0x000827ca	4	【노리코】\n시라카와 이치로 살해 사건\n말인데요,\n소장님, 당일 현장에 계셨죠?
0x00082854	3	【에이타로】\n아, 그날은 시라카와 이치로 씨에게\n불려서 확실히 현장에 있었어.
0x000828ad	4	【노리코】\n그날 사건 현장이 된 VIP룸에\n들어간 인물을 알고 계시면\n알려 주셨으면 해서요……
0x00082949	3	【에이타로】\n흠……\n그날 VIP룸에 들어간 사람이라……
0x000829af	4	【에이타로】\n그렇지……\n우선 피해자 시라카와 이치로\n씨…… 그리고 나……
0x00082a11	3	【노리코】\n그 두 분이 동시에 들어가신\n건가요?
0x00082a7e	3	【에이타로】\n그래, 우선 그때의 경위부터\n이야기해 볼까.
0x00082af8	4	【에이타로】\n나는 그에게 불려서\n가게 밖에서 23시쯤 만나기로\n했어.
0x00082b6b	3	【에이타로】\n그리고 둘이서 가게에 들어가\n그대로 VIP룸에 들어갔지……
0x00082bc5	3	【노리코】\n음……\n어떤 일로 불리신 건가요?
0x00082c3b	3	【에이타로】\n아니, 실은 그에게 불려왔을 뿐이라\n당일 일의 내용까지는 듣지 못했어.
0x00082cb3	4	【에이타로】\n『이따가 사람을 만날 약속이 있다.\n조금 불편한 이야기도 할 예정이니\n문제가 생기면 대응해 주게』
0x00082d35	3	【에이타로】\n시라카와 이치로 씨가\n그렇게 말했어.
0x00082d87	4	【에이타로】\n그 말에는 잠시 밖에서\n대기해 달라는 뉘앙스도 포함돼\n있었지.
0x00082dfc	3	【에이타로】\n그래서 나는 VIP룸을 나와\n간단히 식사하고 있었어.
0x00082e54	3	【노리코】\n그럼 VIP룸에 누가 들어갔는지,\n소장님은 모르시겠네요.
0x00082ec3	2	【에이타로】\n응, 맞아.
0x00082f26	3	【에이타로】\n다만 적어도 시라카와 이치로 씨가\n만나기로 한 사람은 들어갔겠지.
0x00082f89	2	【노리코】\n그 사람은 어떤 사람인가요?
0x00082fef	3	【에이타로】\n나는 그 사람을 만나지 못했으니\n모르겠어.
0x00083067	5	【에이타로】\n이름만 시라카와 이치로 씨에게\n들었는데,\n성은 기억나지 않지만 이름은\n『코우지』였어.
0x00083104	3	【에이타로】\n피의자의 이름도 『코우지』잖아?\n그래서 이름만은 기억하고 있었지.
0x0008316b	3	【노리코】\n그것만 알아도 충분합니다.\n감사합니다.
0x000831fd	3	【에이타로】\n내가 아는 범위에서\n당일 VIP룸에 들어간 사람은……
0x0008326a	5	【에이타로】\n시라카와 이치로 씨, 나,\n그리고 시라카와 이치로 씨가\n만나려던\n『코우지』라는 이름의 남자야.
0x000832f5	4	【에이타로】\n다만 사건 발생 후에는\n콘도 형사와 아사츠유 씨도\n들어왔지만.
0x00083360	4	【노리코】\n사건 당일 관계자들이 입고 있던\n옷을\n기억하시나요?
0x000833dc	4	【에이타로】\n옷차림인가……\n나는 정장을 입었고,\n시라카와 이치로 씨도 정장이었어.
0x00083446	3	【에이타로】\n콘도 형사도 정장이었고,\n아사츠유 씨는 사복이었지.
0x000834cb	3	【노리코】\n조금 사적인 이야기라\n묻기 조심스럽지만……
0x00083544	2	【에이타로】\n뭔가? 말해 보게.
0x0008358a	5	【노리코】\n피해자와 미즈타니 아사츠유 씨가\n예전부터 아는 사이였다는 이야기를\n들었어요.\n두 사람은 어떤 관계였나요……?
0x0008362f	3	【에이타로】\n흠……\n혹시 미즈타니 씨를 의심하고 있나?
0x00083685	3	【노리코】\n네.\n용의자 중 한 명이라고 생각합니다.
0x00083701	3	【에이타로】\n그렇다면 이야기가 다르지.\n내가 아는 걸 말해 주겠네.
0x0008376a	4	【에이타로】\n아사츠유 씨는 예전에 유능한\n변호사로\n이름을 날렸지.
0x000837d6	3	【노리코】\n네……?\n미즈타니 씨가 변호사였다고요!?
0x0008384e	5	【에이타로】\n민사소송에서 몇 번 맞붙었어.\n어쨌든 머리가 잘 돌아가는\n사람이었지.\n전적은 막상막하였다고 생각해.
0x000838d3	4	【노리코】\n네에!? 소장님과\n막상막하였다고요!?\n대단하네요……
0x00083957	5	【에이타로】\n한때 자신감을 잃을 정도였지.\n상대는 당시 신참 변호사였으니까.\n표현이 거칠지만, 이런 어린\n아가씨에게……라고 생각했어.
0x000839f3	4	【에이타로】\n그런 그녀지만 사실 내 전임자야.\n즉, 시라카와 그룹의 고문\n변호사였지.
0x00083a76	2	【노리코】\n네에, 그랬군요……!?
0x00083ae3	4	【에이타로】\n당시 시라카와 그룹은\n승승장구하는 기세로 성장하고\n있었어……
0x00083b67	5	【에이타로】\n그럴 때는 크고 작은 문제를 떠안기\n마련이지.\n작은 문제부터 큰 민사소송까지,\n그녀가 혼자 처리했대.
0x00083c25	4	【에이타로】\n하지만 어느 날 갑자기\n시라카와 이치로 씨가 그녀를\n해고했어.
0x00083c85	3	【노리코】\n왜요?\n큰 실수라도 했나요?
0x00083cfc	3	【에이타로】\n자세한 이유는 몰라.\n사적인 이유였겠지.
0x00083d89	3	【에이타로】\n몸이 안 좋아져서라고 들은 적은\n있지만……
0x00083e06	3	【에이타로】\n내가 아는 시라카와 이치로 씨와\n미즈타니 씨의 관계는 그 정도야.
0x00083e5f	4	【노리코】\n그렇군요……\n감사합니다.\n참고가 됐어요.
0x00083f36	3	【에이타로】\n미즈타니 씨는 예전에\n시라카와 그룹의 고문 변호사였어.
0x00083fb7	5	【노리코】\n사건이 발생했을 때……\n그러니까 총성이 가게 안에 울려\n퍼졌을 때,\n소장님도 VIP룸으로 달려가셨죠?
0x00084075	4	【에이타로】\n응. 콘도 형사와 아사츠유 씨 뒤를\n따라\nVIP룸 안으로 들어갔어.
0x000840e3	4	【노리코】\n그때 VIP룸 안에서 BGM이\n재생되고 있었던 기억은\n없으신가요?
0x00084167	3	【에이타로】\nBGM……?\n아니, 기억나지 않는군.
0x000841b5	3	【노리코】\n당일 VIP룸에서는 피해자 요청으로\n클래식이 재생되고 있었어야 해요.
0x00084248	3	【에이타로】\n……그렇게 말하니 그랬을지도\n모르겠군.
0x000842ba	4	【에이타로】\n흠…… 기억났다.\n확실히 시라카와 이치로 씨가\n그런 요청을 했지……
0x00084343	4	【에이타로】\n……그렇구나.\n그렇다면 사건 발생 후에는 BGM이\n재생되지 않았을지도 모르겠군.
0x000843b9	5	【에이타로】\n응, 재생되지 않았어.\n총성을 듣고 VIP룸으로 달려갔을\n때\nBGM은 재생되고 있지 않았지.
0x0008443c	2	【노리코】\n확실한가요?
0x0008449f	3	【에이타로】\n그래, 확실히 기억났어.\n증언대에 서도 될 정도야.
0x0008453f	3	【에이타로】\n사건 발생 후 VIP룸에서는\nBGM이 재생되지 않았어.
0x000845a7	3	【노리코】\n사건에 대해\n뭔가 눈치챈 점은 없나요?
0x0008461d	3	【에이타로】\n그렇군……\n지금은 없는 것 같아.
0x0008468d	2	【코우지】\n그리고……
0x00084708	1	소장실
0x0008470f	1	소장실
0x00084a58	2	【노리코】\n(누마사키 법률 사무소네.)
0x00084bf4	3	【노리코】\n(소장님 책상이 놓여 있네.\n내 자리는 맨 앞쪽이야.)
0x00084c4a	4	【노리코】\n(한숨 돌리고 싶지만,\n아직 조사가 끝나지 않았으니\n참아야지……)
0x00084cbb	3	【노리코】\n(선배도 바빠 보이니\n말 거는 건 삼가야겠네……)
0x00084d30	3	【노리코】\n(아직 소장님과 이야기가 끝나지\n않았어.)
0x00084db0	1	소장님의 책상
0x00084db8	1	소장님의 책상
0x00084dc4	1	［에이타로의 알리바이］
0x00084ddd	2	［에이타로와 시라카와 이치로의\n관계］
0x00084dfa	2	［콘도 가쓰미와 시라카와 이치로의\n관계］
0x00084e15	2	［아사츠유와 시라카와 이치로의\n관계］
0x00084e30	2	［미나즈키 코우지와 시라카와\n이치로의 관계］
0x00084e4d	1	［피해자와 미사에의 첫 만남］
0x00084e6a	1	［시라카와 신지에 관해］
0x00084e7f	1	［가요와 신지의 관계］
0x00085154	2	【노리코】\n실례합니다.
0x000851f7	3	【에이타로】\n……신조 군인가.\n수고했네.
0x00085250	4	【노리코】\n어, 소장님?\n평소에는 이 시간에 안\n계시는데요……?
0x000852b3	3	【노리코】\n어, 소장님?\n오늘은 쉬는 날 아니었나요?
0x0008532a	3	【에이타로】\n아, 내일 공판 준비 때문에\n서류를 처리해야 해서 말이야.
0x0008538a	4	【노리코】\n그랬군요……\n마침 물어볼 게 있었는데 잘\n됐네요.
0x0008540c	3	【에이타로】\n물어볼 것……?\n뭔가?
0x00085458	3	【노리코】\n소장님께 여쭤보고 싶은 게 있는데,\n지금 괜찮으세요?
0x000854d4	3	【에이타로】\n물론이지.\n뭘 묻고 싶은가?
0x0008562f	3	【노리코】\n(나도 이런 변호사가 되면\n좋겠다……)
0x0008568e	2	【노리코】\n(정말 깔끔하게 정리되어 있네.)
0x000856de	2	【노리코】\n(정말 깔끔하게 정리되어 있네.)
0x00085d0d	2	【노리코】\n(이쯤에서 조사를 끝낼까……?)
0x00085dc8	4	【노리코】\n그럼 저는 이만 실례할게요.\n바쁘신데 시간 내주셔서\n감사합니다.
0x00085e51	3	【에이타로】\n음.\n계속 조사해 주게.
0x00085e9c	3	【노리코】\n네.\n그럼 실례하겠습니다.
0x00085ee4	2	【노리코】\n(조금 더 이야기를 들어 보자.)
0x00085f3c	3	【노리코】\n(아직 물어봐야 할 게 남아 있어.\n아직 돌아갈 수는 없겠네.)
0x00085ff6	3	【노리코】\n소장님에게 들은 정보는\n이런 내용이었어.
0x0008609c	3	【노리코】\n(소장님 알리바이를 알려 달라고\n말하기 어렵네……)
0x000860f8	5	【노리코】\n음……\n사건 당일인데요,\n소장님은 몇 시쯤 라이트 블루에\n도착하셨죠?
0x0008618d	4	【에이타로】\n내가 바에 도착한 건\n23시쯤이었어.\n시라카와 이치로 씨도 비슷했지.
0x000861fc	3	【노리코】\n그때부터 두 분이\nVIP룸에 들어가신 거죠?
0x00086259	3	【에이타로】\n맞아.\n거기서 5분 정도 사전 협의를……
0x000862b8	3	【에이타로】\n……라기보다, 내가 라이트 블루에\n불려온 이유를 들었지.
0x0008633c	4	【에이타로】\n『이따가 사람을 만날 약속이 있다.\n조금 불편한 이야기도 할 예정이니\n문제가 생기면 대응해 주게』
0x000863be	4	【에이타로】\n그 말에는 잠시 밖에서\n대기해 달라는 뉘앙스도 포함돼\n있었지.
0x00086427	4	【노리코】\n그래서 홀에서 대기하신 거죠?\n그러다 갑자기 총성이 들려\nVIP룸으로 향하셨고……
0x000864ce	2	【에이타로】\n응, 맞아.
0x0008650c	3	【노리코】\n그 전에는 VIP룸에\n한 번도 들어가지 않으셨나요?
0x0008656e	2	【에이타로】\n응, 들어가지 않았어.
0x000865af	2	【노리코】\n계속 홀에서 대기하신 건가요?
0x0008661c	2	【에이타로】\n하하하, 마치 취조 같군.
0x00086663	3	【노리코】\n아……\n죄송합니다……
0x000866ca	4	【에이타로】\n아니, 괜찮네.\n관계자의 알리바이를 묻는 건\n조사의 기본이니까.
0x00086736	4	【에이타로】\n좀 자세히 말하면, 사실 당일 몸\n상태가\n조금 안 좋았어……
0x000867bd	4	【에이타로】\n0시쯤부터였나……?\n40분 정도 화장실에 있었어.\n좀 지저분한 얘기라 미안하지만.
0x0008685d	4	【에이타로】\n0시 조금 전쯤부터였나……?\n40분 정도 화장실에 있었어.\n좀 지저분한 얘기라 미안하지만.
0x000868e4	2	【노리코】\n아니요……
0x00086928	6	【에이타로】\n사건 직전까지 화장실에 있었던\n탓에,\n그동안 가게 안에서 무슨 일이\n있었는지는\n잘 모르겠군.
0x0008699e	4	【에이타로】\n그 후 얼마 지나지 않아\n가게 안에 총성이 울려 퍼졌고,\nVIP룸으로 달려갔지만……
0x00086a21	2	【노리코】\n피해자는 이미 돌아가신 뒤였군요.
0x00086a98	3	【에이타로】\n그때는 충격보다도\n무슨 일이 일어났는지 몰라서……
0x00086af8	5	【에이타로】\n최근에야 시라카와 이치로 씨가\n죽었다는 실감이 들었어……\n이제 시라카와 이치로 씨는\n없구나…… 하고.
0x00086b78	2	【노리코】\n소장님……
0x00086bd7	4	【에이타로】\n할 말은 그 정도야.\n화장실에서 무슨 일이 있었던 것도\n아니고.
0x00086c34	3	【노리코】\n알겠습니다.\n감사합니다.
0x00086cbf	2	【에이타로】\n그날은 배 상태가 안 좋았어……
0x00086d1e	4	【노리코】\n피해자와 소장님은\n고등학생 때부터 알고 지냈다고\n들었는데요……
0x00086db6	4	【에이타로】\n맞아.\n오인 고등학교에서 3년 동안\n같은 반이었지.
0x00086e26	5	【에이타로】\n대학에서 각자 길이 갈렸고,\n졸업 후에도 나는 법조계,\n그는 상업계로 진로가 완전히\n달랐어.
0x00086ebc	4	【에이타로】\n그래도 가끔 연락을 주고받았지.\n술을 마시며 서로 근황을\n이야기하곤 했어.
0x00086f3c	3	【노리코】\n하지만 처음부터 시라카와 그룹의\n고문 변호사였던 건 아니죠?
0x00086fb7	3	【에이타로】\n사생활과 일은 나누고 싶었거든.\n경계선을 그어 두었던 거지.
0x00087029	4	【에이타로】\n시라카와 이치로 씨에게 몇 번인가\n제안을 받았지만,\n반은 농담이었고 말이야.
0x00087098	4	【노리코】\n하지만 지금은\n시라카와 그룹의 고문\n변호사잖아요……?
0x00087124	4	【에이타로】\n응……\n아니, 신조 군의 추궁은 날카롭네.\n장래가 촉망돼.
0x0008718c	3	【노리코】\n아, 죄, 죄송합니다……\n그런 뜻은……
0x00087201	6	【에이타로】\n아니, 괜찮네.\n그때까지 시라카와 그룹의 고문\n변호사를\n맡고 있던 사람이 갑자기 그만둬서\n말이야.
0x0008727e	2	【노리코】\n미즈타니 씨죠……?
0x000872cb	5	【에이타로】\n맞아.\n당시 시라카와 그룹이 떠안은\n문제가 몇 개 있었고,\n그래서 내게 일이 맡겨졌지.
0x00087353	3	【에이타로】\n그게 2001년 무렵이었어.\n그 후 함께 일하게 됐지.
0x000873fc	4	【에이타로】\n시라카와 이치로 씨와 함께 일하게\n된 건\n2001년 무렵부터야.
0x0008747c	4	【노리코】\n콘도 형사와 피해자는\n소장님과 같은 고등학교\n출신이었죠?
0x00087505	3	【에이타로】\n응, 맞아……\n콘도 카츠미인가.
0x00087551	3	【노리코】\n피해자와 콘도 형사는\n사이가 좋았나요?
0x000875c1	2	【에이타로】\n…………
0x000875fc	3	【노리코】\n(어라……?\n대놓고 기분 나빠 보이네……)
0x00087660	4	【에이타로】\n……미안하지만,\n그들 이야기는 별로 하고 싶지\n않군.
0x000876b5	2	【노리코】\n어……?
0x000876fb	3	【에이타로】\n정확히는 내 입으로\n말하고 싶지 않은 거야.
0x00087758	4	【에이타로】\n그들 이야기는 아사츠유 씨가 더 잘\n알 거야.\n그분에게 물어보게.
0x000877be	2	【노리코】\n…………
0x0008783c	3	【에이타로】\n그들의 관계에 대해서는\n내가 말하고 싶지 않군.
0x000878a2	3	【노리코】\n피해자와 미즈타니 씨의 관계에\n대해 아시는 게 있나요……?
0x00087931	4	【에이타로】\n흠……\n시라카와 이치로 씨와 미즈타니\n씨의 관계라……
0x000879ab	4	【에이타로】\n미즈타니 씨가 그의 회사의\n고문 변호사였다는 이야기는\n전에 했지?
0x00087a17	3	【노리코】\n네.\n대단한 실력자였다고요.
0x00087a71	2	【에이타로】\n응, 수완가였지.
0x00087abf	4	【에이타로】\n나와 직접 맞붙었을 때도\n당시 신인이었는데 호각의 승부를\n걸어왔으니까.
0x00087b60	5	【에이타로】\n반대로 말하면, 그 외에는 아무것도\n몰라.\n그녀가 시라카와 그룹의 고문\n변호사로 취임한 과정도 포함해서.
0x00087bf9	4	【에이타로】\n다만 나도 시라카와 그룹의 고문\n변호사로 있으면서\n여러 심각한 일을 당했어.
0x00087c9e	5	【에이타로】\n미즈타니 씨도 비슷한 일을\n당했다고 생각하면,\n정신적으로 상당히 강했을 거라는\n건 알 수 있지.
0x00087d47	3	【에이타로】\n그녀가 변호사였다는 것 외에는\n잘 몰라.
0x00087db6	4	【노리코】\n미나즈키 코우지라는 분, 아세요?\n사건 당일 피해자와 만난 젊은\n남자인데요……
0x00087e55	5	【에이타로】\n미나즈키…… 미나즈키……\n아, 생각났어.\n시라카와 그룹에 복귀한 전\n직원이지?
0x00087ec1	4	【노리코】\n네.\n미나즈키 씨와 피해자의 관계를\n아시나요?
0x00087f44	4	【에이타로】\n흠……\n그다지 좋은 관계는 아니었다고\n하던데……
0x00087fbe	3	【에이타로】\n……잘 모르는 사람이 말할 일은\n아니군.
0x0008801b	5	【에이타로】\n내가 취임하기 전\n두 사람 사이에 문제가 있었던\n모양이지만,\n자세한 건 몰라.
0x000880be	4	【에이타로】\n두 사람 사이에 있었던 문제에\n관해서는\n자세한 걸 몰라.
0x0008813c	4	【노리코】\n피해자와 미사에 씨가\n어떻게 만나게 됐는지 여쭤보고\n싶은데요……
0x000881d3	3	【에이타로】\n흠……\n그것도 사건과 관련 있는 일인가?
0x00088224	5	【노리코】\n직접 관련은 없지만,\n피해자를 원망할 사람을 특정하려면\n피해자 본인의 성품을 알아야 할 것\n같아서요.
0x000882bf	4	【노리코】\n제가 피해자에 대해 조사해 보니\n일에 너무 열심인 분 같아서\n조금 의외였어요.
0x0008834b	5	【에이타로】\n뭐, 확실히 예전의 시라카와 이치로\n씨는\n가정을 돌보지 않고 일에 몰두하는\n타입이었어.
0x000883e9	6	【에이타로】\n그래서 재혼 상담을 그에게서\n들었을 때는\n만우절인가 싶었지.\n게다가 나에게 연애 상담을\n하다니……
0x0008848c	5	【노리코】\n하지만 소장님과 피해자 시라카와\n씨는\n고등학생 때부터 알고 지낸\n사이였죠?
0x000884f9	4	【노리코】\n그럼 당연하죠.\n그만큼 소장님을 믿고\n상담을 부탁한 것 아닐까요?
0x0008858d	2	【에이타로】\n나를 믿어서라……
0x000885d7	2	【노리코】\n…………?
0x00088638	5	【에이타로】\n뭐, 재혼한다는 사실보다 놀란 건\n그 이유야.\n시라카와 이치로 씨가 미사에\n씨에게 첫눈에 반했다더군.
0x000886c3	2	【노리코】\n네, 첫눈에 반했다고요?
0x00088731	2	【에이타로】\n의외지?
0x00088793	4	【에이타로】\n그 후 가족을 챙기기 시작했으니,\n그만큼 미사에 씨를 사랑했던\n거겠지.
0x00088845	4	【에이타로】\n시라카와 이치로 씨는 미사에\n씨에게 첫눈에 반했어.\n의외지?
0x000888bc	3	【노리코】\n피해자에게는 형이 있었다고\n들었는데요?
0x00088930	2	【에이타로】\n아, 신지 씨 말인가?
0x00088973	2	【노리코】\n어떤 분이었나요?
0x000889bf	4	【에이타로】\n흠……\n시라카와 하우징에서의 직위는\n부사장이었어.
0x00088a28	5	【에이타로】\n성격을 한마디로 말하면,\n시라카와 이치로 씨는 강한\n사람이었고\n신지 씨는 온화한 사람이었지.
0x00088ab5	5	【에이타로】\n시라카와 이치로 씨의 강압적인\n경영 방식에\n당시 직원들은 적지 않게\n불만을 품고 있었어……
0x00088b4f	4	【에이타로】\n그걸 신지 씨가 잘 중화했지.\n부하 직원들의 이야기를\n제대로 들어 주었어.
0x00088bc1	4	【에이타로】\n신지 씨가 없었다면\n시라카와 그룹은\n성립하지 않았을지도 몰라.
0x00088c46	6	【에이타로】\n그런 신지 씨도 7~8년 전에\n세상을 떠났어.\n태어날 때부터 신장이 약해서\n투석 치료가 꼭 필요한\n몸이었지……
0x00088ce5	4	【에이타로】\n그때 신장 이식 이야기가 나와서\n희망을 품고 유럽으로 건너갔지만,\n수술이 실패해 세상을 떠났어.
0x00088d79	3	【노리코】\n……돌아가신 건 알고 있었지만,\n이식 수술 실패였군요……
0x00088de7	6	【에이타로】\n그때 시라카와 이치로 씨도\n보호자로 함께 유럽에 갔었지.\n좋아질 줄 알았는데 결과가 반대가\n되어\n힘들었을 거야.
0x00088e74	3	【노리코】\n피해자도 함께……?\n두 분은 그렇게 사이가 좋았나요?
0x00088f04	6	【에이타로】\n겉으로는 특별히 사이가 좋은 건\n아니었지만,\n뭐, 둘 다 어른이었으니까.\n속으로는 서로 믿고 있었던 게\n아닐까.
0x00088f91	2	【노리코】\n그렇군요……
0x00089077	4	【에이타로】\n시라카와 이치로 씨가 강한\n사람이었다면,\n신지 씨는 온화한 사람이었지.
0x000890f1	5	【에이타로】\n하지만 신장 이식 수술을 위해\n유럽으로 건너갔고,\n수술은 실패……\n그 때문에 세상을 떠났어.
0x00089182	3	【노리코】\n소장님은 사이토 가요 씨를\n아세요?
0x000891f2	3	【에이타로】\n사이토 가요……?\n어디선가 들어 본 것 같은데……
0x00089269	3	【에이타로】\n그 사람은 피의자인 사이토\n코우지와 어떤 관계가 있는 분인가?
0x000892c9	3	【노리코】\n네.\n사이토 코우지 씨의 어머니예요.
0x00089338	3	【에이타로】\n그렇군, 어머니인가.\n그래서 그분이 어떤가?
0x00089385	3	【노리코】\n사실 시라카와 신지 씨가\n예전에 동경했던 여성이라고 해요.
0x00089408	2	【에이타로】\n신지 씨가 동경했던 사람?
0x00089478	4	【에이타로】\n그 가쓰요 씨가 사건의 피의자라는\n건가……!?\n정말 묘한 인연이군.
0x000894fd	3	【에이타로】\n흠……\n조금 신경 쓰이네.
0x00089567	4	【에이타로】\n……아니, 잠깐.\n사이토 가요……\n그 사이토 가요 씨 말인가!?
0x000895cc	2	【노리코】\n뭔가 생각났나요!?
0x0008961c	5	【에이타로】\n그래, 생각났어.\n사이토 가요라는 이름은\n분명 신지 씨에게 들은 적이\n있어.
0x000896aa	4	【에이타로】\n……그렇구나.\n그때가 신지 씨와 나눈\n마지막 대화였어……
0x0008976f	2	【신지】\n실례합니다.
0x000897c2	3	【에이타로】\n아, 신지 군인가.\n무슨 일인가?
0x00089819	2	【신지】\n…………
0x00089852	3	【에이타로】\n그러고 보니, 곧 유럽으로 간다며?\n신장을 이식받는다고 했지?
0x000898ca	2	【신지】\n네……
0x00089901	3	【에이타로】\n이식 수술이 성공하면\n투석에서도 해방되겠지.
0x00089961	4	【에이타로】\n그렇게 되면 일에도 집중할 수 있을\n거야.\n나는 자네를 기대하고 있네.
0x000899c2	3	【에이타로】\n힘내서 지금보다 더 크게\n시라카와 그룹을 키워 주게.
0x00089a41	4	【신지】\n그렇죠.\n이식 수술이 성공한다면\n말이지만……
0x00089a93	2	【에이타로】\n……수술이 불안한가?
0x00089ad9	4	【에이타로】\n이식 수술 중에서도\n신장 이식은 성공률이 높다지 않나.\n괜찮아, 성공할 거야.
0x00089b85	3	【신지】\n……그렇군요.\n저도 그렇게 생각합니다.
0x00089bdb	5	【신지】\n그런데,\n누마사키 선생님은 지금의 시라카와\n그룹을\n어떻게 생각하십니까?
0x00089c35	4	【에이타로】\n어떻게……라고 물으면,\n어느 부분에 대해 대답해야\n할지……
0x00089cb5	2	【신지】\n어두운 부분 말입니다.
0x00089cf3	2	【에이타로】\n……별로 좋지는 않지.
0x00089d36	4	【에이타로】\n나는 이치로 씨에게 고용된\n입장이라 심한 말은 할 수\n없지만……
0x00089d9a	3	【에이타로】\n솔직히 말하자면\n내 생각과 맞지 않는 부분이야.
0x00089df2	4	【에이타로】\n시라카와 하우징의 부사장인\n신지 군에게 할 말은 아니지만\n말이야.
0x00089e5c	4	【신지】\n생각과 맞지 않는다……\n그런데도 고문 변호사로 있는 건\n형에게 약점을 잡혀 있기 때문이죠?
0x00089ed7	2	【에이타로】\n…………
0x00089f1f	3	【신지】\n죄송합니다……\n아무것도 하지 못해서……
0x00089f66	4	【에이타로】\n아니, 신지 군이 사과할 일이\n아니야.\n이건 내 문제니까.
0x00089fe7	3	【신지】\n……누마사키 선생님께\n말씀드리고 싶은 게 있습니다.
0x0008a038	2	【에이타로】\n말해 두고 싶은 것?
0x0008a084	4	【신지】\n네.\n저 때문에 희생되고 만\n두 여성에 관한 이야기입니다.
0x0008a0e3	3	【에이타로】\n……그 이야기를\n내가 들어도 되는 건가?
0x0008a140	4	【신지】\n누마사키 선생님이\n가장 믿을 수 있는 분이라고\n생각해서요.
0x0008a190	3	【에이타로】\n알았어, 들어 보지.\n말해 보게.
0x0008a228	3	【신지】\n첫사랑에 관한 이야기입니다.\n사이토 가요 씨라는 여성입니다.
0x0008a2ac	6	【신지】\n태어날 때부터 신장이 약했던 저는\n어릴 때부터 외출을 거의 하지\n않았고,\n형 이외의 사람과는 별로\n이야기하지 않았습니다.
0x0008a357	6	【신지】\n그렇게 내성적이던 제 세계를 키워\n준 사람이\n가요 씨였습니다.\n오인 고등학교에서 두 학년 위인\n선배였죠.
0x0008a3ee	4	【신지】\n그녀는 때로 나를 동생처럼 대해\n줬고,\n때로는 격려해 주었습니다.
0x0008a464	3	【신지】\n그녀에게 마음을 품기까지\n그리 오래 걸리지 않았습니다.
0x0008a4bf	2	【에이타로】\n…………
0x0008a507	5	【신지】\n그녀가 졸업하고 결혼한 뒤에도\n나는 계속 그녀를 사랑했습니다.\n그녀의 상황이 늘 마음에\n걸렸습니다.
0x0008a5bd	2	【신지】\n그리고 그 사건이 일어났습니다……
0x0008a604	2	【에이타로】\n그 사건……?
0x0008a650	3	【신지】\n……그녀의 남편을, 형이……\n죽이고 말았습니다.
0x0008a6ba	4	【신지】\n나는……\n형을 막으려고 했다면\n막을 수 있었을지도 모릅니다……
0x0008a722	4	【신지】\n하지만 나는……\n형을 막지 못했습니다……\n첫사랑을 지키지 못했습니다……
0x0008a790	2	【에이타로】\n…………
0x0008a82f	5	【신지】\n그녀에게는 이미 아이가\n있었습니다. 그래서 나는 그녀에게\n경제적 지원을 제안했습니다.\n정식으로 청혼도 했습니다.
0x0008a8de	4	【신지】\n하지만 거절당했습니다.\n동정할 필요는 없다는 말을\n들었습니다.
0x0008a941	5	【신지】\n그리고 그 말을\n좀 더 일찍 들었으면 좋았을\n거라고도\n말했습니다……
0x0008a9a7	3	【신지】\n그때까지 계속 무서웠습니다……\n그녀에게 거절당하는 것이……
0x0008aa19	4	【신지】\n좀 더 일찍 말했다면\n그녀를 슬프게 하지 않아도 됐을\n텐데……
0x0008aa70	3	【에이타로】\n……자네는 참 미숙한 사람이야.\n그렇게 자신을 몰아붙이지 말게……
0x0008aad9	2	【신지】\n…………
0x0008ab38	4	【신지】\n사실 그런 나에게\n위로의 말을 건네는 여성이\n나타났습니다.
0x0008ab8f	3	【에이타로】\n오, 그래!\n정말 잘됐군!!
0x0008ac03	2	【신지】\n제가 고민하는 건 그 일입니다.
0x0008ac5a	4	【신지】\n그녀가 싫은 건 아닙니다.\n하지만 제 마음속에는 아직 가요\n씨가……
0x0008acc1	3	【에이타로】\n하하하!\n자네는 정말 미숙하군!!
0x0008ad0d	4	【에이타로】\n나도 자네 마음을 모르는 건\n아니야.\n첫사랑 상대는 특별한 법이지.
0x0008ad77	6	【에이타로】\n나에게도 첫사랑은 특별한 존재야.\n하지만 지금은 아내가 더\n사랑스러워.\n함께 지낸 시간이 길어질수록\n말이지.
0x0008ae05	5	【에이타로】\n자네도 그녀와 함께 지낸 시간이\n길어지면\n지금보다 더 그녀를 사랑스럽게\n느끼게 될 걸세.
0x0008ae8c	2	【신지】\n……그럴까요?
0x0008aeca	2	【에이타로】\n그래, 그럴 거야.
0x0008af14	3	【신지】\n……그럴지도 모르겠군요.\n그녀와 함께할 시간이 있다면……
0x0008af65	6	【에이타로】\n그 시간을 만들려고 수술하는\n거잖아!\n그녀를 위해서라도 수술을 꼭\n성공시키고\n돌아오게!!
0x0008b004	2	【신지】\n……그렇군요.
0x0008b040	4	【에이타로】\n좋아, 술 마시러 가자!\n중년 남자 둘이 더 이상 맨정신으로\n연애 이야기를 하는 건 힘들어!
0x0008b0c2	2	【신지】\n하하, 그렇군요.
0x0008b15f	3	【노리코】\n……그때 이름이 나온 분이\n사이토 가요 씨였군요.
0x0008b1c5	2	【에이타로】\n그래, 맞아.
0x0008b227	3	【에이타로】\n결국 유럽으로 떠난 신지 군은\n돌아오지 못하고 세상을 떠났지……
0x0008b2ac	2	【에이타로】\n돌이켜 생각해 보니 알겠더군……
0x0008b307	5	【에이타로】\n그때 말투를 생각하면\n어쩌면 사토루 군은 자신의 목숨이\n얼마 남지 않았다는 걸 알고\n있었는지도 모르겠어……
0x0008b389	2	【노리코】\n……그 말은.
0x0008b3ea	4	【에이타로】\n……자네가 상상하는 그대로야.\n그렇다면 시라카와 이치로를\n용서할 수 없군……
0x0008b450	2	【노리코】\n…………
0x0008b4c2	4	【노리코】\n신지 씨는 왜\n소장님께 자신의 마음을\n이야기했을까요?
0x0008b53f	4	【에이타로】\n……아마 내가 사정에 휘말리지\n않는 제삼자였기 때문이겠지.\n변호사라는 직업 때문일 수도 있고.
0x0008b5c8	3	【에이타로】\n그렇다면 나는 정말 변호사가 되길\n잘했다고 생각해.
0x0008b621	4	【노리코】\n……신지 씨는 소장님을 변호사라는\n이유만으로 믿었던 건 아니라고\n생각해요.
0x0008b6b0	4	【에이타로】\n난처하군……\n나를 치켜세워도 아무것도 안\n나온다네.
0x0008b704	2	【노리코】\n치켜세울 생각은 없습니다.
0x0008b76c	2	【에이타로】\n그런가……
0x0008b7b3	4	【에이타로】\n나를 믿어 준 사람을 위해서라도\n나 자신도 매듭을 지어야 할 때인지\n모르겠군.
0x0008b81a	3	【노리코】\n네……?\n무슨 뜻인가요?
0x0008b885	3	【에이타로】\n아니, 아무것도 아니야.\n잊어주게……
0x0008b8cf	2	【노리코】\n…………
0x0008b9a5	3	【노리코】\n소장님에게 들은 정보는\n이런 내용이었어.
0x0008b9fe	5	【코우지】\n……고마워, 노리코.\n희미하게나마 이번 사건의 모습이\n보이기 시작했어.\n범인의 동기도 말이야……
0x0008ba78	3	【노리코】\n……나도 왠지 알 것 같아졌어.\n하지만……
0x0008baeb	2	【노리코】\n너무나도 슬프네……
0x0008bb50	2	【코우지】\n그래, 그렇지……
0x0008bbc5	3	【코우지】\n……아까 이야기에서\n마음에 걸리는 게 하나 있어.
0x0008bc58	6	【코우지】\n누마사키 변호사는 몸이 안\n좋아져서 화장실에 틀어박혀 있었고\n그동안 특별한 일은 없었다고 했지.\n그런데 이 말과 모순되는 정보가\n있어…… 그건……?
0x0008bdb9	2	【코우지】\n(아니야, 그게 아니야!)
0x0008be19	4	【코우지】\n(사건 당일, 화장실에서 문제가\n있었잖아?\n그건……)
0x0008beeb	6	【코우지】\n누마사키 변호사가 화장실에 있던\n시간과\n내가 화장실에서 일으킨 소동의\n시간이\n일치하고 있어……
0x0008bf6d	3	【코우지】\n그런데도 그걸 눈치채지 못했다……\n이상하지 않아?
0x0008bfff	6	【노리코】\n확실히 말다툼이라고 할 정도는\n아니었지만,\n코우지가 『어깨를 부딪쳤으면\n사과해!』라고\n큰 소리로 외쳤던 것 같고 말이야.
0x0008c0a3	4	【코우지】\n게다가 내가 시비를 건 상대는\n다름 아닌 시라카와 이치로였어.\n눈치채지 못할 리가 없어.
0x0008c118	2	【노리코】\n소장님께 물어볼까?
0x0008c17e	3	【코우지】\n아니, 묻고 싶은 마음은 굴뚝같지만\n어차피 교묘하게 얼버무릴 뿐이야.
0x0008c1e4	5	【코우지】\n괜히 캐물었다가\n우리가 의심하고 있다는 걸 들키는\n것도 싫고.\n조금 더 지켜보자.
0x0008c273	3	【노리코】\n그리고 피해자와 콘도 형사의\n관계를 물었을 때의 반응인데……
0x0008c2e5	3	【코우지】\n이 일은 아사츠유 씨에게\n묻는 게 좋다고 했지?
0x0008c349	4	【코우지】\n……그 말은 반대로 생각하면\n아사츠유 씨는 콘도 형사와도\n악연이 있을 것 같다는 뜻이야.
0x0008c3c7	3	【코우지】\n이 일도 아사츠유 씨에게\n캐물어 봐 주겠어?
0x0008c449	2	【노리코】\n응, 알겠어.
0x0008c4d2	4	【코우지】\n그리고 하나 더 마음에 걸리는 게\n누마사키 변호사와 피해자의\n관계야……
0x0008c545	5	【코우지】\n일과 사생활을 나누고 있었는데\n지금은 시라카와 그룹의 고문\n변호사가 됐다는 것……\n뭔가 뒤가 있을 것 같아.
0x0008c5f0	4	【노리코】\n좀 더 캐물어 볼까 했는데,\n아마 소장님 입으로는 이유를\n듣기 어려울 것 같아서……
0x0008c679	5	【코우지】\n아, 현명한 판단이라고 생각해.\n다만 이게 얼마나 중요한 정보인지\n판단하기가 어렵네.\n조금 묵혀 두자.
0x0008c711	5	【코우지】\n그리고 누마사키 변호사의 행동\n시간이 밝혀지면서\n미나즈키 코우지의 대략적인 행동\n시간도 드러났어.
0x0008c7ac	5	【코우지】\n누마사키 변호사는 23시가 조금\n지나 현장에 도착해\nVIP룸에서 잠시 사전 협의를\n했지……
0x0008c829	5	【코우지】\n대략적으로 생각하면\n가게에 들어가 VIP룸으로 향하고\n누마사키 변호사가 나갈 때까지 약\n10분이라고 하자.
0x0008c8d0	5	【노리코】\n그렇다면 소장님과 스쳐 지나간\n미나즈키 씨는\n23시 10분쯤 VIP룸에 들어가\n0시쯤 나왔다는 거네.
0x0008c973	4	【코우지】\n그리고 미나즈키의 말을 믿는다면\n그 뒤에는 게임센터에 갔다는 거군.\n과연……
0x0008ca02	4	【코우지】\n그럼 게임 센터에 가서\n미나즈키를 목격한 사람이 없는지\n탐문해 오지 않겠어?
0x0008ca83	2	【노리코】\n네, 알겠어요.
0x0008caf9	2	【코우지】\n피해자가 첫눈에 반했다라……
0x0008cb77	5	【노리코】\n확실히 요즘 피해자는\n예전만큼 강압적이지 않게 됐다는\n이야기를\n가끔 듣긴 했지만……
0x0008cbf6	3	【노리코】\n어쩌면 그 재혼이\n계기가 됐을지도 모르겠네.
0x0008cc78	3	【코우지】\n그리고 시라카와 신지\n이야기인데……
0x0008cce6	3	【노리코】\n신장 이식 수술이 실패해서\n돌아가셨다는 이야기 말이지.
0x0008cd6d	4	【코우지】\n피해자가 함께 유럽에 갔다는\n이야기가\n아무래도 마음에 걸려.
0x0008cdfd	6	【노리코】\n나도 그 부분은 조금 신경\n쓰였는데,\n두 사람이 서로 믿고 있었다고\n소장님께 들어서\n더는 캐물을 수 없었어……
0x0008ce97	3	【코우지】\n음……\n서로 믿고 있었다라……
0x0008cf1a	1	관리인실
0x0008cf23	1	관리인실
0x0008cf30	1	코우지의 방
0x0008cf3a	1	코우지의 방
0x0008cf48	1	아파트 2층
0x0008cf52	1	아파트 2층
0x0008cf60	1	아파트 1층
0x0008cf6a	1	아파트 1층
0x0008d0de	3	【노리코】\n(이곳이 코우지가 지금 사는\n아파트인가……)
0x0008d147	2	【노리코】\n(조금 오래된 느낌일지도……)
0x0008d18c	2	【노리코】\n…………
0x0008d1c5	4	【노리코】\n(그런 말을 하고 있을 때가\n아니네.\n제대로 조사해야지.)
0x0008d230	2	【노리코】\n(코우지의 아파트 앞이네.)
0x0008d354	3	【노리코】\n(이 아파트에는 어떤 사람들이\n살고 있을까……?)
0x0008d3a9	4	【노리코】\n(도쿄에서는 이웃끼리 잘 지내지\n않으니\n얼굴조차 모르는 경우도 있지.)
0x0008d40a	4	【노리코】\n(특히 코우지는 일하는 시간이\n불규칙한 직업이라\n더 그럴지도……)
0x0008d46a	3	【노리코】\n(……내가 신경 쓸 일은\n아니지만.)
0x0008d4ea	3	【도어폰】\n네……\n누구세요?
0x0008d52e	3	【노리코】\n저는 사이토 코우지 씨의 대리인인\n변호사 신조 노리코라고 합니다.
0x0008d593	4	【노리코】\n본인의 의뢰로\n방 안을 조사하러 왔는데,\n열쇠를 빌릴 수 있을까요……?
0x0008d604	2	【도어폰】\n잠시만 기다려 주세요.
0x0008d675	2	【관리인】\n기다리게 했습니다.
0x0008d6c0	4	【관리인】\n아, 빌려 드리기 전에\n신분증명서 같은 걸\n보여 주셨으면 하는데요……?
0x0008d72a	3	【노리코】\n네.\n이걸로 괜찮을까요?
0x0008d77a	3	【관리인】\n변호사 신분증명서요?\n……이런 것도 있군요.
0x0008d7e0	4	【관리인】\n……변호사 배지도 달고 계시고,\n아무래도 제대로 된 변호사님인가\n보네요.
0x0008d857	4	【관리인】\n좋습니다.\n그럼 열쇠를 빌려 드리죠.\n돌아가실 때 돌려주러 오세요.
0x0008d8bd	3	【노리코】\n네, 알겠습니다.\n그럼 잠시 빌리겠습니다.
0x0008d951	2	【노리코】\n(관리인 아저씨의 방이네.)
0x0008d994	3	【노리코】\n(코우지 방 열쇠는 빌렸고,\n지금은 볼일이 없어.)
0x0008da1b	2	【노리코】\n(코우지 방은 가장 앞쪽이야.)
0x0008daa6	3	【노리코】\n(……열쇠가 잠겨 있어서 들어갈 수\n없어.)
0x0008db9c	1	서랍
0x0008dba3	1	서랍
0x0008dbae	1	붙박이장
0x0008dbb5	1	붙박이장
0x0008dd57	3	【노리코】\n(생각했던 것보다 정리되어\n있네……)
0x0008dda2	3	【노리코】\n(전에 살던 집은 방 안이\n정말 엉망이었는데……)
0x0008de0d	5	【노리코】\n(아…… 그렇구나.\n경찰이 증거품을 압수해\n갔으니까…… 그래서 이렇게 깔끔한\n거네.)
0x0008de81	2	【노리코】\n(응, 알겠어.)
0x0008df8b	2	【노리코】\n(코우지가 쓰던 책상이네.)
0x0008dfcd	2	【노리코】\n(그럼, 실례하겠습니다……)
0x0008e01d	3	【노리코】\n(……음.\n딱히 신경 쓰이는 건 없네……)
0x0008e072	2	【노리코】\n(일단 서랍을 확인해 볼까.)
0x0008e0ec	2	【노리코】\n(특별히 눈에 띄는 건 없네.)
0x0008e130	3	【노리코】\n(경찰이 증거품을 압수해 가서\n서랍 안이 텅 비었어……)
0x0008e19b	2	【노리코】\n(특별히 신경 쓰이는 건 없었어.)
0x0008e219	3	【노리코】\n(붙박이장 안의 물건도 조사해\n보자.)
0x0008e276	2	【노리코】\n…………
0x0008e2af	2	【노리코】\n(이불 말고는 아무것도 없네……)
0x0008e312	2	【노리코】\n(이불 말고는 아무것도 없어……)
0x0008e3a3	2	【노리코】\n(이제 조사를 끝낼까……?)
0x0008e453	2	【노리코】\n(오늘은 이 정도로 해 두자.)
0x0008e4b1	2	【노리코】\n(조금 더 여기 있자.)
0x0008e53e	3	【노리코】\n코우지의 아파트를 조사한 결과는\n이런 내용이었어……
0x0008e5b6	5	【노리코】\n……라고 해도,\n경찰이 거의 전부 압수해 간\n모양이라\n아무것도 나오지 않았지만……
0x0008e650	6	【코우지】\n그렇구나…… 어느 정도 예상은\n했지만,\n그렇게 아무것도 없다면\n이제 아파트에 가서 조사하는 건\n소용없겠네.
0x0008e6f6	4	【코우지】\n어쩔 수 없지.\n마음을 다잡고\n다음 일을 생각하자.
0x0008e76a	2	【노리코】\n(아직 조사해야 할 게 있어.)
0x0008e8a9	2	【노리코】\n코우지의 아파트 앞이야.
0x0008e9cd	3	【노리코】\n이 아파트에는 어떤 사람들이\n살고 있을까……?
0x0008ea07	5	【노리코】\n도쿄에서는 이웃끼리 잘 지내지\n않으니\n의외로 얼굴조차 모르는 경우가\n있지.
0x0008ea5c	4	【노리코】\n특히 코우지는 일하는 시간이\n불규칙한 직업이라\n더 그럴지도……
0x0008eaac	3	【노리코】\n아무래도 이 아파트 관리인\n아저씨가 여기 사시는 모양이네.
0x0008eaf0	2	【노리코】\n초인종을 눌러 볼까?
0x0008eb33	2	【노리코】\n그럼, 눌러 보자.
0x0008eb69	2	【노리코】\n………
0x0008eb8a	3	【도어폰】\n네……\n누구세요?
0x0008ebb6	4	【노리코】\n아, 저는 사이토 코우지 씨의\n대리인인\n변호사 신조 노리코라고 합니다.
0x0008ec07	4	【노리코】\n사이토 코우지 씨의 부탁으로\n방 안을 좀 조사하고 싶어서\n열쇠를 빌리고 싶은데요……?
0x0008ec5d	3	【도어폰】\n아, 전에 오셨던 변호사님이군요.\n잠시만 기다려 주세요.
0x0008ec9d	2	【노리코】\n………
0x0008ecbe	4	【노리코】\n후우……\n처음 오는 것도 아닌데\n긴장되네……
0x0008ecf3	2	【노리코】\n………
0x0008ed1e	3	【관리인】\n기다리게 했습니다.\n여기 열쇠입니다.
0x0008ed54	3	【노리코】\n아, 감사합니다.\n신분증명서를 보여 드려야 했죠……
0x0008ed96	4	【관리인】\n아, 괜찮습니다.\n얼굴을 기억하고 있으니까요.\n그럼 돌아가실 때 돌려주러 오세요.
0x0008edeb	3	【노리코】\n네, 알겠습니다.\n그럼 잠시 빌리겠습니다.
0x0008ee39	2	【노리코】\n조금 더 여기 있자.
0x0008ee74	2	【노리코】\n관리인 아저씨의 방이네.
0x0008ee9f	3	【노리코】\n코우지 방 열쇠는 빌렸고,\n지금은 볼일이 없어.
0x0008eedd	2	【노리코】\n코우지 방은 가장 안쪽이야.
0x0008ef18	3	【노리코】\n……열쇠가 잠겨 있어서 들어갈 수\n없어.
0x0008ef59	3	【노리코】\n관리인 아저씨에게 빌린 열쇠를\n쓰자.
0x0008ef98	2	【노리코】\n그럼 들어가 보자.
0x0008f095	3	【노리코】\n코우지 방이네.\n정리되어 있어서 놀랐어.
0x0008f177	2	【노리코】\n특별히 신경 쓰이는 건 없었어.
0x0008f1a5	2	【노리코】\n이불 말고는 아무것도 없네……
0x0008f1d3	4	【노리코】\n주방도 정리되어 있네.\n혹시 경찰이 증거품을 압수할 때\n정리해 준 걸까?
0x0008f234	2	【노리코】\n이제 조사를 끝내고 밖으로 나갈까?
0x0008f279	2	【노리코】\n그렇네.
0x0008f299	4	【노리코】\n더 조사해도 아무것도 나오지 않을\n테니\n오늘은 돌아가자.
0x0008f2df	4	【노리코】\n아니, 아직 조사할 곳이 남아\n있어.\n조금 더 여기 있자.
0x0008f386	3	【노리코】\n코우지의 아파트를 조사한 결과는\n이런 내용이었어……
0x0008f517	3	【노리코】\n(여기가 도내 택시 회사를\n관리하는 수도 택시 센터네.)
0x0008f58b	3	【노리코】\n(코우지의 승차 기록이 남아 있으면\n좋겠지만……)
0x0008f5ef	2	【노리코】\n(수도 택시 센터네.)
0x0008f6d9	2	【노리코】\n(1층이 창구로 되어 있어.)
0x0008f7e0	1	［승차 기록에 대해］
0x0008f7f5	1	［정기 휴일에 대해］
0x0008fb21	3	【노리코】\n(접수처네.\n일단 이야기를 들어 보자.)
0x0008fb88	4	【노리코】\n잠깐\n여쭤보고 싶은 게 있는데요,\n괜찮을까요?
0x0008fbe7	2	【접수처】\n네, 무슨 일이신가요?
0x0008fc25	3	【노리코】\n저는 변호사 신조 노리코라고\n합니다.
0x0008fc71	4	【노리코】\n어떤 사건을 조사하고 있는데요,\n피의자가 사건 발생 당시\n택시를 타고 있었다고 합니다.
0x0008fcee	2	【노리코】\n그래서……
0x0008fd33	2	【접수처】\n아, 사이토 코우지 씨 건이군요.
0x0008fd7a	2	【노리코】\n아…… 알고 계셨나요?
0x0008fdc7	3	【접수처】\n네, 경찰에서도\n며칠 전에 같은 질문을 받았거든요.
0x0008fe2d	5	【접수처】\n11일 0시부터 1시 사이에\n미야카미 긴자에서\n후지시로초까지의 승차 기록이\n있는지 물어보셨습니다.
0x0008feb8	4	【노리코】\n그랬군요……\n저도 완전히 같은 것을\n물어보려고 했어요.
0x0008ff1a	2	【노리코】\n(접수처네.)
0x0008ff54	2	【노리코】\n(지금은 딱히 볼일이 없어.)
0x00090066	3	【노리코】\n(이제 조사를 끝내고 밖으로\n나갈까?)
0x0009011a	2	【노리코】\n바쁘신 중에 감사합니다.
0x00090174	2	【접수처】\n아닙니다, 별말씀을요.
0x000901cc	2	【노리코】\n(오늘은 이 정도로 해 두자.)
0x0009022a	2	【노리코】\n(조금 더 여기 있자.)
0x0009027f	2	【노리코】\n(아직 이야기를 듣지 못했어.)
0x00090313	3	【노리코】\n수도 택시 센터에서 들은 이야기는\n이런 내용이었어……
0x000903a3	3	【코우지】\n아차,\n하필이면 불법 택시라니……
0x00090411	2	【노리코】\n…………
0x00090470	4	【코우지】\n이건 끝난 걸지도 모르겠네.\n내 알리바이를 증명할 방법이\n이제 없을지도 몰라.
0x000904e1	3	【노리코】\n생각하고 싶지는 않지만,\n그럴지도 모르겠네……
0x00090555	3	【코우지】\n뭐, 어쩔 수 없지.\n다른 방향에서 공략해 볼까!
0x000905d4	3	【노리코】\n……코우지가 포기하지 않는 한\n나도 포기하지 않을 거야.
0x00090633	4	【노리코】\n분명 다른 돌파구를 찾을 수 있을\n거야……\n조사를 계속하자.
0x000906a0	3	【코우지】\n그래.\n해내고 말겠어!
0x00090739	3	【노리코】\n그래서 실제로는 어떤가요?\n승차 기록이 있나요?
0x0009079d	2	【접수처】\n아니요, 없습니다.
0x000907d9	4	【노리코】\n네……?\n그, 그럴 수가……\n제삼자의 증언도 있는데요!?
0x00090841	3	【접수처】\n유감이지만, 없는 기록은 없는\n겁니다.
0x00090893	5	【접수처】\n경찰의 요청을 받아 도내 택시\n회사와\n인근 택시 회사에도\n승차 기록을 문의했습니다.
0x00090923	3	【접수처】\n하지만 어디에도 그런 승차 기록은\n없었습니다.
0x00090974	4	【노리코】\n그런가요……?\n하지만 여기서 조사한 건\n도내 택시뿐이죠?
0x000909d6	3	【노리코】\n어쩌면 인근 지역의 택시를\n탔을 가능성도……
0x00090a46	4	【접수처】\n경찰에서도 같은 생각을 했는지\n인근 택시 센터에도 조사 협조를\n요청했습니다.
0x00090aca	3	【접수처】\n하지만 어디에도 승차 기록은\n없었습니다.
0x00090b17	2	【노리코】\n그럴 수가……
0x00090b5c	3	【접수처】\n……어쩌면\n불법 택시였던 것 아닐까요?
0x00090baf	2	【노리코】\n불법 택시요?
0x00090bf8	5	【접수처】\n저희 택시 센터에는\n택시 영업을 하는 사람에게\n승무원증을 발급하는 역할이\n있습니다.
0x00090c71	5	【접수처】\n즉, 정식 택시 운전기사에 관한\n데이터는\n전부 여기에 있습니다.\n여기에 데이터가 없다는 건……
0x00090cf3	4	【접수처】\n그분이 탄 것은\n영업 허가가 없는 불법 택시,\n즉 불법 택시가 아니었을까 합니다.
0x00090d60	3	【노리코】\n불법 택시라……\n감사합니다!
0x00090dc6	2	【접수처】\n그 밖에 더 필요한 게 있나요?
0x00090e0e	3	【노리코】\n아니요, 없습니다.\n바쁘신 중에 감사합니다.
0x00090e84	5	【접수처】\n저희 택시 센터에는\n택시 영업을 하는 사람에게\n승무원증을 발급하는 역할이\n있습니다.
0x00090efd	5	【접수처】\n즉, 정식 택시 운전기사에 관한\n데이터는\n전부 여기에 있습니다.\n여기에 데이터가 없다는 건……
0x00090f7f	4	【접수처】\n그분이 탄 것은\n영업 허가가 없는 불법 택시,\n즉 불법 택시가 아니었을까 합니다.
0x0009103d	3	【노리코】\n정기 휴일에 대해 알려 주실 수\n있나요?
0x00091095	2	【접수처】\n휴일은 일요일입니다.
0x000912d5	2	【노리코】\n(미야카미 대학 부속 병원이네.)
0x00091319	3	【노리코】\n(미야카미 대학 부속 병원인 만큼\n이 지역에서 가장 큰 병원이야.)
0x00091483	2	【노리코】\n(오늘도 푸른 하늘이 보이네.)
0x000914c9	2	【노리코】\n(…………)
0x00091506	2	【노리코】\n(감상에 젖어 있을 때가 아니야.)
0x00091562	2	【노리코】\n(오늘도 푸른 하늘이 보이네.)
0x00091620	1	대기실
0x00091627	1	대기실
0x00091632	1	［사이토 가요에 대해］
0x00091647	1	［사이토 가요의 사건］
0x0009165e	1	［그 밖에 눈치챈 점］
0x00091673	2	［요시모토 스미카(미즈타니\n아사츠유)에 대해］
0x00091694	1	［아사츠유의 병세에 대해］
0x000916aa	1	［심장 이식 수술의 수상한 점］
0x000916c7	1	［하리마 선생님에 대해］
0x000916dc	1	［미즈타니 아사츠유에 대해］
0x000916f1	1	［휴진일에 대해］
0x000918ad	5	【노리코】\n(대학 부속 병원인 만큼\n사람이 많고 활기가 넘치네……\n라고 말하는 건 조금\n부적절하겠지.)
0x00091925	5	【노리코】\n(그럼……\n미즈타니 씨와 코우지 어머니에\n대해 이야기를 듣고 싶은데,\n어디서 물어보면 좋을까……?)
0x00091996	4	【노리코】\n(코우지 어머니의 사고는\n목격한 간호사분이 있을 거야……\n우선 그분을 찾아보자.)
0x00091a6e	3	【히구치】\n그럼 저는 업무로 돌아가야\n해서……
0x00091abb	3	【노리코】\n네.\n시간을 내 주셔서 감사합니다.
0x00091d2e	4	【노리코】\n(역시 이 정도로 큰 병원이 되면\n간호사분도 많지만,\n모두 너무 바빠 보여……)
0x00091da5	4	【노리코】\n(조금 말을 걸기 어렵지만\n가만히 바라보고만 있을 수도\n없지.)
0x00091e07	2	【노리코】\n……죄송합니다, 잠깐 괜찮을까요?
0x00091e76	2	【간호사】\n네, 무슨 일이신가요?
0x00091eb8	5	【노리코】\n저는 변호사 신조 노리코라고\n합니다.\n바쁘신 중에 죄송하지만,\n여쭤보고 싶은 게 있어서요……
0x00091f54	2	【간호사】\n……어떤 용건이신가요?
0x00091fa7	6	【노리코】\n음…… 5년 전까지 이곳에서\n근무했던\n사이토 가요 씨와,\n지금도 통원 중인 것으로 보이는\n미즈타니 아사츠유 씨……
0x00092020	3	【노리코】\n아니요, 요시모토 스미카 씨에 관한\n건데요……
0x00092071	7	【노리코】\n음…… 5년 전까지 이곳에서\n근무했던\n사이토 가요 씨와, 지금도 통원\n중인 것으로 보이는\n미즈타니 아사츠유 씨에 관한\n건데요……
0x00092119	4	【간호사】\n사이토 씨……?\n5년 전에 옥상에서 떨어져\n돌아가신 그 사이토 씨 말인가요?
0x00092180	3	【노리코】\n네, 네!\n맞아요!
0x000921bf	5	【노리코】\n사실 사이토 가요 씨의 장남인\n사이토 코우지 씨가\n살인 사건의 범인으로 의심받고\n있습니다.
0x00092239	3	【간호사】\n네……\n그런가요……?
0x00092280	8	【노리코】\n하지만 본인은 무죄를 주장하고\n있습니다.\n그리고 무죄를 증명할 정보 중\n하나로\n사이토 가요 씨에 관해\n이야기를 들을 수 있을까\n해서요……
0x00092323	4	【간호사】\n그랬군요……\n제가 아는 범위에서 괜찮다면\n말씀드리겠습니다만……
0x00092388	3	【노리코】\n정말인가요!?\n감사합니다, 도움이 되겠어요!
0x0009240a	3	【간호사】\n그리고 사이토 씨 말고도 한 분 더\n물어보고 싶다고 하셨죠?
0x0009246c	5	【노리코】\n네.\n지금도 통원 중인 것으로 보이는\n요시모토 스미카 씨에 관한\n건데요……
0x000924f3	2	【간호사】\n아, 요시모토 씨……
0x00092534	4	【노리코】\n(어라, 갑자기 목소리가\n낮아졌어……\n뭔가 있는 걸까……?)
0x000925b6	3	【간호사】\n좋아요. 두 분에 관해\n이야기해 드리죠.
0x00092607	3	【노리코】\n네, 네.\n부탁드립니다.
0x00092653	5	【노리코】\n네.\n지금도 통원 중인 것으로 보이는\n미즈타니 아사츠유 씨에 관한\n건데요……
0x000926d9	2	【간호사】\n미즈타니 아사츠유 씨……?
0x00092729	2	【간호사】\n잠시만 기다려 주세요.
0x00092798	5	【간호사】\n환자 명부로 확인해 봤습니다만,\n미즈타니라는 분은 이 병원에\n통원하지 않는 것으로\n보입니다만……?
0x00092818	2	【노리코】\n네, 그런가요……?
0x00092858	4	【노리코】\n그럼……\n사이토 씨에 관한 이야기만이라도\n들려주실 수 있을까요?
0x000928e1	3	【간호사】\n아, 소개가 늦었네요.\n저는 히구치라고 합니다.
0x0009296c	3	【노리코】\n(히구치 씨는 업무 중이야.\n함부로 말을 거는 건 삼가야겠어.)
0x000929cf	3	【노리코】\n히구치 씨, 안녕하세요.\n변호사 신조입니다.
0x00092a51	3	【히구치】\n아, 변호사님.\n오늘은 무슨 일이신가요?
0x00092a9b	4	【노리코】\n네, 오늘도 이야기를 여쭤보고\n싶어서요……\n잠깐 괜찮을까요?
0x00092b09	2	【히구치】\n네, 괜찮습니다.
0x00092b50	5	【노리코】\n지난번에 여쭤보지 못한 게\n있어서요.\n사실 요시모토 스미카 씨에\n대해서도 여쭤보고 싶었습니다.
0x00092bbe	3	【노리코】\n지금도 통원 중인 것으로 알고\n있는데요……
0x00092c2d	2	【히구치】\n아, 요시모토 씨……
0x00092c6c	4	【노리코】\n(어라, 갑자기 목소리가\n낮아졌어……\n뭔가 있는 걸까……?)
0x00092e1e	3	【히구치】\n……잠시 장소를 옮기지 않겠어요?\n여기는 사람들의 출입이 잦아서……
0x00092e7c	3	【노리코】\n(……사람이 많은 곳에서는\n말하기 어려운 내용이라는 뜻이네.)
0x00092ed3	2	【노리코】\n네, 괜찮습니다.
0x00092f1e	2	【히구치】\n그럼, 이쪽으로……
0x000930fa	3	【히구치】\n……잠시 장소를 옮기지 않겠어요?\n여기는 사람들의 출입이 잦아서……
0x00093158	3	【노리코】\n(……사람이 많은 곳에서는\n말하기 어려운 내용이라는 뜻이네.)
0x000931af	2	【노리코】\n네, 괜찮습니다.
0x000931fa	2	【히구치】\n그럼, 이쪽으로……
0x00093393	3	【노리코】\n(복도가 안쪽까지 이어져 있네.\n역시 큰 병원이야……)
0x0009340e	4	【노리코】\n(이 앞에는\n코우지 어머니가 떨어진 옥상이\n있어.)
0x0009346f	2	【노리코】\n(현장에 가 볼까?)
0x000934e7	2	【노리코】\n(그럼 가 보자.)
0x0009353a	2	【노리코】\n(조금 더 여기 있자.)
0x000935b8	2	【노리코】\n(이제 조사를 끝낼까……?)
0x00093670	2	【노리코】\n(오늘은 이 정도로 해 두자.)
0x000936d5	2	【노리코】\n(조금 더 여기 있자.)
0x0009372a	2	【노리코】\n(이제 조사를 끝낼까……?)
0x000937e2	4	【노리코】\n그럼 저는 이만 실례할게요.\n바쁘신데 시간 내주셔서\n감사합니다.
0x0009386b	2	【히구치】\n그럼 저도 업무로 돌아가겠습니다.
0x000938bf	2	【노리코】\n(조금 더 여기 있자.)
0x00093914	3	【노리코】\n(아직 물어봐야 할 게 남아 있어.\n아직 돌아갈 수는 없겠네.)
0x000939c2	4	【노리코】\n미야카미 대학 부속 병원에서 얻은\n정보는\n이런 내용이었어.
0x00093a93	4	【노리코】\n(병원 로비네.\n아이부터 어른까지 여러 사람이\n있어.)
0x00093aeb	4	【노리코】\n(보호자가 있다고 해도\n대부분의 사람은 병이나 부상을\n안고 있는 셈이지.)
0x00093b5b	4	【노리코】\n(병원에 오면 건강이 정말\n소중하다는 걸\n새삼 깨닫게 돼.)
0x00093bc7	4	【노리코】\n(병원 로비네.\n아이부터 어른까지 여러 사람이\n있어.)
0x00093c7c	3	【노리코】\n사이토 가요 씨가 어떤 분이었는지\n말씀해 주실 수 있나요?
0x00093cf4	5	【히구치】\n그녀는 상냥하고 주변을 잘 살피는\n사람이었어요.\n……이렇게 말하면 흔한 표현이라\n가볍게 들릴지도 모르지만요.
0x00093d7b	3	【히구치】\n아이들이 어릴 때 남편을 잃고 나서\n계속 이곳에서 일했죠.
0x00093df3	4	【히구치】\n조금이라도 아이들과 함께할 시간을\n만들고 싶었을 텐데도,\n정말 열심히 일했어요……
0x00093eaa	6	【히구치】\n그런데 갑자기 그 사고가\n일어났어요.\n머리를 심하게 다쳐 의식이 없는\n상태가\n되고 말았습니다.
0x00093f21	3	【노리코】\n그래서 심장 이식 수술이 시행된\n거군요?
0x00093f7b	3	【히구치】\n네, 그녀의 의지……\n아, 아니요. 아무것도 아닙니다.
0x00093fd0	2	【노리코】\n네……?
0x00094012	2	【히구치】\n…………
0x0009404b	5	【노리코】\n(……뭔가 숨기고 있네.\n하지만 아직 더 듣고 싶은 이야기도\n있으니\n억지로 캐묻는 건……)
0x000940fa	3	【히구치】\n그녀는 간호사로서도, 어머니로서도\n훌륭한 사람이었어요.
0x000941b0	5	【노리코】\n사이토 가요 씨가 돌아가시기\n직전에\n작은 사건이 있었다고\n들었습니다.
0x00094238	3	【히구치】\n네!?\n어, 어떻게 그런 일을……!
0x00094282	5	【노리코】\n피의자인 사이토 코우지 씨에게\n들었습니다.\n간호사분들이 서로 이야기하는 것을\n들었다고 하더군요.
0x00094308	3	【히구치】\n……그래.\n그 이야기를 들은 거구나……
0x0009438b	3	【히구치】\n……그래.\n그 이야기를 들은 거구나……
0x00094434	3	【노리코】\n요시모토 스미카 씨에 대해\n여쭤보고 싶은데요……
0x000944a9	4	【히구치】\n그녀는 이 병원에서 심장 이식\n수술을 받았어요.\n아마 2004년이었을 거예요.
0x00094514	3	【노리코】\n사이토 가요 씨가 돌아가신 해와\n같네요.
0x00094587	3	【히구치】\n네, 네……\n그렇죠……
0x000945cb	4	【노리코】\n설마\n사이토 가요 씨의 심장이\n이식된 건가요……?
0x0009464b	4	【히구치】\n……심장 이식의 제공자와\n수혜자 정보는\n비공개로 되어 있습니다.
0x000946cb	5	【히구치】\n저희에게는 비밀 유지 의무가\n있으므로\n그에 대해서는 답변드릴 수\n없습니다.
0x0009472a	5	【노리코】\n입장상 말씀하기 어려운 건 잘 알고\n있습니다.\n하지만 어떻게든 들려주실 수\n없을까요?
0x0009479e	3	【노리코】\n중요한 증거가\n될지도 모릅니다.
0x00094807	2	【히구치】\n…………
0x00094866	5	【히구치】\n……변호사님은 심장 이식 수술을\n할 때\n어떤 방식으로 제공자와 수혜자가\n정해지는지 알고 계신가요?
0x000948f4	3	【노리코】\n아니요……\n잘 몰라서 죄송합니다만……
0x0009494f	4	【히구치】\n……심장 이식 수술을 원하는\n환자분은\n미리 수혜자 등록을 합니다.
0x000949ca	5	【히구치】\n그리고 제공자가 나타나면\n장기 이식 기관에 심장 이식을\n시행하겠다고 연락하고,\n수혜자를 선정하게 됩니다.
0x00094a74	3	【히구치】\n즉, 우리 마음대로\n이식 수술을 할 수는 없는 겁니다.
0x00094ae0	4	【히구치】\n그러니 변호사님이 생각하시는 것\n같은 우연은\n극히 드물다는 점을 알아 두세요.
0x00094b50	3	【노리코】\n……알겠습니다.\n그럼 질문을 바꿀게요.
0x00094b9c	4	【노리코】\n요시모토 스미카 씨가 심장 이식\n수술을 받은 건\n2004년 몇 월 며칠인가요?
0x00094c36	3	【히구치】\n네……?\n그, 그건……
0x00094c87	2	【히구치】\n……10월 22일입니다.
0x00094cdd	4	【히구치】\n죄송하지만\n이 일에 관한 질문은 더 이상\n삼가 주실 수 없을까요……?
0x00094d4d	3	【노리코】\n……알겠습니다.\n대답해 주셔서 감사합니다.
0x00094daf	2	【히구치】\n…………
0x00094e2d	3	【히구치】\n이 일에 대해서는\n더 이상 할 말이 없습니다.
0x00094ef0	2	【히구치】\n지금은 특별히 없네요.
0x00094f97	3	【노리코】\n요시모토 씨의 현재 병세는\n어떤가요?
0x0009500a	4	【히구치】\n아주 순조롭습니다.\n큰 거부 반응도 지금까지 나타나지\n않았고요.
0x00095070	3	【노리코】\n상태가 아주 좋군요.\n안심했어요.
0x000950ee	2	【히구치】\n요시모토 씨는 아주 순조롭습니다.
0x00095190	4	【노리코】\n사실 지난번에 여쭤본\n요시모토 씨의 심장 이식 수술에\n조금 수상한 점이 있어서요……
0x00095232	2	【히구치】\n뭐, 뭔가요……?
0x00095273	4	【노리코】\n그 후 장기 이식 기관에\n문의해서 당일에 심장 이식 수술이\n시행됐는지 확인했는데요……
0x000952f6	2	【히구치】\n……기록이 없었던 거군요.
0x0009533b	2	【노리코】\n네, 맞습니다.
0x00095386	4	【히구치】\n……기록이 없는 건 당연합니다.\n그 수술은 이 병원 안에서\n비밀리에 시행됐으니까요……
0x000953f3	2	【노리코】\n무슨 뜻인가요?
0x00095455	5	【히구치】\n……사이토 씨는 자신에게 무슨\n일이 생기면\n심장을 요시모토 씨에게 주고\n싶다고 바라고 있었습니다.
0x000954d5	4	【히구치】\n하지만 현실적으로는\n제공자가 나타나면\n장기 이식 기관에 연락해야 합니다.
0x00095564	4	【히구치】\n그리고 장기 이식 기관이 선정한\n수혜자에게\n장기가 주어지는 구조입니다.
0x00095600	7	【히구치】\n본인의 의사로 이식 상대를\n지정하는 것은\n범죄를 포함해 여러 문제를\n일으킵니다.\n사이토 씨의 신청이 받아들여질\n가능성은 없었습니다.
0x000956be	6	【히구치】\n……하지만 사이토 씨는 요시모토\n씨에게\n심장을 줄 수 없는지\n주치의 하리마 선생님께 계속\n상담했던 모양입니다.
0x00095749	7	【히구치】\n그리고 사이토 씨가 돌아가셨을 때\n하리마 선생님의 『모든 책임은\n제가 지겠습니다』라는\n한마디로 장기 이식 기관에\n연락하지 않고\n이식 수술이 시행됐습니다.
0x000957eb	3	【노리코】\n그, 그런 건 불법이잖아요……?\n이 병원 원장은 반대하지 않았나요?
0x00095865	4	【히구치】\n하리마 선생님의 실력은 대단해서\n이 병원의 원장 자리를 위협할 만큼\n뛰어났습니다.
0x000958d0	2	【노리코】\n병원의 원장 자리……라고요?
0x00095920	5	【히구치】\n네……\n이런 큰 병원이 되면 차기 원장\n자리를 두고\n여러 세력 다툼이 벌어집니다.
0x000959ab	4	【히구치】\n하지만 하리마 선생님은 자기\n방식대로 하는 분이라\n어느 파벌에도 속하지 않았습니다.
0x00095a1d	5	【히구치】\n그래서 오히려 양쪽 파벌 모두\n하리마 선생님을 자기편으로\n끌어들이려고\n필사적이었던 겁니다.
0x00095a8f	6	【노리코】\n……그렇군요.\n그래서 하리마 선생님이 원장에게\n호소하고\n비밀리에 심장 이식 수술을 한\n거군요.
0x00095b11	4	【히구치】\n네……\n당연히 원장파 이외의 사람들에게는\n비밀로 한 일이지만요.
0x00095b71	3	【노리코】\n그런 사정이었군요……\n대략 이해했습니다.
0x00095bf8	4	【히구치】\n사이토 씨에서 요시모토 씨로의\n이식 수술은\n비밀리에 시행됐습니다.
0x00095cb3	3	【노리코】\n하리마 선생님은 아직 이 병원에\n있나요?
0x00095d26	3	【히구치】\n아니요, 그 이식 수술을 집도한 뒤\n한 달쯤 지나서 실종됐습니다.
0x00095d99	3	【노리코】\n실종이요?\n행방불명인가요!?
0x00095df4	5	【히구치】\n네……\n불법으로 수술한 일을\n후회해서인지, 아니면 원장과\n문제를 일으킨 건지……
0x00095e74	4	【히구치】\n다만 하리마 선생님이 사라진 뒤\n원장 선생님도 퇴직해 버려서\n그 일의 진상은 알 수 없습니다.
0x00095eea	2	【노리코】\n원장의 연락처를 알고 있나요?
0x00095f45	4	【히구치】\n알고는 있지만 의미가 없을 겁니다.\n원장 선생님은 퇴직하자마자\n자살해 버렸거든요.
0x00095fb1	3	【노리코】\n네!?\n자살……?
0x0009601a	5	【히구치】\n네……\n유서도 남기지 않고, 누구에게도\n이유를\n알리지 않은 채……
0x00096074	2	【노리코】\n……………
0x000960af	4	【노리코】\n저기……\n애초에 하리마 선생님은 어떤\n분인가요?
0x00096129	6	【히구치】\n원래는 유럽의 병원에서\n근무했던 모양입니다.\n별로 들어 보지 못한 나라 이름이라\n어느 나라인지는 기억나지\n않지만요……
0x000961b4	5	【히구치】\n젊은 나이에도 유럽 전역에 이름을\n떨친\n심장 이식의 대가였고,\n그 평판은 매우 높았습니다.
0x0009623f	6	【히구치】\n사실 시라카와 이치로 씨의 심장\n이식도\n담당했다고 해서,\n그 인연으로 이 병원에\n초빙됐습니다.
0x000962b2	2	【노리코】\n인연이라면요?
0x00096301	7	【히구치】\n당시 원장님은 원래 시라카와 씨의\n주치의였어요.\n하리마 선생님에게 이식 수술을\n받은 뒤\n일본에서 경과 치료를 받고 싶다고\n부탁했다고 합니다.
0x0009639f	2	【노리코】\n그래서 일본에 오게 된 거군요.
0x000963ef	4	【히구치】\n하리마 선생님이\n시라카와 씨의 사례에 관심이\n있다고 저에게 말한 적이 있어요.
0x00096468	4	【히구치】\n그것도 일본에 온 이유 중\n하나였을지도\n모릅니다.
0x000964b8	2	【노리코】\n관심이요……?
0x00096503	4	【히구치】\n하리마 선생님 정도가 되면\n의사라기보다는\n반은 학자나 다름없거든요.
0x00096562	5	【노리코】\n시라카와 씨나 당시 원장이 돈을\n들여\n이 병원으로 초빙했을\n가능성은……?
0x000965f2	6	【히구치】\n그, 글쎄요…… 저는 그\n정도까지는……\n하지만 하리마 선생님은\n돈에는 별로 관심이 없었던 것\n같아요……
0x00096665	3	【노리코】\n그렇군요, 대략 알겠습니다.\n귀중한 이야기, 감사합니다.
0x000966c0	3	【노리코】\n그런데 하리마 선생님의 사진 같은\n건 없나요?
0x00096734	5	【히구치】\n분명 어딘가에 남아 있을 것\n같은데……\n죄송하지만 바로 찾기는 어려울 것\n같아요.
0x00096798	4	【노리코】\n그럼 찾게 되면 연락해 주실 수\n있을까요?\n명함을 드리고 갈게요.
0x00096813	3	【히구치】\n알겠습니다.\n그럼 찾아 두겠습니다.
0x00096859	2	【노리코】\n잘 부탁드립니다.
0x000968e8	5	【히구치】\n하리마 선생님은\n의사라기보다 학자 타입에 가까운\n분이었지만,\n실력만큼은 확실했습니다.
0x000969ab	3	【노리코】\n미즈타니 아사츠유 씨의 병세에\n대해 여쭤보고 싶은데요……
0x00096a2b	2	【히구치】\n미즈타니 아사츠유 씨인가요……
0x00096a7a	2	【히구치】\n…………
0x00096ac0	3	【히구치】\n그런 이름의 환자분은\n없는 것 같습니다만……?
0x00096b18	2	【노리코】\n어라, 그런가요?
0x00096b8d	3	【히구치】\n미즈타니 아사츠유 씨라는 환자분은\n없습니다.
0x00096c32	3	【노리코】\n이 병원의 휴진일을 알려 주실 수\n있을까요?
0x00096caf	3	【히구치】\n토요일 오후와 일요일이\n휴진입니다.
0x00096d60	2	【코우지】\n…………
0x00096da6	3	【코우지】\n엄마……\n역시 살해당한 건가……?
0x00096e19	5	【노리코】\n뭐라고 단정할 수는 없지……\n실제로 말다툼이라고 해도\n보는 사람에 따라 얼마든지 다르게\n받아들일 수 있고……
0x00096e94	4	【노리코】\n코우지도\n말다툼의 목격 증언 때문에\n고생했잖아?
0x00096efd	3	【코우지】\n뭐……\n확실히 그렇긴 하지만……
0x00096f4f	4	【노리코】\n그보다 신경 쓰이는 건\n말다툼 상대가 말한\n코우지 아버지의 이름이야……
0x00096fd6	2	【코우지】\n……엄마는 역시 알고 있었구나.
0x00097045	4	【코우지】\n당연한가.\n그 수첩을 보면 한눈에 알 수\n있었을 테니까.
0x000970cb	3	【코우지】\n그걸 추궁했기 때문에\n엄마가 살해당한 건가……?
0x00097143	2	【노리코】\n…………
0x00097189	4	【코우지】\n……아니, 살해당했다고 단정하기엔\n일러.\n무엇보다 객관적인 증거가 없어.
0x00097219	3	【노리코】\n하지만 지금 와서\n증거를 찾아내기는 어렵겠지……
0x0009729c	2	【코우지】\n그렇지.
0x000972e0	5	【코우지】\n게다가 피해자인 시라카와\n이치로까지 살해당한 지금\n이 일에 집착하는 건……\n시간 낭비일지도 몰라.
0x00097374	2	【노리코】\n…………
0x000973ea	3	【코우지】\n아사츠유 씨가 환자가\n아니었다고……?
0x00097477	5	【코우지】\n아, 그렇구나.\n미즈타니 아사츠유라는 건\n탐정으로 활동할 때 쓰는\n가명이었지.
0x000974ff	2	【노리코】\n정말, 정신 차려!
0x0009754a	3	【코우지】\n아, 미안.\n평소에는 의식하지 않아서……
0x000975c3	3	【노리코】\n그래서?\n미즈타니 씨의 본명은?
0x0009762e	3	【코우지】\n…………\n사, 사실은 몰라……
0x000976a1	2	【노리코】\n…………
0x000976e7	3	【노리코】\n그럼 우선 거기서부터\n시작해야겠네……
0x0009775b	3	【코우지】\n게다가 또 하나 놓칠 수 없는\n정보도 있어.
0x000977f1	3	【코우지】\n엄마와 아사츠유 씨의 심장 이식\n수술 날짜가 같아……
0x0009786b	2	【코우지】\n이건 이제 확실한 거지.
0x000978d2	4	【노리코】\n나도 그렇게 생각해.\n그리고 말이야, 또 하나 중요한\n정보가 있어.
0x0009794e	3	【코우지】\n중요한 정보?\n뭔데?
0x0009799d	5	【노리코】\n사실 그 후 장기 이식 기관에\n2004년 10월 22일에 심장\n이식 수술 기록이\n있는지 문의해 봤어.
0x00097a47	2	【코우지】\n……설마.
0x00097a8e	4	【노리코】\n그래.\n그날에는\n심장 이식 수술 기록이 없대.
0x00097b0b	2	【코우지】\n…………
0x00097b51	4	【코우지】\n간호사가 거짓말을 하지 않았다면\n병원이 독단적으로 이식 수술을\n했다는 건가?
0x00097bd9	3	【노리코】\n확인해 보지 않으면 모르지만,\n가능성은 높다고 생각해……
0x00097c5c	4	【코우지】\n이건 절대로 그냥 넘길 수 없는\n사실이야!\n확인해 줘!
0x00097cd5	2	【노리코】\n알겠어.
0x00097d40	4	【코우지】\n그렇구나…………\n그 하리마 선생이라는 사람,\n꽤 수상한 인물 같네.
0x00097daa	4	【코우지】\n엄마의 이식 수술뿐 아니라\n시라카와 이치로의 심장 이식도\n맡았던 거야……
0x00097e1a	5	【코우지】\n하지만 그 하리마 선생도 이제는\n행방불명인가……\n이야기를 듣고 싶지만\n어쩔 도리가 없겠네.
0x00097eb0	2	【노리코】\n그렇네……
0x00097f18	4	【코우지】\n잠깐.\n아사츠유 씨라면\n뭔가 알고 있을지도 모르겠네.
0x00097f90	3	【코우지】\n아사츠유 씨에게 이야기를 듣고 와\n줄래?
0x00097ffd	2	【노리코】\n응, 알겠어.
0x0009808e	1	옥상 위쪽
0x0009809a	1	옥상 위쪽
0x00098284	2	【노리코】\n……여기는?
0x000982e4	3	【히구치】\n여기는 사이토 씨가 사고를 당한\n현장입니다.
0x00098341	2	【노리코】\n네……!?
0x0009837c	2	【히구치】\n…………
0x000983c2	4	【히구치】\n그리고 그 직전에\n사이토 씨와 한 남자가 말다툼을\n벌였던 현장이기도 합니다.
0x00098420	2	【노리코】\n…………
0x0009847f	2	【히구치】\n자, 어디서부터 말씀드리면 될까요?
0x000984dc	3	【노리코】\n(코우지 어머니가 사고를 당한\n현장의 옥상이네……)
0x00098752	3	【노리코】\n여기서 대체 무슨 일이 있었던\n건가요……?
0x000987b5	2	【히구치】\n…………
0x000987fb	3	【히구치】\n그때 사이토 씨와 한 남자가\n말다툼을 하고 있었어요……
0x00098865	4	【히구치】\n그 직후 사이토 씨가 옥상에서\n떨어져\n돌아가셨습니다……
0x000988cb	5	【히구치】\n단지, 그게 전부입니다.\n말다툼과 사이토 씨의 사고는\n관련이 없었을지도 모릅니다.\n하지만……
0x00098934	2	【노리코】\n하지만?
0x00098976	4	【히구치】\n말다툼하던 남자의 표정을\n잊을 수가 없어요.\n5년이 지난 지금도……
0x000989fc	6	【히구치】\n드라마에서 흔히\n살의가 어쩌고 하는 이야기가\n나오잖아요.\n그 표정에서 느낀 건 바로\n살의였습니다……
0x00098a70	5	【노리코】\n……그렇다면\n그 남자가 밀어 떨어뜨렸을\n가능성도 부정할 수 없다는\n뜻이군요.
0x00098afa	2	【히구치】\n……네.
0x00098b40	4	【히구치】\n하지만 그 순간을 목격한 건\n아닙니다.\n제 멋대로의 추측일 뿐이에요.
0x00098ba9	4	【노리코】\n알겠습니다.\n어디까지나 가능성 중 하나로\n말씀을 들어 본 겁니다.
0x00098c0e	3	【노리코】\n(코우지 어머니가 말다툼하던\n남자는 누구였을까……?)
0x00098c6e	2	【노리코】\n(……혹시 그 사람 아닐까……?)
0x00098cbb	4	【노리코】\n사이토 가요 씨가 말다툼하던\n남자는\n이분 아닌가요……?
0x00098de5	2	【히구치】\n아니요, 이분은 아닙니다.
0x00098e27	2	【노리코】\n아닌가요……
0x00098e68	2	【노리코】\n그럼 이분인가요……?
0x00098ed5	3	【히구치】\n네, 그분……\n시라카와 이치로 씨입니다.
0x00098f21	2	【노리코】\n…………
0x00098f5a	3	【노리코】\n이분은 제가 조사하고 있는 사건의\n피해자입니다.
0x00098fdd	2	【히구치】\n네……?
0x00099015	2	【노리코】\n…………
0x0009904e	4	【노리코】\n이 사건의 배후에는\n복잡한 인간관계가\n얽혀 있는 것 같아요.
0x000990ab	4	【노리코】\n이렇게 되면 사이토 가요 씨가\n이 남자와 말다툼을 했던 것도\n사건과 관련 있을지 모르겠네요.
0x00099136	2	【히구치】\n…………
0x0009916f	4	【노리코】\n말다툼의 내용은 기억나지\n않으세요……?\n역시 5년 전 일이라……
0x000991dd	4	【히구치】\n…………\n아니요, 한마디뿐이지만 기억하고\n있어요.
0x0009922e	2	【노리코】\n정말인가요……!?
0x0009927b	3	【히구치】\n분명 그녀의 돌아가신 남편 이름이\n그 남자의 입에서 나왔어요.
0x000992ee	3	【히구치】\n『내가 사이토 시로를 죽였다고\n의심하는 건가』라고요.
0x0009933f	2	【노리코】\n네……!?
0x00099387	6	【히구치】\n정말 험악한 이야기를 하고 있구나\n싶었습니다.\n그 후 사이토 씨가 돌아가셨기\n때문에\n계속 기억에 남아 있었어요……
0x00099415	2	【노리코】\n그 일은 경찰에……?
0x00099463	5	【히구치】\n아니요.\n무서워서……\n말했다가는 제가 살해당할 것\n같았거든요……
0x000994c1	2	【노리코】\n…………
0x00099507	6	【히구치】\n하지만 믿을 수 있는\n동료에게만큼은 말하려고 했어요.\n그런데 말하려던 순간 선생님이\n오셔서\n말할 기회를 놓쳤습니다.
0x0009958d	2	【노리코】\n선생님……?
0x000995ee	3	【히구치】\n심장 이식 수술을 집도한\n하리마 나오타다 선생님입니다.
0x0009968e	8	【히구치】\n하리마 선생님에게 한가하게\n잡담하지 말라고\n주의를 받아서,\n그 뒤로는 누구에게도 말할 기회가\n없었어요……\n지금 당신에게 말한 것이\n처음입니다.
0x0009970f	4	【노리코】\n……그렇군요.\n귀중한 정보를 알려 주셔서\n감사합니다.
0x000997d2	3	【히구치】\n이 이야기를 한 건\n당신이 처음입니다.
0x00099887	3	【노리코】\n……귀중한 정보를 알려 주셔서\n감사합니다.
0x000998f9	2	【히구치】\n아니요……
0x00099956	5	【히구치】\n이런 말을 하면 화내실지도\n모르지만 저도 계속 마음속에 숨겨\n두고 있어서 괴로웠거든요……\n조금 편해졌습니다.
0x000999d0	6	【노리코】\n모든 것이 밝혀지면 다시 인사하러\n올게요.\n그때는 분명\n히구치 씨도 마음의 짐을 내려놓을\n수 있을 거예요.
0x00099a56	2	【히구치】\n……감사합니다.
0x00099a97	2	【노리코】\n슬슬 돌아가죠.
0x00099b30	2	【노리코】\n(조금 더 이야기를 들어 보자.)
0x00099bad	3	【노리코】\n(옥상이네. 이 위층에는 병실이\n있나 봐.)
0x00099c07	3	【노리코】\n(코우지 어머니가 이 옥상에서\n떨어졌다고 하는데……)
0x00099c5d	4	【노리코】\n(그 직전에\n시라카와 이치로와 말다툼을 했다고\n하고.)
0x00099cb1	2	【노리코】\n(……진실은 어떻게 된 걸까?)
0x00099d6a	1	직원
0x00099d76	1	크레인 게임
0x00099d84	1	게임
0x00099d8e	1	［미나즈키 코우지에 대해］
0x00099da5	1	［영업 시간에 대해］
0x00099f14	2	【노리코】\n(게임 센터 『어뮤즈 하우스』네.)
0x00099f6d	3	【노리코】\n(혼자 오는 건 처음이네.\n이런 곳은……)
0x00099fc6	2	【노리코】\n(게임 센터 『어뮤즈 하우스』야.)
0x0009a281	2	【노리코】\n이분, 본 적 있으신가요?
0x0009a2f5	3	【직원】\n아, 미나즈키 코우지잖아요.\n우리 가게 단골손님이에요.
0x0009a347	3	【노리코】\n정말인가요!\n아신다면 이야기를 듣기 쉽겠네요.
0x0009a3c4	3	【노리코】\n미나즈키 씨가 이번 달 11일 밤에\n이 가게에 오지 않았나요?
0x0009a433	5	【직원】\n그건\n열흘도 더 전의 일이잖아요……?\n아무래도 그렇게까지는 기억하지\n못해요.
0x0009a49b	3	【노리코】\n그런가요……\n그렇겠죠.
0x0009a4eb	2	【직원】\n그 사람이 무슨 짓이라도 했나요?
0x0009a52b	4	【노리코】\n아니요, 아직은 모릅니다.\n구체적인 정보를 좀처럼 얻지\n못해서요……
0x0009a5a3	3	【직원】\n어라, 잠깐만……?\n11일이라고 하면 그날인가?
0x0009a5fa	2	【노리코】\n뭔가 생각난 게 있으신가요?
0x0009a64d	3	【직원】\n아니, 그 사람은 우리 가게에서\n상당한 실력의 게이머거든요.
0x0009a6b4	5	【직원】\n그런데 오랜만에 대전 게임에서\n져 버렸는지,\n게임 기계에 화풀이한 적이\n있어요……
0x0009a72f	3	【직원】\n레버 상태가 나빠져서\n수리했죠……
0x0009a787	3	【노리코】\n그 수리 기록 같은 게\n남아 있나요?
0x0009a7dd	3	【직원】\n잠시만 기다려 주세요.\n확인하고 오겠습니다.
0x0009a882	3	【직원】\n기다리게 했습니다.\n확실히 11일에 수리를 의뢰했네요.
0x0009a8e2	5	【노리코】\n그렇군요……\n몇 시쯤인지는 아시나요?\n0시 10분부터 1시 사이쯤은\n아닌가요?
0x0009a961	4	【직원】\n음……\n그렇게까지는 잘 모르겠어요.\n심야였다는 건 기억하지만요……
0x0009a9c1	4	【노리코】\n그런가요……\n참고로 그 레버가 망가진\n게임 이름은 뭔가요?
0x0009aa34	3	【직원】\n『너클 스트리트』예요.\n대전 격투 게임입니다.
0x0009aa93	3	【노리코】\n그렇군요.\n감사합니다.
0x0009aaf6	4	【직원】\n미나즈키 코우지는 11일……\n그러니까 10일 심야에 왔던\n모양이네요.
0x0009aba6	3	【노리코】\n이곳의 영업시간을 알려 주실 수\n있나요?
0x0009ac13	4	【직원】\n저희는 기본적으로 쉬지 않습니다.\n볼링장과 노래방도 같은 건물에\n있고 24시간 영업이에요.
0x0009acb5	3	【노리코】\n(여러 가지 게임이 있네……\n시험 삼아 한 번 해 볼까……?)
0x0009ad13	2	【노리코】\n(…………)
0x0009ad50	4	【노리코】\n(그만두자.\n10초 만에 게임 오버가 되면\n다시 일어설 수 없을 것 같아……)
0x0009adcd	2	【노리코】\n(여러 가지 게임이 있네.)
0x0009ae22	4	【노리코】\n(코우지가 꽤 잘했었지……\n여러 인형을 가져다 달라고\n했었는데.)
0x0009ae82	4	【노리코】\n(……아, 저 인형 귀여울지도.\n석방되면 코우지에게 가져다 달라고\n해야지.)
0x0009af00	3	【노리코】\n(코우지가 잘하던 크레인\n게임이네.)
0x0009af53	5	【노리코】\n실례합니다.\n저는 변호사 신조라고 합니다.\n이야기를 여쭤보고 싶은데,\n괜찮을까요?
0x0009afea	3	【직원】\n변호사님?\n무슨 일이신가요?
0x0009b0e9	2	【노리코】\n(이제 조사를 끝낼까……?)
0x0009b1a1	2	【노리코】\n(오늘은 이 정도로 해 두자.)
0x0009b1ee	2	【노리코】\n(조금 더 여기 있자.)
0x0009b243	3	【노리코】\n(아직 물어봐야 할 게 남아 있어.\n아직 돌아갈 수는 없겠네.)
0x0009b2f1	3	【노리코】\n어뮤즈 하우스에서 얻은 정보는\n이런 내용이었어.
0x0009b39b	5	【코우지】\n그렇구나.\n증언만으로 판단하면\n미나즈키는 사건 당일 게임센터에\n갔던 것 같네.
0x0009b429	5	【노리코】\n그래.\n다만 정확한 시간까지는 모르니까\n확실한 알리바이가 되지는\n않지만……
0x0009b4a7	4	【코우지】\n의지할 곳인 게임센터 목격\n증언으로도\n정확한 시간을 알 수 없다면……
0x0009b528	2	【코우지】\n……막다른 길이네.
0x0009b576	2	【노리코】\n그렇네……
0x0009b5bb	4	【코우지】\n어쩔 수 없지.\n이제 아오이에게 이야기를 듣는\n수밖에 없겠어.
0x0009b61a	5	【코우지】\n미나즈키의 성격, 취미, 행동……\n거기서 알리바이를 증명할 만한\n정보가\n나오기를 기대할 수밖에 없어.
0x0009b6c0	3	【노리코】\n……알겠어.\n그럼 아오이 씨의 전화번호는……
0x0009b73a	7	【코우지】\n……아니, 가능하면 직접 물어보고\n와 줘.\n괜히 전화를 걸었다가\n미나즈키 본인에게 우리가 조사\n중이라는 걸\n들키는 게 무서워.
0x0009b7d7	4	【노리코】\n그렇구나……\n하지만 직접 만나서 물으려면\n어떻게 해야 할까?
0x0009b83c	5	【코우지】\n귀찮을지도 모르지만,\n아오이는 미즈타니 탐정사무소 근처\n고등학교에 다니니까,\n거기서 기다리는 게 좋겠어.
0x0009b8c6	2	【노리코】\n응, 알겠어.
0x0009b9cc	4	【코우지】\n어제 검사의 취조가 있었어.\n그런데 놀라울 만큼 싱겁게 끝나서\n맥이 빠졌지만 말이야.
0x0009ba9d	5	【노리코】\n가장 큰 목적은 10일간의\n구류를 청구하는 거니까.\n그걸 위한 죄상 인정 절차 같은\n거야.
0x0009bb56	3	【코우지】\n내 이야기를 조금 더 들어 줘도\n좋았을 텐데 말이야……
0x0009bbb8	4	【노리코】\n결과는 같았을 거야.\n아무리 무죄를 주장해도\n구류됐을 테니까.
0x0009bcb5	3	【코우지】\n어제는 현장 검증에\n끌려갔어.
0x0009bd27	4	【코우지】\n살해 현장이 된 VIP룸에도\n들어가 봤지만\n결국 아무것도 기억하지 못했어……
0x0009bdb6	2	【노리코】\n그렇구나……
0x0009be14	4	【노리코】\n하지만 반대로 생각하면\nVIP룸에 들어가지 않았을\n가능성도 있다는 거지?
0x0009be9b	4	【코우지】\n맞아.\n그래서 VIP룸 문에\n내 지문이 묻어 있었는지 물어봤어.
0x0009bf12	7	【코우지】\n그랬더니 아까 노리코가 보고해 준\n대로\n문에는 지문을 닦아낸 흔적이\n있다고 지적받았어.\n내가 증거 인멸을 위해 한 짓일\n거라고.
0x0009bfcf	2	【노리코】\n그래서 경찰은?
0x0009c019	5	【코우지】\n뻔뻔하게 반박해 왔어.\n문에는 지문을 닦아낸 흔적이\n있었고 내가 증거 인멸을 위해 한\n짓일 거라고 하더라.
0x0009c0bd	2	【노리코】\n지문을 닦아낸 흔적……
0x0009c139	4	【코우지】\n이제 내가 VIP룸에\n들어가지 않았다는 걸 증명하기가\n더 어려워졌어.
0x0009c1bc	6	【코우지】\n이렇게 된 이상\n착실하게 목격 증언을 찾아볼\n수밖에 없겠어.\n그래서 노리코에게 부탁하고 싶은\n게 있어.
0x0009c23f	4	【코우지】\n라이트 블루의 직원들에게 탐문해서\nVIP룸에 들어간 인물의\n목격 증언을 정리해 줬으면 해.
0x0009c2ed	4	【노리코】\n라이트 블루에서 목격 증언을\n조사하는 거네.\n응, 알겠어.
0x0009c3dd	4	【코우지】\n어제 취조에서 추궁받은 건\n내가 정말 술에 곯아떨어져 기억을\n잃었던 게 맞느냐는 거였어.
0x0009c470	4	【코우지】\n술에 곯아떨어져 있었다고 주장할\n거면\n증거를 가져오라고 하더라.
0x0009c4f9	4	【노리코】\n술에 곯아떨어져 있었다는 증거……\n이제 와서 음주 검사를 할 수도\n없고……
0x0009c58c	3	【코우지】\n제삼자에게 내가 취해 있었다고\n증언하게 할 수밖에 없겠지.
0x0009c5f4	4	【코우지】\n우선 아사츠유 씨는 분명 내가\n곯아떨어져 있었던 걸 알고 있으니\n증언해 주겠지.
0x0009c683	3	【코우지】\n……아니, 나를 곯아떨어지게 만든\n장본인이 아사츠유 씨니까.
0x0009c705	2	【노리코】\n하지만 그것만으로는 약하겠지.
0x0009c76d	3	【코우지】\n그렇지.\n여러 사람의 증언이 필요해.
0x0009c7c7	4	【노리코】\n미즈타니 씨 말고\n코우지가 취해 있었다고\n증언해 줄 만한 사람은?
0x0009c84e	4	【코우지】\n나는 카운터에 있었으니\n바의 마스터가 나를 기억하고\n있을지도 몰라.
0x0009c8b5	5	【노리코】\n그렇구나……\n그럼 이 일은\n미즈타니 탐정사무소에 가서\n미즈타니 씨에게 듣거나……
0x0009c936	4	【노리코】\n라이트 블루에 가서\n마스터에게 증언을 부탁하는\n방향이면 될까?
0x0009c99e	2	【코우지】\n그래, 그 정도면 되겠지.
0x0009c9ea	3	【코우지】\n그리고 어제 취조에서는\n재미있는 일이 있었어……
0x0009ca48	6	【코우지】\n이번 사건을 담당하는 미우라\n형사의 상사인\n콘도 형사라는 사람이 있는데,\n그 녀석이 사법 거래를 제안해\n왔어.
0x0009cae9	2	【노리코】\n네, 그래?
0x0009cb31	4	【코우지】\n자백하면 살인죄가 아니라\n상해치사죄로 입건하도록\n검사에게 손을 써 주겠다고 하더라.
0x0009cbd8	2	【노리코】\n…………
0x0009cc1e	2	【노리코】\n저기, 그건……
0x0009cc81	2	【코우지】\n재미있지?
0x0009cce4	4	【노리코】\n그러고 보니 콘도 형사는\n누마사키 소장님과 마찬가지로\n피해자와 동급생이었지.
0x0009cd87	4	【코우지】\n……정말인가?\n우연이라고 하기에는\n너무 잘 맞아떨어지는데……
0x0009cef6	4	【코우지】\n어제 취조는 정말 난감했어……\n엄청난 게\n내 집에서 나왔거든.
0x0009cf7d	2	【노리코】\n뭔데……?
0x0009cfdc	5	【코우지】\n피해자의 명함이야.\n이걸로 나와 피해자가 면식이\n있었다는 게\n물리적으로 증명돼 버렸어……
0x0009d08e	4	【노리코】\n네!?\n하지만 코우지, 피해자는\n만난 적이 없잖아!?
0x0009d0fd	3	【코우지】\n그래, 전혀 기억이 없지만……\n나온 물건은 어쩔 수 없지……
0x0009d187	3	【코우지】\n그래서 말인데,\n명함을 조사해 줬으면 해.
0x0009d201	3	【노리코】\n명함을 조사한다고?\n그걸 조사해서 어떻게 하게?
0x0009d25f	4	【코우지】\n명함은 회사 주소가 바뀌거나\n이미지를 바꾸면\n디자인이 달라지기도 하잖아?
0x0009d2e4	4	【코우지】\n명함을 받았다면\n적어도 최근 것은 아니라고\n생각해.
0x0009d369	5	【코우지】\n내가 기억하지 못한다는 건\n완전히 만취했을 가능성을 제외하면\n몇 년 전…… 아니, 십수 년 전일\n수도 있어……
0x0009d412	4	【노리코】\n알겠어.\n명함을 받은 시기를\n조사하고 싶은 거구나.
0x0009d490	4	【노리코】\n그래서 코우지가 가지고 있던\n명함 디자인이 어떤 느낌이었는지\n기억나?
0x0009d51e	4	【코우지】\n아……\n어젯밤 종이에 적어 뒀어.\n이런 느낌의 명함이었어.
0x0009d5d2	3	【노리코】\n잠깐만.\n디지털 카메라로 기록할게.
0x0009d62c	4	【노리코】\n이걸로 됐어.\n그럼 이 일은\n시라카와 빌딩에 가서 물어볼게.
0x0009d6ed	2	【코우지】\n그래, 잘 부탁해.
0x0009d761	4	【노리코】\n아, 그러고 보니\n시라카와 빌딩에 갔을 때\n직원분 명함을 받았었지.
0x0009d7f3	3	【코우지】\n그래?\n잠깐 보여 줘.
0x0009d85f	2	【노리코】\n잠깐만…… 자, 여기.
0x0009d8f4	2	【코우지】\n…………
0x0009d92d	2	【코우지】\n완전히 디자인이 다르네.
0x0009d974	3	【노리코】\n……그러네.\n이건 조사해 볼 가치가 있겠어.
0x0009daa1	4	【코우지】\n어제 취조에서는\n사건 당일 VIP룸에 들어간\n인물에 관한 이야기를 들었어.
0x0009db14	4	【코우지】\n경찰이 확인한 범위에서는\nVIP룸에 들어간 관계자는\n피해자를 제외하고 4명이야.
0x0009db9d	5	【코우지】\n내 상사인 아사츠유 씨,\n살해 현장을 보존한 콘도 형사,\n그리고 누마사키 변호사와 젊은\n남자야.
0x0009dc1c	5	【코우지】\n경찰은 VIP룸에 들어간 네 사람\n중\n탐문으로 파악한 젊은 남자가\n나라고 생각하는 모양이야.
0x0009dcab	3	【코우지】\n그러니 이 남자의 정보를\n누마사키 변호사에게 물어봐 줘.
0x0009dd2b	6	【코우지】\n시라카와 그룹의 고문 변호사라면\n당일 VIP룸에서 피해자와 만나기로\n한\n인물의 정보를 알고 있을지도\n모르잖아?
0x0009ddea	3	【코우지】\n어쩌면 이 젊은 남자가\n그 사람일지도 모르고.
0x0009de49	4	【노리코】\n……알겠어.\n이 일은 사무소로 돌아가서\n소장님께 이야기를 들어 볼게.
0x0009df45	3	【코우지】\n어제 취조에서\n새로운 증거를 들이밀더라.
0x0009dfc8	3	【노리코】\n또 뭔가 나왔어!?\n뭐였는데?
0x0009e021	4	【코우지】\n아버지의 수첩이야.\n거기에 엄청난 내용이\n적혀 있었어.
0x0009e082	3	【코우지】\n『나는 시라카와 이치로에게\n노려지고 있다』
0x0009e0dc	7	【코우지】\n『만약 나에게 무슨 일이\n생긴다면……\n그게 아무리 자연스럽게 보이는\n일이라도\n시라카와의 손에 의한 일이라고\n생각해 줬으면 한다』……라고.
0x0009e180	2	【노리코】\n그럴 수가…… 그건……
0x0009e1e6	3	【코우지】\n……내 아버지가 돌아가신 건\n지금으로부터 20년쯤 전이야.
0x0009e24a	5	【코우지】\n그때 나는 다섯 살이라\n아버지가 돌아가신 이유나\n구체적인 이야기는 지금까지\n몰랐어.
0x0009e2ea	3	【코우지】\n하지만 경찰은\n그렇게 생각해 주지 않는 모양이야.
0x0009e341	5	【코우지】\n이 수첩을 보면\n내가 아버지의 복수로\n피해자를 죽였다고 볼 수도 있겠지\n라고 하더라.
0x0009e3e2	4	【노리코】\n……하지만\n코우지는 그런 걸\n몰랐던 거잖아?
0x0009e45a	4	【코우지】\n그래.\n하지만 아무리 몰랐다고 해도\n경찰은 믿어 주지 않아.
0x0009e4d9	2	【노리코】\n어떻게 하지……
0x0009e53a	2	【코우지】\n어쩔 수 없어.
0x0009e583	4	【코우지】\n굳이 말하자면\n그 수첩이 나온 내 방을 조사해서\n뭔가 증거를 찾는 수밖에 없어.
0x0009e605	4	【코우지】\n내가 그 수첩을\n지금까지 한 번도 본 적이 없었다는\n증거를……
0x0009e68b	2	【노리코】\n……알겠어.
0x0009e6d4	4	【노리코】\n아무튼 코우지 방에 가서\n뭔가 증거를 찾아오는 것부터\n시작하자.
0x0009e762	2	【코우지】\n그렇지……
0x0009e7c1	3	【코우지】\n내 아파트는 후지시로초의\n포레스트 하임 201호야.
0x0009e82f	4	【코우지】\n1층 가장 안쪽에 집주인 아저씨가\n사니까\n거기서 열쇠를 빌릴 수 있을 거야.
0x0009e8a9	4	【코우지】\n1층 가장 앞쪽에 집주인 아저씨가\n사니까\n거기서 열쇠를 빌릴 수 있을 거야.
0x0009e91b	2	【노리코】\n알겠어.
0x0009e9e2	3	【코우지】\n어제 취조에서 얻은 정보는\n특별히 없었어.
0x0009ea48	5	【코우지】\n굳이 말하자면\n기소돼서 재판에서 무죄를 받아 낼\n확률은 0.1퍼센트 이하라고\n들었어.
0x0009eaea	4	【노리코】\n그렇네…… 지금 사법 제도\n아래에서는\n무죄를 입증하기가 대단히 어려워.
0x0009eb8a	3	【노리코】\n하지만 재판원 제도가 도입되면\n조금은 상황이 바뀔지도 몰라.
0x0009ec05	5	【노리코】\n동시에 취조의 가시화에 대해서도\n논의되고 있어서\n취조 모습을 카메라로 촬영하는\n방안도 있는 모양이야.
0x0009ec8d	5	【노리코】\n그렇게 되면 강제로 자백을 받아\n내는 일도\n없어질 테고\n조금은 나아질 것 같지만.
0x0009ed06	4	【코우지】\n뭐, 그렇게 생각하면\n미우라의 취조는 아직 나은\n편인지도 모르겠네.
0x0009ed68	4	【코우지】\n적어도 나한테 억지로 자백하라고\n몰아붙이지는 않으니까.\n……재촉하기는 하지만.
0x0009ee64	4	【코우지】\n어제 취조에서는\n미우라에게 부탁해서 아버지 수첩을\n한 번 더 보여 달라고 했어.
0x0009eef5	3	【코우지】\n그 안에서 신경 쓰이는 걸\n발견했어……
0x0009ef61	2	【노리코】\n뭐라고 적혀 있었는데……?
0x0009efb0	4	【코우지】\n시라카와 이치로가 예전에\n심장병을 앓았던 것 같다는 내용이\n적혀 있었어……
0x0009f03d	5	【코우지】\n그렇게 흔한 말도 아닌데\n사건의 여러 국면에서 이 이야기가\n나와……\n정말 우연일까……?
0x0009f0c9	3	【노리코】\n……뭐라고 말하기 어렵네.\n우연이라고 해도 설명은 되니까.
0x0009f133	4	【코우지】\n왠지 마음에 걸려……\n내가 너무 깊이 생각한 거라면\n다행이지만……
0x0009f1bf	4	【노리코】\n알겠어.\n어떤 정보도 놓치지 않도록\n나도 신경 써 둘게.
0x0009f245	2	【코우지】\n그래, 고마워.
0x0009f310	3	【코우지】\n어제 취조에서는\n특별한 정보를 얻지 못했어.
0x0009f388	4	【코우지】\n굳이 말하자면\n반론할 수 있는 것도 내일까지라고\n통보받았을 뿐이야……
0x0009f47e	3	【코우지】\n어제 미우라가 사과하더라.\n미안했다고 말이야.
0x0009f4f6	3	【노리코】\n그건 증거를 송검하지 않은 일\n때문이야?
0x0009f553	4	【코우지】\n그래.\n무슨 의도로 사과한 건지는\n모르겠지만.
0x0009f5b8	4	【코우지】\n조금 캐물어 봤는데\n계속 미안하다고 사과하기만\n하더라……
0x0009f639	4	【노리코】\n사과한다는 건\n적어도 코우지에게\n미안하다고 생각한다는 뜻이겠지.
0x0009f6a2	3	【노리코】\n고의였는지 우연이었는지,\n고의라면 누구의 의지였는지……
0x0009f717	3	【코우지】\n그 대신이라고 할 수는 없겠지만\n경찰 정보를 들었어.
0x0009f77d	6	【코우지】\n경찰도 영상에 찍힌 그림자 인물의\n정체를\n아직 특정하지 못했고,\n나 말고도 용의자로 의심하는\n사람이 있다는 정도지만 말이야.
0x0009f839	3	【노리코】\n미우라 형사가 코우지를\n조금 배려해 주게 됐다는 뜻이야?
0x0009f8be	5	【코우지】\n글쎄, 아직은 뭐라고 말하기\n어렵지만.\n어차피 이 뒤에 또 취조야.\n이쪽에서도 여러 가지를 캐 봐야지.
0x0009f94e	3	【코우지】\n그리고 피해자가 살아 있는 상태로\n목격된 시각을 잘 알아냈어.
0x0009f9c9	4	【코우지】\n0시쯤……\n내가 말다툼을 했다고 증언한\n콘도에게서 들은 정보인 모양이야.
0x0009fa3c	4	【노리코】\n0시쯤……\n그러니까 범행 시각은 0시부터\n44분 사이란 거네.
0x0009faac	2	【코우지】\n그런 뜻이야.
0x0009fb75	6	【코우지】\n어제 취조에서 알게 된 게 하나\n있어.\n제출되지 않았던 방범 카메라\n영상은 콘도 형사가 한 짓이었다는\n거야.
0x0009fc17	3	【노리코】\n뭐……\n그게 일부러였다는 뜻이야……?
0x0009fc95	3	【코우지】\n그 말투로 미루어 봐도\n틀림없다고 생각해.
0x0009fd0f	4	【코우지】\n게다가 그 녀석은 앞으로 유효한\n증거가 나와도\n없애 버릴 거라고 협박까지 했어.
0x0009fdae	4	【노리코】\n그건 너무나 명백한 불법 행위잖아!\n그냥 넘어갈 필요 없어!\n내가 항의하고 올게!
0x0009fe5b	5	【코우지】\n그만둬.\n증거는 이미 없애 버렸을 테고,\n괜히 소란을 피우면 노리코에게까지\n피해가 갈 거야.
0x0009fee7	2	【노리코】\n괜찮아, 그런 건!
0x0009ff4b	5	【코우지】\n부탁이야, 참아 줘.\n이 일에 함부로 움직이면\n지금까지의 조사가 전부 물거품이\n될 수도 있어.
0x0009ffe1	4	【코우지】\n상대는 경찰이야.\n신중하게 상황을 지켜보면서\n진의를 파악하고 빈틈을 찾아야 해.
0x000a0074	5	【노리코】\n무슨 뜻이야……?\n이번 사건이 경찰 조직까지 움직일\n만큼\n큰 사건이라는 거야?
0x000a0107	5	【코우지】\n글쎄, 그건 모르겠어.\n하지만 이 일에 관해서는\n우리에게 할 수 있는 일이 아무것도\n없어.
0x000a018d	3	【코우지】\n그러니까 유효한 증거가 나와도\n경찰에 제출할 때는 신중하게 하자.
0x000a0223	2	【노리코】\n하지만, 그러면……!
0x000a026f	4	【코우지】\n알고 있어.\n나도 당하고만 있는 건\n성미에 안 맞아.
0x000a02e6	3	【코우지】\n찾아내고 말 거야……\n돌파구를.
0x000a03e5	5	【코우지】\n어제 취조에는 미우라가 없었어.\n대신 요시모토 형사의 취조를\n받았는데,\n거기서 뜻밖의 이야기를 들었지.
0x000a0487	4	【코우지】\n놀랍게도 요시모토 형사와 아사츠유\n씨는\n친남매라는 거야.
0x000a0502	2	【노리코】\n뭐, 정말이야!?
0x000a0566	5	【코우지】\n그래.\n요시모토 형사는 탐정을 시작한\n뒤의 아사츠유 씨를 몹시 싫어하는\n모양이야.
0x000a05f2	5	【노리코】\n탐정이란 직업을\n야쿠자 같은 장사로 보는 모양이네.\n요시모토 형사, 분명 꽤 고지식한\n사람이겠지.
0x000a065b	2	【코우지】\n(네가 할 말이냐……)
0x000a06a9	6	【코우지】\n하지만 아사츠유 씨와 요시모토\n형사가\n남매라는 사실에서\n어떤 인물의 정체로 이어지는\n단서를 얻을 수 있었어.
0x000a0776	5	【코우지】\n아사츠유 씨와 요시모토 형사가\n남매라서\n정체에 대한 단서를 얻을 수 있었던\n인물은……!?
0x000a08ac	2	【코우지】\n(아니야, 그런 게 아니야!)
0x000a090c	5	【코우지】\n(아사츠유 씨와 요시모토 형사가\n남매라면\n아사츠유 씨의 진짜 성을 알 수\n있잖아……?)
0x000a097b	3	【코우지】\n(그와 관련된 인물이 있었을 거야.\n그건……!?)
0x000a0a43	5	【코우지】\n아사츠유 씨와 요시모토 형사는\n남매.\n그리고 『미즈타니 아사츠유』는\n업무용 가명……
0x000a0abe	3	【코우지】\n아사츠유 씨의 본명은\n요시모토라는 뜻이야.
0x000a0b47	4	【노리코】\n……그렇다면\n『요시모토 유미』라는 아이는\n미즈타니 씨의 딸……!?
0x000a0bec	4	【코우지】\n아니, 거기까지는 몰라.\n하지만 뭔가 관계가\n있는 게 아닐까 싶어.
0x000a0c58	4	【코우지】\n여기까지 정보가 모였으니\n아사츠유 씨도 이제는\n진실을 말해 주겠지.
0x000a0ce4	3	【코우지】\n요시모토 유미에 대해\n아사츠유 씨에게 물어봐 줄래?
0x000a0d5d	2	【노리코】\n……알겠어.
0x000a0eda	3	【코우지】\n자, 어디서부터 이야기해야\n할까……
0x000a0f47	3	【노리코】\n어머, 이번에는 정보가 많은\n모양이네.
0x000a0fb8	2	【코우지】\n아니, 별로 대단한 건 아닌데……
0x000a1020	4	【코우지】\n이야기가 앞뒤로 뒤섞이겠지만\n노조미에게 들은 이야기부터 해\n볼까.
0x000a1081	3	【코우지】\n시라카와 신지에게는 고등학교 시절\n좋아했던 사람이 있었던 모양이야.
0x000a10e3	4	【코우지】\n두 학년 위 선배였다고 해.\n하지만 사랑이 이루어지지는 않았던\n모양이고.
0x000a1150	4	【코우지】\n게다가 원래 신장이 좋지 않아서\n자신이 오래 살지 못하리라는 것도\n알고 있었던 모양이야.
0x000a11dc	4	【코우지】\n그런 상황에서 이식 수술이\n결정되어 유럽으로 갔지만\n그대로 세상을 떠나고 말았어……
0x000a126d	4	【노리코】\n……안타깝네.\n희망을 품고 유럽으로 갔을\n텐데……
0x000a12d3	2	【코우지】\n그렇지……
0x000a1332	3	【코우지】\n그리고, 여기서부터는\n어제 취조 이야기인데……
0x000a138e	3	【코우지】\n어제도 미우라가 없어서\n요시모토 형사의 취조를 받았어.
0x000a140c	3	【코우지】\n거기서 그……\n조금 설교를 했지.
0x000a1487	3	【노리코】\n설교!?\n피의자가 형사에게!?
0x000a14ed	5	【코우지】\n아니, 아사츠유 씨를 험담하길래.\n그건 아사츠유 씨에게 의존하고\n있을 뿐이라고……\n그렇게 말했어. 하하하.
0x000a1587	2	【노리코】\n……코우지답네.
0x000a15ec	2	【코우지】\n그, 그런가……?
0x000a1636	4	【노리코】\n적당히 사는 것처럼 보이면서\n문득 깊은 인생관을\n말하곤 하지.
0x000a16bd	3	【노리코】\n……무슨 생각을 하는지\n알 수가 없어.
0x000a1711	2	【코우지】\n왜, 왜 삐지는 거야.
0x000a177b	2	【노리코】\n삐진 거 아니야!
0x000a17e1	3	【코우지】\n네, 네……\n그렇군요, 네.
0x000a184d	4	【노리코】\n……그래서\n요시모토 형사는?\n화내지는 않았어?
0x000a18c9	4	【코우지】\n아, 아아……\n마지막에는 평범하게 이야기했다고\n생각해……
0x000a1949	2	【노리코】\n…………
0x000a19a8	3	【코우지】\n……왜, 왜 말이 없어?\n화난 거야……?
0x000a1a12	3	【노리코】\n아니.\n어이없어 하는 것뿐이야.
0x000a1a7e	2	【코우지】\n그, 그렇구나……
0x000a1adf	3	【노리코】\n그래서 요시모토 형사에게서는\n정보를 얻지 못한 거야?
0x000a1b42	3	【코우지】\n그래, 설교가 효과가 있었는지\n아버지의 수첩을 보여 주더라.
0x000a1bc9	5	【코우지】\n거기에 적혀 있던 것 중에서\n마음에 걸린 건\n『시라카와 신지』『출신\n고등학교』라는 말이야.
0x000a1c3e	3	【노리코】\n……이제 와서 자주 듣네.\n시라카와 신지라는 이름……
0x000a1ca2	5	【코우지】\n그래서 신경이 쓰였어.\n요시모토 형사의 말로는\n시라카와 신지의 출신 고등학교가\n오인 고등학교라는 모양이야.
0x000a1d3c	4	【노리코】\n오인 고등학교라면……\n아카네 씨와 아오이 씨가 다니는\n고등학교?
0x000a1db8	6	【코우지】\n맞아.\n어디선가 들어 본 이름이라고\n생각했는데\n사무소 근처에 있는\n고등학교였구나.
0x000a1e2d	3	【코우지】\n하지만 알고 있었던 이유는\n그것만이 아니야.
0x000a1e85	5	【코우지】\n생각났어.\n오인 고등학교는\n우리 엄마의 모교이기도 하다는\n걸……
0x000a1f09	3	【노리코】\n그, 그런 거야……!?\n정말 우연이네.
0x000a1f81	3	【코우지】\n아니, 이걸 단순한 우연으로\n끝내도 되는 걸까?
0x000a1fdf	2	【노리코】\n…………!?
0x000a2029	4	【노리코】\n그러고 보니 시라카와 신지 씨가\n좋아했던 상대는\n두 살 연상의 선배……!?
0x000a20c3	5	【코우지】\n……조사를 해 줬으면 해.\n오인 고등학교에 가서\n우리 엄마와 시라카와 신지에\n대해……
0x000a2153	2	【노리코】\n……알겠어.
0x000a221e	3	【코우지】\n……어제 취조에서 미우라가\n돌아왔어.
0x000a2291	4	【노리코】\n그건…… 반갑지 않네.\n그런데 미우라 형사님은\n지금까지 어떻게 했던 걸까?
0x000a2301	4	【코우지】\n그게 아무래도\n아사츠유 씨에게 불려 갔던\n모양이야.
0x000a235f	2	【노리코】\n미즈타니 씨에게?
0x000a23a6	4	【코우지】\n뭐든지 어떤 이야기를\n들었다고 하더라.\n내용까지는 알려 주지 않았지만.
0x000a241a	4	【코우지】\n그리고 아사츠유 씨에게서\n그 방범 카메라에 찍힌\n영상을 받았다고 해.
0x000a24a3	2	【노리코】\n미즈타니 씨…… 역시 대단하네.
0x000a24f1	4	【코우지】\n그래.\n그리고 그 영상을\n오늘 보여 주기로 했어.
0x000a256c	4	【코우지】\n한번 더 찬찬히 보고\n그림자의 정체를 밝힐 단서를\n찾아보려고.
0x000a25db	3	【노리코】\n그렇구나……\n뭔가 알아내면 알려 줘.
0x000a2649	2	【코우지】\n그래, 기대하고 있어.
0x000a2731	3	【노리코】\n어땠어?\n방범 카메라 영상은.
0x000a2786	2	【코우지】\n음…… 아아……
0x000a27e8	3	【노리코】\n어라,\n말투가 별로 시원하지 않네……?
0x000a2840	3	【코우지】\n……실은 그 그림자의 정체가\n콘도 형사라는 사실이 밝혀졌어.
0x000a28ca	3	【노리코】\n뭐!?\n그렇다면……
0x000a2932	2	【코우지】\n아니, 그런데 그게 아니야.
0x000a2982	3	【코우지】\n나는 그 그림자가\n권총에 지문을 묻힌 줄 알았어……
0x000a29f7	5	【코우지】\n하지만 아니었어.\n콘도 형사는 부정의 증거를\n회수하려고\n카운터에 다가간 거야.
0x000a2a94	2	【노리코】\n부정의 증거……?
0x000a2b01	5	【코우지】\n아사츠유 씨가 준비한 모양이야.\n부정의 증거가 필요하면\n찾으러 오라고 미리 콘도에게 전해\n둔 거지.
0x000a2b86	4	【코우지】\n이걸로 범행 도구에 묻은 지문\n문제는\n다시 원점으로 돌아가 버렸어.
0x000a2c01	4	【코우지】\n오늘 취조에서\n콘도와 이야기를 하게 돼 있어.\n거기서 결판을 내고 올게.
0x000a2c8a	3	【노리코】\n…………\n너무 무리하지는 마……
0x000a2d7c	2	【코우지】\n콘도 형사가 부정에 대해 자백했어.
0x000a2ded	5	【코우지】\n결국 콤플렉스였던 거야.\n자기는 밑바닥에서 올라와 더 이상\n출세할 수 없는데,\n한편으로 계속 출세하는 친구……
0x000a2e9d	5	【코우지】\n그때 피해자에게\n사건을 무마해 달라는 부탁을\n받고는 자신이 대등해졌다고 착각한\n거지.
0x000a2f2f	4	【코우지】\n그 일을 계기로\n계속해서 부정에 손을 대게 된\n모양이야……
0x000a2fb0	4	【노리코】\n……구원받을 수는 없지만……\n그래도 자신의 콤플렉스를\n제대로 인정한 거네, 콘도 형사.
0x000a3020	4	【코우지】\n그렇지.\n뭐, 남 걱정할 처지는 아니지만\n말이야, 나는.
0x000a30ec	3	【코우지】\n이 뒤에 아사츠유 씨가\n와 주기로 했어.
0x000a3149	4	【코우지】\n콘도 일도 마무리됐으니\n이번 일에 대해 고맙다고 말하고\n싶어.
0x000a31c6	5	【노리코】\n그렇구나……\n하지만 미즈타니 씨는\n다른 정보도 많이 알고 있을 것\n같네.
0x000a3232	5	【코우지】\n그래, 그것도 어떻게든 알아내고\n싶어.\n이제 시간도 없고\n체면 차릴 때가 아니니까!
0x000a32c1	3	【코우지】\n그리고 무엇보다\n그 확인을 하지 않으면……
0x000a339b	4	【코우지】\n어제는 미우라에게 질문했어.\n경찰의 정보를 알아내기 위해서\n말이야.
0x000a341e	2	【노리코】\n어떤 질문?
0x000a3470	4	【코우지】\n우리 엄마는 지금부터 5년 전에\n병원 옥상에서 떨어져\n돌아가셨어……
0x000a34de	4	【코우지】\n당시에는 사고로 처리됐지만\n사실 시라카와 이치로에게\n떠밀렸을 가능성이 있어.
0x000a355a	4	【코우지】\n이 일에 대해\n경찰에 정보가 남아 있지 않은지\n알고 싶어.
0x000a35cc	6	【코우지】\n피해자의 남동생은\n신장 이식 수술을 받으러 유럽에\n갔지만\n수술에 실패해 의식이 없는 상태가\n됐다고 해.
0x000a366b	5	【코우지】\n그 결과 시라카와 신지의 심장은\n형에게 이식됐지만\n그 수술이 고의로 이루어졌을\n가능성이 있어.
0x000a36f5	4	【코우지】\n이 사건에 대해\n경찰이 뭔가 알아낸 게 없는지\n알고 싶다.
0x000a376d	4	【코우지】\n라이트 블루 안에서 총성이 울려\n퍼져\n사건이 발각됐어.
0x000a37e2	5	【코우지】\n하지만 나는 이 총성이\n외부에서 난 소리일 가능성이\n있다고 추리해서\n관계자들의 알리바이를 무너뜨렸어.
0x000a3869	3	【코우지】\n그런데 그 소리 자체는\n아직 증거품으로 발견되지 않았어.
0x000a38d6	3	【코우지】\n즉 현재로서는\n내 망상으로 치부될 가능성도 있어.
0x000a3948	3	【코우지】\n경찰이 뭔가 정보를\n확보하고 있는지 알고 싶은 거야.
0x000a39ae	2	【코우지】\n……라는 거야.
0x000a39f5	2	【노리코】\n……확실히 신경 쓰이는 일이네.
0x000a3a50	4	【코우지】\n대답은 내일이래.\n……오랜만에 해 질 무렵이\n기다려져.
0x000a3c07	3	【코우지】\n어제는 모르는 여자아이가\n접견하러 왔어.
0x000a3c7c	3	【노리코】\n아, 그건\n피해자의 딸 아니야?
0x000a3ce4	3	【노리코】\n이름은 분명…… 노조미.\n그래, 시라카와 노조미 씨.
0x000a3d43	2	【코우지】\n그래, 역시 그랬구나……
0x000a3da9	6	【노리코】\n내가 시라카와 저택에서 나오려 할\n때\n그 아이가 말을 걸었어.\n피의자를 만나고 싶은데 어떻게\n해야 하냐고.
0x000a3e2d	4	【노리코】\n하지만 피해자 가족은 피의자를\n만날 수 없다고 했더니\n몹시 낙담하더라고.
0x000a3eba	5	【노리코】\n그래서 아무렇지 않은 척\n변장해서 들키지 않게 가면\n어떻겠냐고\n혼자 중얼거렸는데……
0x000a3f43	3	【코우지】\n한동안 못 본 사이에\n강해졌네, 노리코도.
0x000a3fb7	3	【노리코】\n어, 그, 그게……!\n……역시 말하지 않는 게 좋았을까?
0x000a4036	5	【코우지】\n아니, 괜찮아.\n그래서 그 아이가 그렇게 모자를\n깊이\n눌러쓰고 왔구나.
0x000a40c0	5	【코우지】\n돌아갈 때 한마디로 『살인자』라고\n한 건\n상당히 충격적이라고 할까,\n조금 슬펐지만 말이야……
0x000a4161	6	【코우지】\n뭐, 그 아이에게는\n아버지를 죽인 범인에게\n『살인자』라고\n말하는 것만으로도 조금은\n마음이 풀릴지 모르지.
0x000a41f8	3	【코우지】\n그렇게 해서 마음을 추스르면\n좋을 텐데……
0x000a4268	2	【노리코】\n…………
0x000a42ae	3	【노리코】\n상냥하네……\n젊은 여자아이에게는.
0x000a431c	3	【코우지】\n그런 식으로 말하지 마!\n나는 누구에게나 상냥하다고.
0x000a4383	2	【노리코】\n그렇게 해 두기로 할까.
0x000a43eb	2	【코우지】\n……후우.
0x000a444a	5	【노리코】\n하지만 그 아이가 모자로 얼굴을\n가리고까지\n여기까지 온 이유는 신경\n쓰이네……
0x000a44da	4	【코우지】\n아아, 그렇지.\n『살인자』라고 말하기 위해서만\n일부러 찾아올까……?
0x000a454d	2	【코우지】\n조금 알아봐 줄 수 있겠어?
0x000a45b5	2	【노리코】\n알겠어.
0x000a467c	3	【코우지】\n어제도 피해자의 딸,\n시라카와 노조미가 찾아왔어.
0x000a4702	3	【코우지】\n그런데 아무래도\n상태가 이상하달까……
0x000a4775	2	【코우지】\n돌아갈 때 웃으면서 나갔거든.
0x000a47e2	3	【노리코】\n웃으면서……?\n왜?
0x000a484a	3	【코우지】\n음……\n잘 모르겠어……
0x000a48b8	4	【노리코】\n혹시\n코우지가 범인이 아니라고\n생각한 걸까?
0x000a4930	5	【코우지】\n아니, 그렇다면 오히려 반대일걸.\n나는 내가 범인이라고 생각하게\n만들 만한\n이야기를 했으니까……
0x000a49a8	2	【노리코】\n그랬어……?
0x000a49f0	6	【코우지】\n『나를 원망해서 마음이 풀린다면\n실컷 원망해도 돼.\n그 편이 더 빨리 회복할 수 있을\n거야』라고\n말했어.
0x000a4a8f	2	【노리코】\n…………
0x000a4aee	3	【코우지】\n마지막에 왜 웃었는지\n전혀 모르겠어……
0x000a4b67	5	【노리코】\n……그건 말이지,\n그 아이는 역시 코우지가 범인이\n아니라고\n이해했기 때문이야.
0x000a4bd4	3	【코우지】\n뭐, 어떻게?\n그럴 리가 없다고 생각하는데……
0x000a4c46	2	【노리코】\n…………
0x000a4c8c	5	【노리코】\n이렇게 날카로운 추리력을 갖고\n있으면서\n왜 사람 마음에 대해서는\n이렇게 둔감한 걸까……
0x000a4d0c	3	【코우지】\n……응?\n무슨 뜻이야?
0x000a4d74	2	【노리코】\n아니, 아무것도 아니야.
0x000a4e62	2	【코우지】\n어제도 노조미가 왔어.
0x000a4ec9	2	【노리코】\n……지금 이름으로만 불렀지?
0x000a4f35	4	【코우지】\n……응?\n왜 그래, 노리코?\n표정이 무서운데?
0x000a4f96	3	【노리코】\n그런가?\n그래서 노조미 씨가 뭐라고 했어?
0x000a4ffb	3	【코우지】\n(뭔가 화난 것 같기도 한데,\n뭐, 됐나.)
0x000a507a	4	【코우지】\n노조미는 처음부터 나를\n범인이 아니라고\n생각하고 있었던 모양이야.
0x000a50e4	3	【코우지】\n그 근거를 물어봤더니\n흥미로운 의견이 돌아왔어.
0x000a5166	2	【노리코】\n그래? 어떤 건데?
0x000a51ad	3	【코우지】\n내가 권총을 사용했다는 게\n이상하다는 거야.
0x000a5231	4	【코우지】\n사소한 이야기지만\n곰곰이 생각해 보면 확실히\n이상하지.
0x000a5295	6	【코우지】\n나를 함정에 빠뜨리고 자신은\n경찰에 잡히지 않은 채\n도망치려면, 진범은 치밀하게\n계획을 세워\n실행했을 거야.
0x000a532a	6	【코우지】\n그런데 총성 때문에 범행이\n발각됐어……\n범행 도구와 범행 시각까지\n알려지고 그때 붙잡힐 위험도\n커졌을 거야.
0x000a53c4	3	【노리코】\n……그렇구나.\n듣고 보니 확실히 이상하네.
0x000a541e	4	【노리코】\n하지만 반대로 생각하면\n어쩌면 진범은 총성을\n들려주고 싶었던 걸지도 모르겠네?
0x000a54af	3	【코우지】\n뭐……?\n지금 뭐라고 했어……?
0x000a5520	4	【노리코】\n뭐……\n진범은 총성을\n들려주고 싶었던 걸까…… 하고……
0x000a55a8	2	【코우지】\n…………
0x000a5607	3	【코우지】\n그렇구나, 그런 거였어……\n드디어 수수께끼가 풀렸어……
0x000a5683	2	【노리코】\n어, 무슨 뜻이야……?
0x000a56ea	5	【코우지】\n노리코가 말한 대로\n진범은 장내 손님들에게\n총성을 들려주고 싶었던 걸지도\n몰라……
0x000a5766	4	【코우지】\n총성과 어떤 사실이\n모순된다는 점에서\n추리할 수 있어……
0x000a584c	4	【코우지】\n장내에 총성이 울려 퍼졌어.\n하지만 이것은 어떤 사실과 모순돼.\n그걸 보여 주는 단서는……?
0x000a5994	2	【코우지】\n(그건 아니야!)
0x000a59ef	4	【코우지】\n(VIP룸은 기밀성이 높아서\n여러 가지 협의에도 사용됐다고\n해.)
0x000a5a57	4	【코우지】\n(그래서 마련된 방음 설비가\n있었겠지?\n그건……?)
0x000a5b24	4	【코우지】\n……미우라가 말했어.\n아무리 방음 설비가 되어 있어도\n총성은 새어 나올 거라고.
0x000a5ba6	3	【코우지】\n확실히 그 말이 틀린 건 아닐지도\n몰라.
0x000a5c1a	6	【코우지】\n하지만 방음 설계가 된 방에서 새어\n나온 총성을\n총성이라고 분명히 인식할 수 있는\n사람이\n얼마나 될 것 같아?
0x000a5cdf	3	【노리코】\n……확실히 보통은 그게 총성이라고\n생각하지 않을지도……
0x000a5d81	5	【코우지】\n대부분의 사람에게 총성은\n일상과 동떨어진 소리야.\n그런데도 총성이라는 걸 알아차리고\n관계자들이 VIP룸으로 달려갔어.
0x000a5e32	6	【코우지】\n이걸 설명할 수 있는 가능성 중\n하나로\n문을 열어 둔 채 발포했다고\n생각하는 게\n자연스럽지 않을까?
0x000a5ee6	5	【노리코】\n뭐!?\n설마……\n문을 열어 둔 채 발포하다니 말도\n안 돼!
0x000a5f59	3	【노리코】\n그건 자신의 범행을\n장내에 알리는 것과 같잖아!
0x000a5fee	5	【코우지】\n맞아.\n실제로 장내에 있던 관계자들은\n총성을 알아차리고\nVIP룸으로 달려갔어.
0x000a6077	3	【코우지】\n이 모든 것이 범인의\n의도였다면……?
0x000a61ab	3	【노리코】\n왜 범인은 총성을\n들려주고 싶었던 걸까……?
0x000a6227	4	【코우지】\n그건 나도 몰라.\n단순히 범인의 실수일지도\n모르고……
0x000a628a	5	【코우지】\n……아니, 뭔가 의미가 분명히 있을\n거야……\n이렇게 치밀하게 준비한 진범이\n경솔한 행동을 할 리가 없어……
0x000a6338	4	【코우지】\n여기가 사건의 수수께끼를 푸는\n실마리야!\n기어코 밝혀내고 말겠어……!
0x000a63b9	4	【코우지】\n다만 문을 열어 둔 채 범행을\n저질렀다면\n신경 쓰이는 점이 하나 있어.
0x000a6423	2	【노리코】\n신경 쓰이는 점?
0x000a646a	4	【코우지】\n총성 외에 VIP룸 안의 소리가\n밖으로 새어 나오지는 않았을까\n하는 점이야.
0x000a64e2	3	【노리코】\n피해자와 다투던 때의\n비명 소리 같은 거?
0x000a6549	2	【코우지】\n아아, 그렇지.
0x000a6591	5	【코우지】\n뭐, VIP룸에 들어가자마자\n발포했다면\n비명을 지를 틈도 없었을 수\n있지만……
0x000a663a	5	【코우지】\n하지만 평소 VIP룸 안에서\n소리가 나는 것, 예를 들면 BGM\n같은 거 말이야.\n그런 건 없었을까?
0x000a66d9	5	【노리코】\n그런데 VIP룸에서 흘러나오던\nBGM이\n장내와 같은 곡이었다면\n특별히 신경 쓰이지 않았겠지?
0x000a676c	4	【코우지】\n맞아.\n그 점까지 포함해서 영업처에\n확인해 와 줬으면 해.
0x000a67d6	2	【노리코】\n알겠어.
0x000a689d	3	【코우지】\n어제도 노조미가 왔어.\n조사를 돕고 싶다고 하더라.
0x000a691c	3	【노리코】\n뭐!?\n그건 위험하지 않아?
0x000a6971	5	【코우지】\n나도 그렇게 생각했어.\n하지만 내가 거기서 거절해도\n멋대로 조사하려고 할지도\n모르잖아.
0x000a69ea	4	【코우지】\n그렇다면 내 감시 아래 두는 편이\n나을지도 모른다고 생각해서\n간단한 도움을 받기로 했어.
0x000a6a89	2	【노리코】\n…………
0x000a6ae8	4	【코우지】\n괜찮아.\n기껏해야 시라카와 집안에 관한\n이야기를 듣는 정도야.
0x000a6b57	3	【노리코】\n으, 응……\n그렇다면 괜찮지만……
0x000a6c2d	3	【코우지】\n어제는 노리코가 연락해 준 덕분에\n아사츠유 씨가 접견하러 와 줬어.
0x000a6cb8	4	【코우지】\n그래서 드디어 사건 발생 당시\n내가 뭘 하고 있었는지\n알게 됐다고 할까……
0x000a6d25	3	【코우지】\n그래도 기억으로 남아 있는 건\n얼마 되지 않지만……
0x000a6da4	3	【노리코】\n그래도\n조금은 불안이 사라지지 않았어?
0x000a6e14	3	【코우지】\n그래.\n마음이 한결 편해졌어.
0x000a6e62	4	【코우지】\n그리고 아사츠유 씨와 여러 가지\n이야기를 했는데\n조금 의외인 정보도 들었어.
0x000a6ece	4	【코우지】\n우선 첫 번째.\n아사츠유 씨와 피해자는\n아는 사이였던 모양이야.
0x000a6f53	3	【노리코】\n그래?\n그거 흥미로운 이야기네.
0x000a6fbe	2	【노리코】\n어라, 그렇다면……
0x000a700b	5	【코우지】\n그래.\n생각하고 싶지는 않지만\n아사츠유 씨도 유력한 용의자\n후보야.
0x000a7098	2	【노리코】\n…………
0x000a70de	3	【코우지】\n그런 표정 짓지 마.\n그 부분은 냉정하게 생각하자고.
0x000a7153	2	【노리코】\n으, 응……
0x000a71b3	5	【노리코】\n하지만 피해자와 미즈타니 씨는\n어떤 관계였을까……?\n설마 살의를 품을 정도로 깊은\n관계였던 걸까……?
0x000a7245	4	【코우지】\n좀 더 캐물어 보려고 했는데\n능숙하게 얼버무려졌다는\n느낌이었어.
0x000a72b7	2	【노리코】\n그렇다면 소장님께 물어볼까?
0x000a7308	6	【노리코】\n소장님은 시라카와 그룹의 고문\n변호사고\n피해자와도 오래전부터 아는\n사이였던 것 같으니\n뭔가 알고 있을지도 몰라……
0x000a73ba	4	【코우지】\n그렇구나, 그런 방법이 있었네!\n그래, 기회가 되면\n물어봐 줄 수 있겠어?
0x000a743f	2	【노리코】\n응, 알겠어.
0x000a74a1	5	【코우지】\n그리고 두 번째 정보인데……\n술에 취해 쓰러진 나는 아사츠유\n씨의 어깨를 빌려\n택시에 태워졌던 모양이야.
0x000a752b	3	【코우지】\n이 부분은 노리코가 알려 준 정보와\n같네.
0x000a7597	3	【노리코】\n그래.\n이제 객관적인 증거만 남았네……
0x000a75fe	4	【코우지】\n일단 어제 아사츠유 씨에게 들은\n참고가 될 만한 정보는 이 정도인\n것 같아.
0x000a7704	5	【코우지】\n어제도 아사츠유 씨가 왔어.\n변호사가 된 계기와\n그만두게 된 계기에 대해 이야기해\n줬지.
0x000a7780	2	【코우지】\n아사츠유 씨는……
0x000a77e2	3	【노리코】\n아, 코우지.\n그 이야기는 하지 않아도 돼.
0x000a7852	2	【코우지】\n어…… 왜?
0x000a789b	3	【노리코】\n그건 미즈타니 씨가\n코우지에게만 한 이야기잖아?
0x000a78f8	4	【노리코】\n사적인 이야기는\n함부로 말하지 않는 편이 좋다고\n생각해……
0x000a7964	2	【코우지】\n…………
0x000a79c3	3	【코우지】\n그런 뜻이라면\n특별히 할 말은 없네……
0x000a7a1f	4	【노리코】\n응, 알겠어.\n그 이야기가 사건과 연결되면\n그때 들려 줘.
0x000a7aa7	3	【노리코】\n그때까지는 코우지 마음속에\n간직해 둬.
0x000a7afc	2	【코우지】\n……그래, 그럴게.
0x000a7be4	2	【코우지】\n어제 신타로가 접견하러 왔어.
0x000a7c54	3	【노리코】\n누마사키 준이 왔다고?\n뭐라고 하던데?
0x000a7cab	3	【코우지】\n아니, 특별한 말은 없었어.\n그냥 격려차 왔다더라.
0x000a7d28	3	【노리코】\n그래……!?\n둘이 꽤 친했나 보네.
0x000a7d9c	3	【코우지】\n응?\n별로?
0x000a7dfc	3	【노리코】\n어?\n어라?
0x000a7e5b	4	【코우지】\n뭐, 오랜만에 그리운 얼굴을 봤지.\n잠깐이나마 구류 중이라는 사실도\n잊을 정도였어.
0x000a7f00	4	【코우지】\n여기서 나가면\n다시 인사하러 가겠다고\n전해 줘.
0x000a7f83	2	【노리코】\n응, 알겠어.
0x000a810d	2	【코우지】\n어제 또 신타로가 왔어……
0x000a817c	3	【노리코】\n아, 또 왔구나.\n역시 친한 사이였네?
0x000a81f1	2	【코우지】\n…………
0x000a8250	3	【노리코】\n…………?\n왜 그래, 코우지?
0x000a82a6	2	【코우지】\n…………
0x000a8370	6	【신타로】\n우리 회사에는 유능한 변호사가\n많다.\n그중에서 이 사건을 맡을 실력 있는\n변호사를\n보내 줄 수도 있어.
0x000a83ed	4	【신타로】\n어느 정도 편의를 봐줄 수도 있지.\n그런데도 그녀를 고집한다면\n그건 네 이기심이야.
0x000a84e2	2	【코우지】\n……있잖아, 노리코.
0x000a852e	3	【코우지】\n……조금 생각해 봤는데\n이런 일은 이제 그만두는 게 어때?
0x000a85a9	3	【노리코】\n뭐……?\n무슨 뜻이야?
0x000a8613	4	【코우지】\n나는 말이야,\n노리코가 훌륭한 변호사가\n됐으면 해.
0x000a8684	2	【노리코】\n…………
0x000a86ca	5	【노리코】\n무슨 뜻이야?\n이 사건에 관여하면\n내가 훌륭한 변호사가 될 수 없다는\n거야?
0x000a873d	4	【코우지】\n노리코 말이야……\n지금 변호사 사무실에서\n꽤 기대받고 있다며.
0x000a87c1	4	【코우지】\n그렇다면 내 변호 같은 게 아니라\n더 큰 일을 하는 편이\n좋지 않을까 싶어서……
0x000a8872	5	【노리코】\n더 큰 일……?\n더 큰 일이 뭔데……?\n왜 코우지 변호가 별것 아니란\n거야!?
0x000a88f8	5	【노리코】\n코우지 변호는 나에게\n무엇보다 중요한 일이야!\n그런데…… 왜 코우지가 그런 말을\n해!?
0x000a897b	2	【코우지】\n아……
0x000a89be	3	【노리코】\n나는 그렇게 못 미더워!?\n코우지에게 도움이 안 되고 있어!?
0x000a8a23	3	【코우지】\n아, 아니야…… 달라, 노리코……\n신뢰니 뭐니 그런 뜻이 아니야……
0x000a8aaf	3	【노리코】\n아니, 됐어……\n알고 있어……
0x000a8b02	5	【노리코】\n미안해……\n내 실력이 부족한 거지……\n코우지의 추리를 내 조사가\n따라가지 못하는 거지……
0x000a8b7f	3	【노리코】\n알고 있었어……\n하지만 나에게는 이게 한계라서……
0x000a8bde	3	【노리코】\n……그래도 코우지를 위해\n조금이라도 도움이 되고 싶어서……
0x000a8c56	5	【코우지】\n그게 아니야, 노리코!\n노리코의 조사에 불만 같은 건\n없어!\n다만……
0x000a8cdf	3	【노리코】\n그럼 왜 내가 안 되는 건데!?\n다만 뭐가 어쨌다는 거야!
0x000a8d59	2	【코우지】\n노, 노리코……
0x000a8dbb	4	【노리코】\n코우지……\n이제…… 숨기는 건 그만해……\n더는 나를 두고 가지 마……
0x000a8eaa	4	【노리코】\n코우지……\n왜…… 왜 아무 말도 없이\n사라져 버리는 거야……?
0x000a8f08	3	【노리코】\n이런 편지만으로는……\n전해지지 않아, 코우지……
0x000a8fd5	2	【코우지】\n…………
0x000a9034	3	【노리코】\n……미안해……\n울고불고해서……
0x000a90a8	4	【코우지】\n……나는\n노리코에게 너무 의지하고 있는 것\n같아.
0x000a9107	4	【코우지】\n지금 우리 관계를\n하고 있는 일에 비춰 보면\n피의자와 변호사 사이가 아니잖아?
0x000a9180	5	【코우지】\n원래 변호사는 스스로 생각하고\n조사하고 변호해서……\n성공하든 실패하든\n그 결과를 스스로 받아들여야 해.
0x000a922b	2	【코우지】\n하지만 지금 우리의 관계는 달라.
0x000a9283	4	【코우지】\n노리코는 내 지시대로 움직여\n주는데 만약 변호에 실패하면\n그건 노리코의 오점이 돼.
0x000a9307	4	【코우지】\n그리고 한 번 생긴 오점은\n내가 어떻게 행동해도\n지울 수 없어.
0x000a93a2	5	【코우지】\n……그걸 나는 견딜 수 없어.\n내 탓에 노리코 인생에 오점을\n남길지도\n모른다는 건 참을 수가 없어……
0x000a9486	2	【노리코】\n……그런 뜻이었구나……
0x000a94d2	2	【코우지】\n…………
0x000a9518	4	【노리코】\n……그때도 이렇게 말해 줬다면\n이렇게 불안해하지 않아도\n됐을 텐데……
0x000a95b5	4	【노리코】\n저기, 코우지.\n내가 지금 제일 싫은 게 뭔지\n알아?
0x000a9632	3	【코우지】\n……이야기의 흐름으로 보면\n내가 너에게 숨기는 것인가?
0x000a9699	4	【노리코】\n아니, 더 근본적인 거야.\n그건 말이지,\n코우지가 솔직해지지 않는 거야.
0x000a9721	3	【노리코】\n『노리코…… 미안해……\n말없이 떠나는 나를 용서해 줘……
0x000a978e	5	【노리코】\n하지만 나는\n노리코에게 폐를 끼치고 싶지\n않아……\n훌륭한 변호사가 돼』
0x000a9808	2	【노리코】\n기억나……?
0x000a9851	3	【코우지】\n……내가 5년 전에\n노리코에게 보낸 편지잖아?
0x000a98cd	4	【노리코】\n그래……\n그때 내가 가장 슬펐던 건\n코우지가 사라진 게 아니야.
0x000a993b	4	【노리코】\n코우지의 힘이 되어 주지 못한 게\n가장 슬펐어……\n분했어.
0x000a99bf	4	【코우지】\n……그러니까 이번에는 사양하지\n말라고\n하는 거야?
0x000a9a3a	3	【노리코】\n물론이지.\n다시 말할게.
0x000a9a8b	3	【노리코】\n내가 제일 싫은 건\n코우지가 솔직해지지 않는 거야.
0x000a9aed	3	【노리코】\n경력에 오점이 생기는 건\n그다음 문제야.
0x000a9b4e	4	【노리코】\n그래도 코우지가\n나를 담당에서 제외하겠다면\n그야말로 코우지의 이기심이야.
0x000a9bd3	2	【노리코】\n……아니야?
0x000a9c38	2	【코우지】\n…………
0x000a9c7e	5	【코우지】\n……미안해, 노리코.\n우리에게 가장 중요한 걸 이해하는\n데\n5년이나 걸린 것 같아……
0x000a9d19	2	【코우지】\n힘내자, 둘이서.
0x000a9d7f	2	【노리코】\n응, 힘내자. 둘이서……
0x000a9dfe	3	【노리코】\n이제 그때처럼\n갑자기 사라지는 건 안 돼……
0x000a9e78	3	【코우지】\n아아……\n정말 그때의 나는 너무 약했어……
0x000a9ed5	4	【코우지】\n자신감을 잃고\n무의식중에\n이사 업체에 전화를 걸었지.
0x000a9f4d	5	【코우지】\n아직 다음 방도 정하지 않은\n상태였는데 말이야.\n서둘러 방을 정하자마자\n이사 업체가 바로 왔고……
0x000a9fee	3	【코우지】\n알아?\n이사 업체 사람들 정말 대단해.
0x000aa058	4	【코우지】\n우리가 물건을 정리해 두지 않아도\n그 자리에서 척척 상자에\n담아 주더라고.
0x000aa0cb	4	【코우지】\n이건 엄마 유품이라고\n대충 지시하기만 하면\n눈 깜짝할 사이에 포장이 끝나.
0x000aa14b	3	【코우지】\n그건 정말 프로의 솜씨라고\n생각했어.
0x000aa1b8	3	【노리코】\n……저기!\n그런 건 아무래도 좋아!
0x000aa228	3	【코우지】\n아, 확실히 그렇네.\n미안……
0x000aa31f	2	【코우지】\n어제도 신타로가 왔어.
0x000aa389	3	【노리코】\n뭐……\n그래서……?
0x000aa3da	4	【코우지】\n말해 줬어.\n우리는 각자의 의지로 움직이고\n있고 그건 누구도 막을 수 없다고.
0x000aa46c	2	【노리코】\n그, 그래……
0x000aa4b3	4	【코우지】\n……응.\n그 녀석에게 그렇게 선언한 이상\n힘내야지.
0x000aa516	3	【노리코】\n……응.\n맞아!
0x000aa5fd	3	【코우지】\n어제는 아카네와 아오이라는\n여고생 둘이 접견하러 왔어.
0x000aa689	2	【노리코】\n뭐, 여고생……?
0x000aa6f9	4	【노리코】\n여고생이라면\n혹시 미즈타니 탐정사무소에\n있던 아이들 말이야?
0x000aa76b	2	【코우지】\n아아, 만난 적이 있구나.
0x000aa7ba	4	【코우지】\n우리 사무소 근처에 고등학교가\n있는데\n그곳 탐정 동아리 부원 두 명이야.
0x000aa836	5	【코우지】\n예전에 길 가던 사람을 습격하는\n범인에게\n당할 뻔한 걸 구해 준 적이\n있거든.
0x000aa8a9	3	【코우지】\n그 뒤로 우리 사무소에 드나들면서\n탐정 기술을 가르쳐 달라고 하더라.
0x000aa942	2	【노리코】\n그, 그렇구나……
0x000aa9a5	3	【코우지】\n아사츠유 씨는 말이야,\n나 말고는 다 상냥하거든.
0x000aaa06	5	【코우지】\n우리가 맡은 의뢰에 깊이 관여하지\n않는다는\n조건으로 사무소에 드나드는 걸\n허락하고 있어.
0x000aaa99	3	【코우지】\n가끔 전화를 받게 하기도 해서\n나도 깜짝 놀라곤 해.
0x000aab14	5	【노리코】\n그렇구나……\n장래에는 코우지의 후배가 될지도\n모르는\n아이들이라는 거네.
0x000aaba0	3	【코우지】\n아니, 아사츠유 씨에게는\n그럴 생각이 없는 모양이야.
0x000aabf7	4	【코우지】\n오히려 이 일의 고충을\n가까이서 보여 주고\n바른길로 이끌려는 것 같아.
0x000aac83	3	【코우지】\n하지만 지금은\n둘 다 의욕이 넘치던데.
0x000aacfa	4	【노리코】\n……완전히 역효과라고 생각해.\n코우지 같은 재미있는 사람이 있는\n사무소라면.
0x000aae09	2	【코우지】\n어제도 여고생 콤비가 왔어.
0x000aae79	2	【노리코】\n아, 맞다 맞아.
0x000aaec1	5	【노리코】\n어젯밤 갑자기\n미나즈키 아오이라는 아이에게서\n휴대폰으로 연락이 와서 깜짝\n놀랐어.
0x000aaf44	3	【노리코】\n코우지에게 부탁받았다고\n하던데……
0x000aafb7	4	【코우지】\n아아, 맞아.\n둘의 대화를 듣다가\n뜻밖의 사실을 알게 됐거든.
0x000ab028	4	【코우지】\n사건 당일 VIP룸에 들어갔다는\n코우지라는 이름의 젊은 남자가\n아오이의 오빠일 가능성이 높아.
0x000ab0c1	5	【노리코】\n전화로 아오이 씨에게 들었어.\n오빠가 사건 당일 현장에 갔는지\n확인해 달라고 코우지에게\n부탁받았다고 하더라.
0x000ab149	4	【코우지】\n결과를 빨리 알고 싶었거든.\n변호사에게 전화로 알려 달라고\n부탁했는데…… 어땠어?
0x000ab1e2	5	【노리코】\n맞았어.\n아오이 씨의 오빠인\n『미나즈키 코우지』 씨는\n그날 라이트 블루에 갔대.
0x000ab27b	3	【코우지】\n그럼 빙고잖아!\n좋아…… 운이 따라 주는데!
0x000ab35b	3	【코우지】\n어제는 미나즈키 코우지가\n접견하러 왔어.
0x000ab3cd	3	【노리코】\n뭐……\n직접 찾아온 거야?
0x000ab41d	5	【코우지】\n궁금한 게 있으면\n변호사를 시키지 말고 직접\n물어보라며\n도전적인 태도로 말하더라.
0x000ab496	4	【코우지】\n그래서 몇 가지 물어봤어.\n먼저 그날 왜 라이트 블루에\n갔는지부터.
0x000ab520	3	【노리코】\n흥미롭네.\n그래서?
0x000ab56e	5	【코우지】\n피해자에게 불려 갔대.\n『또 시라카와 설계로 장난치지\n않을래』라는\n말을 들었다더라.
0x000ab5e6	3	【코우지】\n다음 주 월요일부터 다시 일하게\n됐다고 말이야.
0x000ab654	3	【노리코】\n그런 이야기를\n왜 하필 심야의 바에서 했을까……
0x000ab6d3	4	【코우지】\n나도 그렇게 생각했지만\n『그런 건 모르겠어』라고\n대답하더라.
0x000ab73a	5	【코우지】\n다만 피해자가 카무플라주가 어쩌고\n하면서\n뜻을 알 수 없는 말도 했던\n모양이야.
0x000ab7b5	3	【노리코】\n카무플라주?\n……무슨 뜻일까?
0x000ab80c	3	【코우지】\n나도 모르겠어.\n일단 보류하자.
0x000ab87b	4	【코우지】\n어쩔 수 없이 그 이유로\n왜 시라카와 설계를 빼앗았는지도\n물어봤어.
0x000ab8ef	3	【코우지】\n그랬더니 피해자가 싫어서라고\n아주 직설적인 대답이 돌아왔어.
0x000ab968	3	【코우지】\n피해자 때문에\n인생이 엉망이 됐다고까지 하더라.
0x000ab9ea	4	【노리코】\n너무 대담한 말을 하는\n사람이네…… 용의자로 몰려도 할\n말이 없겠어.
0x000aba6f	4	【코우지】\n그건 그렇다 치고\n그날 하루 뭘 했는지도\n물어봤는데……
0x000abaed	5	【코우지】\n16시까지는 집에 있다가\n그 뒤 게임센터에 가서\n23시가 지나 게임센터를 나와\n현장으로 향한 모양이야.
0x000abb71	6	【코우지】\n이야기가 끝난 뒤에는 게임센터에\n들러\n한 판 하고 돌아왔다고 해.\n집에 도착한 건 1시 30분이\n넘어서였고.
0x000abbf1	3	【코우지】\n그 사이의 알리바이를\n증명해 줄 사람은 없다고 하더라.
0x000abc6e	2	【노리코】\n그렇구나……
0x000abcd7	4	【코우지】\n마지막으로 그날 옷차림을 물었더니\n『지금 입고 있는 옷』이라고\n하더라.
0x000abd47	3	【코우지】\n적어도 그 영상에 찍힌 옷과는\n다른 옷이었다고 해.
0x000abdc7	3	【노리코】\n그것만 알아내도\n큰 수확일지 모르겠네.
0x000abe33	3	【노리코】\n다만 그 사람이 한 말이\n사실인지는 모르지만……
0x000abeae	4	【코우지】\n그래.\n어떻게든 확인할 수 있으면\n좋겠는데.
0x000ac031	2	【코우지】\n그리고……
0x000ac0f8	4	【코우지】\n어제 노조미에게\n누마사키 변호사와 시라카와\n야스요의 관계를 이야기해 줬어.
0x000ac17f	3	【노리코】\n그렇구나……\n노조미 씨, 충격이었을까?
0x000ac1f0	4	【코우지】\n글쎄……\n내 앞에서는 애써 태연하게\n행동하더라.
0x000ac276	4	【코우지】\n그래도 노조미가\n스스로 마주해야 할 문제야.\n잘 이겨 내면 좋겠는데.
0x000ac308	2	【노리코】\n그렇네……
0x000ac3cf	4	【코우지】\n어제 노조미에게\n요시모토 유미가 아사츠유 씨와\n시라카와 신지의 딸이라고 말했어.
0x000ac441	3	【코우지】\n그랬더니 흥미로운 이야기를\n알려 주더라.
0x000ac4b1	2	【노리코】\n뭐, 어떤 이야기……?
0x000ac517	5	【코우지】\n심장 이식을 받은 사람은\n원래 심장 주인의 기억을\n이어받는 경우가 있을지도 모른다는\n이야기야……
0x000ac5a3	3	【코우지】\n실은 구치소 도서실에 있는 책에서\n비슷한 이야기를 읽은 적이 있거든.
0x000ac624	4	【노리코】\n심장이 기억을 이어받는다고……?\n그런 일이 가능해?\n정말로?
0x000ac698	3	【코우지】\n어떨까.\n다만……
0x000ac6e4	4	【코우지】\n노조미도 요시모토 유미를\n시라카와 빌딩 사장실에서\n본 적이 있는 모양인데……
0x000ac74d	5	【코우지】\n어쩌면 시라카와 신지의 심장을\n이어받은 피해자에게서\n아버지의 모습을 본 게 아닐까\n싶어.
0x000ac7d6	3	【노리코】\n설마……\n그런 일이……
0x000ac83e	2	【코우지】\n당장은 믿기 힘든 이야기지만……
0x000ac92d	5	【코우지】\n노조미에게 시라카와 이치로가\n재혼하게 된 계기는 첫눈에\n반해서였다고\n말했더니 뜻밖이라는 반응이더라.
0x000ac9d1	6	【노리코】\n그럴 만도 하지.\n피해자에 대해서는\n가정보다 일, 강압적인 경영을\n했다는\n이야기뿐이니까.
0x000acae5	4	【코우지】\n노조미에게 들은 시라카와 신지\n이야기는\n아까 했지.
0x000acb41	2	【코우지】\n즉, 그런 거야.
0x000acb92	3	【코우지】\n시라카와 신지에게는 고등학교 시절\n좋아했던 사람이 있었던 모양이야.
0x000acbf4	4	【코우지】\n두 학년 위 선배였다고 해.\n하지만 사랑이 이루어지지는 않았던\n모양이고.
0x000acc61	4	【코우지】\n게다가 원래 신장이 좋지 않아서\n자신이 오래 살지 못하리라는 것도\n알고 있었던 모양이야.
0x000acced	4	【코우지】\n그런 상황에서 이식 수술이\n결정되어 유럽으로 갔지만\n그대로 세상을 떠나고 말았어……
0x000acd7e	4	【노리코】\n……안타깝네.\n희망을 품고 유럽으로 갔을\n텐데……
0x000acde4	2	【코우지】\n그렇지……
0x000ace43	8	【코우지】\n그리고 또 하나 중요한 정보가\n있어.\n유럽에 가서 이식 수술이 실패했을\n때\n시라카와 신지의 심장이\n시라카와 이치로에게 이식됐다고\n해.
0x000acef3	3	【노리코】\n뭐……!?\n그, 그게 정말이야!?
0x000acf4c	4	【코우지】\n아아.\n이건 꽤 중요한 정보일지도 몰라.\n명심해 두자.
0x000ad037	5	【코우지】\n어제는 노조미가 접견하러 왔어.\n시라카와 빌딩 사장실에서\n어린 여자아이를 봤다는\n이야기였지.
0x000ad0cc	3	【노리코】\n여자아이?\n어떤 아이?
0x000ad119	4	【코우지】\n5~6살쯤이고\n이름은 『요시모토 유미』라고\n하더라.
0x000ad184	4	【노리코】\n『요시모토 유미』?\n요시모토라는 성이라면\n요시모토 형사가 있지만……
0x000ad20d	2	【코우지】\n나도 순간 그렇게 생각했어.
0x000ad263	5	【코우지】\n하지만 요시모토 형사의 나이에\n아이를 두기는 쉽지 않을 것\n같고……\n그런 분위기의 사람도 아니잖아.
0x000ad311	4	【코우지】\n일단 물어보고 싶지만\n그런 걸 물었다가는 뭐라고\n할지……
0x000ad38f	6	【코우지】\n무엇보다 요시모토 형사에게 아이가\n있다고 해도\n그 아이가 시라카와 빌딩 사장실에\n있을\n이유가 없고.
0x000ad427	3	【노리코】\n맞아……\n『요시모토』라는 성은 흔하니까.
0x000ad486	2	【코우지】\n그렇겠지……
0x000ad570	5	【코우지】\n어제는 노조미가 접견하러 왔어.\n노조미의 친어머니인 야스요의\n자살에 대해\n조사한 내용을 알려 주더라.
0x000ad612	2	【코우지】\n그런데 뜻밖의 사실이 드러났어.
0x000ad67e	4	【노리코】\n이 사건을 조사하기 시작한 뒤로\n놀라운 일의 연속이었잖아.\n이제 웬만한 일로는 놀라지도 않아.
0x000ad71a	4	【코우지】\n그래?\n……누마사키 변호사와 야스요가\n불륜 관계였던 모양이야.
0x000ad79d	3	【노리코】\n뭐어어어어어어어어어어!?\n그, 그 소장님이!?
0x000ad7fe	2	【노리코】\n미, 믿을 수 없어……!
0x000ad865	4	【코우지】\n사실인 모양이야.\n게다가 피해자도 그 사실을\n알고 있었던 것 같아.
0x000ad8e8	5	【노리코】\n……그렇다면 피해자는\n두 사람의 불륜을 알고도\n소장님을 고문 변호사로 삼았다는\n거야……?
0x000ad999	4	【코우지】\n피해자와 누마사키 변호사는\n사생활과 일을 구분했다는\n정보도 있어.
0x000ada11	8	【코우지】\n하지만 아사츠유 씨가\n시라카와 그룹의 고문 변호사를\n맡은 뒤\n그 자리를 오랫동안 바라던\n누마사키 변호사가\n그 자리를 맡은 이유의 일부가\n여기에 있는 것 같아.
0x000adacf	2	【노리코】\n그럴…… 수도 있겠네……
0x000adb25	2	【코우지】\n이제 수수께끼 하나가 풀렸어.
0x000adbc6	4	【코우지】\n누마사키 변호사와 야스요의 불륜.\n그 사실을 알고 있던 피해자.\n여기서 도출되는 결론은?
0x000add10	2	【코우지】\n(아니야, 이게 아니야!)
0x000add70	3	【코우지】\n(누마사키 변호사가 계속 탐내던\n시라카와 그룹 고문 변호사 자리.)
0x000adde8	3	【코우지】\n(그 자리를 맡게 된 계기가\n이 불륜이었을지도 몰라.)
0x000ade47	6	【코우지】\n(피해자가 그 사실을 알게 되면서\n누마사키 변호사에게 약점이 생긴\n거야.\n그걸 단적으로 보여 주는 정보가\n분명 있었을 거야!)
0x000adf4c	5	【코우지】\n야스요와의 불륜.\n이 사실을 피해자에게 들킨 것이\n누마사키 변호사의 약점이\n되었겠지.
0x000adfda	4	【코우지】\n누마사키 변호사는 계속\n고문 변호사 자리를 거절해 왔지만,\n맡지 않을 수 없게 된 거야.
0x000ae09f	4	【노리코】\n또 하나 신경 쓰이는 게 있어.\n피해자는 아내의 불륜 상대를\n왜 그런 중요한 자리에 앉혔을까?
0x000ae12f	3	【노리코】\n보통은 불륜 사실을 알게 되면\n소장님을 믿을 수 없게 되지 않아?
0x000ae1d8	4	【코우지】\n확실히 그렇지……\n아무래도 또 다른 속사정이 있는 것\n같아.
0x000ae236	2	【노리코】\n……소장님께 직접 물어볼까?
0x000ae28b	4	【코우지】\n할 수 있겠어?\n야스요가 자살했다는 걸\n함구하라고 했을 정도잖아?
0x000ae309	6	【노리코】\n응……\n하지만 여기까지 왔으니 물러설 수\n없어.\n본인에게 직접 묻지 않으면 알 수\n없는걸.
0x000ae37f	4	【코우지】\n알겠어.\n부탁할게.\n하지만 신중하게 해.
0x000ae3e4	3	【코우지】\n누마사키 변호사가 진범일 가능성도\n배제할 수 없어.
0x000ae463	3	【노리코】\n……응.\n신중하게 물어보고 올게.
0x000ae55a	4	【노리코】\n언제든 소장님께 이야기를 들으러\n갈 테니까\n그때는 지시해 줘.
0x000ae5d6	2	【코우지】\n그래, 고마워.
0x000ae6a1	4	【코우지】\n어제 아사츠유 씨가 접견하러 왔어.\n그때 재미있는 이야기를\n들었는데……
0x000ae712	5	【코우지】\n이 이야기는 아직 하지 않았던 것\n같은데\n아사츠유 씨가 변호사였을 때\n좋아했던 사람이 있었대.
0x000ae78b	2	【코우지】\n그 사람이 누구냐면……
0x000ae7f4	5	【노리코】\n잠깐.\n그건 사적인 일이니까\n말하지 않는 편이 좋을 것\n같은데……
0x000ae863	3	【코우지】\n아니, 이게\n사건과 관련 있을지도 몰라.
0x000ae8d7	3	【노리코】\n사건과 관련이 있다고?\n미즈타니 씨의 연애가?
0x000ae952	5	【코우지】\n그래.\n아사츠유 씨가 사랑했던 남자의\n이름은\n시라카와 신지……
0x000ae9b9	3	【코우지】\n살해당한 시라카와 이치로의\n남동생이야.
0x000aea1f	2	【노리코】\n뭐……
0x000aea90	3	【코우지】\n시라카와 신지에 대해\n조사해 줬으면 해.
0x000aeb00	3	【노리코】\n알겠어.\n소장님께 이야기를 들어 보자.
0x000aeb56	5	【노리코】\n소장님은 피해자와\n고등학교 시절부터 아는\n사이였으니까 분명 남동생에\n대해서도 알고 있을 거야.
0x000aebd4	2	【코우지】\n아아…… 부탁할게.
0x000aeca4	3	【코우지】\n어제 신타로가 왔어.\n아버지 상태가 이상하다고 하더라.
0x000aed22	5	【노리코】\n음……\n듣고 보니 확실히\n멍하니 있을 때가 많은 것\n같지만……
0x000aeda8	6	【노리코】\n하지만 나는 누마사키 준만큼\n소장님과 오래 알고 지낸 것도\n아니고\n요즘은 조사 때문에 사무소를\n계속 비우고 있으니까.
0x000aee44	5	【코우지】\n흠……\n신타로라서 알아챈 걸까,\n아니면 신타로가 너무 깊이 생각한\n걸까……
0x000aef85	4	【코우지】\n어제는 여고생 콤비가\n접견하러 왔어.\n작은 사실을 하나 알게 됐지.
0x000aeffd	6	【코우지】\n미나즈키 코우지 말인데\n아오이의 말에 따르면 사건 당일\n행적상\n정장을 가지고 있지 않았던\n모양이야.
0x000af079	3	【코우지】\n예전에 회사에서 해고됐을 때\n정장을 전부 버렸다는 모양이야.
0x000af105	5	【노리코】\n……그렇구나.\n그래도 정장이 없었다고 해도\n친구에게 빌리거나 변장할 방법은\n있겠지.
0x000af1a0	4	【코우지】\n맞아.\n뒷받침할 증거를 찾으면 제일\n좋겠지만……
0x000af215	4	【코우지】\n미나즈키가 복직한다는 이야기는\n한 달 전부터 구체적으로 진행되고\n있었대.
0x000af28b	4	【코우지】\n나는 시라카와 이치로가 죽은 직후\n미나즈키 코우지가 복직한 걸\n수상하게 생각했어.
0x000af325	6	【코우지】\n하지만 실제로는\n한 달 전부터 그런 움직임이 있었던\n거야.\n사건과 관계없을 가능성이 생긴\n셈이지.
0x000af3b9	4	【코우지】\n그래서 노리코에게\n미나즈키가 복직하게 된 과정을\n조사해 달라고 부탁하고 싶어.
0x000af429	4	【코우지】\n경우에 따라서는\n미나즈키가 용의선상에서\n벗어날지도 몰라.
0x000af4ab	5	【노리코】\n……알겠어.\n그렇다면 직접\n새 대표인 시라카와 아키라에게\n물어볼게.
0x000af530	3	【코우지】\n뭐……!?\n가능하겠어?
0x000af580	5	【노리코】\n새 대표는 인상이 좋아 보이고\n우리에게는 시간도 없잖아.\n높은 사람일수록 직접 공략하는\n편이 빨라.
0x000af628	3	【코우지】\n……그렇구나.\n그럼 부탁할게.
0x000afb76	2	【코우지】\n다녀왔어!
0x000afbd2	4	【나나시바】\n어서 와~\n……가 아니라, 돌아오면 안\n되잖아!
0x000afc23	3	【코우지】\n뭐, 어쩔 수 없지.\n이것도 인생이야.
0x000afc92	3	【나나시바】\n으음……\n나는 편해서 좋긴 한데……
0x000afceb	3	【구치소 직원】\n사이토, 막 돌아왔는데\n변호사가 접견하러 왔다.
0x000afd45	3	【코우지】\n노리코인가……\n보고해야겠네……
0x000afd9c	3	【나나시바】\n노리코 씨, 슬퍼하겠네……\n코우지, 잘 위로해 줘.
0x000afdfc	3	【코우지】\n……위로받고 싶은 건\n나인데 말이야.
0x000afe93	4	【노리코】\n오늘 검사 취조를 받고 왔지?\n어땠어……?\n……물어볼 필요도 없겠네……
0x000aff01	3	【코우지】\n그래, 결국\n석방되지 않은 채 끝났어.
0x000aff5a	6	【코우지】\n뭐, 괜찮아.\n조사할 시간이\n10일 더 늘었다고 생각하면\n되니까.\n다만……
0x000affce	2	【노리코】\n다만……?
0x000b0007	3	【코우지】\n그 일에 대해 노리코에게\n확인하고 싶은 게 있었어.
0x000b005a	3	【코우지】\n『라이트 블루』 방범 카메라\n영상을 경찰에 제출한 거 맞지?
0x000b00de	2	【노리코】\n응, 물론이지.
0x000b0119	4	【코우지】\n그렇구나……\n미우라도 취조 때 봤다고\n말했던 것 같고.
0x000b019b	2	【노리코】\n저기, 무슨 말이야?
0x000b01d7	3	【코우지】\n아니…… 그게 검사 손에\n도착하지 않았다는 모양이야.
0x000b0251	2	【노리코】\n뭐……!?
0x000b02b0	4	【노리코】\n그건 이상하잖아!\n적어도 코우지가 검찰청에 갔을 때\n함께 송치됐어야 해.
0x000b0321	4	【코우지】\n나도 그렇게 생각했어.\n그런데 검사가 그러더라.\n그런 건 자기 손에 없다고.
0x000b03b0	3	【노리코】\n……그렇다면 아직\n경찰서에 남아 있다는 뜻이야……?
0x000b0409	2	【코우지】\n그럴지도 모르지.
0x000b046b	3	【노리코】\n그럴 수가……\n그렇게 중요한 증거를……
0x000b04c5	4	【코우지】\n하지만 사실이야.\n이제 취조는 내일이 될 것 같으니\n그때 미우라에게 물어볼게.
0x000b0547	3	【노리코】\n으, 응……\n하지만……
0x000b0589	4	【코우지】\n뭐, 지금 이래저래 생각해도\n소용없어.\n내일이면 알게 될 일이야.
0x000b05e4	5	【코우지】\n그보다 앞으로의 일이야.\n10일 연장된 구류 기간 동안\n지금까지와는 다른 관점으로\n진행해 보려고 해.
0x000b0690	2	【노리코】\n다른 관점?
0x000b06cb	7	【코우지】\n지금까지는 어느 쪽이냐 하면\n관계자를 찾아내고 알리바이를\n확인하고\n살해 방법이나 트릭을 중심으로\n사건 당시 무슨 일이 있었는지\n조사해 왔잖아?
0x000b0758	4	【코우지】\n이제부터는 더 깊이 파고들어서\n사건의 배후 관계를\n조사하려고 해.
0x000b07c9	4	【코우지】\n그리고 진범을 밝혀내는 동시에\n살해 동기까지\n밝혀내고 싶어.
0x000b084a	4	【노리코】\n……왜 거기까지 하려는 거야?\n게다가 10일 동안\n그렇게 깊이 조사할 수 있을까……?
0x000b08bb	5	【코우지】\n아니, 반대야.\n여기까지 조사하지 않으면\n사건의 진상도 진범도\n알 수 없을 것 같아.
0x000b0925	3	【코우지】\n실제로 살해 방법을 알아낸 지금도\n진범을 완전히 좁히지 못했어.
0x000b098b	3	【코우지】\n이 사건을 낳은 어둠……\n그것과 마주해야 해.
0x000b09ff	2	【노리코】\n…………
0x000b0a45	4	【노리코】\n……알겠어.\n그렇다면 나도\n각오를 다져야겠네.
0x000b0aa6	4	【코우지】\n그럼 오늘은 너무 늦었으니\n지금부터 조사를 부탁하기는\n어렵겠지.
0x000b0b0d	3	【코우지】\n내일까지 구체적인\n조사 방법을 생각해 둘게.
0x000b0b77	3	【노리코】\n응, 힘내자, 코우지.\n그럼 내일 오전에 올게.
0x000b0bd2	3	【코우지】\n고마워, 노리코……\n남은 10일 동안 잘 부탁해.
0x000b0ec7	4	【노리코】\n좋은 아침, 코우지.\n오늘부터 마음을 새로 다잡고\n힘내자.
0x000b0f29	3	【코우지】\n그래.\n이제 실패는 용납되지 않으니까.
0x000b0f97	5	【노리코】\n응, 그렇지……\n울어도 웃어도\n남은 건 10일…… 실질적으로는\n9일이네.
0x000b1001	3	【코우지】\n어제 말한 대로\n앞으로의 조사 방법을 생각해 봤어.
0x000b1058	6	【코우지】\n사건의 배후 관계까지 파고들\n발판으로\n피해자인 시라카와 이치로를\n중심으로 인물 관계를 조사해\n나가려고 해.
0x000b10ec	2	【노리코】\n…………
0x000b1125	3	【코우지】\n…………?\n왜 그래, 노리코?
0x000b117a	5	【노리코】\n으, 응……\n앞으로는 내 행동이\n점점 더 크게 영향을 미치겠구나\n싶어서……
0x000b120d	3	【노리코】\n지금까지의 조사는\n비교적 구체적이었잖아?
0x000b1272	4	【노리코】\n『살해 현장을 조사한다』면\n라이트 블루 안을 조사하고 오면\n됐으니까……
0x000b1303	4	【노리코】\n사건의 배후를 찾으려면\n나도 생각하면서 행동해야겠다고\n생각해서……
0x000b1361	3	【코우지】\n나는 노리코를 전혀 걱정하지 않아.\n오히려 조사 감각이 있다고 생각해.
0x000b13c2	4	【코우지】\n사무소 안에 있던 플레이어를\n옮긴 흔적 같은 건\n좀처럼 알아채기 어렵잖아?
0x000b1427	4	【코우지】\n그래서 경찰을 따돌릴 수 있었고\n그 사진을 찍어 온 시점에서\n노리코의 승리야.
0x000b14c0	3	【노리코】\n그, 그렇게 말해 주면\n조금 기쁘지만……
0x000b150f	3	【코우지】\n괜찮아.\n자신감을 가져, 노리코.
0x000b1562	6	【코우지】\n오히려 노리코에게 부족한 건\n자신감이야.\n노리코의 잠재력은\n아사츠유 씨에게도 뒤지지 않는다고\n나는 생각해.
0x000b15f8	4	【노리코】\n그, 그런……\n그 미즈타니 씨에게\n내가 어떻게……
0x000b1649	6	【코우지】\n그래, 바로 자신감이야.\n노리코에게 경험과 자신감이\n갖춰지면 아사츠유 씨와 맞먹는……\n아니, 아사츠유 씨를 뛰어넘는\n사람이 될 수 있어!
0x000b16d0	4	【코우지】\n하지만 저렇게 강렬한 캐릭터가\n되면 나도 아무래도\n물러서겠지만……
0x000b1759	4	【노리코】\n……후후.\n그렇게 말하면\n미즈타니 씨가 섭섭해하겠어.
0x000b17af	3	【코우지】\n……흠.\n이야기로 돌아가자.
0x000b17f9	5	【코우지】\n사건의 배후 관계를 조사하려면\n우선 『시라카와 이치로』를\n중심으로 한\n인물 관계를 알아봐 줬으면 해.
0x000b1876	6	【코우지】\n시라카와 이치로와 콘도 가쓰미의\n관계……\n시라카와 이치로와 누마사키\n에이타로의 관계……\n아사츠유…… 미나즈키 코우지……
0x000b18f9	2	【코우지】\n우선은 이 목록을 중심으로.
0x000b1960	2	【노리코】\n알겠어.
0x000b1998	4	【코우지】\n그리고 각 관계자와 이야기할\n기회가 있으면\n다시 알리바이를 물어봐 줘.
0x000b19fe	3	【코우지】\n누마사키 변호사, 미나즈키 코우지\n그리고 아사츠유 씨……
0x000b1a54	4	【코우지】\n사실은 이 세 사람에 더해\n콘도의 알리바이도\n조사하고 싶지만……
0x000b1adb	4	【노리코】\n괜히 본인에게 알리바이를 물었다가\n우리가 이렇게 조사하고 있다는 걸\n들킬 수도 있겠네……
0x000b1b48	4	【코우지】\n그렇지.\n그러니까 일단 콘도에 대해서는\n보류하자.
0x000b1ba0	5	【코우지】\n우선은 아까 말한 세 사람이야.\n0시 44분이라고 생각했던 살해\n시각이\n그보다 전으로 바뀐 셈이니까……
0x000b1c16	5	【코우지】\n그래……\n가능하면 23시 30분쯤부터\n0시 44분까지의 알리바이를\n물어봐 줘.
0x000b1cad	2	【노리코】\n응, 알겠어.
0x000b1cf0	3	【코우지】\n그리고 피해자가 마지막으로\n목격된 시간도 알고 싶지만……
0x000b1d5e	4	【코우지】\n그건 내가 어떻게든 해 볼게.\n미우라에게 이야기 흐름을 타서\n잘 물어내 보려고.
0x000b1dc3	6	【코우지】\n이렇게 관계자들의 알리바이를\n확인해 나가면\n반대로 알리바이를 확정하지 못한\n사람이\n진범이 되는 셈이야.
0x000b1e3c	3	【코우지】\n다만 알리바이에만 매달리는 것도\n불안해.
0x000b1e94	5	【코우지】\n그러니까 동시에 피해자를 둘러싼\n인물들의 관계를 더 깊이\n파고들어서 살해 동기까지 도달하고\n싶어.
0x000b1f27	3	【노리코】\n즉 알리바이와 살해 동기\n양쪽에서 사건을 파헤치는 거네.
0x000b1f81	2	【코우지】\n그래, 그런 거야.
0x000b1fbf	5	【코우지】\n그리고 하나 더.\n라이트 블루에 가서\n그 방범 카메라 영상의\n복사본이 있는지 확인해 줘.
0x000b2040	5	【코우지】\n한 번 안 된다고 물러서지 말고\n다시 요구해서\n이번에는 중요한 증거로\n채택해 달라고 해야지.
0x000b20dd	3	【노리코】\n그렇네.\n그럼 어디부터 조사해 볼까……?
0x000b2179	3	【노리코】\n알겠어.\n그럼 내일까지 알아볼게.
0x000b21c8	3	【코우지】\n그래.\n부탁할게, 노리코!
0x000b2668	3	【노리코】\n좋은 아침, 코우지.\n오늘부터 다시 힘내자.
0x000b26b6	2	【코우지】\n…………
0x000b2715	3	【노리코】\n……왜 그래, 코우지?\n무서운 얼굴을 하고.
0x000b2766	3	【코우지】\n어제 조사 결과를 듣기 전에\n확인해 두고 싶은 게 있어.
0x000b27e6	2	【노리코】\n어…… 뭐?
0x000b2820	3	【코우지】\n어제 피해자의 딸\n시라카와 노조미가 접견하러 왔어.
0x000b28ab	3	【노리코】\n노조미 씨가……?\n그, 그래서 뭐라고 했어……?
0x000b2900	3	【코우지】\n……노리코,\n나한테 숨기는 거 없어?
0x000b2976	2	【노리코】\n뭐…… 무, 무슨 말이야?
0x000b29b7	2	【코우지】\n…………
0x000b29f0	2	【코우지】\n노조미 어머니에 관한 일이야.
0x000b2a55	3	【노리코】\n미, 미사에 씨 말이야?\n아무것도 숨기지 않았는데……
0x000b2aab	3	【코우지】\n……미사에 씨가 아니잖아.\n노조미의 진짜 어머니는.
0x000b2b18	2	【노리코】\n…………!?
0x000b2b7b	2	【노리코】\n미, 미안해……
0x000b2bb9	4	【코우지】\n사과한다는 건\n일부러 숨겼다는 걸\n인정하는 거지……?
0x000b2c21	2	【노리코】\n…………
0x000b2c67	3	【노리코】\n응……\n숨겼어……
0x000b2ce7	3	【코우지】\n왜 그랬어!?\n너무나 중요한 일이잖아!!
0x000b2d35	4	【코우지】\n미사에 씨가 재혼 상대라는 걸\n알았다면\n추리할 내용이 달라져! 
0x000b2d9f	4	【코우지】\n두 사람이 재혼한 것도\n미사에 씨의 책략이었을\n가능성이 생기잖아!
0x000b2e20	3	【노리코】\n…………\n코우지 말이 맞아……
0x000b2e6b	3	【코우지】\n알고 있었다면\n왜 숨겼어!
0x000b2eb7	3	【코우지】\n이건 우리 신뢰 관계와\n관련된 일이야!
0x000b2f1f	3	【노리코】\n…………\n미안해……
0x000b2f63	2	【코우지】\n……젠장!
0x000b2f9d	4	【코우지】\n하나 숨기는 일이 있으면\n다른 것도 있는 게 아닌가\n의심하게 되잖아!?
0x000b3004	3	【코우지】\n이게 우리 사이에 있는\n5년의 공백이라는 건가!?
0x000b3059	3	【코우지】\n이래서는 더 이상\n노리코를 믿을 수 없어!!
0x000b30ae	2	【노리코】\n…………
0x000b30f4	3	【노리코】\n미안해……\n사실을 말할게……
0x000b314d	2	【코우지】\n…………
0x000b3193	4	【노리코】\n실은……\n소장님에게 말하지 말라는\n지시를 받았어……
0x000b31e2	2	【코우지】\n누마사키 변호사에게……?
0x000b3231	6	【노리코】\n응.\n이 일은 이번 살인 사건과는\n관계없는\n피해자의 사생활에 관한\n문제니까……
0x000b329a	4	【노리코】\n피해자의 사생활에 관련된 일이니\n코우지에게는 말하지 말라고\n했어……
0x000b3304	2	【코우지】\n뭐…… 바보 같은 소리!
0x000b3342	4	【코우지】\n누마사키 변호사는\n우리 방식에 찬성해 준 게\n아니었어!?
0x000b33b8	4	【코우지】\n그런데 왜 그걸 근본부터\n무너뜨리는 정보 조작을 하는\n거야!?
0x000b342a	4	【노리코】\n미안해……\n하지만 나도 소장님의 생각은\n모르겠어……
0x000b3480	3	【코우지】\n노리코도 노리코야!\n말해 줬으면 됐잖아!
0x000b34cf	3	【코우지】\n여기서 한 말을\n누마사키 변호사가 알 리 없잖아!
0x000b354b	2	【노리코】\n그게 조건이었어!
0x000b35af	5	【노리코】\n내가 맡고 있던 몇 가지 사건을\n선배에게 넘기고\n코우지 사건에 집중하게 해 준다는\n조건이었어……
0x000b3638	2	【코우지】\n조건……?
0x000b368e	3	【노리코】\n코우지 사건에\n집중하게 해 준다는 조건……
0x000b36ea	5	【노리코】\n노조미 씨 어머니가 자살했다는\n사실을\n코우지에게 숨기는 게……\n그 조건이었어.
0x000b374b	4	【코우지】\n왜……?\n왜 그런 조건을 누마사키 변호사가\n내건 거야……?
0x000b37b7	4	【노리코】\n몰라……\n모르겠지만……\n실은 나도 이 일을 조사해 봤어……
0x000b3815	3	【코우지】\n조사했다고……?\n노조미 어머니가 자살한 일 말이야?
0x000b3874	5	【노리코】\n응.\n소장님이 말한 건\n코우지에게 말하지 말라는\n것뿐이었으니까……
0x000b38dd	4	【노리코】\n나는 노조미 씨 어머니……\n야스요 씨가 자살한 이유를\n몰래 조사하고 있었어……
0x000b3950	5	【노리코】\n여기서 새로운 사실을 알게 되면\n그때 코우지에게 말할\n생각이었어…… 믿지 못할지도\n모르지만……
0x000b39c7	5	【코우지】\n……나에게 그 정보를\n말하지 않았다는 건\n아직 구체적인 건\n모른다는 뜻이야?
0x000b3a37	2	【노리코】\n…………
0x000b3a70	3	【코우지】\n누마사키 변호사 본인에게는\n물어봤어?
0x000b3ac6	3	【노리코】\n소장님에게는 물을 수 없잖아.\n이 일은……
0x000b3b12	3	【코우지】\n…………\n확실히 그렇네.
0x000b3b63	3	【노리코】\n……미안해,\n코우지……
0x000b3ba9	2	【코우지】\n…………
0x000b3be2	3	【코우지】\n……아니, 사과하지 않아도 돼.\n사과해야 하는 건 나야……
0x000b3c3b	4	【코우지】\n노리코 마음도 모르고\n소리를 질러 버렸어……\n최악이야, 나는……
0x000b3cae	3	【노리코】\n아니야……\n코우지는 나쁘지 않아……
0x000b3d02	4	【노리코】\n내가 잘못한 거야……\n왜 코우지에게 계속 숨길 수 있다고\n생각했을까……
0x000b3d6a	2	【코우지】\n…………
0x000b3da3	3	【코우지】\n일단 야스요 씨 일은\n보류해 둘게.
0x000b3e22	4	【코우지】\n뭔가 정보가 들어오면\n노리코 판단으로\n나에게 알려 주면 돼.
0x000b3e8f	4	【노리코】\n으, 응……\n알겠어……\n울먹……
0x000b3ee5	2	【코우지】\n어, 어……
0x000b3f1f	3	【코우지】\n(울보인 건\n5년 전과 변함없나……)
0x000b3fa8	3	【코우지】\n그럼 마음을 다잡고\n어제 보고를 들어 볼까.
0x000b40aa	5	【노리코】\n아, 맞다.\n말하는 걸 잊었는데\n어제 조금 뜻밖의 걸\n봤어.
0x000b4111	2	【코우지】\n뜻밖의 것?
0x000b4171	4	【노리코】\n응.\n어제 코우지와 접견을 마치고\n조사하러 나가려던 참이었는데……
0x000b420a	4	【노리코】\n경찰서 주차장 한구석에서\n미즈타니 씨와 요시모토 형사가\n뭔가 말다툼을 하고 있더라.
0x000b4287	2	【코우지】\n아사츠유 씨와 요시모토 형사가?
0x000b42ca	3	【코우지】\n아사츠유 씨가 또\n무슨 짓이라도 했나?
0x000b4313	6	【노리코】\n아니, 그런 느낌은 아니었어.\n특히 요시모토 형사가 감정을\n그대로 드러내며\n미즈타니 씨에게 달려들고\n있었어……
0x000b4386	2	【코우지】\n그 냉정한 요시모토 형사가?
0x000b43c8	4	【노리코】\n응.\n소문으로 듣던 이야기와\n인상이 달라서 조금 뜻밖이었어.
0x000b446b	3	【코우지】\n……흠.\n두 사람 사이에 악연이라도 있나.
0x000b44e2	3	【노리코】\n두 사람 관계를\n조사해 볼까?
0x000b4529	3	【코우지】\n……아니, 지금은 됐어.\n사적인 일일지도 모르잖아.
0x000b4584	4	【코우지】\n사건과 관계있다는 걸 알게 되면\n조사해 달라고 할 수도 있지만\n지금은 신경 쓰지 않아도 돼.
0x000b460e	3	【노리코】\n알겠어.\n그럼 다녀올게.
0x000b4b23	2	【코우지】\n…………?
0x000b4b5e	2	【코우지】\n(노리코가 누군가를 데려왔어……)
0x000b4bc3	3	【코우지】\n(어디선가 본 적이 있는 것\n같은데……)
0x000b4c31	3	【노리코】\n저기……\n소개할게.
0x000b4c88	4	【노리코】\n내가 소속된\n누마사키 법률 사무소의 소장,\n누마사키 에이타로 변호사님이야.
0x000b4d21	3	【코우지】\n……뭐!?\n누마사키 변호사!?
0x000b4d79	5	【노리코】\n으, 응……\n어제 코우지가 소장님과 야스요\n씨의 관계를 조사해 달라고\n부탁했잖아?
0x000b4dfb	3	【노리코】\n소장님께 직접 이야기를 듣고\n싶어서 그 경위를 말씀드렸더니……
0x000b4e7d	3	【에이타로】\n그 뒷부분은 내가 말하지, 신조\n양.
0x000b4ec6	2	【노리코】\n네, 네……
0x000b4f14	3	【에이타로】\n처음 뵙겠네.\n자네가 사이토 코우지인가?
0x000b4f5f	4	【코우지】\n처음 뵙겠습니다.\n신조 씨에게는 늘 신세를 지고\n있습니다.
0x000b4fc0	3	【에이타로】\n그렇게 격식을 차리지 않아도 돼.\n평소 말투로 괜찮네.
0x000b5024	3	【에이타로】\n그 편이 서로 거리낌 없이\n이야기할 수 있을 테니까.
0x000b5078	2	【코우지】\n아, 네……
0x000b50bf	3	【에이타로】\n자기소개는 이쯤 하고\n본론으로 들어가 볼까.
0x000b512b	4	【에이타로】\n오늘 내가 여기 온 건\n야스요 씨와 나의 관계에 대해\n코우지에게 설명하기 위해서야.
0x000b5193	4	【코우지】\n그렇군요……\n직접 이야기할 수 있어서\n다행입니다.
0x000b51f0	4	【에이타로】\n이런 민감한 이야기는\n제삼자를 통하는 것보다\n직접 이야기하는 편이 좋지.
0x000b527e	3	【에이타로】\n실은 그녀…… 야스요 씨와 나는\n외가 쪽 육촌 사이일세.
0x000b52d7	2	【코우지】\n어…… 그, 그렇습니까!?
0x000b5328	4	【에이타로】\n그래.\n신조 양에게도 숨기고 있었지만\n말이야.
0x000b5384	3	【에이타로】\n본가가 가까웠던 것도 있어\n어릴 때부터 사이가 좋았지.
0x000b5409	5	【에이타로】\n그녀가 시라카와 이치로를 만나\n결혼한 건 우연이었지만\n양쪽 모두와 아는 사이였던 나는\n자주 그녀의 상담을 들어 줬어.
0x000b54be	4	【에이타로】\n코우지도 이미 알고 있겠지만\n시라카와 이치로는 말 그대로\n일의 귀신이었어.
0x000b552c	3	【에이타로】\n시라카와 그룹이 커진 건\n오로지 그의 실력 덕분이지.
0x000b55aa	6	【에이타로】\n하지만 그만큼\n가정을 돌볼 여유가 없는\n사람이기도 했어.\n그래서 야스요 씨는 내게 자주\n외롭다고 털어놓았지.
0x000b5630	2	【코우지】\n…………
0x000b568f	4	【에이타로】\n그런 그녀가 어느 날\n엄청난 것을 발견했어.\n시라카와 이치로의 수기였지.
0x000b5717	6	【에이타로】\n그 수기에는\n한 남자를 죽였다는 내용이\n암시되어 있었어.\n그 남자가 누구인지는……\n코우지라면 알겠지?
0x000b582b	2	【코우지】\n(그건 아니지 않나?)
0x000b5873	6	【코우지】\n(일부러 나에게 이런 식으로\n묻는 걸 보면\n나와 더 가까운 사람……\n그래, 시라카와 이치로가 죽인\n사람은……)
0x000b5916	4	【에이타로】\n그래, 시라카와 이치로가 죽인\n사람은\n그의 아버지인 사이토 시로 씨야.
0x000b5998	4	【에이타로】\n사이토 씨는 나도 잘 알고 있어.\n내가 맡았던 사건에서\n몇 번인가 만난 적이 있거든.
0x000b5a23	4	【에이타로】\n그분이 힌트를 준 덕분에\n억울한 누명을 벗겨 준 적도\n있었지.
0x000b5a82	3	【코우지】\n대단한 분이셨군요.\n우리 아버지는……
0x000b5ad9	4	【에이타로】\n그분의 조사 능력은 진짜였어.\n시라카와 이치로의 부정에 대해서도\n남김없이 조사했던 모양이야.
0x000b5b6e	3	【에이타로】\n하지만 그 결과\n시라카와 이치로의 손에 의해……
0x000b5bbe	2	【코우지】\n…………
0x000b5bf7	6	【코우지】\n솔직히 저는 실감이 나지 않습니다.\n제가 다섯 살 때의 일이에요.\n겨우 세상 물정을 알기 시작할\n무렵이라\n기억에 거의 남아 있지 않아서……
0x000b5c96	3	【에이타로】\n……코우지에게 무슨 말을 해야\n할지 모르겠군.
0x000b5cef	3	【에이타로】\n이 사건은\n야스요 씨에게도 큰 충격을 줬어.
0x000b5d6a	5	【에이타로】\n그녀는 겁에 질려 있었지……\n그럴 만도 해.\n자기 남편이 사람을 죽였던\n셈이니까.
0x000b5de6	4	【에이타로】\n나도 마찬가지야.\n시라카와 이치로와는\n고등학교 때부터 알고 지냈거든……
0x000b5e51	4	【에이타로】\n코우지에게는 미안하지만\n우리 둘은 그 사건을\n세상에 드러내지 않기로 했어.
0x000b5edc	3	【에이타로】\n그…… 용서해 달라고는\n말할 수 없지만……
0x000b5f2c	3	【코우지】\n……괜찮습니다.\n계속 말씀해 주세요.
0x000b5f99	4	【에이타로】\n음…… 그런 일도 있었고\n나는 야스요 씨를 혼자 두기가\n견딜 수 없게 됐어.
0x000b602a	4	【에이타로】\n하지만 어느 날\n우리가 몰래 만나고 있다는 걸\n그에게 들키고 말았지.
0x000b608e	5	【에이타로】\n야스요 씨는\n시라카와 이치로에게 상당히\n추궁당한 모양이야.\n불륜하고 있었던 거냐고 말이지.
0x000b60f9	2	【코우지】\n…………
0x000b6132	3	【코우지】\n이치로 씨는 당신에게\n아무 말도 하지 않았습니까?
0x000b61a5	3	【에이타로】\n한 번은 정말인지 확인하더군.\n하지만 나는 부인했어.
0x000b6230	4	【에이타로】\n그때 그는 『알겠다』고 말했지만\n야스요 씨가 자살한 걸 생각하면\n믿지는 않았던 모양이야……
0x000b62a8	2	【코우지】\n…………
0x000b62ee	5	【에이타로】\n나와 야스요 씨가\n시라카와 이치로를 배신했다는\n사실에는\n변명의 여지가 없어.
0x000b635b	4	【에이타로】\n상담을 들어 줬다고는 해도\n시라카와 이치로 몰래 만난 건\n사실이니까……
0x000b63e3	5	【에이타로】\n그 일 때문에\n시라카와 이치로가 그녀를\n몰아붙였고 그녀는 자살하고\n말았어……
0x000b644a	3	【에이타로】\n그녀의 자살은\n전부 내 책임이야……
0x000b649a	4	【코우지】\n왜 노리코에게\n야스요 씨가 자살했다는 사실을\n입 다물게 한 겁니까?
0x000b6503	4	【에이타로】\n……무서웠어.\n그때 마음에 깊은 상처를 입고\n그녀의 뒤를 따라가려 했지……
0x000b6582	4	【에이타로】\n하지만 내게는 가족이 있었어.\n가족을 남겨 두고 죽을 수는\n없었지……
0x000b6606	4	【에이타로】\n아니, 그건 그저 변명일 뿐이야.\n그녀의 뒤를 따라갈 용기가\n내게 없었던 거지……
0x000b6699	3	【에이타로】\n죽는 게 무서웠어……\n그저 그것뿐이야.
0x000b66f8	4	【에이타로】\n나 자신은 그걸 알고 있었어.\n하지만 그 사실을\n들키고 싶지는 않았지……
0x000b6761	4	【에이타로】\n내가 존경하던\n사이토 시로 씨의 아들인\n코우지에게만은……
0x000b67bf	2	【코우지】\n…………
0x000b67f8	2	【노리코】\n…………
0x000b6831	4	【코우지】\n……저는 당신을\n시시한 사람이라고\n생각하지 않습니다.
0x000b6882	3	【코우지】\n저는 가족을 잃는 괴로움을\n잘 알고 있으니까요……
0x000b68d4	2	【에이타로】\n…………
0x000b690f	4	【코우지】\n당신은 살아 있는 것만으로도\n가족에게 가치가 있는 사람입니다.\n그 사실만은 잊지 마세요.
0x000b699b	2	【에이타로】\n…………
0x000b6a15	3	【에이타로】\n코우지는 훌륭한 사람이구나……\n사이토 씨의 아들다운 면이 있어.
0x000b6a6b	3	【코우지】\n……두 가지 정도 질문이 있습니다.\n대답해 주시겠습니까?
0x000b6aca	2	【에이타로】\n물론이지.
0x000b6b03	3	【코우지】\n우선 하나는\n당신의 알리바이에 관한 겁니다.
0x000b6b53	5	【코우지】\n당신의 알리바이에는\n모순이 있습니다.\n당신이 그곳에 있었다고\n증언한 부분입니다.
0x000b6c6d	3	【코우지】\n(아니야!\n거기가 아니야!)
0x000b6cb5	3	【코우지】\n(누마사키 변호사가 말한\n알리바이를 잘 떠올려 봐!)
0x000b6d0c	4	【코우지】\n당신은 사건 당일\n0시쯤부터 총성이 울리기 직전까지\n계속 화장실에 있었다고 했습니다.
0x000b6d85	4	【코우지】\n그리고 그동안\n특별한 일은 없었다고\n말씀하셨죠.
0x000b6dda	4	【코우지】\n하지만 이상합니다.\n그 시간에 제가 작은 문제를\n일으켰거든요.
0x000b6e3e	6	【코우지】\n게다가 그 문제의 상대는\n당신의 오랜 친구이자\n의뢰인이기도 한\n시라카와 이치로 씨였습니다.\n눈치채지 못하셨습니까?
0x000b6ee4	3	【에이타로】\n……잘됐군.\n그 일에 대해서도 솔직히 말하지.
0x000b6f45	3	【에이타로】\n실은 그때\n내 휴대폰으로 전화가 왔어.
0x000b6fc4	4	【에이타로】\n발신자 표시 제한으로 걸려 와서\n받지 않았는데\n음성 메시지가 남아 있더군.
0x000b7035	3	【에이타로】\n음성 메시지를 들어 보니\n나를 협박하는 내용이었어.
0x000b709f	3	【에이타로】\n시라카와 야스요의 일을\n폭로하겠다고 말이지.
0x000b70e8	3	【코우지】\n협박을……?\n대체 누가요!?
0x000b7179	4	【에이타로】\n그건 모르겠네.\n음성 변조기로\n목소리를 바꾸고 있었거든.
0x000b7200	5	【에이타로】\n당황한 나는\n그 목소리의 주인을 찾으려고\n매장 한구석에서 여러 곳에 전화를\n걸고 있었어.
0x000b727b	4	【에이타로】\n그래서 화장실에 있었다고\n둘러 말한 거야.\n거짓말해서 미안하네……
0x000b72d7	3	【코우지】\n……그렇군요.\n이 일에 대해서는 납득했습니다.
0x000b7326	2	【코우지】\n묻고 싶은 게 하나 더 있습니다.
0x000b736a	4	【코우지】\n피해자에게 당신은\n전처를 잃게 된 계기가 된\n인물이기도 합니다……
0x000b73da	4	【코우지】\n그런데 왜 지금\n시라카와 하우징의\n고문 변호사를 맡고 있습니까?
0x000b7460	2	【에이타로】\n…………
0x000b74a8	5	【에이타로】\n나와 시라카와 이치로 사이에는\n사적으로 아무리 친해도\n업무가 되면 선을 긋고 대한다는\n암묵적인 약속이 있었어.
0x000b754b	4	【에이타로】\n그래서 업무 관계가 우정에 금이\n가지 않도록\n서로 거리를 두고 있었지.
0x000b75cb	4	【에이타로】\n그런데 그전까지 시라카와 하우징의\n고문 변호사였던 아사츠유 씨……\n지금은 이치로의 상사였던가?
0x000b7672	4	【에이타로】\n그녀를 해임한 직후\n시라카와 이치로가 나에게 일을\n맡겼어……
0x000b76e1	5	【에이타로】\n그에게 어떤 심경의 변화가\n있었는지는 모르지만\n나는 그의 제안을 거절할 이유가\n없었지.
0x000b777b	3	【에이타로】\n하지만 이것이 두 번째 실수의\n시작이었어……
0x000b77e2	5	【에이타로】\n나는 그가 시키는 대로 일을\n처리했지만\n그 대부분은\n부정을 무마하는 일이었어……
0x000b7865	4	【에이타로】\n어쩌면 그는 일부러 부정의 책임을\n나에게 떠넘겨\n벌을 주고 있었던 걸지도 몰라.
0x000b78de	3	【코우지】\n(그렇다면……\n뒤틀린 사람이군……)
0x000b798b	3	【에이타로】\n코우지에게는 신조 노리코라는\n유능한 변호사가 붙어 있어.
0x000b79f0	5	【에이타로】\n그리고 나도\n앞으로 전면적으로 코우지에게\n협력하겠다고\n약속하지.
0x000b7a70	3	【에이타로】\n그게 내게 주어진\n마지막 일이라고 생각하니까……
0x000b7ad4	2	【코우지】\n……마지막……?
0x000b7b43	3	【에이타로】\n코우지는 머지않아 석방될 거야.\n그것만은 보장하지.
0x000b7bb1	2	【에이타로】\n그럼 이만 실례하겠네.
0x000b7bf5	3	【코우지】\n저, 잠깐만요.\n아까 말씀은 대체……
0x000b7c55	3	【에이타로】\n신조 양.\n뒤는 부탁하네.
0x000b7cc6	2	【노리코】\n네, 네……
0x000b7d24	3	【에이타로】\n그럼 사이토 군.\n실례하겠네.
0x000b7da1	2	【코우지】\n…………
0x000b7dda	3	【코우지】\n……그 사람은 이 사건의 모든 걸\n알고 있는 것 같아……
0x000b7e2c	3	【코우지】\n그 사람이 내 석방을\n약속했어……
0x000b7e7c	2	【코우지】\n…………
0x000b7eb5	2	【코우지】\n불길한 예감이 드는데……
0x000b8109	3	【노리코】\n그리고 어제 조사한\n다른 장소의 결과도 보고할게.
0x000b81f9	3	【코우지】\n여기서 관계자들의 알리바이를\n다시 한번 생각해 보자.
0x000b8278	5	【코우지】\n피해자가 마지막으로 목격된\n0시 전후부터 총성이 들린\n0시 44분까지의 알리바이를\n대조해 보자.
0x000b832c	3	【코우지】\n미나즈키 코우지는 제외해 보자.\n그러면……
0x000b8386	4	【노리코】\n소장님과 아사츠유 씨와\n콘도 형사의 알리바이가\n확정되지 않았네……
0x000b8405	3	【코우지】\n그래.\n이 중 누군가가 범인인가……?
0x000b8476	3	【코우지】\n누마사키 변호사는 제외해 보자.\n그러면……
0x000b84d0	4	【노리코】\n아사츠유 씨와 미나즈키 씨와\n콘도 형사의 알리바이가\n확정되지 않았네……
0x000b8553	3	【코우지】\n그래.\n이 중 누군가가 범인인가……?
0x000b85c3	4	【코우지】\n미나즈키 코우지와 누마사키\n변호사를 제외해 보자.\n그러면……
0x000b8628	3	【노리코】\n……아사츠유 씨와 콘도 형사의\n알리바이가 확정되지 않았네……
0x000b86a6	3	【코우지】\n그래.\n둘 중 하나가 범인인가……?
0x000b8728	4	【코우지】\n놀라울 만큼 남은 사람들의\n알리바이가\n확정되지 않았네. 하하하.
0x000b878c	2	【코우지】\n아마 이 안에 범인이 있겠지만……
0x000b87fd	2	【노리코】\n어떻게든 범위를 좁힐 수 없을까?
0x000b886f	2	【코우지】\n그렇지……
0x000b88d3	3	【코우지】\n여기서 관계자들의 알리바이를\n다시 한번 생각해 보자.
0x000b8952	5	【코우지】\n피해자가 마지막으로 목격된\n0시 전후부터 총성이 들린\n0시 44분까지의 알리바이를\n대조해 보자.
0x000b8a06	2	【코우지】\n미나즈키 코우지는 제외해 보자.
0x000b8a58	3	【코우지】\n콘도 형사도 별건으로 자백했으니\n남은 건……
0x000b8ab7	3	【노리코】\n소장님과 아사츠유 씨의\n알리바이가 확정되지 않았네……
0x000b8b2d	3	【코우지】\n그래.\n둘 중 하나가 범인인가……?
0x000b8b97	2	【코우지】\n누마사키 변호사는 제외해 보자.
0x000b8be9	3	【코우지】\n콘도 형사도 별건으로 자백했으니\n남은 건……
0x000b8c48	3	【노리코】\n아사츠유 씨와 미나즈키 씨의\n알리바이가 확정되지 않았네……
0x000b8cc2	3	【코우지】\n그래.\n둘 중 하나가 범인인가……?
0x000b8d2b	4	【코우지】\n미나즈키 코우지는 게임센터에서\n대전 격투 게임을 하고 있었어.\n증인은 미나즈키의 친구야.
0x000b8dac	6	【코우지】\n누마사키 변호사는 익명의 전화로\n협박을 받고\n전화의 주인을 알아내려고\n여러 곳에 전화를 걸고 있었던\n모양이야.
0x000b8e44	3	【코우지】\n그리고 콘도는 부정의 증거를\n가지러 현장에 왔을 뿐이야.
0x000b8eb1	6	【코우지】\n현재로서는 알리바이가 증명되지\n않았지만\n앞으로 콘도의 자백을 바탕으로\n경찰이 뒷받침 수사를 진행하면\n증명될 거야.
0x000b8f49	6	【코우지】\n게다가 콘도 본인도 부정의 증거를\n회수하느라\n필사적이었으니\n살인을 저지를 여유는 없었다고\n봐도 돼.
0x000b8fce	2	【코우지】\n남은 건……
0x000b902d	3	【노리코】\n……아사츠유 씨에게만\n알리바이가 없네……
0x000b90a7	2	【코우지】\n…………
0x000b90ed	2	【코우지】\n되도록 생각하고 싶지 않았는데……
0x000b915e	3	【코우지】\n콘도 형사는 별건으로 자백했으니\n남은 건……
0x000b91bd	4	【노리코】\n소장님, 아사츠유 씨, 미나즈키\n씨의\n알리바이가 확정되지 않았네.
0x000b9226	4	【코우지】\n그래.\n이 안에 진범이 있을지도 몰라.\n어떻게든 범위를 좁혀야 해……
0x000b98ac	2	【노리코】\n좋은 아침, 코우지.
0x000b98e9	2	【코우지】\n그래, 좋은 아침이야, 노리코.
0x000b9987	3	【노리코】\n어제 시간 내 줘서\n고마워, 코우지.
0x000b99f9	3	【노리코】\n실은 어제 우리 대학에 가서\n교수님을 만나고 왔어.
0x000b9a5c	3	【코우지】\n뭐, 대학에……?\n무슨 일로 간 거야?
0x000b9ab8	4	【노리코】\n아직은 비밀이야.\n여기서 나갈 수 있게 되면\n그때 말해 줄게……
0x000b9b0f	2	【코우지】\n그, 그렇구나……
0x000b9b81	3	【노리코】\n어제는 선배 일을 도와주고\n있었으니 특별한 보고는 없어.
0x000b9e11	3	【노리코】\n그럼 우선\n어제 보고부터 할게.
0x000b9ee7	2	【노리코】\n그리고……
0x000b9f5e	2	【노리코】\n어제는 시라카와 빌딩에 다녀왔어.
0x000ba02b	3	【노리코】\n그런데 쉬는 날이었어.\n어제는 정기 휴일이었던 모양이야.
0x000ba0e2	4	【노리코】\n그런데 쉬는 날이었어.\n아무래도 주말은 정기 휴일인\n모양이네.
0x000ba194	2	【노리코】\n그리고……
0x000ba224	3	【노리코】\n어제는 오인 고등학교를\n찾아가 봤어.
0x000ba27e	3	【노리코】\n어제는 미즈타니 탐정사무소\n근처에 다녀왔어.
0x000ba354	3	【노리코】\n그런데 교문이 닫혀 있어서\n들어갈 수 없었어.
0x000ba3c1	3	【노리코】\n그래도 사무소에는\n아무도 없었어.
0x000ba434	4	【코우지】\n이런!\n일요일은 정기 휴일이었지……\n다음부터는 조심해야겠어.
0x000ba4a7	4	【코우지】\n이런!\n일요일과 화요일은 휴일이었지……\n다음부터는 조심해야겠어.
0x000ba518	3	【노리코】\n하지만 미즈타니 씨가 안 계셔서\n이야기를 들을 수 없었어.
0x000ba5ae	4	【코우지】\n그런데 말이야.\n실은 아사츠유 씨가\n행방불명이야……
0x000ba629	3	【노리코】\n뭐……!?\n무슨 일이야!?
0x000ba67c	3	【코우지】\n사무소에 편지가\n남겨져 있었던 모양이야.
0x000ba6d2	3	【코우지】\n찾고 있던 사람을 발견했으니\n한동안 자리를 비우겠다고……
0x000ba753	4	【노리코】\n……신경 쓰이는 부분은 많지만\n사생활과 관련된 일 같으니\n묻지 않을게.
0x000ba7e7	3	【코우지】\n그래.\n지금은 그렇게 해 줘.
0x000ba83b	4	【코우지】\n어쨌든 이제 아사츠유 씨에게\n더는 의지할 수 없게 됐다는\n뜻이야.
0x000ba8a7	4	【코우지】\n뭐, 여기까지 왔으니\n이제는 스스로 어떻게든\n해야겠지만.
0x000ba95e	2	【노리코】\n그리고……
0x000ba9d5	3	【노리코】\n어제는 살해 현장인\n라이트 블루에 다녀왔어.
0x000baac0	3	【노리코】\n그런데 영업하지 않고 있었어.\n영업은 오후부터인 모양이네.
0x000bab32	2	【노리코】\n그런데 정기 휴일이었어.
0x000bac1d	2	【노리코】\n그리고……
0x000bac94	4	【노리코】\n어제는 소장님께 이야기를 들으려고\n누마사키 법률 사무소에\n잠시 돌아갔어.
0x000bad88	2	【노리코】\n그런데 소장님은 안 계셨어.
0x000baded	4	【노리코】\n어제는 소장님이 쉬는 날이었던\n모양이네.\n깜빡했어.
0x000bae9c	2	【노리코】\n그리고……
0x000baf13	3	【노리코】\n어제는 미야카미 대학 부속 병원에\n다녀왔어.
0x000bafe8	4	【노리코】\n그런데 정문이 닫혀 있었어.\n토요일 오후와 일요일은\n휴진인 모양이야.
0x000bb0fa	2	【노리코】\n그리고……
0x000bb171	3	【노리코】\n어제는 게임센터에\n다녀왔어.
0x000bb2ab	3	【노리코】\n그리고 소장님에게도\n이야기를 들었어.
0x000bb40f	2	【노리코】\n보고는 이상이야.
0x000bb49c	4	【코우지】\n알겠어.\n그럼 내가 얻은 정보를\n말할게.
0x000bb516	2	【코우지】\n우선 취조부터야.
0x000bb6fd	3	【코우지】\n취조에 대해서는\n이 정도야.
0x000bb792	3	【코우지】\n먼저 어제 접견하러 온 사람에게서\n얻은 정보에 대해 말인데……
0x000bb9bf	3	【코우지】\n어제 노조미가 왔지만\n특별히 할 이야기는 없었어.
0x000bbbb8	2	【코우지】\n그리고……
0x000bbc1a	3	【코우지】\n어제는 아무도 오지 않았으니\n새로운 정보는 없어.
0x000bbc9a	2	【코우지】\n내 보고는 이상이야.
0x000bbd2e	2	【노리코】\n그리고 말이야.
0x000bbd8b	3	【노리코】\n소장님이 허락해 줘서\n이 사건에 집중할 수 있게 됐어.
0x000bbdf0	4	【노리코】\n그래서 하루에\n세 곳까지 조사할 수 있을 것\n같아.
0x000bbe6b	3	【코우지】\n정말!?\n그거 큰 도움이 되겠는데……!!
0x000bbf36	3	【노리코】\n그럼 오늘 조사할\n세 곳을 지시해 줘.
0x000bbfa4	2	【노리코】\n알겠어.
0x000bc04c	3	【노리코】\n그럼 오늘 조사를 어떻게 할지\n지시해 줄래?
0x000bc0e5	3	【코우지】\n……오늘은 특별히\n조사해 달라는 게 떠오르지 않네.
0x000bc148	5	【노리코】\n그렇구나……\n그럼 사무소 선배가\n도와 달라고 부탁한 일이\n있는데……
0x000bc1d1	2	【코우지】\n그래, 해도 괜찮아.
0x000bc23b	3	【노리코】\n고마워, 코우지.\n그럼 그렇게 할게.
0x000bc2be	2	【코우지】\n그게 말이야……
0x000bc31d	4	【코우지】\n술에 취해 쓰러져 기억을 잃었다면\n내가 진범일 가능성도\n부정할 수 없다는 거야……
0x000bc39a	5	【코우지】\n진범이 아니라면\n그 증거를 내놓으라고……\n미우라 그 자식이 그런 말을\n한다니까!
0x000bc427	3	【노리코】\n……그걸 확실히 부정할 수\n없으니까 고생하는 거잖아……
0x000bc4a1	3	【코우지】\n하지만 살인 트릭도 거의 밝혀냈고\n할 수 있는 건 다 했다고 생각해.
0x000bc523	3	【코우지】\n……오늘은 특별히\n조사해 달라는 게 떠오르지 않네.
0x000bc586	4	【코우지】\n남은 날짜를 생각하면\n새로운 증거를 찾는 건\n어려울 테고……
0x000bc612	3	【노리코】\n그럼 오늘은 조사를 쉬고\n각자 시간을 가져도 될까?
0x000bc67d	4	【코우지】\n그래, 좋아……\n오히려 나 때문에 쉬지도 않고\n여기까지 해 줘서 고마워.
0x000bc710	3	【노리코】\n그럼 오늘만은 쉴게.\n그럼 내일 봐……
0x000bc775	2	【코우지】\n그래, 또 봐.
0x000bc925	3	【코우지】\n노리코, 계속 일만 했잖아?\n지금부터는 쉬어.
0x000bc9a9	2	【노리코】\n아니, 나는 괜찮아.
0x000bc9f5	4	【코우지】\n아니, 앞으로를 생각해서라도\n쉬었으면 해.\n부탁이야.
0x000bca53	4	【코우지】\n게다가 지금은 특별히\n조사해 달라는 것도 없어.\n그러니까…… 응?
0x000bcad2	3	【노리코】\n……알겠어.\n고마워, 코우지.
0x000bcb2e	3	【노리코】\n알겠어.\n그럼 다녀올게.
0x000bcc86	2	【노리코】\n알겠어.
0x000bcceb	3	【노리코】\n……드디어네.\n힘내, 코우지.
0x000bcd37	3	【코우지】\n그래.\n힘내고 올게.
0x000bcd9d	3	【노리코】\n그럼 또 보자,\n코우지.
0x000bd246	2	【노리코】\n좋은 아침, 코우지.
0x000bd283	2	【코우지】\n그래, 좋은 아침이야, 노리코.
0x000bd2d5	3	【코우지】\n오늘부터 잘 부탁해,\n노리코.
0x000bd32f	3	【노리코】\n응.\n힘내자!
0x000bd39d	3	【노리코】\n조금씩이지만\n사건의 모습이 보이기 시작했네.
0x000bd3f3	3	【코우지】\n아직 정보는 부족하지만\n착실하게 앞으로 나아가고 있어.
0x000bd449	2	【코우지】\n이 기세로 계속 나아가자!
0x000bd4d3	3	【노리코】\n이제 남은 날이\n점점 줄어들고 있네……
0x000bd521	3	【코우지】\n『초조해지면 지는 거다』라는 건\n아사츠유 씨의 가르침이지만……
0x000bd59e	3	【노리코】\n그럼 초조해하지 말고\n포기하지도 말고 나아가자.
0x000bd614	3	【노리코】\n드디어 오늘이\n조사할 수 있는 마지막 날이네.
0x000bd661	4	【코우지】\n그렇지.\n할 수 있는 건 다 하고\n마지막 날을 맞이하자!
0x000bd6f7	2	【노리코】\n오늘이 마지막이구나……
0x000bd739	3	【코우지】\n그래……\n마지막 보고, 부탁해.
0x000bd7e4	3	【노리코】\n어제 시간 내 줘서\n고마워, 코우지.
0x000bd856	3	【노리코】\n실은 어제 우리 대학에 가서\n교수님을 만나고 왔어.
0x000bd8b9	3	【코우지】\n뭐, 대학에……?\n무슨 일로 간 거야?
0x000bd915	4	【노리코】\n아직은 비밀이야.\n여기서 나갈 수 있게 되면\n그때 말해 줄게……
0x000bd96c	2	【코우지】\n그, 그렇구나……
0x000bd9de	3	【노리코】\n어제는 선배 일을 도와주고\n있었으니 특별한 보고는 없어.
0x000bdc61	3	【노리코】\n그럼 우선\n어제 보고부터 할게.
0x000bdd1c	2	【노리코】\n그리고……
0x000bdd93	2	【노리코】\n어제는 시라카와 저택에 다녀왔어.
0x000bde5f	2	【노리코】\n그런데 아무도 없었어.
0x000bdf00	2	【노리코】\n그리고……
0x000bdf77	2	【노리코】\n어제는 시라카와 빌딩에 다녀왔어.
0x000be044	3	【노리코】\n그런데 쉬는 날이었어.\n어제는 정기 휴일이었던 모양이야.
0x000be0fb	4	【노리코】\n그런데 쉬는 날이었어.\n아무래도 주말은 정기 휴일인\n모양이네.
0x000be15e	4	【노리코】\n그런데 쉬는 날이었어.\n아무래도 화요일은 정기 휴일인\n모양이야.
0x000be1c1	4	【노리코】\n그런데 쉬는 날이었어.\n아무래도 월요일과 화요일은\n정기 휴일인 모양이네.
0x000be279	2	【노리코】\n그리고……
0x000be2f0	3	【노리코】\n어제는 미즈타니 탐정사무소\n근처에 다녀왔어.
0x000be3da	3	【노리코】\n그런데 사무소에는\n아무도 없었어.
0x000be44d	4	【코우지】\n이런!\n일요일은 정기 휴일이었지……\n다음부터는 조심해야겠어.
0x000be4c0	4	【코우지】\n이런!\n일요일과 화요일은 휴일이었지……\n다음부터는 조심해야겠어.
0x000be52c	4	【코우지】\n이런!\n어제는 정기 휴일이었지……\n다음부터는 조심해야겠어.
0x000be59a	3	【노리코】\n하지만 미즈타니 씨가 안 계셔서\n이야기를 들을 수 없었어.
0x000be655	2	【노리코】\n그리고……
0x000be6cc	3	【노리코】\n어제는 피해 현장인\n라이트 블루에 다녀왔어.
0x000be7b7	3	【노리코】\n그런데 영업하지 않고 있었어.\n영업은 오후부터인 모양이네.
0x000be829	2	【노리코】\n그런데 정기 휴일이었어.
0x000be8cf	3	【노리코】\n그런데 쉬는 날이었어.\n어제는 정기 휴일이었던 모양이야.
0x000be97d	2	【노리코】\n그리고……
0x000be9f4	4	【노리코】\n어제는 소장님께 이야기를 들으려고\n누마사키 법률 사무소에\n잠시 돌아갔어.
0x000beae8	2	【노리코】\n그런데 소장님은 안 계셨어.
0x000beb4d	4	【노리코】\n어제는 소장님이 쉬는 날이었던\n모양이네.\n깜빡했어.
0x000bebfc	2	【노리코】\n그리고……
0x000bec73	3	【노리코】\n어제는 코우지의 아파트에\n다녀왔어.
0x000bed44	3	【노리코】\n그런데 관리인이 없어서\n안으로 들어갈 수 없었어.
0x000bedf1	2	【노리코】\n그리고……
0x000bee68	3	【노리코】\n어제는 미야카미 택시 센터에\n다녀왔어.
0x000bef3b	4	【노리코】\n그런데 쉬는 날이었어.\n아무래도 일요일은 정기 휴일인\n모양이네.
0x000bf040	2	【노리코】\n보고는 이상이야.
0x000bf13e	4	【코우지】\n그래.\n그럼 내가 얻은 정보를\n말할게.
0x000bf1a0	4	【코우지】\n알겠어.\n그럼 내가 얻은 정보를\n전할게.
0x000bf201	2	【코우지】\n우선 취조부터야.
0x000bf410	3	【코우지】\n취조에 대해서는\n이 정도야.
0x000bf48c	3	【코우지】\n먼저 어제 접견하러 온 사람에게서\n얻은 정보에 대해 말인데……
0x000bf7db	2	【코우지】\n그리고……
0x000bf83e	3	【코우지】\n어제는 아무도 오지 않았으니\n새로운 정보는 없어.
0x000bf8be	2	【코우지】\n내 보고는 이상이야.
0x000bf932	2	【노리코】\n알겠어.
0x000bf9ce	3	【노리코】\n그럼 오늘 조사를 어떻게 할지\n지시해 줄래?
0x000bfa68	3	【코우지】\n……오늘은 특별히\n조사해 달라는 게 떠오르지 않네.
0x000bfae4	5	【노리코】\n그렇구나……\n그럼 사무소 선배가\n도와 달라고 부탁한 일이\n있는데……
0x000bfb6d	2	【코우지】\n그래, 해도 괜찮아.
0x000bfbd7	3	【노리코】\n고마워, 코우지.\n그럼 그렇게 할게.
0x000bfc50	2	【코우지】\n그게 말이야……
0x000bfcaf	4	【코우지】\n술에 취해 쓰러져 기억을 잃었다면\n내가 진범일 가능성도\n부정할 수 없다는 거야……
0x000bfd2c	5	【코우지】\n진범이 아니라면\n그 증거를 내놓으라고……\n미우라 그 자식이 그런 말을\n한다니까!
0x000bfdb9	3	【노리코】\n……그걸 확실히 부정할 수\n없으니까 고생하는 거잖아……
0x000bfe33	3	【코우지】\n하지만 살인 트릭도 거의 밝혀냈고\n할 수 있는 건 다 했다고 생각해.
0x000bfe9c	4	【코우지】\n남은 날짜를 생각하면\n새로운 증거를 찾는 건\n어려울 테고……
0x000bff28	3	【노리코】\n그럼 오늘은 조사를 쉬고\n각자 시간을 가져도 될까?
0x000bff93	4	【코우지】\n그래, 좋아……\n오히려 나 때문에 쉬지도 않고\n여기까지 해 줘서 고마워.
0x000c0026	3	【노리코】\n그럼 오늘만은 쉴게.\n그럼 내일 봐……
0x000c008b	2	【코우지】\n그래, 또 봐.
0x000c0212	3	【코우지】\n노리코, 계속 일만 했잖아?\n지금부터는 쉬어.
0x000c0296	2	【노리코】\n아니, 나는 괜찮아.
0x000c02e2	4	【코우지】\n아니, 앞으로를 생각해서라도\n쉬었으면 해.\n부탁이야.
0x000c0340	4	【코우지】\n게다가 지금은 특별히\n조사해 달라는 것도 없어.\n그러니까…… 응?
0x000c03bf	3	【노리코】\n……알겠어.\n고마워, 코우지.
0x000c0532	2	【노리코】\n응, 알겠어.
0x000c058e	2	【노리코】\n…………
0x000c05c7	2	【코우지】\n왜 그래, 노리코?
0x000c0611	4	【노리코】\n응……\n코우지와 함께 조사할 수 있어서\n조금 기쁘고……
0x000c0671	2	【코우지】\n그, 그렇구나……
0x000c06ac	2	【코우지】\n……나도 그래.
0x000c070d	2	【노리코】\n뭐……!?
0x000c0748	2	【코우지】\n…………
0x000c07a7	2	【노리코】\n그럼 다녀올게.
0x000c07ea	2	【코우지】\n어, 어……
0x000c0847	2	【노리코】\n알겠어.
0x000c0893	3	【노리코】\n……드디어네.\n힘내자, 코우지.
0x000c08df	2	【코우지】\n그래.
0x000c0921	2	【노리코】\n그럼 또 보자.
0x000c096e	3	【노리코】\n알겠어.\n그럼 다녀올게.
0x000c0b6f	3	【노리코】\n그리고 소장님에게도\n이야기를 들었어.
0x000c0bf5	2	【노리코】\n실례합니다.
0x000c0c8e	4	【에이타로】\n신조 양인가.\n시라카와 이치로 사건 조사는\n잘 진행되고 있나?
0x000c0cf4	3	【노리코】\n네.\n조금씩 진행하고 있습니다.
0x000c0d38	3	【노리코】\n그래서 사건이 발생했을 때의\n상황을 알려 주셨으면 해서……
0x000c0dbb	2	【에이타로】\n……그때는 놀랐지.
0x000c0e32	4	【에이타로】\n총성이 장내에 울려 퍼져서\n순간 손님들끼리\n서로 얼굴을 마주 봤어.
0x000c0eae	5	【에이타로】\n그때 콘도 가쓰미……\n지금 형사로 일하는 고등학교\n동창인데\n그도 현장에 있었거든……
0x000c0f2c	3	【에이타로】\n그가 가장 먼저 총성이 들린 쪽,\nVIP룸으로 달려갔어.
0x000c0f9e	4	【에이타로】\n그 뒤를 이어 아사츠유 씨도\n갔지……\n지금은 탐정을 하고 있던가……?
0x000c102e	3	【노리코】\n소장님은 아사츠유 씨와도\n아는 사이시군요.
0x000c107b	3	【노리코】\n실은 피의자인\n사이토 씨의 상사입니다.
0x000c10fc	4	【에이타로】\n그렇군.\n피의자 얼굴이 낯익다 했더니\n그날 그녀와 함께 있던 남자였나.
0x000c116f	4	【노리코】\n네.……그럼\nVIP룸에 간 뒤에는 어떻게\n됐나요?
0x000c1217	4	【에이타로】\n가는 길에 문이 하나 있었어.\n콘도 가쓰미가 열려고 했지만\n잠겨 있었던 모양이야.
0x000c128e	4	【에이타로】\n그걸 본 아사츠유 씨가\n일단 되돌아갔다가\n곧 문 열쇠를 가지고 돌아왔어.
0x000c1306	5	【에이타로】\n마스터에게 열쇠를 빌려 온 거겠지.\n그녀의 재치 덕분에\n시간은 많이 지체되지 않았다고\n생각해.
0x000c137c	3	【에이타로】\n아사츠유 씨에게 열쇠를 받아\n콘도 가쓰미가 문을 열었어.
0x000c13dd	4	【에이타로】\n그러고는 콘도 가쓰미가 말했지.\n앞에 아직 권총을 든 범인이\n있을지도 모른다고.
0x000c144b	4	【에이타로】\n위험하니 혼자 가겠다고\n다른 사람들은 여기서 기다리라고\n했어.
0x000c14a9	4	【에이타로】\n그래서 문 앞에서 기다리고\n있었는데 안에서 콘도 가쓰미의\n비명 소리가 들렸어.
0x000c1575	4	【에이타로】\n나와 아사츠유 씨는 비명이\n들리자마자\nVIP룸 안으로 들어갔어.
0x000c1609	4	【에이타로】\n그곳에는 콘도 가쓰미와\n살해당한 시라카와 이치로만 있었고\n범인은 이미 어디에도 없었지.
0x000c1698	4	【에이타로】\n아사츠유 씨는 곧 VIP룸에서 나와\n110번에 신고하려고 사무실로\n향했어.
0x000c1726	4	【에이타로】\n잠시 뒤 콘도 가쓰미가\n현장을 보존해야 하니\n방 밖으로 나가라고 했어.
0x000c17d2	3	【에이타로】\n그리고 홀로 돌아와서\n경찰의 사정 청취를 받았지……
0x000c1896	3	【노리코】\n소장님께 들은 이야기는\n이런 내용이었어.
0x000c18f0	3	【노리코】\n그리고 마지막으로 하나 더.\n사무소 선배에게 들은 정보인데……
0x000c1967	5	【노리코】\n이번 사건 담당인 미우라 마사노부\n형사는\n수사 1과에서도\n최고의 수완가로 이름이 높대.
0x000c1a25	5	【노리코】\n또 한 명인 요시모토 사야카 형사는\n아직 신참이지만\n국가공무원 시험에 수석으로 합격한\n수재래.
0x000c1adb	3	【노리코】\n솔직히 둘 다\n상대하기 만만치 않겠네.
0x000c1b48	4	【코우지】\n그렇구나……\n이쪽도 정신 바짝 차리고\n상대해야겠어.
0x000c207e	4	【코우지】\n(오늘은 경찰서에서 취조하지 않고\n살해 현장인 바\n『라이트 블루』로 끌려왔다.)
0x000c211e	3	【미우라】\n어떠냐, 사이토.\n뭔가 기억나는 게 있나?
0x000c216d	3	【코우지】\n……확실히 여기 온 기억은 있어.\n하지만 그뿐이야.
0x000c21e4	5	【미우라】\n그뿐인가.\n뭐, 좋아.\n이제부터 천천히\n기억을 되찾아 보도록 하지.
0x000c2263	4	【미우라】\n피해자 시라카와 이치로는\n이 가게 VIP룸에서 누군가를\n만나고 있었다.
0x000c22c8	3	【코우지】\nVIP룸이라……\n꽤나 높은 사람인 모양이군.
0x000c2329	5	【미우라】\n그렇지.\n피해자는 시라카와 하우징의\n대표이자 시라카와 그룹의 정점에\n선 남자다.
0x000c23c5	3	【미우라】\n너도 시라카와 그룹 정도는\n상식으로 알고 있겠지?
0x000c241a	4	【코우지】\n글쎄……\n나는 탐정 같은\n비주류 직업을 하고 있어서 말이야.
0x000c24a2	3	【미우라】\n……흥.\n꽤 자조적인 말이군.
0x000c251b	3	【미우라】\n이야기로 돌아가지.\n우선 이걸 봐라.
0x000c25fa	2	【미우라】\n여기가 가게 입구다.
0x000c2687	5	【미우라】\n여기가 우리가 있는 홀이고\n너와 아사츠유는 이 카운터에서\n술을 마시고 있었어……\n그건 틀림없지?
0x000c271f	4	【코우지】\n그래, 거기까지는 기억해.\n이 카운터에서 술을 마셨다는 건\n인정하지.
0x000c277a	3	【미우라】\n흠.\n그리고 여기가 문제의 VIP룸이다.
0x000c2812	4	【미우라】\n그림에서 알 수 있듯이\n이곳에서는 VIP룸 안이\n어떻게 되어 있는지 볼 수 없어.
0x000c28ca	3	【미우라】\n그런데도 이곳에 있던 사람들에게\n분명히 들릴 정도로 총성이 울렸지.
0x000c292e	4	【미우라】\n곧 손님 몇 명이\nVIP룸으로 달려갔고\n피해자가 쓰러져 있었어.
0x000c29a5	2	【코우지】\n…………
0x000c29de	3	【미우라】\n이 안으로 들어가는 길은\n두 가지가 있다.
0x000c2a28	4	【미우라】\n하나는 오른쪽 안쪽 화장실로 가는\n길에\n있는 문으로 들어가는 방법.
0x000c2b4b	3	【미우라】\n다른 하나는 입구 왼쪽에서\n직접 VIP룸으로 향하는 길이다.
0x000c2c73	3	【미우라】\n하지만 오른쪽 길로는\n들어갈 수 없어.
0x000c2cc1	4	【미우라】\n왜냐하면 이 문은\n안쪽에서만 열리는\n자동 잠금 구조이기 때문이다.
0x000c2d74	4	【미우라】\n화장실로 가는 손님이\n잘못 들어오지 않도록\n이런 구조로 만든 거지.
0x000c2dd9	5	【미우라】\n화장실 쪽에서 문을 열려면\nVIP룸 사용자가 자유롭게 정할 수\n있는\n비밀번호가 필요해.
0x000c2e50	4	【미우라】\n그날 이 비밀번호를 알고 있던\n사람은\n피해자뿐이었다는 뜻이야.
0x000c2eb5	2	【코우지】\n번거로운 구조로 되어 있군.
0x000c2f6d	3	【미우라】\n기밀성이 높은 회의나 협의에\n사용하는 곳이기 때문이다.
0x000c2fda	4	【미우라】\n안쪽은 방음 설계가 되어 있고\n각 문에는 열쇠를 걸 수 있게\n되어 있어.
0x000c305d	3	【미우라】\n모든 문을 잠그면\n밖의 홀과는 완전히 격리되지.
0x000c30cd	4	【코우지】\n그럼 사건 당일 밤\n나도 이쪽으로는 들어갈 수 없었던\n거군.
0x000c3121	6	【미우라】\n글쎄.\n말다툼 뒤 VIP룸으로 돌아가던\n피해자가\n입력한 비밀번호를\n훔쳐봤을 가능성도 충분히 있어.
0x000c31a2	3	【미우라】\n그 가능성은 충분히 생각할 수\n있지.
0x000c31e9	3	【코우지】\n(끝까지 나에게 불리한\n상황인가……)
0x000c326e	3	【코우지】\n……아니, 잠깐만.\n한 가지 더 걸리는 점이 있어.
0x000c32ed	3	【미우라】\n호오.\n말해 봐라.
0x000c332b	3	【코우지】\n분명 장내에 총성이 울렸다고 했지?\n방음 설계인데도?
0x000c33c2	3	【미우라】\n……총성처럼 큰 소리라면\n새어 나와도 이상하지 않겠지.
0x000c3424	4	【코우지】\n(……그럴지도 몰라.\n하지만……\n그렇게 끝내도 되는 걸까……?)
0x000c3483	4	【코우지】\n……알겠어, 지금은 됐어.\n이 VIP룸 안을\n보여 줄 수 있어?
0x000c34ee	3	【미우라】\n지금 보여 주려던 참이다.\n따라와.
0x000c3582	2	【미우라】\n이 문이다.
0x000c35cd	5	【미우라】\n총성이 장내에 울려 퍼졌을 때\n관계자들이 이 문으로 들어가려\n했지만\n잠겨 있었다고 한다.
0x000c364d	4	【코우지】\n안쪽에서는 손으로 잠글 수 있고\n밖에서는……\n열쇠가 필요한 구조인가.
0x000c36be	2	【코우지】\n이 열쇠는 누가 관리해?
0x000c3719	6	【미우라】\n홀 카운터 안에\n열쇠를 두는 곳이 있어.\n영업 시간에는\n거기에 열쇠가 놓여 있었던\n모양이야.
0x000c3791	5	【코우지】\n카운터 안이라……\n그럼 기본적으로\n가게 관계자만 가지고 다닐 수\n있었겠네……
0x000c3804	4	【미우라】\n그렇지.\n게다가 카운터에는\n마스터가 있어.
0x000c3861	4	【미우라】\n기본적으로 열쇠는\n마스터가 관리한다고\n봐도 될 거야.
0x000c38c9	4	【미우라】\n총성이 장내에 울렸을 때\n관계자들이 마스터에게 달려가\n열쇠를 빌려 문을 열었다고 한다.
0x000c3965	4	【미우라】\n이 문 열쇠뿐 아니라\n장내 사무실 열쇠도\n함께 관리하고 있어.
0x000c39eb	4	【미우라】\n그러고 보니 사건 전날\n사무실 열쇠가 계속 열려 있어서\n문제가 됐던 모양이야.
0x000c3a68	3	【미우라】\n그래서 당일에는 더욱\n신중하게 열쇠를 관리했다고 해.
0x000c3ac2	5	【코우지】\n……그렇군.\n그렇게 엄중히 관리하던 열쇠를\n내가 부수고 피해자를 죽였다는\n건가.
0x000c3b3b	2	【코우지】\n대단하네, 나.
0x000c3b9c	2	【미우라】\n……농담할 생각인가?
0x000c3c02	5	【미우라】\n네가 부순 건\n자동 잠금 문뿐이야.\n마스터가 관리하는 열쇠와는\n관계없지.
0x000c3c8c	2	【미우라】\n계속 진행하지.
0x000c3d0b	3	【미우라】\n여기가 VIP룸 문이다.\n들어가자.
0x000c3d9b	5	【미우라】\n여기가 피해자가 살해당한\nVIP룸이야.\n최초 발견자는 콘도 가쓰미……\n내 상사다.
0x000c3e51	3	【코우지】\n……상사?\n최초 발견자가 형사였어?
0x000c3eb6	6	【미우라】\n그래.\n그날 우연히 이 가게에서 술을\n마시다가\nVIP룸에서 총성이 들리자\n가장 먼저 달려 들어갔다고 해.
0x000c3f4e	5	【미우라】\n피해자가 쓰러져 있었고\n범인으로 보이는 인물은\n이미 보이지 않았다고\n증언했어.
0x000c3fce	4	【미우라】\n그리고 가게 밖 쓰레기통 안에서\n범행에 사용된 권총이\n버려진 채 발견됐지.
0x000c404b	3	【미우라】\n참고로 피해자가 쓰러져 있던 곳은\n저 소파야.
0x000c40a5	3	【코우지】\n소파에 쓰러져 있었다고……?\n앉아 있었던 게 아니라?
0x000c411f	5	【미우라】\n엎드린 상태였어.\n즉 소파 등받이 부분에\n몸을 덮듯이 쓰러진 상태로\n발견된 거지.
0x000c419a	2	【코우지】\n……엎드린 상태?
0x000c4200	2	【미우라】\n요시모토 준.
0x000c425f	2	【요시모토】\n네.
0x000c42c5	4	【코우지】\n(……확실히\n이렇다면 ‘쓰러져 있었다’는\n표현이 맞을지도 모르겠네……)
0x000c435b	4	【코우지】\n……하지만 왜?\n왜 이런 자세로 죽어 있는\n거지……?
0x000c43b0	3	【코우지】\n총에 맞지도 않은 심장을 움켜쥐고\n게다가……
0x000c442d	4	【미우라】\n거기까지다.\n심장 정지든 과다 출혈이든\n네 혐의는 변하지 않아.
0x000c4492	2	【코우지】\n뭐라고……!?
0x000c44f5	3	【미우라】\n사인이 총격으로 발생했다는 건\n명백해.
0x000c455c	3	【미우라】\n그리고 네 지문이 묻은 권총이\n남겨져 있었지.
0x000c45e8	4	【미우라】\n그 사실만으로 충분해……\n네가 범인이라고 결론 내리기에는\n말이야!
0x000c4640	2	【코우지】\n큭!
0x000c4676	5	【코우지】\n(현장에 지문이 묻은 권총이\n있었으니\n조금 부자연스러운 점만으로는\n반박할 수 없어……!)
0x000c4724	3	【미우라】\n그래서 어떠냐?\n기억이 돌아왔나?
0x000c4775	3	【코우지】\n그보다 앞선 문제야.\n이 방에 들어왔다는 기억조차 없어.
0x000c47ef	4	【미우라】\n흥, 그렇군.\n이번에도 편리하게 기억이 없다는\n거냐.
0x000c4848	4	【코우지】\n아니야!\n이 방에 들어온 건\n정말 오늘이 처음이야!
0x000c48a7	3	【코우지】\n……그렇지!\n지문이다!
0x000c48ef	3	【코우지】\n이 방에 들어오기까지\n문이 몇 개 있었잖아!
0x000c4940	2	【코우지】\n거기에 내 지문은 묻어 있었어!?
0x000c49b2	2	【미우라】\n…………
0x000c49eb	3	【코우지】\n(미우라가 놀라고 있어……\n이건……!?)
0x000c4a66	3	【미우라】\n확실히 네 지문은\n묻어 있지 않았다.
0x000c4ab5	4	【코우지】\n그럼 된 거잖아!\n내가 이 방에 들어오지 않았다는\n가장 확실한 증거 아니야!
0x000c4b43	3	【미우라】\n……사이토.\n진심으로 하는 말인가?
0x000c4b8e	2	【코우지】\n네?
0x000c4c3b	5	【미우라】\n……문에는\n최초 발견자의 지문만 남아 있었다.\n사전에 누군가가\n지문을 닦았다고 봐야 해.
0x000c4cce	3	【코우지】\n뭐라고……!?\n지문을 닦아 냈다고……?
0x000c4d3a	3	【미우라】\n그런 짓을 할 사람은\n한 명밖에 생각할 수 없어.
0x000c4dae	4	【미우라】\nVIP룸에 들어갔다는 증거를\n인멸하려고\n네가 닦아 낸 거겠지!
0x000c4e4c	4	【미우라】\n그 정도 변명으로\n무죄를 주장할 수 있다고 생각했나?\n정말 어리석은 놈이군.
0x000c4eb0	4	【코우지】\n그, 그런 짓은 안 했어!\n나는 이 방에\n들어온 적조차……!
0x000c4f34	5	【미우라】\n네 주장은 근거가 없어.\n이 방에 들어오지 않았다고\n주장하려면\n좀 더 논리적으로 말해.
0x000c4fa4	2	【코우지】\n으으……!
0x000c5011	3	【미우라】\n……흥.\n여기까지다.
0x000c5053	2	【코우지】\n…………
0x000c50b2	4	【미우라】\n어때?\n기억이 없어도\n상황은 파악할 수 있었겠지.
0x000c5126	2	【미우라】\n반론할 게 있으면 받아 주마.
0x000c516d	4	【코우지】\n(……젠장!\n아무 말도 되받아칠 수가\n없어……!)
0x000c51e3	4	【미우라】\n오늘은 이만 돌아가기로 하지.\n내일부터의 심문을\n기대하고 있어라.
0x000c5748	5	【미우라】\n자, 오늘은 근본적인 부분부터\n시작하지.\n네가 가게에서 술에 취해\n쓰러져 있었다는 이야기다.
0x000c57b4	4	【코우지】\n그래.\n그래서 그 시간의\n기억이 없는 거야……
0x000c5830	4	【미우라】\n이 상황은 한편으로는\n너에게 불리한 상황이라고\n할 수밖에 없어.
0x000c58a1	4	【미우라】\n하지만 반대로\n불리한 사실에 앞뒤를 맞출 수 있는\n편리한 상황이기도 하지.
0x000c5919	3	【코우지】\n끝까지 그 방향으로\n몰아갈 생각인가……
0x000c5985	4	【미우라】\n잘 들어, 사이토.\n기억이 없다면 떠올려.\n그게 네게 남은 유일한……
0x000c5a69	2	【콘도】\n어때, 상태는?
0x000c5acc	3	【미우라】\n……지금 중요한\n국면에 들어섰습니다.
0x000c5b28	2	【미우라】\n여기는 제가 맡겠습니다.
0x000c5b6b	3	【코우지】\n(……?\n미우라가 동요하고 있어……?)
0x000c5be6	4	【콘도】\n흥!\n언제까지 맡겨 두면 되지?\n이쪽은 기다리다 지쳤다고.
0x000c5c4c	5	【콘도】\n그렇게 증거가 갖춰져 있는데도\n아직 자백을 받아 내지\n못하다니…… 일부러 봐주고 있는\n건 아니겠지!
0x000c5cea	3	【미우라】\n설마……\n그런 일은 절대 없습니다.
0x000c5d59	3	【콘도】\n어이, 너.\n사이토라고 했지.
0x000c5da1	2	【코우지】\n……네.
0x000c5e15	3	【콘도】\n쓸데없이 저항하지 말고\n빨리 말해.
0x000c5e6b	2	【코우지】\n큭!
0x000c5edf	4	【미우라】\n과장님!\n폭력을 동반한 취조는 불법입니다!\n그만하십시오!
0x000c5f69	4	【콘도】\n이 정도로?\n미우라…… 네 방식은\n너무 미지근해.
0x000c5fce	3	【콘도】\n내가 본보기를 보여 줄 테니\n잠자코 보고 있어.
0x000c602f	3	【콘도】\n알겠나?\n조용히 지켜보라고!?
0x000c60ab	2	【미우라】\n큭……!
0x000c610a	4	【콘도】\n너와 시라카와가 말다툼하는 걸\n내가 봤어!\n너에게는 충분한 동기가 있다고!
0x000c619a	4	【코우지】\n(……말다툼이라 해도\n네가 멋대로 그렇게 말하는\n것뿐이잖아!)
0x000c625d	3	【코우지】\n내 기억에 없는 일을\n인정할 수는 없습니다.
0x000c631d	4	【콘도】\n무슨 기억 타령이야!\n내가 조용히 대해 주고 있으니\n입을 다물고 있는 거지!
0x000c6386	4	【콘도】\n기억이 없다고 한다면\n억지로라도\n기억나게 해 주지!!
0x000c63e1	2	【코우지】\n…………
0x000c641a	4	【콘도】\n뭐야, 그 도전적인 눈은?\n경찰을 너무 우습게 보지 마, 이\n자식아!
0x000c64ae	4	【미우라】\n과장님!\n이 이상은\n상부에 보고할 수밖에 없습니다.
0x000c6503	2	【콘도】\n……흥!!
0x000c65b6	3	【콘도】\n언제나 그렇지.\n매번 내 앞을 가로막는군!
0x000c6607	2	【코우지】\n…………
0x000c664d	4	【콘도】\n어이, 사이토.\n기억이 있든 없든 상관없으니\n어서 죄를 인정해.
0x000c66bd	4	【콘도】\n지금 자백하면\n무서운 꼴을 당하지 않고 끝낼 수\n있다고.
0x000c6765	4	【콘도】\n지금 자백하면\n살의는 없었다고 조서에 써 주지.\n이 경우에는 상해치사죄야.
0x000c680b	2	【미우라】\n뭐라고요, 과장님!?
0x000c686d	5	【콘도】\n하지만 저항하면\n살의가 있었다는 걸 증명하는\n증거를 얼마든지 제시해 주지!\n억지로라도!
0x000c690a	3	【콘도】\n살인이 증명되면\n사형도 있을 수 있어!
0x000c6992	4	【코우지】\n거짓말로 사실을 날조할 정도라면\n다시 말하지만 나는 하지\n않았습니다.
0x000c69f1	2	【코우지】\n나는 하지 않았어.
0x000c6a52	3	【콘도】\n너는 바보냐!?\n너를 위해서 하는 말이야!
0x000c6aae	4	【코우지】\n나를 위해서……?\n웃기지 마.\n당신 행동은 사법 거래나 다름없어!
0x000c6b15	5	【코우지】\n사실을 왜곡하는 건\n나에게 패배를 선언하는 것뿐이야.\n미안하지만 이런 협박에\n나는 절대로 굴복하지 않아.
0x000c6bbc	2	【콘도】\n크크크……
0x000c6c07	3	【코우지】\n(이 녀석……\n대체 무슨 속셈이지……)
0x000c6c83	5	【미우라】\n과장님, 이만 물러나 주십시오.\n과장님의 심정은 압니다만\n지금은 자백보다\n진실을 밝히는 게 중요합니다.
0x000c6d27	3	【콘도】\n큭……\n마음대로 해라!!
0x000c6e1c	2	【미우라】\n…………
0x000c6e7b	2	【미우라】\n아쉽게 됐군, 사이토.
0x000c6ec7	4	【미우라】\n……이걸로 취조를 끝내고 싶지만\n아직 너에게 확인할 게 남아\n있다……
0x000c6f48	2	【미우라】\n계속하지.
0x000c6f80	2	【코우지】\n……그래.
0x000c7242	1	［본 적이 있다］
0x000c7253	1	［본 적도 없다］
0x000c72c6	3	【미우라】\n……어제는 우리 과장인 콘도가\n미안하게 됐다.
0x000c7312	3	【코우지】\n……뭐, 신참 형사의 본보기라고\n생각했어.
0x000c7361	4	【코우지】\n오히려 형사는 원래 그런\n직업이라고 생각했지.\n당신처럼 특별한 사람은 드물고.
0x000c73f1	4	【미우라】\n힘으로 자백을 받아 내는 건\n내 방식이 아니야.\n그게 전부다.
0x000c7453	3	【미우라】\n오늘은 너와 피해자의 관계에 대해\n물어보겠다.
0x000c74d5	4	【미우라】\n너는 피해자인 시라카와 이치로와\n면식이 없다고 했지.\n확실한가?
0x000c7551	3	【코우지】\n틀림없어.\n나는 그 사람과 안면이 없어.
0x000c75b5	4	【미우라】\n일상적인 손님으로 만났을\n가능성도 0이라고\n보면 되나?
0x000c761d	4	【코우지】\n그래.\n물론 전화로 의뢰를 받아\n얼굴을 보지 않는 경우도 있지만.
0x000c7682	5	【코우지】\n하지만 보통은 직접 만나서 의뢰를\n받으니까\n그때 만난 사람의 얼굴은\n전부 기억하고 있어.
0x000c771c	3	【코우지】\n그러니 일로 얽힌 적도 없을 거야.\n하지만……
0x000c7780	5	【코우지】\n본 적이 있다고 해도\n상장 기업의 대표이자\n시라카와 그룹의 정점에 있던\n사람이야.
0x000c7803	4	【코우지】\nTV, 인터넷, 신문……\n어떤 매체에서든\n본 적이 있다는 정도겠지.
0x000c789c	3	【미우라】\n그렇군.\n본 적이 있다는 건 인정하는 건가.
0x000c78f7	3	【미우라】\n이 일에 관해서는\n네 말을 믿어 주지.
0x000c7951	3	【미우라】\n만약 본 적이 없다고 우겼다면\n너를 믿을 수 없게 됐을지도 몰라.
0x000c79b3	2	【코우지】\n……무슨 소리야?
0x000c79f6	4	【코우지】\n……아니, 괜한 걱정이었어.\n그 사람과 만난 적도 없고\n직접 본 적도 없어.
0x000c7a62	4	【미우라】\n……그런가.\n그렇다면 더 묻지는 않겠다.\n너는 TV나 인터넷을 보지 않나?
0x000c7ac6	2	【코우지】\n……TV나 인터넷?
0x000c7b2b	3	【미우라】\n시라카와 그룹은\n광고에 적극적이다.
0x000c7b9f	4	【미우라】\nTV에서는 광고가 나오고\n인터넷 포털 사이트에서도\n광고를 자주 볼 수 있지.
0x000c7c17	4	【미우라】\n그럴 때 그룹 총수로서\n시라카와 이치로가\n모습을 보인 적도 종종 있어.
0x000c7ca1	3	【미우라】\n그런 사람의 얼굴을……\n정말 본 적이 없는 건가?
0x000c7cf2	4	【코우지】\n네, 아니……\nTV도 인터넷도 별로\n보지 않아서……
0x000c7d44	3	【코우지】\n(어쩐지 함정에 빠진 듯한\n기분이야……)
0x000c7d9a	3	【코우지】\n(하지만 여기서 말꼬리를 잡히는 건\n오히려 불리해.)
0x000c7e1c	3	【미우라】\n흠……\n그렇다면 그걸로 좋다.
0x000c7e70	4	【미우라】\n하지만 TV나 인터넷과는 관계없이\n너는 피해자의 명함을\n본 적이 있을 거다.
0x000c7edb	2	【코우지】\n……무슨 소리야?
0x000c7f4a	2	【미우라】\n네 방에서 나온 명함이다.
0x000c7fda	3	【코우지】\n나……!?\n왜 이런 게!?
0x000c8023	3	【코우지】\n내 방에서 나왔다고……\n방 어디에서 나왔어!?
0x000c8081	4	【미우라】\n책상 서랍 안에 있던\n명함집에서 나왔다.\n상당히 오래된 명함으로 보이더군.
0x000c8146	4	【미우라】\n하지만 이걸로 너와 피해자가\n예전에 만났다는 사실이\n증명된 셈이지.
0x000c81dd	4	【미우라】\n그래도 아직\n피해자를 만난 적이 없다고\n말할 셈인가!?
0x000c823d	4	【코우지】\n(그럴 수가……\n내가 피해자의 명함을……\n전혀 기억나지 않아……)
0x000c82c1	3	【코우지】\n으……\n젠장!
0x000c8325	2	【미우라】\n……흥.
0x000c8384	3	【미우라】\n그럼\n심문을 끝내자.
0x000c86aa	3	【미우라】\n어떠냐, 사이토.\n슬슬 자백할까?
0x000c8704	3	【코우지】\n기억에도 없는 일을\n자백할 수 있겠어!?
0x000c8754	3	【코우지】\n나는 죽이지 않았어!\nVIP룸에도 들어가지 않았다고!
0x000c87cc	4	【미우라】\n……흠.\n그럼 이번에는 그 이야기를 해\n보자.
0x000c881b	2	【코우지】\n……그 얘기?
0x000c887c	5	【미우라】\n탐문 수사 결과…… 사건 당일,\nVIP룸에 들어간 사람이\n적어도 네 명 있었던 것으로\n밝혀졌다.
0x000c8907	6	【미우라】\n우선 변호사 누마사키 에이타로다.\n그는 시라카와 그룹의\n고문 변호사이니,\n피해자와 함께 VIP룸에 들어갔어도\n이상할 건 없다.
0x000c89bd	4	【미우라】\n그리고 총성이 홀 안에 울려 퍼졌을\n때,\n내 상관인 콘도도 들어갔다.
0x000c8a35	5	【미우라】\n권총을 든 범인이 있을 가능성을\n생각해\n처음에는 혼자 VIP룸에\n들어간 모양이다.
0x000c8ab4	3	【미우라】\n그 뒤에 미즈타니 아사츠유도\nVIP룸에 들어간 것으로 보인다.
0x000c8b08	3	【코우지】\n(여기까지는 누마사키 변호사가\n말한 그대로군……)
0x000c8b68	6	【미우라】\n그리고 마지막 한 사람……\n손님의 증언에 따르면 『젊은\n남자』가\nVIP룸 쪽으로 걸어가는 모습이\n목격됐다.
0x000c8beb	2	【코우지】\n젊은 남자……?
0x000c8c34	6	【미우라】\n그래, 젊은 남자다.\n당일 현장에 들어간 사람은\n누마사키 에이타로, 미즈타니\n아사츠유,\n그리고 콘도 가쓰미……
0x000c8cda	5	【미우라】\n누구도 『젊은 남자』는 아니다.\n그렇다면 그 『젊은 남자』가\n범인……\n바로 너라는 뜻이다!
0x000c8d89	4	【코우지】\n자, 잠깐 기다려!\n『젊은 남자』라고 해서\n꼭 나라는 법은 없잖아!!
0x000c8e17	2	【미우라】\n그럼 누구라는 거지!
0x000c8e5c	3	【코우지】\n그, 그런 걸……\n내가 알 리 없잖아!
0x000c8ebf	5	【미우라】\n현장에 지문이라는 흔적을 남긴\n네가 범인이라고 보는 게\n자연스럽지!\n아닌가!?
0x000c8f37	2	【코우지】\n큭……!
0x000c8f96	4	【미우라】\n점점 증거가 모이고 있군.\n이 일에 대해서도 논리적인 반론을\n기대하고 있겠다.
0x000c902e	2	【미우라】\n그럼 심문을 시작하지.
0x000c94c9	2	【미우라】\n어제는 잘 잤나?
0x000c950d	2	【코우지】\n참견도 정도껏 하시지.
0x000c9570	2	【미우라】\n훗…… 그런가.
0x000c95ac	3	【코우지】\n(뭐야, 저 여유로운 표정은……?\n……불길한 예감이 드는데……)
0x000c963a	4	【미우라】\n곧장 본론으로 들어가자……\n피해자와 네 연결 고리를 밝혀 줄\n확실한 물증을 찾았다.
0x000c96bf	2	【미우라】\n요시모토 준.
0x000c971e	2	【요시모토】\n네.
0x000c9784	2	【미우라】\n네 방에서 나온 물건이다.
0x000c97c9	2	【코우지】\n내 방에서……?
0x000c9847	4	【요시모토】\n네.\n옷장 안쪽에 있던 공 안에서\n발견됐다고 들었습니다.
0x000c98b5	4	【코우지】\n옷장?\n아, 이사한 뒤 한 번도 열지 않은\n그 공인가……
0x000c9925	3	【코우지】\n그렇다면 내 것이 아니라\n어머니 것이야.
0x000c9994	3	【미우라】\n호오……\n이 수첩은 네 어머니 것이라고?
0x000c99f0	5	【코우지】\n맞아.\n어머니가 돌아가시고 집을 정리했을\n때\n나온 유품이야.
0x000c9a7a	3	【미우라】\n그렇군…… 유품을 소중히\n간직하다니 꽤 효자군 그래.
0x000c9afa	4	【미우라】\n하지만…… 정확히 말하면\n이 수첩은 네 어머니 것도 아니다.\n물론 네 것도 아니지.
0x000c9b66	2	【코우지】\n……무슨 뜻이지?
0x000c9bb1	2	【미우라】\n안쪽을 보는 게 빠르겠지.
0x000c9c67	3	【코우지】\n…………!?\n이, 이건……!?
0x000c9cb3	3	【코우지】\n이 수첩은 사이토 시로\n아버지의……?
0x000c9d48	5	【미우라】\n그래.\n예전에 네 아버지가 일했던\n신문사에 문의했더니,\n그가 직접 쓴 원고가 남아 있더군.
0x000c9de8	2	【미우라】\n필적 감정 결과, 일치했어.
0x000c9e4e	2	【코우지】\n…………
0x000c9e87	5	【코우지】\n(아버지는 프리랜서 기자였고,\n예전에는 대형 신문사 보도부에\n있었다고\n어머니에게 들은 적이 있었지……)
0x000c9f0f	3	【코우지】\n응?\n뭐야, 이건……?
0x000c9f4f	3	【코우지】\n…………\n『시라카와』?
0x000c9fb9	6	【미우라】\n역시 그 부분이 눈에 들어왔나\n보군.\n그래…… 그 『시라카와』는\n피해자인 시라카와 이치로를\n가리키는 것 같다.
0x000ca037	2	【코우지】\n……그렇군.
0x000ca097	2	【미우라】\n호오, 별로 놀라지 않는군?
0x000ca0df	3	【코우지】\n굳이 나에게 수첩을\n보여 줄 정도니까.
0x000ca127	5	【코우지】\n아버지의 수첩이라는 걸 안 순간\n여기에 시라카와 이치로의 이야기가\n적혀 있을 것쯤은\n짐작했지.
0x000ca19d	4	【코우지】\n그러니까 나와 피해자 사이에\n연결 고리가 있다고 말하고 싶은\n거지?
0x000ca1f8	4	【코우지】\n유감이지만 난 이 수첩의 내용은\n본 적도 없어.\n우리 사이에 연결 고리는 없다고.
0x000ca282	3	【미우라】\n훗.\n뭐, 좋아.
0x000ca2e6	4	【미우라】\n이 수첩을 보면\n네 아버지는 피해자를 집요하게\n조사하고 다닌 모양이군.
0x000ca35a	2	【코우지】\n그래서 뭐.
0x000ca394	5	【코우지】\n아버지가 죽은 건\n내가 다섯 살쯤 됐을 때야.\n즉 이 수첩이 쓰인 건\n지금으로부터 20년도 더 전이지.
0x000ca415	3	【코우지】\n이제 와서 이런 걸 보여 줘도\n나와는 전혀 관계없는 이야기야.
0x000ca479	2	【미우라】\n여기를 읽어 봐라.
0x000ca4bc	2	【코우지】\n…………?
0x000ca539	2	【코우지】\n……뭐라고!?
0x000ca581	3	【미우라(시로)】\n『나는 시라카와 이치로에게\n노려지고 있다.
0x000ca5e3	6	【미우라(시로)】\n만약 나에게 무슨 일이\n생긴다면…… 그게 아무리\n자연스럽게 보이는 일이라 해도\n시라카와가 한 일이라고 생각해\n주길 바란다』
0x000ca685	3	【미우라】\n……이 말이 뜻하는 건\n단 하나다.
0x000ca6d1	4	【코우지】\n…………\n아버지는 시라카와 이치로에게\n살해당한 건가?
0x000ca72e	3	【코우지】\n말도 안 돼!\n아버지는 교통사고로 죽었어!!
0x000ca79f	2	【미우라】\n그렇다고 알려져 있지.
0x000ca7fe	6	【미우라】\n하지만 교통사고라고 해도\n사고를 내고 도망친 일이었다는\n점을 생각하면,\n이 문장대로 일이 벌어졌을\n가능성이 높다는 뜻이다.
0x000ca881	4	【코우지】\n잠깐 기다려……\n그게 무슨 소리야!\n그런 우연이…… 있을 리 없어!
0x000ca90c	3	【미우라】\n……지금 네 모습.\n나는 어떻게 받아들여야 하지?
0x000ca96d	3	【미우라】\n네가 거짓말을 하는 것처럼\n보이지는 않는다……
0x000ca9c5	4	【미우라】\n하지만 피의자인 네가\n피해자와의 연결을 숨기려는 것도\n당연한 일이지.
0x000caa46	2	【코우지】\n내가 거짓말을 한다는 거야!?
0x000caaaf	4	【미우라】\n네가 솔직하게 말하고 있다는\n객관적인 증거가 없는 이상,\n그렇게 생각할 수밖에 없군.
0x000cab1e	2	【코우지】\n큭……!
0x000cab57	3	【코우지】\n(대체 어떻게 된 거야!?\n이런…… 이런 일이……!)
0x000cabd1	3	【미우라】\n……뭐, 좋아.\n슬슬 심문을 시작하자.
0x000caf3b	1	［30퍼센트 이상］
0x000caf52	1	［10퍼센트 전후］
0x000caf69	1	［3퍼센트 이하］
0x000caf7e	1	［나는 하지 않았다고 주장］
0x000caf94	1	［내가 했다고 자백］
0x000cb00c	3	【미우라】\n어떤가, 사이토.\n슬슬 자백하는 게 어때?
0x000cb059	2	【코우지】\n…………
0x000cb0b8	5	【미우라】\n너는 운이 좋다고 생각하겠지.\n괜히 말하다가 실수하기 전에\n입을 다물고 버티면\n빠져나갈 수 있다고 말이야.
0x000cb166	4	【미우라】\n하지만 그 생각은 너무 안일해.\n현재 증거만으로도\n너를 기소할 충분한 이유가 된다.
0x000cb1e4	4	【코우지】\n……나에게는 가족도 의지할 사람도\n없으니\n재판을 받는 것 자체는 상관없어.
0x000cb243	4	【코우지】\n하지만 난 무죄야.\n재판에서 무죄라는 게 밝혀지면\n망신을 당하는 건 너희들이라고.
0x000cb2dc	2	【미우라】\n……드디어 입을 열었군.
0x000cb345	5	【미우라】\n재판에서 무죄를 받아낼 수 있다고\n생각한다면,\n그런 기대는 지금 버려 두는 게\n좋다.
0x000cb3b5	3	【코우지】\n뭐라고……?\n무슨 뜻이야?
0x000cb466	4	【미우라】\n현재 일본의 사법 제도 아래에서\n기소된 피고인이 무죄가 될\n확률을 알고 있나?
0x000cb4f2	5	【코우지】\n30퍼센트 이상은 되겠지.\n생각하고 싶진 않지만\n나 같은 부당 체포도\n많을 테니까.
0x000cb592	4	【미우라】\n훗…… 웃기는군.\n너는 현실이라는 걸\n전혀 모르고 있어.
0x000cb606	4	【코우지】\n나처럼 부당하게 체포된 사람이\n10퍼센트 전후라고 생각하면\n대략 그 정도 아닌가?
0x000cb68a	3	【미우라】\n즉, 부당하게 체포된 사람은\n모두 무죄 판결을 받을 수 있다고?
0x000cb715	3	【미우라】\n훗…… 너무 순진하군.\n현실을 좀 더 보는 게 좋다.
0x000cb771	3	【코우지】\n그렇게 많은 수가 아니라는 건\n나도 알고 있어.
0x000cb7be	3	【코우지】\n많아야 3퍼센트\n정도겠지?
0x000cb82c	3	【미우라】\n제법 근접했군.\n하지만 아직 멀었어.
0x000cb8a6	5	【미우라】\n정답은 1퍼센트 미만이다.\n아니, 더 정확히 말하면\n최근 몇 년의 수치로는\n0.1퍼센트 전후지.
0x000cb922	2	【코우지】\n뭐……!?
0x000cb96a	4	【미우라】\n경찰인 내가 말하기도 어렵지만\n현실적으로 부당 체포는\n있을지도 모른다.
0x000cba01	6	【미우라】\n하지만 현재 사법 제도는 이런\n식이야.\n기소된 피고인은 거의 유죄가 된다.\n기소 전에 필요한 수사는\n이미 끝나 있기 때문이지.
0x000cbaaa	3	【코우지】\n재판에 넘어가면 끝이라는\n말을 하고 싶은 건가……?
0x000cbb21	3	【미우라】\n그래서 내가 너에게\n자백을 권하는 거다.
0x000cbb75	2	【코우지】\n…………
0x000cbbae	4	【코우지】\n(안 돼……\n여기서 자백하면\n유죄가 확정돼……)
0x000cbc0b	4	【코우지】\n(하지만 아무리 무죄를 주장해도\n유죄가 될 확률은 99퍼센트\n이상……)
0x000cbcaa	3	【코우지】\n(……젠장!\n어떻게 해야 하지!?)
0x000cbd2d	2	【코우지】\n……내가 했습니다.
0x000cbd92	3	【미우라】\n호오……\n자백하겠다는 건가, 사이토?
0x000cbddb	2	【코우지】\n……네.
0x000cbe3a	4	【미우라】\n알겠다.\n그럼 더 캐묻지는 않겠다.\n요시모토 형사!
0x000cbeaf	3	【요시모토】\n네.\n곧 조서를 준비하겠습니다.
0x000cbf1c	2	【미우라】\n부탁한다.
0x000cbf66	6	【미우라】\n곧 요시모토 형사가\n네가 자백했다는 조서를 준비할\n거다.\n거기에 네가 서명하면\n자백이 성립하지.
0x000cc038	5	\n\n(잠시 뒤 건네받은 조서에\n서명한 시간은\n길었는지 짧았는지……)
0x000cc09e	5	\n\n(무슨 말을 들었는지도\n이제는 기억나지 않는다.\n나는 완전히 지쳐 있었다)
0x000cc0fa	3	\n\n(싸움은 끝난 거야……)
0x000cc145	2	【코우지】\n……난 하지 않았어.
0x000cc1aa	3	【미우라】\n…………\n아직도 저항할 셈인가.
0x000cc1f9	3	【코우지】\n확률 따위는 문제가 아니야.\n중요한 건 진실이지.
0x000cc24a	2	【코우지】\n난 무죄야!
0x000cc2ab	2	【미우라】\n……좋아.
0x000cc317	2	【미우라】\n그럼 심문으로 몰아붙여 주마!
0x000cc781	2	【미우라】\n자, 취조를 시작하지.
0x000cc7c4	2	【코우지】\n그전에…… 부탁이 있어.
0x000cc818	2	【미우라】\n뭐지?
0x000cc84e	5	【코우지】\n아버지의 수첩……\n그걸 한 번 더 보여 줘.\n너무 동요해서 내용을 기억하지\n못했어.
0x000cc8e4	2	【미우라】\n…………
0x000cc943	2	【미우라】\n……요시모토 형사.
0x000cc9a6	2	【요시모토】\n네, 잠시만 기다려 주세요.
0x000cca4f	5	【코우지】\n(……전부터 생각했지만\n『요시모토 형사』라는\n한마디만으로 의사소통이 되는 두\n사람은 대체 어떤 관계일까?)
0x000ccad1	3	【코우지】\n(……물어보고 싶지만\n분명 화를 내겠지.)
0x000ccb61	2	【요시모토】\n기다리게 했습니다.
0x000ccbc3	2	【미우라】\n고맙네.
0x000ccc2c	2	【미우라】\n10분뿐이다.
0x000ccc68	2	【코우지】\n……알겠어.
0x000ccd05	2	【코우지】\n…………
0x000ccd3e	2	【코우지】\n(『접근』)
0x000ccd7b	2	【코우지】\n(『18시』)
0x000ccdba	2	【코우지】\n(『금리↑』)
0x000ccdf9	2	【코우지】\n(『인사이더』)
0x000cce39	2	【코우지】\n(『커리어』)
0x000cce76	5	【코우지】\n대단한데……\n여기에 적힌 내용이 진실이고\n세상에 발표되기라도 했다면\n당시 일본은 뒤집혔겠어……
0x000ccef4	3	【미우라】\n이 수첩이 쓰인 건\n1989년 전후다.
0x000ccf46	5	【미우라】\n버블 경기의 물결을 타고\n시라카와 하우징이\n단숨에 주택 업계의 대기업으로\n성장하던 시기이기도 하지.
0x000ccfbf	5	【미우라】\n네 아버지는\n급성장하던 시라카와 하우징을\n철저하게 추적하고 있었던\n모양이군.
0x000cd02e	4	【코우지】\n(하지만 그 결과\n저 의미심장한 문장을 남기고\n교통사고로……)
0x000cd096	2	【코우지】\n(……응?)
0x000cd10d	2	【코우지】\n심장병……?
0x000cd157	3	【미우라】\n시라카와 이치로는 예전에\n심장병을 앓았던 모양이다.
0x000cd1b8	3	【미우라】\n그리고 해외로 건너가\n이식 수술을 받았다는 기록이 있어.
0x000cd23a	4	【미우라】\n그러고 보니 네 어머니\n사이토 가요도 심장 이식 수술을\n받았었지?
0x000cd295	2	【코우지】\n…………
0x000cd324	4	【미우라】\n하지만 사이토 가요는 제공자고\n시라카와 이치로는 수혜자다.\n입장이 정반대인 셈이지.
0x000cd3b5	3	【미우라】\n다만 시라카와 이치로는\n심장 이식 수술을 받을 때……
0x000cd475	2	【코우지】\n그만해!
0x000cd4d3	2	【미우라】\n!?
0x000cd508	4	【코우지】\n……지금은…… 그만해……\n심장 이식 같은 얘기는\n그만……
0x000cd576	2	【미우라】\n…………
0x000cd60b	3	【코우지】\n(엄마……\n큭…… 나는 아직……)
0x000cd6de	4	【코우지】\n(심장 이식이라는 공통점……\n그냥 우연일까?\n아니면……)
0x000cd740	3	【코우지】\n미안해, 갑자기 소리를 질러서……\n계속해 줘……
0x000cd7b9	3	【미우라】\n……좋아.\n그럼 심문을 시작하지.
0x000cdaa6	2	【미우라】\n자, 오늘 취조를 시작하겠다……
0x000cdb15	3	【미우라】\n어떤가, 사이토.\n자백할 생각은 없나?
0x000cdb61	2	【코우지】\n당신은 그 말뿐이군.
0x000cdbc7	3	【미우라】\n나에게도 너에게도\n그게 가장 좋은 방법이니까.
0x000cdc29	5	【미우라】\n기한은 내일이다.\n내일까지 모든 심문에 반론하지\n못하면\n형사 소송 절차에 들어가도록 하지.
0x000cdcb6	2	【코우지】\n…………
0x000cdcfc	3	【미우라】\n……그런가.\n끝까지 버티려는 건가?
0x000cdd73	3	【미우라】\n그렇다면 내 손으로\n끝장을 내 주마!
0x000cddd9	2	【미우라】\n심문을 시작한다!
0x000ce0d5	5	【미우라】\n자, 오늘이 마지막 취조 날이다.\n오늘까지 얻은 증거와 증언은\n모두 내일 검찰청으로\n보내지게 된다.
0x000ce16b	4	【미우라】\n그 자료를 바탕으로 검사가\n기소할지 불기소할지를 정하게\n되지만……
0x000ce1e8	5	【미우라】\n내 심문에 모두 대답하지 못하면\n즉시 형사 소송 절차에 들어가도\n좋다고\n기록해 두도록 하지.
0x000ce273	3	【코우지】\n……오늘이 마지막 기회라는\n말이군.
0x000ce2e4	2	【미우라】\n그럼 심문을 시작한다!
0x000ce3af	3	【코우지】\n(……안 돼……!\n추리가 전혀 정리되지 않아……!)
0x000ce40d	3	【코우지】\n(이대로 계속해도\n무죄를 증명하는 건 불가능해……)
0x000ce46a	2	【코우지】\n(남은 방법은……)
0x000ce4b8	2	【코우지】\n……큭!
0x000ce4fe	2	【코우지】\n……내가…… 했습니다……
0x000ce56d	2	【미우라】\n그건 자백으로 받아들여도 되나?
0x000ce5c4	2	【코우지】\n……네.
0x000ce623	3	【미우라】\n……알겠다.\n요시모토 형사, 조서를 작성하게.
0x000ce674	2	【요시모토】\n네.
0x000ce6a9	2	【코우지】\n…………
0x000ce6e2	4	【코우지】\n(이렇게 할 수밖에 없었어.\n내 힘으로는 이 사건을 풀 수\n없어.)
0x000ce751	5	【코우지】\n(이렇게 된 이상 죄를 인정하고\n후회와 반성의 뜻을 보여서\n조금이라도 형을 가볍게 해 달라고\n할 수밖에 없어……)
0x000ce840	5	\n\n\n(그리고 3년 후,\n나는 징역 10년을 선고받았다……)
0x000ce8fb	2	【미우라】\n그럼 다음이다.
0x000ce975	2	【코우지】\n…………
0x000ce9d4	3	【미우라】\n묵비인가……\n뭐, 그것도 좋겠지.
0x000cea8a	3	【미우라】\n말했을 텐데.\n반론이라면 논리적인 걸로 하라고.
0x000ceb00	2	【코우지】\n윽……!
0x000ceb46	4	【미우라】\n그런 주장은 통하지 않아.\n……좀 더 생각하고 말하는 게\n네 신상에도 좋을 거다.
0x000cebc1	3	【코우지】\n(미우라 씨의 심증을\n나쁘게 만들어 버렸군……)
0x000ceca1	3	【미우라】\n우선 확인하지.\n네가 죽인 건 누구지?
0x000ced8d	3	【코우지】\n난 아무도 죽이지 않았어.\n그러니 묵비권을 행사하겠다.
0x000cee29	4	【미우라】\n훗……\n안 걸려들었나.\n그럼 다시 물어보지.
0x000cef08	3	【미우라】\n호오……\n네가 죽였다는 건 인정하는 건가?
0x000cef93	2	【코우지】\n뭐, 뭐야!?
0x000cf00c	3	【미우라】\n나는 『네가 죽인 건 누구냐』고\n물었을 뿐인데?
0x000cf0a0	3	【코우지】\n치사하잖아!\n그런 식으로 물어도 되는 거야!?
0x000cf0f4	3	【코우지】\n그, 그럼 다시 부정하겠어!\n난 하지 않았어!
0x000cf183	3	【미우라】\n흥……\n뭐, 좋아.
0x000cf1ea	3	【미우라】\n하지만 조서에는 한 번 인정했다고\n적어 두도록 하지.
0x000cf282	2	【코우지】\n큭……!?
0x000cf35f	3	【미우라】\n이번 사건의 피해자가 된 건\n누구지?
0x000cf457	3	【미우라】\n그렇지.\n사람들 말을 듣고 있긴 했군.
0x000cf4e2	4	【코우지】\n당연하지.\n기억에도 없는 사건에 휘말려\n끌려온 거라고.
0x000cf576	4	【미우라】\n훗…… 기억에도 없는 사건이라.\n끝까지 그 태도를 유지할 수\n있을까?
0x000cf671	4	【미우라】\n네 알리바이는 애매해.\n살해 시각에 자네는 뭘 하고\n있었지?
0x000cf7bb	4	【코우지】\n난 완전히 취해서 기억이 안 나지만\n같이 있던 아사츠유 씨가\n택시에 태워 줬다고 했어.
0x000cf83a	3	【코우지】\n아사츠유 씨에게 물어보면\n증언해 줄 거야.
0x000cf8d9	3	【미우라】\n그건 경찰에서도\n이미 조사한 내용이다.
0x000cf931	5	【미우라】\n하지만 미즈타니 아사츠유는\n너와 가족이나 다름없지.\n그렇다면 거짓말을 했을 가능성도\n배제할 수 없다.
0x000cf9eb	4	【코우지】\n뭐야, 그게!\n아사츠유 씨의 증언까지\n의심하겠다는 거야……
0x000cfa4e	3	【코우지】\n대체 어떻게 알리바이를\n증명하라는 거야!
0x000cfada	3	【미우라】\n당황하지 마라.\n인정하지 않겠다고 한 건 아니다.
0x000cfb30	3	【미우라】\n미즈타니 아사츠유의 증언은\n일단 받아들이도록 하지.
0x000cfc1a	4	【미우라】\n미즈타니 아사츠유의 증언에 따르면\n네가 택시에 탄 건\n0시 35분쯤이다.
0x000cfc8f	5	【미우라】\n하지만 경찰 조사 결과 그 시각에\n미야카미 긴자에서 네 아파트까지\n손님을 태우고 간 택시는\n존재하지 않았다.
0x000cfd52	3	【미우라】\n그러니 미즈타니 아사츠유의 증언은\n믿을 수 없다는 뜻이다!
0x000cfde9	2	【코우지】\n……으윽!
0x000cfe78	3	【코우지】\n살해 시각에\n난 완전히 술에 취해 있었어.
0x000cfed8	2	【코우지】\n마스터도 증언해 줄 거야.
0x000cff65	3	【미우라】\n……살해 시각에는\n자네는 이미 가게를 나갔을 텐데.
0x000d0002	2	【코우지】\n어라, 그랬던가?
0x000d007d	3	【미우라】\n……적당히 얼버무리려는 그 태도는\n좋지 않군.
0x000d00de	4	【미우라】\n요시모토 형사,\n조서에 그 내용을 확실히\n기록하도록.
0x000d0136	2	【요시모토】\n알겠습니다.
0x000d01a1	4	【코우지】\n(젠장……!?\n이, 이러다간 안 돼……\n좀 더 신중하게 대답해야 해……)
0x000d02a8	4	【미우라】\n널 태웠다는 택시는\n존재하지 않는다!\n이걸 어떻게 설명할 셈이지!?
0x000d03fa	3	【코우지】\n내가 탄 택시는\n우연히 무허가 택시였던 거야!
0x000d048a	3	【미우라】\n무허가 택시라고?\n진심으로 하는 말인가?
0x000d0517	3	【코우지】\n그래, 진심이야.\n그렇게 생각하면 앞뒤가 맞아.
0x000d05b2	2	【미우라】\n…………
0x000d0611	5	【미우라】\n확실히 네 말대로\n무허가 택시를 탔다고 생각하면\n관계자와 제삼자의 증언이\n모두 모순 없이 설명된다.
0x000d06a0	3	【미우라】\n좋아.\n지금은 네 주장을 인정하도록 하지.
0x000d0758	2	【코우지】\n(좋아!)
0x000d07d0	3	【미우라】\n하지만 무허가 택시라는 존재\n자체가 불확실한 거야.
0x000d082d	4	【미우라】\n또 무허가 택시를 탔다고 해도\n곧바로 내려서 살해 현장으로\n갔다는 해석도 가능하지.
0x000d0917	6	【미우라】\n그 택시를 타고 집까지 갔다는\n증거가 없으면 네 알리바이는\n증명되지 않는다.\n……그 점은 건드리지 않는 게\n좋겠군.
0x000d09ca	2	【코우지】\n…………
0x000d0a6c	5	【미우라】\n범행에 사용된 권총에는\n네 지문이 묻어 있었다.\n이건 네가 실행범이라는\n무엇보다 확실한 증거 아닌가?
0x000d0bf4	4	【코우지】\n라이트 블루의 감시 카메라에\n내가 앉아 있던 카운터를\n찍은 영상이 있었어.
0x000d0c61	5	【코우지】\n거기에는 테이블에 고개를 숙이고\n있던\n나에게 다가오는 수상한 그림자가\n찍혀 있었어.
0x000d0d0d	3	【미우라】\n뭐라고?\n수상한 그림자라고……?
0x000d0d83	3	【코우지】\n유감스럽게도 그림자에 가려져서\n그게 누구인지는 알 수 없어.
0x000d0df4	5	【코우지】\n하지만 그 그림자가 내 손 쪽으로\n와서\n무언가를 조작하는 모습은\n분명히 찍혀 있어.
0x000d0e94	3	【코우지】\n그 그림자가 들고 있던 권총에\n내 지문을 묻힌 거야!
0x000d0f20	3	【미우라】\n뭐라고……!\n그런 영상이 있다는 건가……!
0x000d0f97	3	【미우라】\n……나는 그 영상을 보지 못했어.\n흥미로운 이야기군.
0x000d101d	5	【코우지】\n(못 봤다고……?\n감시 카메라 영상이라면\n경찰이 가장 먼저 확인했을\n텐데……?)
0x000d10b0	3	【코우지】\n영상은 내 변호사가 가지고 있어.\n증거품으로 제출하도록 하지.
0x000d1157	4	【미우라】\n……그렇군.\n그렇게까지 말한다면\n아무래도 사실인 모양이야.
0x000d1278	3	【미우라】\n그럼 그 영상이 존재한다는 전제로\n이야기를 계속해 보자……
0x000d132f	4	【미우라】\n권총에 지문이 묻었다는 걸\n눈치채지 못할 정도로\n네가 둔감했다는 건가!?
0x000d1498	3	【코우지】\n그러니까 말했잖아!\n난 완전히 취해 있었다고.
0x000d152c	2	【미우라】\n……후우.
0x000d1572	3	【미우라】\n경찰은 네가 완전히 취했다는\n사실을 인정하지 않고 있어.
0x000d15ec	3	【미우라】\n그게 너를 위한 일이기도 하지만\n말이야.
0x000d166f	2	【코우지】\n……뭐?
0x000d16e7	3	【미우라】\n네가 그렇게까지 말한다면\n그 주장을 인정하지.
0x000d17fd	4	【미우라】\n하지만 그 결과는 너를 괴롭힐\n거다.\n각오해 둬……
0x000d18c3	6	【미우라】\n네가 피해자와 말다툼을 했다는\n목격 증언이 있다.\n이건 살해 동기로 이어질 수 있는\n이야기야.\n어떻게 설명할 셈이지?
0x000d1ab2	4	【코우지】\n애초에 경찰이 멋대로 그렇게 말할\n뿐이고\n실제로는 말다툼이 아니었어!
0x000d1b4e	2	【미우라】\n말다툼이 아니었다고?
0x000d1bb3	3	【코우지】\n그래.\n애초에 콘도의 증언이 틀렸다고!
0x000d1c5e	3	【미우라】\n그렇게까지 말하는 걸 보면\n확실한 근거가 있겠지?
0x000d1ced	4	【코우지】\n물론이지.\n당신의 상관인 콘도 형사는\n과장해서 증언하고 있을 뿐이야!
0x000d1d91	3	【미우라】\n그렇게까지 말한다면\n어디 한번 들어 보지.
0x000d1e09	3	【미우라】\n콘도 형사의 증언이 과장됐다는 걸\n입증할 수 있나?
0x000d1e8e	2	【코우지】\n(근거는…… 있어!)
0x000d1ed7	4	【코우지】\n(콘도는 나와 피해자의 문제를\n말다툼이라고 단정했어.\n나를 범인으로 몰아가려는 것처럼.)
0x000d1f57	3	【코우지】\n(그 콘도의 이야기에서\n마음에 걸리는 게 하나 있어!)
0x000d1fd2	4	【코우지】\n(나를 범인으로 단정하려는 콘도의\n수상한 행동……\n그건……?)
0x000d20f8	2	【코우지】\n(아니야, 그런 게 아니야!)
0x000d2158	5	【코우지】\n(나와 콘도가 직접 이야기할 기회가\n있었을 때도 나를 범인으로\n몰아가려 했지?\n그건……)
0x000d21dc	4	【코우지】\n(맞아……\n콘도는 분명히\n나를 범인으로 몰아가고 있어.)
0x000d2237	4	【코우지】\n(무엇보다 취조할 때는\n법률 거래와 비슷한 것까지\n제안했을 정도야.)
0x000d2295	4	【코우지】\n(콘도가 무슨 생각인지는 모르겠어.\n사건 현장에 있었으니\n어쩌면 진범일 가능성도 있어……)
0x000d230b	4	【코우지】\n(어느 쪽이든 콘도는\n분명히 사건을 조작하려 하고 있어.\n그것만큼은 확실해!)
0x000d245d	6	【코우지】\n내 변호사가 가게 직원들에게서\n들은 증언에 따르면\n그건 술에 취한 내가\n『어깨를 부딪쳤으니 사과해』라고\n말한 것뿐이야!
0x000d250d	6	【코우지】\n피해자는 그런 나를 못마땅하게\n바라보고\n곧 떠났다고 해.\n도저히 말다툼이라고 할 정도는\n아니야.
0x000d25d0	3	【미우라】\n자네는 콘도 형사가\n과장해서 증언한다고 했지!
0x000d2630	4	【미우라】\n그 말은 가게 직원들의 증언에도\n그대로 적용될 수 있다고 생각하지\n않나!?
0x000d2695	3	【미우라】\n그 직원들이 사실을 축소해서\n증언했을 가능성도 있지 않나!?
0x000d273e	4	【코우지】\n여러 직원의 증언이야.\n여러 사람이 말다툼이라고 할\n정도는 아니었다고 증언했다고!
0x000d27b1	4	【코우지】\n애초에 콘도에게는\n믿기 힘든 수상한 행동이\n또 있어!
0x000d2819	4	【코우지】\n당신도 봤잖아?\n나에게 자백을 강요했을 때의\n모습을!
0x000d28b1	2	【미우라】\n으, 음……
0x000d2929	4	【코우지】\n아무래도 콘도는\n이 사건에서 나를 범인으로\n몰아가고 싶은 모양이야……
0x000d29b6	5	【코우지】\n그런 녀석이 『나와 피해자가\n말다툼을 했다』고 말하는데\n그걸 믿을 수 있겠어!?\n당신은 어떻게 생각해!
0x000d2a6e	2	【미우라】\n…………
0x000d2ae6	2	【코우지】\n이상이다.
0x000d2be0	6	【코우지】\n내 변호사가 가게 직원들에게서\n들은 증언에 따르면\n그건 술에 취한 내가\n『어깨를 부딪쳤으니 사과해』라고\n말한 것뿐이라는 이야기야!
0x000d2c90	3	【코우지】\n도저히 말다툼이라고 할 정도는\n아니야.
0x000d2d4c	3	【미우라】\n자네는 콘도 형사가\n과장해서 증언한다고 했지!
0x000d2dac	4	【미우라】\n그 말은 가게 직원들의 증언에도\n그대로 적용될 수 있다고 생각하지\n않나!?
0x000d2e11	3	【미우라】\n그 직원들이 사실을 축소해서\n증언했을 가능성도 있지 않나!?
0x000d2e91	4	【코우지】\n큭……\n하지만 직원 몇 명이\n그렇게 말했다고!
0x000d2f12	4	【미우라】\n근거가 약하군.\n그런 증언은 몇 명이 모여도\n결국 받아들이기 나름이야.
0x000d2f94	5	【미우라】\n증언자가 100명이라면 신뢰성도\n높다.\n하지만 고작 몇 명뿐이라면\n콘도 형사의 증언 쪽이 더 강하지.
0x000d3028	4	【미우라】\n실제로 너희 사이에\n크든 작든 문제가 있었던 건\n사실이니까.
0x000d3095	2	【코우지】\n큭……!?
0x000d30d0	5	【코우지】\n(안 돼……\n콘도의 신뢰를 무너뜨리지 못하면\n이 심문을 뒤집을 수 없을 것\n같아……!)
0x000d31a1	4	【미우라】\n자네는 VIP룸에 들어가지 않았다고\n주장하고 있지.\n그 증거는 있나?
0x000d32f9	4	【코우지】\n확인하겠는데,\n범행에 사용된 권총에는 내 지문이\n묻어 있었다는 거지?
0x000d33a9	2	【미우라】\n그래, 맞다.
0x000d340c	5	【코우지】\n그렇다면 나는 장갑을 끼는 식의\n지문 대책을 하지 않았다는 뜻이야.\n내가 만진 물건에는 지문이 남아야\n해.
0x000d34e0	5	【미우라】\n그래서 VIP룸 주변의 문에는\n지문을 닦아 낸 흔적이 있었지.\n자네가 증거를 없애려 한 것\n아닌가?
0x000d35c8	5	【코우지】\n그럼 반대로 묻겠어.\n지문을 닦아 낼 만큼 조심한 사람이\n왜 권총에는 자기 지문을\n남겼겠어!?
0x000d36b2	3	【미우라】\n당연한 결론이겠지.\n그 밖에 다른 답이 있다는 건가!?
0x000d377d	3	【코우지】\n있어.\n훨씬 더 말이 되는 답이 말이야!
0x000d3810	2	【미우라】\n뭐라고?
0x000d3886	2	【코우지】\n생각해 봐.
0x000d38cd	5	【코우지】\n그날 난 완전히 취해 있었어.\n내 손가락을 권총에 갖다 대기만\n해도\n권총에 지문을 묻힐 수 있지.
0x000d395c	4	【코우지】\n하지만 문에 내 지문을 묻히려면\n취한 나를 안아서 문까지 옮긴 뒤\n지문을 찍어야 해!
0x000d39f7	3	【코우지】\n그건 분명히 수상한 행동이고\n현실적이지 않아!
0x000d3a8a	5	【코우지】\n문에 내 지문을 남길 수 없었기\n때문에\n권총의 지문과 모순되지 않도록\n문에 남은 지문을 닦아 낸 거야!
0x000d3b39	4	【코우지】\n즉 누군가가 나를 함정에\n빠뜨리려고 꾸민 일일 가능성이\n높아! 그렇지!!
0x000d3c32	2	【미우라】\n…………
0x000d3c91	3	【미우라】\n훗…… 재미있군.\n확실히 그 주장은 말이 된다.
0x000d3d1b	5	【미우라】\n하지만 그건 어디까지나\n권총에 묻은 지문을 다른 사람이\n남겼다는 전제에서 한 이야기에\n불과해!
0x000d3dc7	4	【코우지】\n(이것만으로는 약한가……\n권총의 지문이 누군가에 의해\n묻었다는 걸 입증해야 해!)
0x000d3e8c	2	【미우라】\n큭……!
0x000d3f06	2	【코우지】\n이상이다.
0x000d4012	5	【미우라】\n자네는 완전히 취해 있었다고 했지.\n그래서 기억을 잃고\n아무것도 기억하지 못한다고\n주장하고 있어.
0x000d408e	4	【미우라】\n하지만 그건 경찰의 심문을\n피하기 위한 변명으로밖에\n들리지 않는군.
0x000d4103	3	【미우라】\n자네가 취했다는\n객관적인 증거가 있나?
0x000d424f	5	【코우지】\n카운터 건너편에서 나를 상대했던\n마스터에게 물어봐.\n내가 취해 있었다고 증언해 줄\n거야.
0x000d4305	4	【미우라】\n자네가 취한 척했다는 걸\n마스터가 알아채지 못했을\n가능성도 있지 않나?
0x000d4393	3	【코우지】\n믿을 수 없다면\n실험이든 뭐든 해 보면 되잖아.
0x000d43f8	6	【코우지】\n완전히 취한 사람과 취하지 않은\n사람\n100명을 무작위로 섞어 놓고\n정말 취한 사람만 가려낼 수 있는지\n시험해 보는 거야.
0x000d4491	4	【코우지】\n변호사를 통해 들었어.\n마스터가 그 실험을 받아도 좋다고\n말했다던데.
0x000d451e	2	【미우라】\n……호오.
0x000d457d	4	【미우라】\n결국 자네는\n완전히 취해 있었다고 주장하는\n거군.
0x000d45e0	3	【미우라】\n그렇게까지 말한다면 좋다.\n나에게도 생각이 있어.
0x000d463d	3	【미우라】\n그 주장 때문에 곤란해지게 될\n거다.
0x000d46b0	3	【코우지】\n(……흥.\n지는 사람이 말이 많군.)
0x000d47d1	5	【코우지】\n아사츠유 씨가 증언해 줄 거야.\n내게 마시게 한 술의 양과\n그때 내 상태도 말이야.\n그것만으로도 충분한 증언 아닌가?
0x000d488b	2	【미우라】\n그건 어떨지 모르지.
0x000d48d2	4	【미우라】\n미즈타니 아사츠유는\n너와 가족이나 다름없는 입장이야.\n즉 너를 감싸 줄 가능성이 있지.
0x000d495c	3	【미우라】\n가족의 증언은 효력이 약해.\n알겠나?
0x000d49ee	2	【코우지】\n큭……!
0x000d4a81	4	【코우지】\n감시 카메라 영상에\n내가 완전히 취해 있던 모습이\n찍혀 있을 거야!!
0x000d4b23	2	【미우라】\n그런 건 증거가 못 된다!
0x000d4b78	3	【미우라】\n취한 척하고 있을 뿐이잖아!\n몇 번을 말하게 할 셈인가!
0x000d4c13	3	【코우지】\n……젠장!\n말이 안 통하네!!
0x000d4cc9	5	【미우라】\n네 방에서 나온 피해자의 명함……\n이건 분명히\n너와 피해자가 과거에 만났다는 걸\n보여 준다.
0x000d4d6a	4	【미우라】\n자네는 피해자와 아는 사이가\n아니라고 했지.\n이걸 어떻게 설명할 셈인가?
0x000d4ec9	4	【코우지】\n내가 고등학생일 때\n어머니가 시라카와 그룹에\n집수리를 맡겼던 게 기억났어.
0x000d4f43	3	【코우지】\n그때 내가 피해자를 만나\n인사를 나눈 모양이야.
0x000d4fd3	4	【코우지】\n무려 9년 전 일이고\n만났다고 해도 몇 분 정도였어.\n기억하지 못해도 이상하지 않잖아?
0x000d5086	4	【미우라】\n자네 말이 맞다고 해도……\n9년 전에 만났다는 사실을\n객관적으로 입증할 수 있나?
0x000d5137	3	【코우지】\n물론이지.\n내 방에서 나왔다는 명함……
0x000d519e	5	【코우지】\n그건 9년 전까지 쓰던 명함이고\n그 뒤에는 새 명함을 썼다는\n이야기를\n변호사에게 들었어.
0x000d521f	4	【코우지】\n게다가 9년 전에\n우리 집을 개조했다는 기록이\n시라카와 하우징에 남아 있대.
0x000d52ca	4	【미우라】\n그렇군……\n아무래도 이 건은\n자네 주장이 맞는 모양이야.
0x000d5428	3	【미우라】\nVIP룸에 자네 정도로 젊은 남자가\n들어가는 걸 일반 손님이 목격했지.
0x000d54a6	3	【미우라】\n그 젊은 남자가\n자네 자신은 아닌가?
0x000d55f9	4	【코우지】\n그건 내가 아니야!\n미나즈키 코우지라는 남자야!\n시라카와 그룹의 전 직원이지!
0x000d569a	5	【미우라】\n뭐…… 시라카와 그룹의 전\n직원이라고?\n그런 남자가 왜 피해자와\n만났던 거지?
0x000d574a	3	【코우지】\n시라카와 그룹에 복직하는 문제로\n피해자와 만났던 모양이야.
0x000d57e6	2	【미우라】\n복직이라고?
0x000d5843	4	【코우지】\n예전에 미나즈키 코우지는\n피해자와 문제를 일으켜\n시라카와 그룹을 그만뒀어.
0x000d58be	3	【코우지】\n사건 당일에 만난 건\n그 문제를 해결하기 위해서였겠지.
0x000d596a	5	【미우라】\n멋대로 지어내지 마라!\n문제를 일으킨 사람이\n예전 직장으로 돌아갈 수 있다고\n생각하나!?
0x000d5a26	2	【코우지】\n그러니까 해결하려고 만난 거겠지!
0x000d5a75	5	【코우지】\n그는 실력 있는 직원이야!\n사업을 중시하는 피해자라면\n그를 다시 데려오려 했어도\n이상하지 않아!
0x000d5b3e	2	【미우라】\n…………
0x000d5bb6	5	【코우지】\n원한다면 미나즈키 코우지의\n연락처를 알려 줄게.\n우리 탐정 사무소에 자주 놀러 오는\n고등학생의 형 같은 사람이거든.
0x000d5c7b	3	【미우라】\n그럴 필요는 없다.\n요시모토 형사.
0x000d5cc0	3	【요시모토】\n네.\n확인해 보겠습니다.
0x000d5d10	3	【미우라】\n부탁하지.\n그대로 잠시 기다리고 있게.
0x000d5d91	2	【코우지】\n…………
0x000d5e51	5	【요시모토】\n확인했습니다.\n미나즈키 코우지는 당일\n피해자와 VIP룸에서 만났던\n모양입니다.
0x000d5ef2	2	【코우지】\n그런 뜻이야.
0x000d5f6b	3	【미우라】\n……좋아.\n이 건은 자네 주장을 인정하지.
0x000d605d	4	【미우라】\n자네 아버지의 수첩에 적힌\n시라카와 이치로에게\n살해당했다는 내용 말이다.
0x000d60d1	4	【미우라】\n이건 이번 사건의 동기로\n충분히 이어질 수 있어.\n이 사실을 어떻게 설명할 셈인가?
0x000d617e	3	【코우지】\n수첩의 존재는 알고 있었지만\n내용을 보는 건 이번이 처음이야.
0x000d620e	3	【코우지】\n그러니 수첩의 내용은\n동기가 될 수 없어!
0x000d629a	3	【미우라】\n호오……\n지금까지 몰랐다고?
0x000d6308	3	【미우라】\n흠…… 좋아.\n그 주장은 인정하지.
0x000d638e	3	【미우라】\n다만 자네가 지금까지 이 내용을\n몰랐다는 증거가 있다면 말이지!
0x000d64f8	4	【코우지】\n우리 집을 시라카와 그룹이\n개조했다는 사실이\n무엇보다 확실한 증거야!
0x000d6569	6	【코우지】\n내가 아버지를 죽인 범인이\n시라카와 이치로라는 걸 알고\n있었다면\n그 그룹에 집수리를 맡겼을 리\n없어!
0x000d6617	4	【미우라】\n집수리를 끝낸 뒤에\n이 내용을 알게 됐다고도\n생각할 수 있지.
0x000d66b0	2	【코우지】\n……뭐라고!
0x000d66f6	4	【코우지】\n……이 수첩은 계속\n어머니가 가지고 있었어.\n그래서 나는 본 적이 없다고!
0x000d67a1	4	【미우라】\n그럼 다시 묻지.\n이 수첩을 네 어머니가\n관리했다는 증거가 있나?
0x000d684d	2	【코우지】\n그건……
0x000d68aa	2	【코우지】\n(……잠깐만?)
0x000d6902	5	【코우지】\n(적어도 나는 어머니가 돌아가신\n뒤로\n유품에 손을 대지 않았어.\n그걸 입증할 수 있다면……!)
0x000d6a97	3	【코우지】\n이 수첩은 옷장 안쪽에 있던\n공 안에서 발견됐다고 했지?
0x000d6b3d	2	【미우라】\n그래, 맞다.
0x000d6bb9	3	【코우지】\n그 공에는 어머니가 돌아가셨을 때\n어머니의 유품을 전부 넣어 뒀어.
0x000d6c35	4	【코우지】\n그리고 5년 전에 박스테이프로 봉한\n뒤\n그 공을 연 적이 없어.
0x000d6cca	3	【코우지】\n그게 무엇보다 확실한 증거가 될\n거야!
0x000d6d55	4	【미우라】\n확실히 그 공에는\n박스테이프로 봉한 뒤\n열어 본 흔적이 없었어.
0x000d6dca	3	【미우라】\n하지만 그 테이프를 5년 전에\n붙였다는 증거는 없잖아?
0x000d6e6a	3	【코우지】\n큭……!\n그런 부분까지 증거가 필요해!?
0x000d6efd	6	【미우라】\n당연하지.\n테이프를 붙이는 건 금방 할 수\n있어.\n5년 전이 아니라 범행 전날일 수도\n있지.
0x000d6fa8	2	【코우지】\n…………!
0x000d6ff0	3	【코우지】\n…………그래.\n지문이다!!
0x000d704b	4	【코우지】\n그 테이프에\n나 말고 다른 사람의 지문은\n없었어?
0x000d70e4	3	【미우라】\n지문……인가.\n아니, 거기까지는 확인하지 않았어.
0x000d717a	4	【코우지】\n이사할 때 이사 업체 직원이\n공 밑바닥이 찢어지지 않도록\n보강 작업을 했어……
0x000d721e	3	【코우지】\n그 직원의 지문……\n그게 증거가 될 거야!
0x000d72bc	2	【미우라】\n…………
0x000d731b	3	【코우지】\n조사해 봐!\n얼마든지 기다려 줄 테니까!
0x000d73a8	2	【미우라】\n……좋아.
0x000d73f1	4	【미우라】\n자네가 그렇게까지 말한다면\n나중에 확인하기로 하고\n일단은 자네 말을 믿도록 하지.
0x000d74fa	2	【미우라】\n하지만 그래도 문제가 남아 있어.
0x000d7549	4	【미우라】\n자네가 이사한 건 5년 전이고\n집을 개조한 건 9년 전이야.\n여기에 4년의 공백이 있지.
0x000d75f7	4	【미우라】\n이 4년의 공백 동안\n어머니 소유였던 수첩을\n봤을 가능성을 부정할 수 없어!
0x000d76a5	4	【코우지】\n보지 않았어!\n어머니가 관리하던 물건을\n몰래 볼 리가 없잖아!
0x000d773d	3	【미우라】\n그걸 객관적으로 입증할\n증거가 있나?
0x000d77df	4	【코우지】\n그럼 반대로 묻겠어!\n가령 내가 그 수첩을 봤다고 해도\n왜 피해자를 지금 죽였겠어!?
0x000d7866	3	【코우지】\n적어도 5년 이상의 공백이 있잖아!\n왜 하필 지금 죽이는 거야!?
0x000d7908	2	【미우라】\n화장실에서 피해자를 만났겠지?
0x000d7999	2	【코우지】\n(아니야, 이게 아니야!)
0x000d79e0	4	【코우지】\n(어머니가 돌아가신 5년 전에\n중요한 일이 있었잖아!\n그건……?)
0x000d7ac2	3	【미우라】\n흥……\n반론하지 못하겠지.
0x000d7b43	2	【코우지】\n……으으윽!
0x000d7bdb	5	【미우라】\n화장실에서 우연히 피해자와\n마주쳤고 아버지를 죽인 원한을\n떠올려 충동적으로 범행을\n저질렀다…… 아닌가?
0x000d7cc8	3	【코우지】\n갑작스러운 범행이라고?\n그럴 리가 없어!
0x000d7d29	4	【코우지】\n적어도 이번 사건이\n계획 살인이라는 건 분명해!\n왜냐하면……!
0x000d7e5e	2	【코우지】\n범행 도구는 권총이야!
0x000d7ed0	4	【코우지】\n내가 시라카와를 만날 날을 알고\n늘 권총을 들고 다녔다고\n주장할 셈이야?
0x000d7f7f	2	【미우라】\n……으음!
0x000d7fdf	4	【미우라】\n……좋아.\n이 건에 대해서는\n자네 의견을 인정해 주지……!
0x000d8142	3	【미우라】\n이번 사건이 일어났을 때\n현장에 있던 관계자가 몇 명 있다.
0x000d81ac	4	【미우라】\n하지만 자네를 제외한 관계자들은\n총성이 홀 안에 울려 퍼졌을 때\n홀에 있었어.
0x000d8226	5	【미우라】\n그 덕분에 각자가 알리바이의\n증인이 되어\n서로의 알리바이를\n확인해 주고 있지.
0x000d829b	4	【미우라】\n하지만 자네의 알리바이만은\n술에 취해 무허가 택시에 탔다는\n터무니없이 애매한 것이야.
0x000d830e	5	【미우라】\n결국 관계자 중에서\n자네의 알리바이만 확정되지\n않았어. 이걸 어떻게 설명할\n셈이지!
0x000d8469	3	【코우지】\n확실히 총성이 울렸을 때\n알리바이가 없었던 건 나뿐이야.
0x000d84fb	3	【코우지】\n하지만…… 실제 범행 시각이\n총성이 울린 시각보다 빨랐다면?
0x000d85a3	3	【미우라】\n뭐라고?\n……무슨 뜻이지?
0x000d8625	4	【코우지】\n그건 알리바이 조작이었어!\n총성은 VIP룸 안에 있는\n스피커에서 흘러나온 거야!
0x000d86bd	5	【코우지】\n그 스피커를 제어하는 건\n사무실에 있는 플레이어야.\n그 플레이어에 외부 장치가\n연결된 흔적이 있어.
0x000d8777	4	【코우지】\n그 외부 장치에 총성이 녹음돼\n있었고\n재생된 거야!
0x000d8816	4	【미우라】\n그렇다면 지금까지의\n알리바이 조사 결과가\n완전히 뒤집히게 돼……!
0x000d8883	2	【미우라】\n증거는 있나, 사이토!
0x000d890b	2	【코우지】\n자세한 건 내 변호사에게 들어 봐.
0x000d8971	5	【코우지】\n플레이어가 조작된 흔적을 찍은\n사진과\n가게 직원의 증언 같은 증거도\n충분히 갖춰져 있어.
0x000d8a30	2	【미우라】\n……으으……!
0x000d8aa3	3	【미우라】\n잠깐!\n자네 말에는 모순이 있어!
0x000d8b37	2	【코우지】\n뭐라고!?
0x000d8bae	4	【미우라】\n가령 자네 말대로\n플레이어에 외부 장치가\n달려 있었다고 하자.
0x000d8c1e	5	【미우라】\n하지만 우리 조사에 따르면 사건\n당일 VIP룸에서는\n피해자의 요청으로 클래식 음악이\n재생되고 있었다고 한다.
0x000d8cae	4	【미우라】\n가게 직원은 플레이어를 설치하고\n사무실 문을 잠근 뒤\n열쇠를 마스터에게 맡겼어.
0x000d8d29	5	【미우라】\n그 뒤 총성이 홀 안에 울릴 때까지\n열쇠는 카운터에서 마스터가\n관리했고 한 번도 자리를 떠나지\n않았다고 들었다.
0x000d8dcc	5	【미우라】\n당일 VIP룸에서 흘러나온 건\n클래식……\n즉 CD 장치에서 나온\nBGM이었다.
0x000d8e5c	4	【미우라】\n사무실 문이 잠겨 있었던 이상\n외부 장치로 바꿔치기할 수는 없어!\n이걸 어떻게 설명할 셈이지!
0x000d8f15	2	【코우지】\n으……
0x000d8f76	4	【코우지】\n(젠장!\n여기까지 와서 뒤집힐 수는\n없어……!)
0x000d8fcf	2	【코우지】\n(침착하게 생각해……)
0x000d9013	4	【코우지】\n(외부 장치가 연결돼서\n총성이 재생됐다는 생각은\n틀리지 않았을 거야.)
0x000d908d	3	【코우지】\n(문제는 사무실에 들어가지 않고\n플레이어를 바꿔야 한다는 것……)
0x000d90f4	2	【코우지】\n(…………!?)
0x000d9135	5	【코우지】\n(그, 그렇구나!\n사무실에 들어가지 않고\n플레이어를 원격 조작하는 방법이\n있잖아!)
0x000d91d8	4	【코우지】\n(이 두 가지 단서를 조합하면\n플레이어 입력을 바꿀 수 있어!\n그건……!)
0x000d92f9	3	【코우지】\n(하나는 원격 조작에 필요한\n리모컨이야.)
0x000d934d	4	【코우지】\n(그리고 또 하나 중요한 건\n콘크리트 벽을 사이에 두고는\n조작할 수 없다는 점이야.)
0x000d93b6	5	【코우지】\n(그래…… 그걸 쓸 수 있는 환경이\n필요해.\n그와 관련된 정보가 있었어!\n그건……!)
0x000d94ab	4	【코우지】\n사무실 문이 잠겨 있어도\n리모컨만 있으면 사무실 밖에서\n플레이어 입력을 바꿀 수 있어!
0x000d9561	2	【미우라】\n리모컨이라고?
0x000d95db	4	【코우지】\n그래.\n사무실 문 일부는 유리창이라\n안쪽을 볼 수 있었어.
0x000d9679	4	【코우지】\n즉 리모컨을 가지고 있다면\n문밖에서 플레이어 입력을\n바꿀 수 있었던 거야!
0x000d9721	2	【미우라】\n…………
0x000d9799	5	【코우지】\n그렇게 리모컨으로\n총성이 녹음된 외부 장치로 바꿔서\n0시 44분에 총성이 울리도록\n설정해 둔 거야.
0x000d9859	3	【코우지】\n이제 모든 관계자의 알리바이가\n무너지는 거지!
0x000d98e8	5	【미우라】\n큭……!\n하, 하지만 사건 당일\n리모컨이 사라졌다는 정보가\n있었어.
0x000d998a	4	【미우라】\n그, 그렇다고 자네 말이 사실이어도\n자네 알리바이가 입증되는 건\n아니야!
0x000d9a38	5	【코우지】\n그건 그렇지만 나 이외의 관계자들\n알리바이도 이제 애매해졌어.\n수사가 처음부터 다시 시작된\n셈이지?
0x000d9aeb	3	【코우지】\n적어도 알리바이를 이유로\n나만 범인 취급하는 건 틀렸어!
0x000d9b99	3	【미우라】\n큭…… 하지만 권총에는\n자네 지문이……!
0x000d9c45	4	【코우지】\n그건 감시 카메라에 찍힌\n수상한 사람이 묻힌 거야!\n증거도 제출해서 입증됐잖아!
0x000d9cf5	2	【미우라】\n으으……!
0x000d9d7a	4	【코우지】\n게다가 내가 피해자와 말다툼했다는\n것도\n이미 거짓으로 밝혀졌어.
0x000d9df2	5	【코우지】\n즉 나를 체포한 계기가 된\n증언과 증거는 전부 범행과\n관계없다는 게\n입증된 거야.
0x000d9ea2	4	【코우지】\n자!\n이 이상 나를 붙잡아 두면\n나중에 후회하는 건 경찰이라고!!
0x000d9f41	2	【미우라】\n…………
0x000d9fc5	5	【미우라】\n……석방하는 건 상관없다.\n하지만 그건 어디까지나\n내 모든 심문에 논리적인 반론을\n했을 때야.
0x000da056	3	【미우라】\n내가 납득하지 못하는 한\n자네를 석방할 수는 없어.
0x000da0f1	2	【코우지】\n뭐……?
0x000da1e5	4	【미우라】\n……하지만 아직 동기 문제에\n대해서는\n납득할 만한 반론을 듣지 못했어.
0x000da250	3	【미우라】\n자네는 피해자와 말다툼하는 모습이\n목격됐지.
0x000da2e8	6	【미우라】\n이 일에 납득할 만한 반론을 듣지\n못하면\n다른 사람들의 알리바이가\n애매해져도 자네를 석방할 수는\n없어.
0x000da3a8	2	【코우지】\n큭……!?
0x000da427	2	【미우라】\n…………
0x000da4ab	4	【미우라】\n확실히 자네 말이 맞다.\n알리바이만으로 자네를 범인이라고\n단정할 수는 없어.
0x000da51c	4	【미우라】\n하지만 착각하지 마라.\n자네 자신의 알리바이를\n입증한 건 아니야.
0x000da5bc	4	【미우라】\n결국 권총에 자네 지문이 남아 있는\n이상\n자네는 피의자다!
0x000da671	3	【코우지】\n큭……\n확실히……!
0x000da6f3	4	【미우라】\n훗…… 거만하게 구는 건\n자네 알리바이부터 입증한 뒤에\n하게.
0x000da779	2	【코우지】\n……젠장!
0x000da81c	2	【코우지】\n…………
0x000da862	2	【코우지】\n반론할 수가 없어……
0x000da8e0	3	【미우라】\n자네가 논파해 주길 기대했는데\n내가 너무 높이 평가했나?
0x000da95d	2	【코우지】\n큭……!
0x000da9f3	5	【미우라】\n자네는 완전히 취해 있었다고\n주장했지.\n하지만 결과적으로 자네 스스로를\n궁지에 몰아넣고 말았어.
0x000daa73	5	【미우라】\n완전히 취해 있었다면\n살인을 저지르지 않았다고\n단정할 수도 없지 않나?\n그렇게 생각할 수 있지?
0x000dab35	2	【코우지】\n…………!?
0x000dab98	4	【미우라】\n취해서 기억을 잃었다면서\n살인을 저지르지 않았다고\n주장하려면 그 근거를 보여 봐!
0x000dacb2	3	【코우지】\n자, 잠깐 기다려!\n그건 악마의 증명이라는 거잖아!
0x000dad1d	5	【코우지】\n살인을 했다는 증명은\n증거 하나만 있어도 성립해!\n지금 경찰이 하는 일이 바로\n그거야!
0x000dad9a	4	【코우지】\n하지만 하지 않았다는 걸\n증명하려면 했다는 모든 가능성을\n부정하는 수밖에 없어!
0x000dae1b	3	【코우지】\n그런 건\n불가능에 가깝다고……!
0x000daea3	5	【미우라】\n맞아.\n그래서 자네에게 경고했지?\n술에 취해 기억이 없다는 주장이\n자네를 괴롭힐 거라고.
0x000daf4a	4	【미우라】\n하지만 이건 악마의 증명이 아니야.\n사건 당일의 기억을\n떠올리기만 하면 되니까.
0x000dafed	4	【미우라】\n자네 기억이 돌아오는 즉시\n이쪽에서 뒷받침 수사를 하겠다.\n자, 떠올릴 수 있다면 떠올려 봐!
0x000db0a7	2	【코우지】\n큭……!?
0x000db1c7	2	【미우라】\n………
0x000db278	4	【미우라】\n……오늘 심문은\n이걸로 끝내지.\n내일은 더 혹독하게 간다.
0x000db320	3	【미우라】\n……오늘 심문은\n이걸로 끝이다.
0x000db37e	3	【미우라】\n사건에 대해\n천천히 기억을 떠올려 보게.
0x000db40e	3	【미우라】\n……오늘 심문은 이걸로\n끝이다.
0x000db46c	4	【코우지】\n벌써 끝이야?\n난 이대로 계속해도\n상관없는데 말이지.
0x000db4ec	2	【미우라】\n…………
0x000db54b	2	【미우라】\n내일이야말로 각오해 둬라.
0x000dbc02	3	【미우라】\n구류 기간이 끝나기까지\n앞으로 8일 남았다.
0x000dbc77	3	【미우라】\n구류 기간이 끝나기까지\n앞으로 7일 남았다.
0x000dbcec	3	【미우라】\n구류 기간이 끝나기까지\n앞으로 6일 남았다.
0x000dbd61	3	【미우라】\n구류 기간이 끝나기까지\n앞으로 5일 남았다.
0x000dbdd6	3	【미우라】\n구류 기간이 끝나기까지\n앞으로 4일 남았다.
0x000dbe4b	3	【미우라】\n구류 기간이 끝나기까지\n앞으로 3일 남았다.
0x000dbec0	3	【미우라】\n구류 기간이 끝나기까지\n앞으로 2일 남았다.
0x000dbf35	3	【미우라】\n구류 기간이 끝나기까지\n앞으로 1일 남았다.
0x000dbfa3	3	【미우라】\n구류 기간이 끝나기까지\n앞으로 9일 남았다.
0x000dc002	3	【미우라】\n구류 기간이 끝나기까지\n앞으로 10일 남았다.
0x000dc074	2	【미우라】\n남은 심문은 하나다!
0x000dc0e0	2	【미우라】\n남은 심문은 둘이다!
0x000dc14c	2	【미우라】\n남은 심문은 3개다!
0x000dc1b8	2	【미우라】\n남은 심문은 넷이다!
0x000dc224	2	【미우라】\n남은 심문은 다섯이다!
0x000dc290	2	【미우라】\n남은 심문은 여섯이다!
0x000dc2fc	2	【미우라】\n남은 심문은 일곱이다!
0x000dc368	2	【미우라】\n남은 심문은 8개다!
0x000dc3d4	2	【미우라】\n남은 심문은 아홉이다!
0x000dc440	2	【미우라】\n남은 심문은 열 개다!
0x000dc4af	2	【미우라】\n남은 심문은 열한 개다!
0x000dc51e	2	【미우라】\n남은 심문은 열두 개다!
0x000dc58d	2	【미우라】\n남은 심문은 열세 개다!
0x000dc5fc	2	【미우라】\n남은 심문은 열네 개다!
0x000dc66b	2	【미우라】\n남은 심문은 열다섯 개다!
0x000dc6c9	3	【미우라】\n전부 대답하지 못하면\n자네를 기소하게 된다.
0x000dc72a	2	【미우라】\n각오하도록!
0x000dc8cc	3	【코우지】\n(결국…… 마지막 심문을\n논파하지 못했어……!)
0x000dc956	2	【미우라】\n…………
0x000dc98f	3	【코우지】\n……내가 졌어.\n기소든 뭐든 해!
0x000dca06	4	【미우라】\n그럼 이만하지.\n내 심문에 대답하지 못했다고\n검사에게 전해 두겠다.
0x000dca78	3	【미우라】\n이제 검사가 판단할 일이다.\n내일 그 결과를 들으면 되겠지.
0x000dcad2	2	【코우지】\n…………
0x000dcb31	2	【미우라】\n…………
0x000dcb6a	3	【코우지】\n뭐야……\n내가 그렇게 한심해 보여?
0x000dcbd9	3	【미우라】\n그런 건 아니다.\n다만……
0x000dcc19	2	【코우지】\n다만……?
0x000dcc5f	2	【미우라】\n…………
0x000dccf9	5	【미우라】\n마음이 바뀌었다.\n구류 기간을 10일 더 연장해\n달라고\n검사에게 전해 두지.
0x000dcd72	2	【코우지】\n뭐……?
0x000dcdd0	4	【미우라】\n이 사건에는 아직 단서가 남아\n있어.\n이대로 끝낼 수는 없다.
0x000dce53	2	【요시모토】\n미, 미우라 선배!
0x000dceb7	3	【미우라】\n요시모토 형사.\n이건 내 독단이다.
0x000dcf24	3	【요시모토】\n하, 하지만 그렇게 하시면\n선배의 입장이……
0x000dcf9d	2	【미우라】\n……그러니까 내 독단이라고 했다.
0x000dcff1	4	【미우라】\n자네에게 폐를 끼칠 생각은 없어.\n모든 책임은 내가 진다.\n자네는 대필만 해 주면 돼.
0x000dd084	4	【요시모토】\n…………\n알겠습니다.\n그럼 바로 조서를 작성하겠습니다.
0x000dd12d	4	【코우지】\n(잠깐 요시모토 형사에게\n노려보인 것 같은데……\n무서운 사람이군……)
0x000dd1b4	2	【미우라】\n…………
0x000dd1ed	2	【코우지】\n대체 무슨 생각을 하는 거야?
0x000dd254	4	【미우라】\n……나는 진실을 알고 싶을 뿐이다.\n이런 억지로 납득할 만큼\n타락하지는 않았어.
0x000dd2ca	4	【미우라】\n미리 말해 두지만\n자네를 도왔다고 생각하지는 마라.\n판단하는 건 검사다.
0x000dd32c	3	【코우지】\n그래, 알고 있어.\n그래도 고맙다는 말은 할게.
0x000dd39e	2	【미우라】\n흥……
0x000dd458	3	【미우라】\n아쉽게 됐군.\n이제 시간이 다 됐다.
0x000dd4c7	2	【코우지】\n큭……!
0x000dd525	4	【미우라】\n원래라면 구류 기간을\n10일 더 연장할 수도 있지만\n그럴 필요도 없다.
0x000dd5ab	3	【미우라】\n즉시 형사 소송 절차에 들어가도록\n검사에게 전해 두지.
0x000dd636	5	【코우지】\n자, 잠깐 기다려!!\n관계자들의 알리바이가\n무너졌잖아!! 다시 처음부터\n조사해야 하는 거 아냐!!
0x000dd6c1	2	【미우라】\n필요 없다.
0x000dd720	5	【미우라】\n처음에 말했을 텐데?\n모든 심문에 대답해서 나를\n납득시킬 이유가 없으면\n기소하겠다고.
0x000dd7be	4	【미우라】\n자네는 모든 심문에 대답하지\n못했고 나를 납득시키지도 못했다.\n그러니 기소하는 거야.
0x000dd83c	2	【미우라】\n그뿐이다.
0x000dd89a	2	【코우지】\n…………
0x000dd8e0	2	【미우라】\n취조는 끝이다!
0x000dd995	6	\n\n\n(미우라가 말한 대로\n즉시 형사 소송 절차가 진행됐고\n나는 재판을 받게 되었다.)
0x000dd9fe	4	\n\n\n(그리고……)
0x000dda4f	5	\n\n\n(나는 살인죄로\n무기징역을 선고받았다……)
0x000de988	5	살해 시각에 코우지는 라이트\n블루에서\n술에 취해 있었던 걸까?\n우선 이 단서의 조사를 진행해\n보자.
0x000de9e0	6	경찰은 살해 시각으로 여겨지는\n0시 44분 전에 코우지가\n퇴장했다는\n정보를 확보하고 있기 때문에,\n이 단서는 살해 시각의 행동과\n일치하지 않는다.
0x000dea7b	5	무허가 택시 이야기를 곧장 경찰에\n들이밀어도\n납득시키지 못할 것이다.\n우선 아사츠유에게 들은 정보를\n제시해 보자.
0x000deb0a	5	말다툼을 한 건 살해 시각인 0시\n44분보다\n훨씬 전이다.\n그러므로 이 단서로는 알리바이를\n입증할 수 없다.
0x000deb90	3	이 건에 관해서는\n콘도 형사가 사실을 왜곡하지\n않았다.
0x000debee	5	「술에 취해 있었기 때문에 권총에\n지문이 묻었다」\n라고 해서는 말이 되지 않는다.\n여기서는 확실한 물적 증거를\n제시하자!
0x000dec76	5	이 건에 관해서는\n콘도 형사가 사실을 왜곡하지\n않았다.\n확실한 물적 증거가 있으니\n그것을 제시하자!
0x000ded00	5	발상은 나쁘지 않지만\n여기서 보여 줘야 할 것은\n권총에 지문이 묻은 명확한 이유다.\n확실한 물적 증거가 있으니\n그것을 제시하자!
0x000ded94	7	「술에 취해 있었기 때문에\n말다툼을 했다」 「취해 있어서\n기억나지 않는다」 라고 해서는\n경찰이 주장하는 「말다툼이 살해\n동기가 됐다」는 가능성을 부정할\n수 없다. 여기서는 말다툼을 하지\n않았다고 부정해야 하지만……
0x000dee6c	6	말다툼을 했다는 사실을 인정해서는\n의미가 없다.\n먼저 정말 말다툼이 있었는지,\n그리고 얼마나 심한\n말다툼이었는지를 조사하면\n자연히 길이 열릴 것이다.
0x000def27	6	말다툼을 했다는 사실을 인정해서는\n의미가 없다.\n먼저 정말 말다툼이 있었는지,\n그리고 얼마나 심한\n말다툼이었는지를 조사하면\n자연히 길이 열릴 것이다.
0x000defcc	5	확실히 코우지는 술에 취해\n있었지만 한 번도 자리를 뜨지\n않았을까? 화장실에 가려고 자리를\n비웠다면 경찰은 그때 VIP룸에\n들어갔다고 생각할 것이다.
0x000df050	7	술에 취한 코우지.\n계속 카운터에서 자고 있었던\n것처럼 보이지만\n몇 번인가 화장실에 가려고 자리를\n비웠다.\n경찰은 그때 VIP룸에 들어갔다고\n보고 있다.
0x000df0fb	7	아사츠유의 증언을 믿는다면\n코우지는 택시에 탔을 것이다.\n하지만 집에 돌아갔다는 기록이\n없으니\n택시에서 곧장 내려 현장으로\n돌아갔을\n가능성도 부정할 수 없다.
0x000df1a1	6	확실히 영상에는 술에 취한\n코우지가 찍혀 있다.\n하지만 경찰은 어디까지나 코우지가\n취한 척했다고 생각하는 모양이다.\n이 심문을 논파하려면\n객관적인 증언이 유효하다.
0x000df261	7	「권총에는 지문이 있는데 문에는\n없었다.\n이 모순된 행동은 술에 취해 있었기\n때문이다」\n라는 뜻일까?\n이렇게 되면 내가 실행범이라는\n전제가 된다.
0x000df2ff	2	가족의 증언은 객관적인 증거로\n채택되기 어렵다.
0x000df35d	7	「권총에는 지문이 있는데 문에는\n없었다.\n이 모순된 행동은 술에 취해 있었기\n때문이다」\n라는 뜻일까?\n하지만 이렇게 되면\n내가 실행범이라는 전제가 된다.
0x000df3fa	3	정체가 밝혀지지 않은 남자에 관한\n단서로는\n경찰을 납득시킬 수 없을 것이다.
0x000df45e	7	지금은 코우지의 소유물이고\n언제든 수첩 안을 읽을 수 있으므로\n이 단서로 반론하는 건 약하다.\n코우지가 아버지 살인의 진상을\n알고 있었다면\n어떤 행동을 했을지 그 모순을\n제시하는 편이 좋겠다.
0x000df519	7	코우지는 이사 업체에 일괄 이사를\n맡겼지만\n어머니의 유품만은 직접 챙겨\n옮겼을 가능성도 부정할 수 없다.\n그러므로 이 단서만으로는\n시로의 수첩을 보지 않았다는\n이유가 되지 않는다.
0x000df5ae	4	코우지가 아버지 살인의 진상을\n알고 있었다면\n어떤 행동을 했을지 그 모순을\n제시하는 편이 좋겠다.
0x000df62d	5	지문을 닦는 일은 쉽게 할 수\n있다.\n충동적으로 범행을 떠올린 경우에도\n지문을 닦는 데는 문제가 없을\n것이다.
0x000df6b4	6	방음 설비가 된 VIP룸에서\n권총을 쏴 살해한 범행은\n언뜻 계획적으로 보이지만\n총성이 밖으로 새어 나갔다.\n계획 범행이라고 하기에는 허술한\n점이 많다.
0x000df76d	8	확실히 알리바이 조작을 했다고\n말할 수는 있을 것이다.\n하지만 이 알리바이 조작은\n현재로서는\n근거 없는 추측에 불과하고\n계획 살인을 뒷받침하는 증거로는\n약하다.\n더 근본적인 이유를 제시하자.
0x000df831	7	언뜻 계획적인 범행처럼 보이지만\n당일 코우지가 술에 취해 라이트\n블루에\n올 것까지 계획할 수는 없었을\n것이다.\n애초에 경찰은 코우지가\n취해 있었다는 사실을 믿지 않는다.
0x000df8e8	7	아사츠유의 증언을 믿는다면\n코우지는 택시에 탔을 것이다.\n하지만 집에 돌아갔다는 기록이\n없으니\n택시에서 곧장 내려 현장으로\n돌아갔을\n가능성도 부정할 수 없다.
0x000df992	7	관계자 중 알리바이가 확실하지\n않은 건 코우지뿐이지만, 범행\n시각인 0시 44분에는 이미 코우지가\n가게를 나갔고 감시 카메라에도\n코우지 모습이 찍히지 않아\n코우지의 알리바이를 입증할 수\n없다.
0x000dfa59	4	확실히 아사츠유가 택시에 태웠다고\n증언하고 있지만\n아사츠유는 가족이나 다름없으므로\n증언의 힘은 약하다.
0x000dfaae	5	가령 택시에 태웠다는 게\n사실이어도 집에 돌아갔다는 기록이\n없으므로 택시에서 곧장 내려\n현장으로 돌아갔을\n가능성도 부정할 수 없다.
0x000dfb41	2	설령 술에 취해 있었다고 해도\n살인은 가능하다.
0x000dfb9a	5	이 단서는 범행 시각이 0시\n44분이 아닐\n가능성을 제시할 뿐\n코우지의 범행을 부정하는 것은\n아니다.
0x000dfc40	4	누군가가 묻힌 지문과 권총에 남은\n지문에\n모순이 있다고 해도\n그건 어디까지나 추측일 뿐이다.
0x000dfc8d	8	감시 카메라에 찍힌 수상한\n그림자가 권총에 코우지의 지문을\n묻힌 걸까……?\n지문을 닦은 건 코우지의 지문이\n없는\n어색함을 없애기 위해서……?\n이건 어디까지나 코우지의 추리에\n불과하다.
0x000dfd53	8	코우지에게 다가간 그림자……\n코우지는 이때 지문을 권총에\n묻혔다고\n주장하지만, 그것은 어디까지나\n추측이다.\n어쩌면 아까 왔던 손님이\n물건을 가지러 왔을 뿐일지도\n모른다……
0x000e00b9	3	【코우지】\n(오늘 아침 일찍 호송차에 태워져\n검찰청으로 끌려왔다.)
0x000e0118	3	【코우지】\n(그 목적은 물론\n검사의 취조였다.)
0x000e0189	3	【검사】\n자……\n10일 만이군.
0x000e01ce	2	【코우지】\n…………
0x000e0207	4	【검사】\n참 별일이네.\n굳이 묵비할 상황은\n아니라고 생각하는데?
0x000e0268	3	【코우지】\n………\n죄송합니다.
0x000e02c6	4	【검사】\n자료를 보니\n상황은 별로 달라지지 않은 것\n같군.
0x000e0343	3	【검사】\n그런데 자네는 언제까지\n저항할 셈인가?
0x000e0399	4	【코우지】\n……거짓말은 하고 싶지 않아서요.\n하지 않은 일을\n했다고 말할 수는 없습니다.
0x000e03f2	3	【검사】\n그렇군.\n자네는 그런 사람이란 말이지.
0x000e0438	5	【검사】\n거짓말을 한 사람은\n거짓말 위에 또 거짓말을 덧칠하고\n결국 자기 거짓말을 진심으로\n믿기 시작하지……
0x000e04ad	3	【코우지】\n거짓말이 아닙니다.\n진실이에요!
0x000e04f5	5	【검사】\n그래?\n그럼 내 질문에 대해\n거짓말하지 않겠다고 약속할 수\n있나?
0x000e0555	3	【코우지】\n물론입니다.\n그럴 생각입니다.
0x000e0595	2	【검사】\n그럼 말해 보게.
0x000e05d3	4	【검사】\n왜 범행 도구가 된 총에\n지문이 묻어 있었지?\n설명해 보게.
0x000e069c	2	【코우지】\n…………
0x000e06d5	3	【검사】\n그렇군, 묵비하겠다는 건가.\n그래도 상관없어.
0x000e0727	5	【검사】\n하지만 말이야.\n거짓말하지 않겠다고 약속한 뒤\n묵비한다는 건\n진실을 말하기 곤란하다는 뜻이지?
0x000e079f	4	【검사】\n말이 많은 침묵이군.\n이제 권총의 지문이\n중요한 증거라는 걸 확신했어.
0x000e0826	5	【코우지】\n……자, 잠깐만요.\n권총에 지문이 묻은 이유를\n제대로 설명하겠습니다.\n그건……
0x000e08de	3	【검사】\n아까 거짓말하지 않겠다고 했지?\n그럼 이건 거짓말이 아니란 말이지?
0x000e0935	2	【코우지】\n아, 아니…… 그게……
0x000e097c	4	【검사】\n……비겁하게 구는 사람은 싫어해.\n자네 말은\n하나도 믿을 수 없군.
0x000e09e2	2	【코우지】\n아니…… 방금 건 실수였어요……
0x000e0a2d	4	【검사】\n자네를 이번 사건의 진범으로\n기소하겠다.\n이상이다.
0x000e0a8b	2	【코우지】\n잠깐만요!
0x000e0aeb	3	【검사】\n나가게.\n이야기는 끝났어!
0x000e0b71	4	\n\n(변명할 틈도 없었다.\n잠깐 머리가 하얘졌을 뿐인데……)
0x000e0bdc	4	\n\n(……아니, 머리가 하얘졌더라도\n거짓말을 해서는 안 됐어……)
0x000e0c36	4	\n\n(이럴 바에는 묵비하는 편이\n나았을지도 몰라……)
0x000e0c8d	3	\n\n(나는 기소됐다……)
0x000e0cee	4	\n\n(그리고 3년 후,\n나는 징역 10년을 선고받았다……)
0x000e0d96	5	【코우지】\n사건이 일어난 바\n『라이트 블루』의\n감시 카메라 영상을\n보셨습니까?
0x000e0dfc	5	【코우지】\n거기에 찍힌 그림자가\n제 곁으로 다가오고 있습니다.\n그 순간 지문을 묻힌 게 아닐까\n추측합니다……
0x000e0eac	3	【검사】\n……?\n감시 카메라 영상이라니?
0x000e0efa	4	【코우지】\n네?\n제 변호사가 제출한\n증거품인데요……
0x000e0f59	2	【검사】\n그런 건 받은 적이 없는데?
0x000e0fa5	3	【코우지】\n뭐라고!?\n그, 그럴 리가 없어!
0x000e0feb	3	【검사】\n내 손에 없는 증거품을 말해 봐야\n의미가 없어.
0x000e1047	5	【검사】\n중요한 증거품은 반드시\n내 손에 들어와야 해.\n자네, 거짓말은 하지 않겠다고\n하지 않았나……?
0x000e10bd	4	【코우지】\n거짓말이 아닙니다!\n정말이에요!\n담당 형사에게 문의해 보세요!
0x000e1125	2	【검사】\n문의할 필요는 없어.
0x000e1169	7	【검사】\n다시 말하지.\n중요한 증거는 반드시 내 손에\n들어온다.\n내 손에 없다면\n그런 증거는 존재하지 않는다는\n뜻이야.
0x000e11fb	5	【코우지】\n잠깐만요!\n아무리 제가 거짓말하지 않겠다고\n약속했어도 경찰이 거짓말을 하면\n어쩔 수 없잖아요!
0x000e126f	4	【검사】\n뭐라고……?\n설마 우리가 증거를\n숨겼다고 주장할 셈인가……!?
0x000e12e6	2	【코우지】\n그건……!
0x000e1320	3	【검사】\n우리를 모욕하는 것도\n그 정도로 해 두게.
0x000e1375	2	【코우지】\n네?
0x000e13c9	2	【검사】\n나가.
0x000e1403	3	【코우지】\n잠깐만요!\n제 이야기를……!
0x000e146c	2	【검사】\n나가라.
0x000e14a5	2	【코우지】\n큭……!
0x000e154e	6	\n\n(그 뒤 지난번과 마찬가지로\n법원으로 끌려가\n재판관에게 몇 가지 질문을\n받았다.)
0x000e15b6	5	\n\n(그 결과\n구류 기간이 10일 연장됐다……\n그건 다행이었다.)
0x000e161e	4	\n\n(다행이라고 할 수는 없지만\n각오는 하고 있던 일이었다.)
0x000e166a	5	\n\n(하지만 증거품이 제출되지\n않았다니 대체 무슨 뜻이지……?\n……)
0x000e1abb	2	【미우라】\n…………
0x000e1af4	2	【코우지】\n…………
0x000e1b3a	2	【미우라】\n……미안했다.
0x000e1b77	3	【코우지】\n……사과할 거면\n먼저 설명해 줘.
0x000e1bc4	4	【코우지】\n비디오테이프 말이야.\n왜 그게 검찰로\n송치되지 않은 거지?
0x000e1c1a	2	【미우라】\n…………
0x000e1c53	5	【코우지】\n그 영상은\n나 이외에 범인이 있을 가능성을\n보여 주는\n중요한 증거야.
0x000e1cbd	3	【코우지】\n당신들의 수사에도\n큰 영향을 주는 것 아닌가?
0x000e1d2a	2	【미우라】\n……미안하다.
0x000e1d68	3	【코우지】\n사과가 아니야!\n설명해 줘!
0x000e1db6	2	【미우라】\n…………
0x000e1def	2	【코우지】\n…………
0x000e1e28	2	【코우지】\n……설명할 수 없다는 건가.
0x000e1e7a	2	【미우라】\n……미안하다.
0x000e1eb8	3	【코우지】\n……젠장!\n알겠어!
0x000e1f07	2	【미우라】\n…………
0x000e1f66	2	【미우라】\n하나 물어봐도 되겠나?
0x000e1fa5	4	【코우지】\n이건 취조잖아?\n일일이 나한테\n허락을 받을 필요는 없어.
0x000e200c	4	【미우라】\n그럼 묻지.\n자네는 이 사건을\n어떻게 생각하고 있나?
0x000e209c	5	【코우지】\n어떻게 생각하냐니……\n수사의 전문가인 형사님이\n내 아마추어 의견을 듣고 싶은\n건가?
0x000e2132	6	【미우라】\n자네는 아마추어가 아니야.\n탐정이지.\n……벽 안에 갇혀서도 생각을\n멈추지 않는\n프로페셔널이다.
0x000e21a5	3	【코우지】\n(이 녀석…… 법자 노리코의 조사를\n눈치챈 건 아니겠지……)
0x000e2230	4	【미우라】\n피의자라는 사실은 일단 제쳐 두고\n참고 의견으로\n자네 생각을 듣고 싶다.
0x000e22c5	3	【미우라】\n나는 어디까지나 형사의 입장에서\n자네에게 자백을 권하지만……
0x000e232d	4	【미우라】\n애초에 경찰의 본분은\n진상을 추구하고\n진범을 체포하는 것이다.
0x000e2391	4	【코우지】\n그러기 위해서라면\n피의자의 의견이든 뭐든\n들어 두겠다는 거군.
0x000e23fd	2	【미우라】\n……어떻게 생각하든 자네 자유다.
0x000e2445	2	【코우지】\n…………
0x000e247e	3	【코우지】\n……내 생각은\n당신에게 말해 온 게 전부야.
0x000e24d0	3	【코우지】\n나 말고 진범이 있고\n수상하다고 여겨지는 인물도 있어.
0x000e252c	5	【코우지】\n스피커를 이용해\n총성이 울린 시각을 조작하면\n나 말고 다른 사람도\n범행을 저지를 수 있다는 것……
0x000e25a3	4	【코우지】\n그리고 실제로\n내 주변을 서성거리던\n수상한 그림자가 있었다는 것.
0x000e2609	5	【코우지】\n하지만 그 그림자가 누군지는\n특정하지 못했고\n진범을 좁히지 못한 게 현재\n상황이야.
0x000e26a9	2	【미우라】\n흠……
0x000e2706	5	【미우라】\n경찰은 자네 외에도\n수상하다고 보는 인물을\n세 명 주시하고 있다.\n그날 현장에 있던 관계자들이지……
0x000e2797	4	【미우라】\n누마사키 에이타로.\n미즈타니 아사츠유.\n그리고 미나즈키 코우지다.
0x000e2816	4	【요시모토】\n미…… 미우라 선배!\n경찰의 수사 상황은\n기밀 사항입니다!
0x000e28ad	5	【미우라】\n괜찮다, 요시모토 형사.\n이건 내 독단이다.\n이 일은\n상부에 보고해도 상관없어.
0x000e293b	2	【요시모토】\n…………
0x000e298d	4	【코우지】\n이봐, 괜찮은 거야?\n나 때문에 해고라도 당하면\n마음이 편치 않을 것 같은데.
0x000e2a2a	5	【미우라】\n자만하지 마라.\n나는 진실을 알고 싶을 뿐이야.\n그래서 쓸 수 있는 건 전부 쓴다.\n그뿐이다.
0x000e2ab9	2	【요시모토】\n………
0x000e2b09	5	【코우지】\n그럼 보답으로……\n그런 뜻은 아니지만\n내가 생각하는 또 한 명의\n수상한 인물에 대해 말해 볼까.
0x000e2b96	5	【코우지】\n누마사키 에이타로, 미즈타니\n아사츠유, 미나즈키 코우지.\n그리고 또 한 명,\n수상하다고 생각되는 사람은……?
0x000e2cb4	2	【코우지】\n(아니야, 그런 게 아니야!)
0x000e2cfb	5	【코우지】\n(노골적으로\n나를 범인으로 몰아가려 한 사람이\n있잖아!\n그 사람은……!?)
0x000e2d67	4	【코우지】\n맞아, 콘도야.\n노골적으로 나를 범인으로\n몰아가려는 행동……
0x000e2dc8	5	【코우지】\n오히려 가장 수상한 인물이라고\n생각할 수밖에 없어.\n그 사람을 빼놓은 건\n일부러라고밖에 생각되지 않아.
0x000e2e4e	3	【코우지】\n내부의 비리를 숨기기 위해\n나를 희생양으로 삼으려는 건가?
0x000e2ef9	4	【요시모토】\n당신, 경찰이\n은폐 공작을 벌이고 있다고\n말하는 겁니까!?
0x000e2f81	2	【미우라】\n요시모토 준.
0x000e2fe0	2	【요시모토】\n……죄송합니다.
0x000e3042	4	【미우라】\n자네도 마찬가지야, 사이토.\n경찰을 무시하지 마라.\n희생양이라는 말은 지나쳐.
0x000e30a2	4	【코우지】\n……그래, 그렇겠지.\n적어도 당신들은\n그런 짓을 하지는 않겠지.
0x000e3100	3	【코우지】\n하지만 콘도가 수상하다는 사실은\n변하지 않아.
0x000e3176	2	【미우라】\n…………
0x000e31af	3	【코우지】\n……하나만\n물어보고 싶은 게 있어.
0x000e31fa	4	【코우지】\n피해자가 살아서\n마지막으로 목격된 시각은\n몇 시 몇 분이지?
0x000e3286	4	【미우라】\n……0시 전후다.\n자네와 시라카와가 말다툼을 했다고\n콘도 형사가 증언한 시각이지.
0x000e32f3	4	【코우지】\n(0시인가…… 그렇다면\n범행 시각은 0시부터 44분 사이란\n뜻이군……)
0x000e3383	2	【미우라】\n물어볼 건 그게 전부인가?
0x000e33c3	2	【코우지】\n그래, 지금은 그래.
0x000e3428	3	【미우라】\n말이 너무 많았군……\n직무로 돌아가도록 하지.
0x000e34a4	2	【미우라】\n심문을 시작한다!
0x000e3a08	3	【미우라】\n자, 어제는 참고 삼아\n자네 의견을 들어 봤는데……
0x000e3a61	3	【코우지】\n피의자의 의견이\n참고가 됐나?
0x000e3adc	4	【미우라】\n그렇군.\n적어도 내게는\n참고가 됐다.
0x000e3b2c	3	【코우지】\n흐음……\n당신에게는 그렇다는 거군.
0x000e3be6	3	【콘도】\n어때, 자백은 받아 냈나?\n이제 시간이 얼마 남지 않았어!
0x000e3c62	3	【미우라】\n……죄송합니다.\n하지만 착실히 진행하고 있습니다.
0x000e3cdf	4	【콘도】\n미우라……\n이 남자가 그렇게 소중한가?\n좀 더 몰아붙여!
0x000e3d67	5	【미우라】\n……최근에는 취조의\n시각화가 요구되고 있고\n사회적으로도 문제의식이\n높아지고 있습니다.
0x000e3dee	3	【미우라】\n너무 강압적인 취조는\n할 수 없습니다.
0x000e3e79	4	【콘도】\n뭔가 착각하고 있는 것 아닌가,\n미우라……\n범죄자에게 인권은 없어!
0x000e3eef	3	【콘도】\n내가 본보기를 보여 주지!\n바꿔!
0x000e3f5e	2	【미우라】\n……네.
0x000e3fbd	4	【콘도】\n자, 사이토 군.\n슬슬 쓸데없는 발버둥은 그만두지\n않겠나?
0x000e400f	3	【코우지】\n(사이토 군이라니……\n기분 나쁘군……)
0x000e4060	2	【코우지】\n쓸데없이 발버둥 치는 건 아니에요.
0x000e40a9	5	【코우지】\n내가 범인이 아니라는 증거도\n조금씩 모이기 시작했고\n혐의를 벗는 것도\n시간 문제라고 생각하니까요.
0x000e4162	3	【콘도】\n흥.\n네가 범인이 아니라는 증거라.
0x000e41c1	5	【콘도】\n예를 들면\n네 변호사가 제출했다는\n감시 카메라 비디오를\n말하는 건가?
0x000e4263	3	【코우지】\n……이봐.\n왜 당신이 그걸 알고 있지?
0x000e42b3	2	【코우지】\n설마……!
0x000e4313	3	【콘도】\n……하하하!\n아하하하하!!
0x000e436a	4	【콘도】\n그 증거 말이지,\n안타깝게도 부하가\n분실해 버렸거든!!
0x000e43db	2	【코우지】\n뭐……!?
0x000e4423	4	【콘도】\n부하의 부주의로 폐를 끼쳤다고?\n하지만 없어진 건\n어쩔 수 없잖아?
0x000e449c	3	【콘도】\n얼른 포기하는 게 좋을 거야!\n아하하!
0x000e44ea	4	【코우지】\n바보 아냐!?\n그런 중요한 증거품을 잃어버리다니\n관리를 어떻게 하는 거야!
0x000e459a	4	【콘도】\n바보라고……?\n경찰관에게 감히\n그런 말을 해, 이 자식이!
0x000e45f3	4	【코우지】\n믿을 수가 없네……\n당신은 쓰레기야!\n그 비디오테이프를 돌려줘!
0x000e464f	3	【콘도】\n없는 건 없는 거야!\n네가 울고불고 소리쳐도 말이지!
0x000e46a3	2	【코우지】\n……큭!
0x000e46dc	2	【콘도】\n………
0x000e4713	4	【콘도】\n뭐야, 그 반항적인 태도는……?\n자네는 자기 입장을\n모르는 모양이군?
0x000e4783	4	【코우지】\n입장이라니 무슨 입장?\n당신이야말로 자기 입장을\n모르는 것 아닌가?
0x000e47da	4	【코우지】\n이건 훌륭한 비리…… 아니,\n범죄야!\n나도 생각이 있다고!
0x000e483f	4	【콘도】\n무슨 생각인데?\n변호사에게 고소라도 할 건가?\n언론에 찌르기라도 하겠어?
0x000e489e	4	【콘도】\n하하!\n할 수 있으면 해 봐!\n변호사까지 몽땅 묻어 버릴 테니까!
0x000e4901	3	【콘도】\n원한다면 지금 당장\n자네 존재를 없애 버릴 수도 있어.
0x000e495f	3	【콘도】\n재판이 시작되면\n자네 죄는 거의 확정돼.
0x000e49ac	2	【콘도】\n자네가 아무리 발버둥 쳐도 말이야!
0x000e49f9	2	【코우지】\n큭……!
0x000e4a32	3	【콘도】\n이제야 자기 입장을\n깨달은 모양이군!
0x000e4a80	4	【콘도】\n어쨌든 네가 제출한 비디오는\n부하가 분실했다.\n그렇게 된 거야!
0x000e4b27	5	【콘도】\n부하라고 해도\n저기 있는 미우라 형사는 아니야.\n그의 명예를 위해\n그것만은 말해 두지.
0x000e4bc2	2	【미우라】\n……!
0x000e4c20	4	【콘도】\n물론 요시모토 형사도 아니야.\n본청 최고의\n젊은 인재니까 말이야!
0x000e4ca7	2	【요시모토】\n…………
0x000e4d06	2	【콘도】\n뭐, 번거로우니 이것도 말해 두지.
0x000e4d7b	5	【콘도】\n이상하게도\n자네에게 유리한 정보나 증거는\n앞으로도 자꾸 사라지게 될 거야.\n각오해 둬!
0x000e4e10	2	【콘도】\n각오해 두는 게 좋을 거다!
0x000e4e54	2	【코우지】\n그건 협박인가……?
0x000e4ebd	4	【콘도】\n협박 같은 말은 쓰지 마.\n사람은 실수하는 법이라는\n말을 하고 싶은 것뿐이야!
0x000e4f2a	2	【코우지】\n……큭.
0x000e4fd0	3	【콘도】\n흥!\n어때, 미우라.
0x000e501e	3	【콘도】\n취조라는 건\n이렇게 하는 거야!
0x000e508f	2	【미우라】\n…………
0x000e50ee	2	【콘도】\n자, 이제 맡기겠다, 미우라.
0x000e5159	3	【콘도】\n사이토!\n이제 도망칠 곳은 없어!
0x000e51b4	3	【콘도】\n순순히 자백하는 게\n자네를 위한 일이라고 생각하는데?
0x000e5252	2	【코우지】\n…………
0x000e5298	2	【미우라】\n…………
0x000e52d1	3	【코우지】\n이게 어제 당신이\n사과한 이유였군.
0x000e5341	4	【미우라】\n…………\n정말 미안하다……\n오늘 취조는 이걸로……
0x000e53d5	3	【코우지】\n잠깐 기다려!\n당신, 정말 이대로 괜찮은 거야!?
0x000e544e	2	【미우라】\n…………!?
0x000e5495	3	【코우지】\n당신은 진실을 알고 싶다고\n말했잖아!!
0x000e54e7	3	【코우지】\n이런 방식으로\n납득할 수 있겠어!?
0x000e5557	2	【미우라】\n…………
0x000e5590	3	【코우지】\n나와 당신은 입장상\n적대 관계가 되겠지……
0x000e55dd	3	【코우지】\n솔직히 당신의 집요한 추궁 때문에\n몇 번이나 기분이 상했어.
0x000e564a	2	【미우라】\n…………
0x000e5683	4	【코우지】\n언젠가 내가 무죄라는 걸\n입증해 줄지도 모른다는 기대도\n있었어……
0x000e56db	3	【코우지】\n하지만……\n하지만 결국 이거야!?
0x000e5725	4	【코우지】\n콘도에게 굴복하는\n시시한 남자였던 거야,\n당신은!?
0x000e57a8	4	【요시모토】\n적당히 하세요!\n당신이 미우라 형사를\n뭘 안다고 그러는 거예요!!
0x000e582e	2	【미우라】\n요시모토 형사…… 괜찮다.
0x000e5895	2	【요시모토】\n하지만 선배!!
0x000e58f8	3	【미우라】\n……확실히 자네 말이 맞다,\n사이토.
0x000e5952	3	【미우라】\n콘도 형사의 행동을 묵인하는 한\n나는 말뿐인 시시한 남자야.
0x000e59de	2	【요시모토】\n선배……
0x000e5a44	4	【미우라】\n……심문으로 넘어가지.\n자네 주장을 듣겠다.\n할 말이 있으면 해.
0x000e5dcf	2	【코우지】\n……어라?
0x000e5e15	3	【요시모토】\n오늘은 제가 취조하겠습니다.\n불만이 있습니까?
0x000e5e65	3	【코우지】\n아, 아니……\n불만이라니, 그런 건 아니지만……
0x000e5eb6	3	【코우지】\n뭐라고 해야 하나, 이런……\n신선해서 좋네.
0x000e5f07	3	【코우지】\n(대체 무슨 이상한 말을\n하고 있는 거야, 나는!?)
0x000e5f69	2	【요시모토】\n쓸데없는 말은 됐습니다.
0x000e5fb0	3	【코우지】\n네, 네……\n죄송합니다……
0x000e5ff4	3	【코우지】\n(동요해서 이상한 말을 했지만\n왠지 위압감이 있네……)
0x000e605e	3	【코우지】\n(그나저나……\n미우라는 대체 어떻게 된 거지?)
0x000e60af	2	【요시모토】\n…………
0x000e60e8	2	【코우지】\n…………
0x000e6121	2	【요시모토】\n…………
0x000e615a	2	【코우지】\n…………저기요?
0x000e61a4	2	【요시모토】\n뭐죠?
0x000e61da	3	【코우지】\n취조 중이니까, 그……\n저한테 뭔가 묻지 않습니까?
0x000e6252	3	【요시모토】\n제가 물으면\n순순히 자백하실 겁니까?
0x000e62a2	4	【코우지】\n아, 아니요. 자백이 아니라\n물어본 것에 대답하면서\n무죄를 주장하고 싶은데요……
0x000e6332	3	【요시모토】\n저희가 눈치채지 못했다고\n생각하셨습니까?
0x000e637d	3	【코우지】\n네……?\n무슨 말씀이시죠?
0x000e63cd	4	【요시모토】\n당신은 무죄를 주장하는 척하면서\n저희에게서 정보를 끌어내려\n하고 있지요?
0x000e6434	3	【코우지】\n아……\n역시 들켰어?
0x000e6484	5	【요시모토】\n네, 물론입니다.\n하지만 미우라 형사는\n일부러 정보를\n흘리고 있었던 것 같더군요……
0x000e64f9	6	【요시모토】\n저는 그 사람처럼\n협상술에 능하지 않으니\n당신이 자백하기를 기다리는 것\n외에는\n아무것도 할 생각이 없습니다.
0x000e657a	3	【코우지】\n……여러 의미로 당했네.\n하하하……
0x000e65ca	2	【요시모토】\n…………
0x000e6603	3	【코우지】\n저기, 모처럼이니\n제가 질문해도 될까요?
0x000e6662	2	【요시모토】\n받아들이지 않겠습니다.
0x000e669e	4	【코우지】\n아, 그렇게 말하지 말고요……\n마침 당신에게\n물어보고 싶은 게 있었거든요.
0x000e67a2	4	【코우지】\n(그게 아니잖아!\n요시모토 형사에 관한\n정보가 있었지?)
0x000e67ff	3	【코우지】\n(본인에게 물어볼 좋은 기회야.\n그건……)
0x000e688b	3	【코우지】\n우리 소장님을 아세요?\n미즈타니 아사츠유라고 하는데요.
0x000e68ee	2	【요시모토】\n……그런 분은 모릅니다.
0x000e6931	5	【코우지】\n어라, 이상하네?\n당신이 우리 소장님과\n말다툼을 했다는 정보가\n있는데요……?
0x000e69a5	4	【요시모토】\n모릅니다.\n그런 야만적인 사람과는\n진작 자매의 인연을 끊었습니다.
0x000e6a3e	2	【코우지】\n…………
0x000e6a7e	4	【코우지】\n네, 네에에에!?\n요시모토 형사와 아사츠유 씨가\n자매라고!?
0x000e6b07	3	【요시모토】\n그러니까\n아니라고 말했잖아요!!
0x000e6b62	5	【요시모토】\n이제 막 알게 된 것처럼\n과장된 태도를 보이지 마세요!\n변호사에게 부탁해서\n우리 관계를 조사했겠지요!
0x000e6bdf	4	【코우지】\n아니요, 지금 처음 알았습니다.\n아무래도 사적인 일인 것 같아서\n조사하지 않았어요.
0x000e6c73	2	【요시모토】\n네……!?
0x000e6cd3	3	【요시모토】\n그, 그렇다면……\n이 자리에서 묻는 것도 삼가세요!
0x000e6d27	3	【코우지】\n아니, 궁금해서 그만.\n죄송합니다.
0x000e6dd8	3	【코우지】\n그나저나 아사츠유 씨와\n자매였다니 정말 놀랍네요.
0x000e6e42	3	【요시모토】\n애초에 그 사람의 본명은\n미즈타니 아사츠유가 아닙니다!
0x000e6eab	4	【코우지】\n그런 것 같더군요.\n탐정이라는 직업상\n가명을 쓴다고 들었지만요.
0x000e6f3e	3	【요시모토】\n……하지만 당신은\n본명을 쓰고 있군요.
0x000e6f89	5	【코우지】\n뭐, 저도 가끔 가명을 쓰지만……\n나에게는 지켜야 할 가족이 없어서\n신원을 조사당해도\n별 문제는 없어요.
0x000e700c	2	【요시모토】\n…………
0x000e7045	3	【코우지】\n그런데 아사츠유 씨의 본명은\n뭐라고 합니까?
0x000e70a3	2	【요시모토】\n……그런 걸 말할 이유는 없습니다.
0x000e70ee	2	【코우지】\n아니, 뭐 그렇겠지만요……
0x000e7134	4	【코우지】\n그럼 다른 질문.\n왜 요시모토 형사는 아사츠유 씨를\n그렇게 싫어합니까?
0x000e71c4	2	【요시모토】\n그것도 말할 이유가 없습니다!
0x000e7207	4	【코우지】\n……그래도 힌트 하나만 주면 안\n돼요?\n힌트요.
0x000e7279	2	【요시모토】\n…………
0x000e72b2	4	【코우지】\n……알겠습니다.\n당신에게서 이야기를 듣는 건\n포기할게요.
0x000e732c	2	【요시모토】\n……그게 좋습니다.
0x000e736b	3	【코우지】\n아사츠유 씨에게 직접 물어보면\n될 테니까요.
0x000e73dd	2	【요시모토】\n뭐……!?
0x000e7418	4	【코우지】\n아니, 의외로 이게 사건과\n관련 있을지도 모르고……\n어쨌든 물어보지 않고는……
0x000e74aa	3	【요시모토】\n그런 사람이 제대로 된 이야기를\n할 리가 없습니다!
0x000e7506	3	【요시모토】\n변호사를 그만두고\n탐정 따위나 하는 사람은……!
0x000e7562	5	【코우지】\n……저기요.\n저도 탐정이라서\n『탐정 따위』라는 말을 들으면\n조금 상처받는데요……
0x000e75de	5	【요시모토】\n그야 그렇죠!\n사법 시험에 곧바로 합격해서\n사회적 지위가 높은 변호사가\n됐는데……
0x000e7662	2	【요시모토】\n왜 하필 탐정이 된 겁니까……!
0x000e76a7	4	【코우지】\n……아무리 그래도 방금 말은\n직업 차별 아닌가?\n탐정도 훌륭한 직업이야.
0x000e7715	3	【코우지】\n……그렇지.\n두 달쯤 전이었나……
0x000e7765	5	【코우지】\n어디서 들었는지는 모르겠지만\n초등학생 여자아이가 사무실에 와서\n애완 고양이가 돌아오지 않는다며\n울면서 부탁했어……
0x000e77e2	5	【코우지】\n아사츠유 씨는 정말 열심히\n고양이를 찾았어.\n한 달 동안 그 고양이 찾기만\n했을 정도니까……
0x000e785f	4	【코우지】\n(덕분에 그때 일은\n전부 나에게 넘어와서\n고생 좀 했지만……)
0x000e78c4	3	【코우지】\n어쨌든 고양이를 찾아냈고\n받은 보수가 500엔이었어.
0x000e792c	5	【코우지】\n공짜로 해 주면 안 됐냐고 따졌더니\n세상의 구조는 제대로 가르쳐 줘야\n한다고\n말했던가……
0x000e79ca	2	【요시모토】\n…………
0x000e7a03	5	【코우지】\n변호사든 탐정이든\n근본은 달라지지 않는다고 생각해.\n둘 다 사람을 돕고 싶어 한다는 게\n본질이야.
0x000e7a9a	2	【요시모토】\n……그런 건 궤변입니다.
0x000e7ae6	4	【코우지】\n뭐, 그럴지도 모르지만요.\n하지만 당신은 아사츠유 씨를\n오해하고 있어.
0x000e7b44	4	【코우지】\n사람을 비난하려면\n그에 맞는 정보를 모은 뒤가\n좋다고 생각해.
0x000e7ba1	4	【코우지】\n그렇지 않으면\n증거도 없이 범인 취급하는\n경찰과 같잖아.
0x000e7c2c	3	【요시모토】\n…………\n당신에게는 살해 증거가 있습니다.
0x000e7c82	5	【코우지】\n그래.\n지금은 확실히 그렇지만\n그 증거들도\n조금씩 애매해지고 있어.
0x000e7cea	4	【코우지】\n가령 내가 누명을 벗는다고 해도\n당신은 나를 범인으로 단정하고\n끝까지 기소할 생각 아닌가?
0x000e7d70	2	【요시모토】\n…………
0x000e7da9	3	【코우지】\n그때 당신의 반응이\n마음에 걸리네.
0x000e7df3	4	【코우지】\n그러니 나도 누명을\n벗어 내겠다고\n해 볼까 해.
0x000e7e5a	2	【코우지】\n아사츠유 씨를 위해서라도 말이야.
0x000e7ea6	3	【요시모토】\n……불쾌합니다.\n오늘 취조는 이걸로 끝내겠습니다.
0x000e7f03	2	【코우지】\n(안 됐나……?)
0x000e82e7	5	【코우지】\n(……요시모토 형사 한 명뿐이라는\n건\n오늘도 미우라는 자리를 비운\n건가……)
0x000e836b	2	【요시모토】\n…………
0x000e83a4	3	【코우지】\n(……이대로 입을 다물고 있어도\n시간이 아깝고……)
0x000e83fe	4	【코우지】\n(조금이라도 경찰 내부 정보를\n끌어낼 수 있도록\n내가 먼저 물어볼까……?)
0x000e846f	3	【코우지】\n…………\n저기……
0x000e84bd	3	【요시모토】\n……모르겠습니다.\n왜 당신 같은 사람을……
0x000e850c	2	【코우지】\n……네, 뭐라고요?
0x000e8558	4	【요시모토】\n미우라 형사가 당신을\n인정하고 있다는 게 이해되지\n않습니다.
0x000e85ac	3	【코우지】\n미우라가 나를 인정한다고?\n……무슨 뜻이지?
0x000e85fd	2	【요시모토】\n…………
0x000e8636	3	【코우지】\n저기, 입을 다물고 있으면\n아무것도 알 수 없다고.
0x000e8684	4	【코우지】\n솔직하게 이야기하지 않을래?\n모처럼 이렇게\n마주 보고 있기도 하고.
0x000e86db	2	【요시모토】\n…………
0x000e8714	3	【코우지】\n아니면 아사츠유 씨의 제자인\n내가 그렇게 미운가?
0x000e8794	3	【요시모토】\n……싫지는 않습니다.\n하지만 납득하지도 못했습니다.
0x000e87ec	2	【코우지】\n납득하지 못했다고……?
0x000e886d	3	【요시모토】\n어제 이야기 말입니다.\n변호사와 탐정의 본질이 같다는……
0x000e88c5	3	【코우지】\n아, 그건 흥분해서 한 말도 있으니\n납득하지 못해도 어쩔 수 없지.
0x000e894a	3	【요시모토】\n뭐……!?\n그렇게 무책임한 말을!?
0x000e89bb	4	【요시모토】\n모처럼 당신 말에도\n일리가 있다고 생각했는데……\n그걸 그렇게 쉽게!
0x000e8a1c	3	【코우지】\n아니, 흥분해서 말한 건 맞지만\n대충 한 말은 아니야.
0x000e8a90	4	【요시모토】\n모르겠습니다!\n역시 피의자의 말 따위에\n귀를 기울이는 게 아니었어요……!
0x000e8af7	2	【코우지】\n…………
0x000e8b30	5	【코우지】\n저기, 이런 말을\n내가 할 건 아닐지도 모르지만\n당신은 다른 사람에게\n너무 의존하는 것 같아.
0x000e8ba5	5	【코우지】\n첫인상부터 미우라에게\n의존하고 있는 게 뻔히 보였고……\n아사츠유 씨에 대한 원망도\n의존의 뒤집힌 모습처럼 보여.
0x000e8c3f	2	【요시모토】\n의존이라고요……!
0x000e8c86	4	【코우지】\n아깝네.\n이렇게 말하면 또 화낼지 모르지만\n당신은 아사츠유 씨의 제자잖아?
0x000e8cf2	6	【코우지】\n게다가 국가 공무원 시험에\n합격한 엘리트라면서.\n즉 머리 좋기로는\n아사츠유 씨에게도 뒤지지 않는다는\n거야.
0x000e8d6e	6	【코우지】\n하지만 아사츠유 씨와의 결정적인\n차이는\n적극성과 자립심이야.\n그게 없으면\n아사츠유 씨를 따라갈 수 없어.
0x000e8dfb	3	【요시모토】\n쓸데없는 말만\n하지 마세요!!
0x000e8e50	4	【요시모토】\n당신의 말은\n조직에 몸담아 본 적 없는 사람의\n말도 안 되는 소리예요!!
0x000e8eba	5	【요시모토】\n조직 안에서는\n개인이 자기 생각대로 행동하면\n통제가 되지 않아요.\n그건 용납할 수 없는 일이에요!
0x000e8f34	5	【코우지】\n하지만 당신이 존경하는 미우라\n형사는\n지금 바로 개인의 생각으로\n행동하고 있는 것 아닌가?
0x000e8fc1	2	【요시모토】\n윽……
0x000e8ff8	2	【코우지】\n(역시 그런가……)
0x000e9038	6	【코우지】\n이렇게 말하면 미안하지만\n나는 그 사람을 인정해.\n이야기만 해도 긴장감을 느끼게\n하는 사람은\n아사츠유 씨 말고는 처음 만났어.
0x000e90c0	5	【코우지】\n하지만 그 사람의 말이 경찰이라는\n조직의 대변에 불과했다면\n나도 이렇게까지 미우라를\n인정하지는 않았을 거야.
0x000e9133	6	【코우지】\n미우라가 지금 독단적으로 행동하는\n건\n경찰이라는 조직 안에서는\n진실이 보이지 않는다고\n생각해서겠지?
0x000e91aa	2	【요시모토】\n…………
0x000e91e3	5	【코우지】\n당신에게 그 사람과 똑같이\n행동하라고 하진 않겠지만\n적어도 조직을 이유로\n자기 자신을 죽이지는 마.
0x000e9259	4	【코우지】\n조직에 몸담고 있어도\n자립할 수 있다고\n나는 생각해.
0x000e92ab	2	【요시모토】\n…………
0x000e92e4	2	【코우지】\n(어라…… 조금 너무 말했나……)
0x000e933c	4	【요시모토】\n자립……\n확실히 미우라 형사는\n자립해 있을지도 모르겠네요……
0x000e93a5	5	【요시모토】\n미우라 형사는 늘 혼자였습니다.\n정의감이 너무 강해서\n조직에서 겉도는 일이\n종종 있었던 것 같아요.
0x000e942f	6	【요시모토】\n그리고 지난 사건에서\n미우라 형사는 자신의 정의감에\n따라 수사를 밀어붙이다가\n조직 수사의 범위를\n벗어났습니다……
0x000e94d3	5	【요시모토】\n그 영향으로\n이번에는 직접 수사에 나서는 것이\n금지되고\n당신의 취조를 담당하게 됐습니다.
0x000e9566	3	【요시모토】\n저는…… 그런 그에게 붙은\n감시역입니다……
0x000e95dd	4	【코우지】\n……괜찮은 건가요?\n그런 내부 정보를\n저한테 말해도.
0x000e9659	4	【요시모토】\n물론 안 됩니다.\n하지만 당신이라면 미우라 형사를\n구해 줄 수 있을 것 같아서……
0x000e96c0	4	【코우지】\n……그건 틀렸어.\n미우라를 구하는 건\n미우라 자신뿐이야.
0x000e971c	4	【코우지】\n게다가 나는 살인 사건의 피의자야.\n오히려 내가\n도움을 받고 싶은 처지라고.
0x000e97b0	2	【요시모토】\n……여기서 잠시 기다려 주세요.
0x000e97f7	2	【코우지】\n아, 알겠어.
0x000e98e9	2	【요시모토】\n기다리게 했습니다.
0x000e9967	2	【코우지】\n이건…… 아버지의 수첩?
0x000e99aa	5	【요시모토】\n……이 수첩에\n쓰인 내용에 관해서는\n경찰에서도 신중하게 검증하고\n있습니다.
0x000e9a1b	4	【요시모토】\n하지만 당신만이 알 수 있는 내용도\n적혀 있지 않을까\n생각해서요.
0x000e9a77	3	【코우지】\n……내가 봐도 돼?\n이건 중요한 증거품이잖아?
0x000e9ad4	4	【요시모토】\n네.\n그게 사건 해결……\n진실로 이어진다면요.
0x000e9b28	3	【요시모토】\n저만 혼자가 되는 걸\n두려워하고 있을 수는 없으니까요.
0x000e9b81	3	【코우지】\n……알겠어.\n읽어 볼게.
0x000e9bc7	3	【요시모토】\n……나중에 언니에게도\n사과하겠습니다.
0x000e9c0c	2	【코우지】\n뭐? 방금 뭐라고 했어?
0x000e9c4e	2	【요시모토】\n아니요, 별거 아닙니다.
0x000e9cb1	4	【코우지】\n……그렇군.\n그럼 이쪽에 집중해서……\n응……?
0x000e9d12	3	【코우지】\n시라카와 신지……라니,\n분명 아사츠유 씨의……
0x000e9d62	2	【요시모토】\n언니의 연인이었던 사람이죠.
0x000e9dad	2	【코우지】\n알고 있었어?
0x000e9de8	4	【요시모토】\n네.\n저도 몇 번 만난 적이 있습니다.\n아주 상냥해 보이는 사람이었어요.
0x000e9e44	3	【요시모토】\n이번 사건 피해자의\n동생이었죠.
0x000e9e90	5	【코우지】\n그래.\n그리고 그의 심장은 시라카와\n이치로에게\n이식됐어.
0x000e9ee6	6	【코우지】\n피해자는 충격으로 심장이\n멈췄던 거지?\n관점을 바꾸면 시라카와 신지의\n심장이\n멈췄다고 말할 수도 있어.
0x000e9f72	3	【요시모토】\n그렇긴 하지만\n그래서 뭐가 달라지나요?
0x000e9fbd	3	【코우지】\n달라지는 건 없지만……\n그렇긴 한데…… 뭔가가……
0x000ea011	4	【요시모토】\n네.\n마음에 걸리는 거죠.\n미우라 형사도 그렇게 말했습니다.
0x000ea06a	2	【코우지】\n응, 이건……
0x000ea0a5	4	【요시모토】\n『시라카와 신지』, 『출신\n고교』라고\n적혀 있네요.
0x000ea0fc	3	【요시모토】\n시라카와 신지가 나온 고등학교는\n오인 고등학교였던 것 같은데요……
0x000ea15e	3	【코우지】\n오인 고등학교?\n어디선가 들어 본 적이……
0x000ea1a9	5	【코우지】\n…………\n아.\n아카네와 아오이가 다니는\n학교인가!
0x000ea27f	5	【요시모토】\n그럼 취조는 이걸로 끝내겠습니다.\n내일부터는 지금까지처럼 미우라\n형사가\n취조를 맡을 테니……
0x000ea2f4	2	【코우지】\n그래, 각오하고 있을게.
0x000ea347	2	【요시모토】\n그럼 이만……
0x000ea383	3	【코우지】\n아, 마지막으로 한마디만 하게 해\n줘.
0x000ea3f1	3	【요시모토】\n……아직도 저한테\n설교라도 하실 생각입니까?
0x000ea447	2	【코우지】\n하하, 그런 게 아니야.
0x000ea487	3	【코우지】\n수첩을 보여 줘서 고마워.\n그 말을 하고 싶었어.
0x000ea541	2	【요시모토】\n…………!?
0x000ea59f	2	【요시모토】\n미우라 선배!!
0x000ea63b	2	【미우라】\n지금 돌아왔다.
0x000ea6a1	2	【요시모토】\n그쪽은……?
0x000ea705	3	【미우라】\n그래, 대강 파악했다.\n이제 몰아붙이기만 하면 돼.
0x000ea787	2	【요시모토】\n그렇습니까……
0x000ea7c1	3	【코우지】\n……이봐, 둘이서만 납득하지 말고\n나에게도 설명해 줘.
0x000ea845	5	【미우라】\n유감이지만 지금은 말할 수 없다.\n하지만 머지않아 반드시 답을\n내겠다.\n그때까지 기다려.
0x000ea8a9	2	【코우지】\n……무슨 말인지 모르겠는데.
0x000ea8fb	3	【미우라】\n그럼.\n곧장 심문을 시작하지.
0x000ea949	3	【코우지】\n뭐!?\n지금부터 한다고?
0x000ea99a	3	【미우라】\n당연하지.\n그 때문에 돌아온 거니까.
0x000ea9ea	4	【코우지】\n(……정말.\n일부러 돌아오지 않아도\n됐는데!)
0x000eace4	2	【미우라】\n이틀이나 자리를 비워서 미안했다.
0x000ead36	3	【미우라】\n자리를 비운 데는\n이유가 있었어.
0x000ead7d	4	【코우지】\n이유라……\n그 이유라는 걸\n말해 줄 수 있나?
0x000eadf7	3	【미우라】\n물론이다.\n자네와도 관계있는 이야기니까.
0x000eae44	2	【코우지】\n나와 관계있는 이야기……?
0x000eaeac	4	【미우라】\n우선 그저께 말이다.\n자네의 상관인 미즈타니\n아사츠유에게 나는 불려갔다.
0x000eaf0c	3	【코우지】\n아사츠유 씨에게?\n왜!?
0x000eaf8c	3	【미우라】\n……그녀에게서\n한 가지 제보를 받았다.
0x000eafea	3	【미우라】\n하지만 그 내용은 아직 말할 수\n없어.
0x000eb02f	4	【코우지】\n왜 그래!\n나와 관계있는 이야기라고\n했잖아!
0x000eb0aa	3	【미우라】\n말하지 않겠다는 게 아니다.\n아직은 말할 수 없다는 거야.
0x000eb12b	4	【미우라】\n게다가 그 제보 자체는\n자네와 직접 관계있는 일이 아니다.\n그러니 신경 쓰지 마.
0x000eb195	2	【코우지】\n신경 쓰지 말라니……
0x000eb1fc	4	【미우라】\n이야기는 계속된다.\n그저께 아사츠유에게 제보를 받고\n어제 그 뒷받침을 확인하고 있었어.
0x000eb27a	4	【미우라】\n그리고 그 제보가\n상당한 신뢰성을\n띠고 있다는 걸 알게 됐지.
0x000eb307	5	【미우라】\n그 제보의 내용은\n너무나 충격적이었다.\n그걸 자네 상관에게서 받았다는 게\n나를 당황하게 했어.
0x000eb393	4	【미우라】\n그래서 아사츠유에게 물었지.\n『이 제보의 내용을 어떻게\n처리하면 좋겠나』라고.
0x000eb425	4	【미우라】\n그러자 그녀는 이렇게 말했어.\n『나 자신이 발표할 생각은 없어.\n두 사람에게 맡길게』라고.
0x000eb48f	2	【코우지】\n두 사람……?
0x000eb4f0	2	【미우라】\n나와 자네다.
0x000eb52a	2	【코우지】\n나, 나라고!?
0x000eb571	4	【미우라】\n제보를 발표할지 숨길지는\n우리 두 사람에게 맡기겠다는\n뜻이었어.
0x000eb5d7	3	【코우지】\n그, 그럼 그 제보 내용\n나에게도 알려 줘!
0x000eb641	2	【미우라】\n…………
0x000eb687	3	【미우라】\n그 제보의 내용은\n크게 두 가지다.
0x000eb6e1	3	【미우라】\n그중 하나가\n그 영상이다.
0x000eb728	2	【코우지】\n그 영상……?
0x000eb788	5	【미우라】\n감시 카메라에 찍힌\n카운터에 엎드려 있던\n자네에게 다가가는 그림자의\n영상이지.
0x000eb806	3	【미우라】\n아사츠유는 사건 다음 날\n테이프를 복사하게 했던 모양이야.
0x000eb868	2	【코우지】\n역시 대단하네, 아사츠유 씨……
0x000eb8ae	3	【코우지】\n……아니, 그럼 왜 좀 더\n빨리 알려 주지 않은 거야!?
0x000eb929	3	【미우라】\n그게 다른 한 가지 내용과\n관련 있기 때문이다.
0x000eb977	2	【코우지】\n그 다른 내용이라는 건……?
0x000eb9c9	2	【미우라】\n그건 알려 줄 수 없어.
0x000eba06	4	【코우지】\n잠깐 기다려!\n아사츠유 씨가 가져온 제보잖아!\n나에게도 들을 권리가 있잖아!
0x000eba92	4	【미우라】\n확실히 아사츠유의 제보지만\n받은 건 나다.\n자네가 아니야!
0x000ebaf3	2	【코우지】\n큭……!?
0x000ebb2e	4	【코우지】\n(그, 그럼 왜 아사츠유 씨는\n나한테 직접\n말해 주지 않은 거야……!?)
0x000ebb8f	4	【코우지】\n알겠어.\n당신이 숨기고 싶은 건\n묻지 않을게.
0x000ebbe3	2	【코우지】\n(일단은 말이지……)
0x000ebc27	3	【코우지】\n그 대신 감시 카메라 영상을\n확인하게 해 줘.
0x000ebca2	3	【미우라】\n……알았다.\n좋아.
0x000ebcf2	4	【미우라】\n사실 그 영상은\n증거품으로 제출하지 않았기 때문에\n이 경찰서에는 없어.
0x000ebd6a	3	【미우라】\n내 독단으로\n어딘가에 보관해 두었다.
0x000ebdb7	3	【코우지】\n왜!?\n훌륭한 증거품이잖아?
0x000ebe16	5	【미우라】\n증거를 없애지 못하게 하려고\n그랬다.\n그러니 내일 가져오지.\n그걸로 괜찮나?
0x000ebe7d	2	【코우지】\n……그래, 그럼 됐어.
0x000ebee3	3	【미우라】\n좋아.\n그럼 심문을 시작한다!
0x000ec40a	3	【미우라】\n약속대로\n감시 카메라 영상을 가져왔다.
0x000ec45a	2	【코우지】\n그럼 얼른 보여 줘.
0x000ec4a9	2	【미우라】\n그래, 재생하지.
0x000ec552	2	【코우지】\n……술에 취한 나야.
0x000ec597	2	【미우라】\n취한 척하고 있는 자네군.
0x000ec5de	3	【코우지】\n그건 말이지……\n아니, 그 논쟁은 일단 접어 두자.
0x000ec64c	2	【코우지】\n……누가 왔네.
0x000ec68f	4	【코우지】\n내 추리로는\n이때 지문을\n묻힌 게 아닐까 싶어.
0x000ec6f1	2	【미우라】\n……그랬다면 좋았을 텐데.
0x000ec737	3	【코우지】\n……뭐?\n무슨 뜻이지?
0x000ec779	2	【미우라】\n여기서 멈추지.
0x000ec7d3	3	【코우지】\n……이 그림자는 정장을 입고 있어.\n그 정도는 알고 있었어.
0x000ec82a	4	【코우지】\n그래서 당일 정장을 입었던 사람을\n찾아봤어.\n그 결과……
0x000ec88c	5	【코우지】\n사건 당일\n피해자와 함께 정장을 입고 있던\n관계자는 두 명이야.\n그 사람들은……?
0x000ec9af	2	【코우지】\n(다시 한번 잘 생각해 보자.)
0x000ec9f3	5	【코우지】\n(이번 사건 관계자는\n누마사키 에이타로, 콘도 가쓰미,\n미즈타니 아사츠유,\n미나즈키 코우지야.)
0x000eca6d	3	【코우지】\n(이 중에서 정장을 입었던\n사람은……?)
0x000ecaba	4	【코우지】\n사건 당일 정장을 입었던 관계자는\n누마사키 에이타로와 콘도 가쓰미\n두 사람이야!
0x000ecb21	3	【코우지】\n그렇다면 이 그림자의 인물은\n이 둘 중 하나일 가능성이 높아!
0x000ecbbf	3	【미우라】\n그럼 묻지.\n자네는 둘 중 누구라고 생각하나?
0x000ecd48	3	【미우라】\n훗……\n실망했어.
0x000ecd90	2	【코우지】\n뭐, 뭐라고!?
0x000ecdf1	3	【미우라】\n이런 것도 모르는 자네에게\n실망했다는 말이다.
0x000ece67	4	【미우라】\n아니, 결국 나는\n이런 하찮은 남자에게\n휘둘리고 있었던 건가.
0x000eced7	3	【미우라】\n그런 의미에서는\n나 자신에게도 실망스럽군……
0x000ecf27	2	【코우지】\n……무슨 뜻이야.
0x000ecf8e	3	【미우라】\n이제 자신이 없어졌다.\n담당을 바꿔 달라고 하겠다.
0x000ecff3	2	【미우라】\n그럼 잘 부탁한다, 요시모토 형사.
0x000ed063	2	【요시모토】\n미, 미우라 선배!
0x000ed12d	3	\n\n(………………)
0x000ed16a	5	\n\n(사건 담당자가 바뀌고\n다시 처음부터 취조가\n진행되게 되었다.)
0x000ed1c6	5	\n\n(무슨 주장을 해도\n그 녀석은 내 의견에\n귀를 기울이지 않았다.)
0x000ed21c	5	\n\n(남은 날도 얼마 없는 상황에서\n아무것도 할 수 없었고……\n나는 결국 기소되게 되었다.)
0x000ed2aa	4	\n\n(그리고 결국 나는\n무기징역을 선고받았다……)
0x000ed31b	2	【코우지】\n아무리 생각해도 콘도야!
0x000ed382	4	【미우라】\n그럼 말해 보게.\n이 그림자가 콘도 형사라고\n생각하는 근거를!
0x000ed489	2	【코우지】\n(아니야, 그게 아니야!)
0x000ed4d0	3	【코우지】\n(콘도는 지금까지 몇 번이나\n수상한 행동을 보였어.)
0x000ed526	4	【코우지】\n(그중에서도 이 영상과 관련해\n노골적인 행동을 한 게 분명해!\n그건……!?)
0x000ed58b	3	【코우지】\n콘도는 지금까지 몇 번이나\n수상한 행동을 보였어.
0x000ed5e5	3	【코우지】\n말다툼 목격 증언.\n그리고 강압적인 취조……
0x000ed645	4	【코우지】\n하지만 무엇보다 큰 건\n전에 우리가 제출한 이 영상을\n없애 버린 일이야.
0x000ed6b4	4	【코우지】\n이유는 간단해.\n여기 찍힌 그림자가\n콘도 본인이기 때문이야!
0x000ed73d	3	【미우라】\n……그렇군.\n나도 그렇게 생각한다.
0x000ed783	4	【코우지】\n그럼 끝난 거잖아!\n콘도가 술에 취한 나에게 다가와\n권총에 지문을 묻힌 거야!
0x000ed7fb	5	【코우지】\n그리고 콘도는 장갑을 끼고\n자기 지문이 묻지 않게 한 뒤\n범행을 저질렀어!\n이 영상이 무엇보다 확실한 증거야!
0x000ed890	3	【미우라】\n……이 그림자가 콘도 형사라는 건\n부정하지 않겠다.
0x000ed926	4	【미우라】\n하지만 콘도 형사가 권총에\n지문을 묻혔다는 건 부정한다.\n즉 콘도 형사는 범인이 아니야.
0x000ed9a5	2	【코우지】\n하지만 이 영상이……!!
0x000eda1a	3	【미우라】\n콘도 형사는 다른 목적 때문에\n자네에게 다가간 거다!
0x000eda79	3	【미우라】\n권총에 지문을 묻히기 위해서가\n아니야!
0x000edace	3	【코우지】\n다, 다른 목적이라고!?\n무슨 목적이야!!
0x000edb48	2	【미우라】\n이걸 봐라.
0x000edbbc	3	【미우라】\n콘도 형사가 저지른 비리에 대해\n상세히 정리한 보고서다.
0x000edc27	2	【코우지】\n……비리라고……?
0x000edc6b	3	【미우라】\n……이게 아사츠유에게 받은\n또 하나의 제보 증거다.
0x000edd01	2	【코우지】\n아사츠유 씨의 제보……
0x000edd50	3	【미우라】\n그녀는 그날\n콘도 형사를 불러냈던 모양이다.
0x000eddb1	4	【미우라】\n그리고 사건 당일\n카운터 아래에\n이 서류를 놓아 둔 거야.
0x000ede18	3	【미우라】\n비리를 폭로당하고 싶지 않다면\n서류를 가지러 오라고 말이지.
0x000ede6e	2	【코우지】\n…………
0x000edeb4	4	【미우라】\n그녀가 자리를 비운 틈을 노려\n콘도 형사가 이 서류를 가지러\n왔다.
0x000edf2a	2	【미우라】\n그게 이 영상이다.
0x000edf69	2	【코우지】\n콘도의…… 비리 증거……
0x000edfdd	5	【미우라】\n이 비리는 그 혼자만의 문제가\n아니야.\n경찰이 조직적으로 저지른\n일이었다.
0x000ee04c	3	【미우라】\n그래서 콘도 형사는 필사적으로\n이 증거를 되찾으려 한 거지.
0x000ee0c4	2	【미우라】\n그뿐이다.
0x000ee103	4	【코우지】\n이런……\n결국 권총에 내 지문을 묻힌 사람이\n누구인지는 모르는 건가.
0x000ee17f	3	【코우지】\n마지막 희망이었는데……\n하하, 이제 처음부터 다시네……
0x000ee1f7	2	【미우라】\n…………
0x000ee230	2	【코우지】\n……당신에게 부탁이 있어.
0x000ee29c	2	【미우라】\n……뭐지?
0x000ee2d6	3	【코우지】\n……콘도 형사와\n이야기하게 해 줄 수 있어?
0x000ee349	2	【미우라】\n…………
0x000ee38f	4	【미우라】\n아사츠유는\n이 제보를 나와 자네\n두 사람에게 맡겼다.
0x000ee3fa	3	【미우라】\n그렇다면 자네의 말도\n들어 보기로 하지.
0x000ee452	3	【미우라】\n내일 그를 취조에\n데려오겠다고 약속하지.
0x000ee4a3	2	【코우지】\n……그래, 부탁할게.
0x000ee50c	2	【미우라】\n그럼 심문을 시작한다!
0x000ee9c3	2	【콘도】\n흥……
0x000ee9fa	2	【코우지】\n…………
0x000eea59	3	【미우라】\n약속대로 콘도 형사를\n불러왔다.
0x000eeacc	3	【콘도】\n흥!\n이제 와서 너와 이야기할 건 없어!
0x000eeb43	4	【미우라】\n과장님!\n당신도 이제는\n자기 입장을 분간하십시오!
0x000eebc3	3	【콘도】\n젠장……!\n잘난 척하기는……
0x000eec33	3	【미우라】\n어쨌든 그와 이야기하십시오!\n저와 약속하지 않았습니까!
0x000eecab	2	【콘도】\n……흥!
0x000eece4	2	【코우지】\n(……여러모로 복잡해졌네.)
0x000eed52	2	【콘도】\n그래서 뭐지?
0x000eed8b	3	【코우지】\n확인할 게 있어요.\n여러 가지로요.
0x000eedf5	3	【콘도】\n그럼 빨리 해.\n나도 그렇게 한가하지 않아!
0x000eee4b	4	【코우지】\n괜찮아요.\n앞으로 아주 한가해질지도\n모르니까요.
0x000eeeae	2	【코우지】\n유치장 안에서 말이죠.
0x000eef12	2	【콘도】\n으으……!!
0x000eef4d	3	【코우지】\n그럼 첫 번째로 확인하죠.\n감시 카메라 영상은 보셨죠?
0x000eefcd	2	【콘도】\n…………
0x000ef006	2	【코우지】\n감시 카메라 영상은 보셨죠?
0x000ef073	4	【콘도】\n같은 걸 두 번 묻지 마!\n봤어!\n이제 됐지!!
0x000ef0c9	3	【코우지】\n순순히 대답해 주시면\n두 번 묻지 않아요.
0x000ef140	2	【콘도】\n큭……!
0x000ef179	3	【코우지】\n그 영상에 찍힌 그림자는\n당신이 틀림없죠?
0x000ef1e5	2	【콘도】\n…………
0x000ef21e	3	【코우지】\n제보의 증거는\n이쪽이 쥐고 있어요.
0x000ef273	4	【코우지】\n어떻게 할지는\n우리 판단 하나에 달렸죠.\n알고 계시죠?
0x000ef2eb	2	【콘도】\n으……!!
0x000ef34c	4	【콘도】\n알, 알겠어……\n뭘 원하는 거냐……?\n말해 봐!
0x000ef3ae	3	【콘도】\n석방인가?\n아니면 돈인가!?
0x000ef413	2	【미우라】\n…………
0x000ef472	4	【콘도】\n너희가 원하는 대로 해 주지.\n미우라는 돈에는 관심이 없어\n보이니 석방시켜 주도록 하지.
0x000ef540	5	【미우라】\n최악이군, 당신은!!\n조직의 과장이라는\n자기 입장을\n조금은 자각하도록 하십시오!!
0x000ef5dd	3	【콘도】\n아무것도 모르는 애송이가\n멋대로 떠들지 마!!
0x000ef63f	4	【콘도】\n과장이 뭐 어쨌다는 거야!!\n그런 하찮은 직함 따위는\n아무 의미도 없어!!
0x000ef6ac	4	【콘도】\n엘리트 코스를 걸어온\n네가 내 심정을\n알 리가 없잖아!!
0x000ef720	2	【미우라】\n…………
0x000ef77f	3	【콘도】\n……밑바닥부터 올라온 나에게는\n이 자리가 한계라고.
0x000ef816	3	【코우지】\n과장도\n훌륭한 자리잖아요.
0x000ef86e	4	【콘도】\n……매년\n젊은 엘리트들이\n나를 앞질러 가……
0x000ef8fd	3	【콘도】\n그런 굴욕을\n너희가 이해할 리 없어……
0x000ef97c	4	【미우라】\n……당신만 그런 게 아닙니다.\n전국에는 당신과 같은 처지의\n경찰관이 많아요.
0x000efa0a	3	【미우라】\n당신의 그건 그저\n자기 연민일 뿐입니다.
0x000efa77	4	【콘도】\n……알고 있어.\n하지만 내 경우에는\n친구들이 너무 대단했어……
0x000efaea	3	【콘도】\n한쪽은 대기업의 사장……\n또 한쪽은 변호사 업계의 거물……
0x000efb5c	5	【콘도】\n그런데 나만 별 볼 일 없는\n중간 관리직이야……\n아무리 노력해도\n그들을 따라잡을 수 없어……
0x000efbd3	2	【코우지】\n…………
0x000efc0c	3	【코우지】\n잘난 척하더니\n결국 열등감이었나.
0x000efc8b	2	【콘도】\n뭐……?
0x000efcea	3	【미우라】\n……그의 말은 조금 지나치지만\n일리가 있습니다.
0x000efd52	4	【미우라】\n극단적으로 말하면\n경찰을 그만두고\n다시 시작할 수도 있었겠지요.
0x000efdbc	3	【미우라】\n그렇게 하지 않은 당신의 말에는\n설득력이 느껴지지 않습니다.
0x000efe35	3	【콘도】\n……나도 다시 시작하고 싶다고\n생각한 적은 있었어……
0x000efeb0	4	【콘도】\n하지만 바로 그때였지.\n시라카와가 업무상 비리를\n눈감아 달라고 부탁한 건 말이야.
0x000eff21	2	【코우지】\n……시라카와의 비리?
0x000eff6e	5	【콘도】\n거래처를 협박하고 있었어……\n그 거래처가 경찰에 달려가도\n눈감아 달라고,\n거액의 사례금까지 얹어서 말이지.
0x000f0018	5	【콘도】\n나는 고민했어……\n하지만 결국 그 거액의 사례금을\n상부에 흘려보내고\n시라카와의 부탁을 받아들였지.
0x000f00ad	2	【미우라】\n…………
0x000f010c	3	【콘도】\n놀라울 만큼 순조롭게 처리됐어.\n게다가 수고했다는 말까지 들었지.
0x000f017a	4	【콘도】\n이렇게 간단한 일인가 싶어서\n그때까지 양심의 가책에 시달린 게\n바보처럼 느껴졌어.
0x000f0227	4	【미우라】\n그게 계기가 되어\n계속해서 비리를 눈감아 주게\n된 겁니까……
0x000f02a6	5	【콘도】\n그래.\n친구에게 감사받고\n상관에게도 잘 보이고\n돈도 들어와.
0x000f0315	3	【콘도】\n이도 저도 아닌 처지의 나에게는\n많은 아군과 돈이 필요했어.
0x000f03a5	4	【콘도】\n경멸하려면 해.\n이제 나는 끝이야.\n모든 게 말이지.
0x000f0406	3	【코우지】\n……죄의 대가는 치르게 해야죠.\n그게 순리니까요.
0x000f047d	2	【콘도】\n…………
0x000f04b6	3	【코우지】\n……당신의 심정을\n전혀 모르겠다는 건 아니에요.
0x000f050a	4	【코우지】\n아군도 돈도\n살아가는 데는 반드시 필요한\n거니까요.
0x000f055e	4	【코우지】\n나도 노리코…… 변호사와\n아사츠유 씨에게 의지하지 않았다면\n아무것도 할 수 없었어……
0x000f05c4	2	【코우지】\n혼자서는 아무것도 할 수 없었지.
0x000f0608	2	【콘도】\n…………
0x000f0641	4	【코우지】\n하지만 우리 사이에는 신뢰가 있어.\n그저 서로를 이용했을 뿐인\n당신들과는 근본적으로 달라.
0x000f06cb	5	【콘도】\n그래, 알고 있어.\n나와 시라카와 사이에 있던 건\n서로 이용하기만 한\n겉치레 우정이었어……
0x000f0758	3	【콘도】\n좀 더 빨리 깨달았으면\n좋았을 텐데……
0x000f07a6	2	【코우지】\n…………
0x000f07df	4	【코우지】\n하나 더 물어볼게.\n왜 나를 억지로 범인으로\n몰아가려 했어?
0x000f0844	6	【코우지】\n나에게는 아사츠유 씨라는 스승이\n있어.\n이런 짓을 하면\n아사츠유 씨가 가만히 있을 리\n없잖아?
0x000f08e4	3	【콘도】\n흥……\n……진범이 무서운 거야.
0x000f0934	2	【코우지】\n……무섭다고?
0x000f0999	3	【콘도】\n진범이 체포되어\n재판이라도 받게 되면 말이야.
0x000f09fb	4	【콘도】\n경찰에 관한 비리를\n있는 대로 없는 대로 증언할 테고\n일이 커져서 감당할 수 없게 돼.
0x000f0a71	3	【콘도】\n그 진범이 자네에게\n누명을 씌운 거야.
0x000f0ad4	5	【콘도】\n즉 자네를 체포하고 기소하라는\n진범의 메시지에\n응할 수밖에 없었던 거지.\n경찰로서는 말이야……
0x000f0b55	3	【코우지】\n……당신은 범인이 누군지\n알고 있는 거야……?
0x000f0bd1	3	【콘도】\n……자네도 이미\n눈치채고 있잖아?
0x000f0c26	2	【코우지】\n…………
0x000f0cb7	4	【콘도】\n이제 됐어.\n미우라, 나를 체포해.\n자네에게 공적을 넘겨주지.
0x000f0d46	3	【미우라】\n……알겠습니다.\n요시모토 형사.
0x000f0db2	3	【요시모토】\n네……\n16시 20분입니다.
0x000f0e38	3	【미우라】\n콘도 가쓰미.\n수뢰죄 혐의로 긴급 체포한다.
0x000f0ee7	3	【콘도】\n흥……\n데려가.
0x000f0f27	2	【미우라】\n그럼 가시죠.
0x000f0f61	2	【콘도】\n잘 있어라, 미즈타니네 애송이!
0x000f0ff2	2	【코우지】\n…………
0x000f108d	2	【미우라】\n……폐를 끼쳤군, 사이토.
0x000f10da	5	【코우지】\n……뭐, 괜찮아.\n오히려 분한 건\n콘도 건에서 당신에게\n의지해 버렸다는 거야.
0x000f1174	3	【미우라】\n……내부의 비리다.\n당연한 일을 했을 뿐이야.
0x000f11ce	4	【코우지】\n그럼 하나 더……\n부탁하고 싶은 게 있는데\n괜찮아?
0x000f1251	2	【미우라】\n……말해 봐.
0x000f128e	3	【코우지】\n아사츠유 씨와 이야기하고 싶어.\n불러 줄 수 있어?
0x000f1301	3	【미우라】\n……좋아.\n내일 오도록 준비하지.
0x000f1360	4	【미우라】\n자, 콘도 형사의 건은 해결됐지만\n자네의 혐의는 아직 벗겨지지\n않았다.
0x000f13eb	2	【미우라】\n심문을 시작한다!
0x000f17d0	1	［사이토 가요의 사망 원인］
0x000f17e6	1	［시라카와 신지는 살해당했는가?］
0x000f1801	1	［총성 장치에 대하여］
0x000f1879	3	【미우라】\n먼저,\n한 가지 알려 두지.
0x000f18ce	3	【미우라】\n어제 자네가 말한,\n미즈타니 아사츠유 건인데……
0x000f1930	4	【미우라】\n부하를 미즈타니 탐정 사무소로\n보냈더니,\n휴무 안내문이 붙어 있었다더군.
0x000f199a	2	【코우지】\n뭐, 휴무라고……!?
0x000f1a01	4	【미우라】\n그리고 문틈에는\n자네 앞으로 쓴 편지가\n남아 있었다고 한다.
0x000f1a9c	2	【미우라】\n이게 그 편지다.
0x000f1b02	5	【코우지】\n『오랫동안 찾던 사람을\n드디어 찾았으니,\n당분간 자리를 비울게.\n미안해, 코우 짱……』
0x000f1b7a	2	【코우지】\n…………
0x000f1bf2	3	【코우지】\n……아사츠유 씨,\n누군가를 찾고 있었던 모양인데……
0x000f1c78	4	【미우라】\n흠, 그렇다면\n이 편지 내용은 믿어도\n좋을 것 같군.
0x000f1cd7	4	【코우지】\n(……이제 아사츠유 씨의\n도움을 받을 수 없을지도\n몰라……)
0x000f1d30	4	【코우지】\n(이제부터는\n내 힘으로 어떻게든\n해내야 한다는 건가……)
0x000f1d91	3	【미우라】\n미즈타니 아사츠유 건은,\n이걸로 됐나?
0x000f1dd8	4	【코우지】\n아아.\n본인이 없다면,\n어쩔 수 없지.
0x000f1e4c	3	【미우라】\n흠……\n그럼 다시 심문을 시작하지.
0x000f1ea6	4	【미우라】\n(콘도 문제는 해결됐지만,\n이제 권총의 지문을\n설명할 수 없게 됐어.)
0x000f1f38	3	【미우라】\n(나는 여전히\n첫 번째 용의자야.)
0x000f1fb6	4	【코우지】\n콘도는 자네에게 유리한\n증거 수집을 막았다고\n말했지.
0x000f2027	2	【코우지】\n어떤 정보지?
0x000f2099	3	【미우라】\n자네가 술에 취해 있었다는\n사실이다.
0x000f20f9	3	【미우라】\n경찰은 자네가 취한 척했다고\n의심하고 있었지.
0x000f2165	5	【미우라】\n하지만 마신 술의 양을\n확인한 뒤에는,\n어느 정도 취해 있었다는\n주장을 받아들였다.
0x000f221e	5	【미우라】\n취한 상태에서도 살인은\n가능하니까.\n다만 기억이 없다는 주장까지\n인정한 건 아니다.
0x000f229b	3	【코우지】\n콘도는 내가 취하지 않았다는\n쪽이 더 좋았던 건가?
0x000f2328	5	【미우라】\n또 하나, 우리 둘이\n실제로 말다툼을 했던 것도\n아니라고 콘도가 증언을\n번복했다.
0x000f23b4	3	【코우지】\n그건 내가 말한 내용이잖아.\n더 쓸 만한 정보는 없어?
0x000f243c	3	【미우라】\n하나 더 있긴 하지만,\n말해 줄 수는 없다.
0x000f2489	3	【코우지】\n내가 범인이 아니라고\n생각한다면 말해 줘.
0x000f2510	3	【미우라】\n수사 기밀을\n누설할 수는 없다.
0x000f2573	2	【코우지】\n참 인색하군.
0x000f25d2	2	【미우라】\n그래도 말할 수 없다.
0x000f2622	3	【코우지】\n그럼 내가 질문할 테니,\n대답해 줘.
0x000f269c	2	【미우라】\n질문이라고?
0x000f26d9	4	【코우지】\n대답만 듣는 거라면\n기밀을 누설하는 건 아니잖아.\n괜찮지?
0x000f277d	3	【미우라】\n모르는 정보를 알려 주는 것도\n결국 누설이다.
0x000f27df	3	【코우지】\n내가 이미 알고 있다고\n치고 대답해 줘.
0x000f2829	3	【코우지】\n나는 답을 알고 있어.\n확인하고 싶을 뿐이야.
0x000f2877	2	【코우지】\n거짓말이군.
0x000f28c7	2	【코우지】\n궤변이야.
0x000f2928	4	【미우라】\n궤변이 아니야.\n내가 아는 걸 말하고\n확인하려는 거라고.
0x000f296b	2	【코우지】\n질문은 하나만 허용하지.
0x000f29be	2	【미우라】\n…………
0x000f2a1d	2	【미우라】\n그럼 하나 묻겠다.
0x000f2a56	2	【코우지】\n(무슨 질문을 해야 하지……)
0x000f2a94	2	【코우지】\n물어보자.
0x000f2b10	2	【코우지】\n(……)
0x000f2b5c	3	【코우지】\n(가장 중요한 것,\n내가 가장 마음에 걸리는 건……)
0x000f2c2b	2	【코우지】\n(무엇을 물을까……)
0x000f2c86	4	【코우지】\n우리 엄마는 지금부터 5년 전에\n병원 옥상에서 떨어져\n돌아가셨어……
0x000f2ce7	4	【코우지】\n당시에는 사고로 처리됐지만\n사실 시라카와 이치로에게\n떠밀렸을 가능성이 있어.
0x000f2d56	4	【코우지】\n이 사건에 대해\n경찰에 정보가 남아 있지 않은지\n알고 싶다.
0x000f2dce	6	【코우지】\n피해자의 동생은\n신장 이식 수술을 받으러\n유럽에 갔지만,\n수술에 실패해 의식을 잃은 상태가\n됐다고 한다.
0x000f2e61	6	【코우지】\n그 결과 시라카와 신지의\n심장은 형인 시라카와 이치로에게\n이식됐는데,\n이 일이 고의로 벌어졌을\n가능성이 있다.
0x000f2edf	4	【코우지】\n이 사건에 대해\n경찰이 뭔가 알아낸 게 없는지\n알고 싶다.
0x000f2f5c	4	【코우지】\n라이트 블루 안에서 총성이 울려\n퍼져\n사건이 발각됐어.
0x000f2fc4	4	【코우지】\n외부 입력 장치를 이용해\n알리바이를 조작했다는\n내 추리 말이야.
0x000f303f	3	【코우지】\n그 장치가 증거로\n발견됐는지 알고 싶다.
0x000f30a0	2	【코우지】\n내 상상에 불과할 수도 있지만.
0x000f3103	3	【코우지】\n경찰에 정보가 남아 있는지\n알고 싶다.
0x000f318e	2	【미우라】\n대답해 주지.
0x000f31e1	3	【미우라】\n다만 확인할 시간이 필요하다.\n내일이면 되겠나?
0x000f3235	5	【코우지】\n답을 들을 수 있을 거라고는\n생각하지 않았어.\n내일이면 괜찮지만,\n내일이 구류 연장 마지막 날이지?
0x000f3318	3	【미우라】\n내일까지 의혹이 풀리지 않으면\n기소될 거다.
0x000f337a	2	【코우지】\n알고 있어.
0x000f33dc	2	【미우라】\n침착하게 있어.
0x000f3430	3	【미우라】\n어쩌면 자네는\n진범을 알고 있을지도 모르지.
0x000f3493	3	【코우지】\n나는 모르겠어.\n당신은 알고 있나?
0x000f3508	3	【미우라】\n나에게는 유력한 용의자가\n하나 있다.
0x000f354f	2	【코우지】\n누구지?
0x000f3599	2	【미우라】\n…………
0x000f35d2	2	【코우지】\n말할 수 없다는 건 알아.
0x000f3630	4	【미우라】\n만약 그 사람이\n자네가 의심하는 사람과 같다면,\n심문을 요청하겠다.
0x000f36ba	3	【미우라】\n그렇게 되면 자네는\n풀려날 수도 있어.
0x000f370e	2	【코우지】\n…………
0x000f3754	2	【미우라】\n다음 심문에서 말해 주지.
0x000f37dc	2	【미우라】\n그럼 심문을 시작한다!
0x000f3b75	2	【미우라】\n아까 질문에 대답하겠다.
0x000f3c1d	4	【미우라】\n자네 어머니가\n누군가에게 떠밀렸다는 의혹\n말인가?
0x000f3c92	2	【미우라】\n사고로 처리됐다.
0x000f3ced	4	【미우라】\n유서는 없었고,\n발을 잘못 옮겨 떨어진 것으로\n기록돼 있지.
0x000f3d78	3	【미우라】\n경찰 기록에는 더 남아 있지 않다.\n하지만 의심스러운 점은 있어.
0x000f3dec	2	【코우지】\n어떤 의심이지?
0x000f3e3c	4	【미우라】\n간호사가 피해자가\n누군가와 큰 소리로\n말다툼했다고 증언했다.
0x000f3eb7	4	【미우라】\n하지만 그 간호사는\n너무 무서워서 당시에는\n증언하지 못했지.
0x000f3f28	3	【미우라】\n다른 목격자 기록이\n전혀 없는 것도 이상하다.
0x000f3fbc	3	【미우라】\n누군가 정보를\n조작했을 가능성이 있다.
0x000f4037	2	【코우지】\n콘도가?
0x000f408c	3	【미우라】\n그래.\n콘도가 인정했다.
0x000f4101	2	【미우라】\n미안해.
0x000f4145	2	【코우지】\n…………
0x000f41a2	3	【미우라】\n신지의 심장 이식이\n고의였을 가능성 말인가?
0x000f4237	3	【미우라】\n해외에서 진행된 수술이라\n이쪽에서 조사하기는 어렵다.
0x000f42ac	4	【미우라】\n당사자는 이미 죽었고,\n수사 자원도 부족해.\n현실적으로 조사할 수 없다.
0x000f4331	2	【미우라】\n답을 내릴 수 없었다.
0x000f4388	2	【코우지】\n그렇구나……
0x000f43d9	3	【미우라】\n플레이어에 조작 흔적이\n발견됐다.
0x000f4441	3	【미우라】\n외부 입력 단자에도\n작은 흠집이 있었고,
0x000f44c7	2	【미우라】\n최근에 생긴 흔적이었다.
0x000f451f	3	【미우라】\n직원들은 그 단자를\n사용한 적이 없다고 한다.
0x000f4597	3	【미우라】\n자네 추리가 완전히\n틀린 건 아니다.
0x000f45f6	2	【코우지】\n다행이다.
0x000f465a	3	【미우라】\n하지만 그 사실만으로\n자네의 결백이 증명되지는 않아.
0x000f46bf	2	【코우지】\n중요한 단서가 될 수 있겠군.
0x000f474d	2	【미우라】\n마지막 심문을 시작하지.
0x000f47c5	3	【미우라】\n자네가 결백을 증명하지 못하면\n기소할 거다.
0x000f484d	2	【코우지】\n시작하자.
0x000f495b	3	【코우지】\n(……안 돼……!\n추리가 전혀 정리되지 않아……!)
0x000f49b9	3	【코우지】\n(이대로 계속해도\n무죄를 증명하는 건 불가능해……)
0x000f4a16	2	【코우지】\n(남은 방법은……)
0x000f4a64	2	【코우지】\n……큭!
0x000f4aaa	2	【코우지】\n……제가…… 했습니다……
0x000f4b19	2	【미우라】\n그건 자백으로 받아들여도 되나?
0x000f4b70	2	【코우지】\n……네.
0x000f4bcf	3	【미우라】\n……알겠다.\n요시모토 형사, 조서를 작성하게.
0x000f4c20	2	【요시모토】\n네.
0x000f4c55	2	【코우지】\n…………
0x000f4c8e	4	【코우지】\n(이렇게 할 수밖에 없었다.\n내 힘으로는 이 사건을 풀 수\n없어.)
0x000f4cfd	5	【코우지】\n(이렇게 된 이상 죄를 인정하고\n후회와 반성의 뜻을 보여서\n조금이라도 형을 가볍게 해 달라고\n할 수밖에 없어……)
0x000f4e04	5	　\n　\n　\n(그리고 3년 후,\n나는 무기징역을 선고받았다……)
0x000f4eb8	2	【미우라】\n…………
0x000f4f17	2	【미우라】\n그럼 다음이다.
0x000f4f84	2	【코우지】\n…………
0x000f4fe3	3	【미우라】\n묵비인가……\n뭐, 그것도 좋겠지.
0x000f50b4	2	【미우라】\n진심으로 하는 말인가?
0x000f511a	2	【코우지】\n엣……!?
0x000f518a	4	【미우라】\n이 시기에 얼버무리며\n대충 대답하는 건 그만둬!\n자네를 위해서 하는 말이다!
0x000f521d	3	【코우지】\n(큰일이야.\n정말 화가 났어……)
0x000f52dd	4	【미우라】\n단도직입적으로 묻겠다!\n자네가 생각하는 진범은……\n누구지!?
0x000f53d3	2	【코우지】\n………………
0x000f5436	5	【미우라】\n아직 모르겠다는 건가.\n뭐, 그렇게 쉽게 알 수 있는\n일도 아니겠지.\n진범을 알아내면 알려 줘.
0x000f54ea	4	【미우라】\n그럼,\n미즈타니 아사츠유가 진범이라고\n생각하는 이유는……?
0x000f55ca	3	【미우라】\n여기까지 와서\n묵비할 생각은 아니겠지.
0x000f5622	3	【미우라】\n이유도 모르면서\n처음부터 이름을 꺼내면 안 돼!
0x000f5742	4	【코우지】\n아사츠유 씨를 제외한\n관계자들의 알리바이는\n확인됐어.
0x000f57f7	4	【코우지】\n아사츠유 씨 이외의\n관계자들 알리바이는\n확정됐어.
0x000f5871	4	【코우지】\n다만 내가 수상하다고 생각하는\n콘도 형사의 알리바이는\n확인되지 않았어.
0x000f590f	4	【미우라】\n……콘도 형사는 일단\n생각하지 않아도 된다.\n하지만……
0x000f59a8	4	【미우라】\n……확인되지 않은 알리바이는\n미즈타니 아사츠유 씨의\n것뿐이군……
0x000f5a41	2	【코우지】\n즉, 그런 뜻이야.
0x000f5ac0	4	【미우라】\n그럼 마지막으로 묻지.\n대답한다면 아사츠유 씨를\n용의자로 체포영장을 청구하겠다!
0x000f5b57	3	【미우라】\n범행에 사용된 권총에는\n자네 지문이 묻어 있었다.
0x000f5bd0	4	【미우라】\n하지만 자네가 의지하던\n감시 카메라 영상에 찍힌 사람은\n콘도 형사였지.
0x000f5c47	4	【미우라】\n아사츠유 씨가 범인이라면,\n권총의 지문은 대체\n어디서 묻은 거지!?
0x000f5cbd	4	【미우라】\n게다가 감시 카메라에 찍힌\n그림자는 정장을 입은 남자였어.\n적어도 아사츠유 씨는 아니겠지.
0x000f5d41	4	【미우라】\n아사츠유 씨가 범인이라면,\n권총의 지문은 대체\n어디서 묻은 거지!?
0x000f5e6e	3	【미우라】\n여기까지 와서\n묵비할 생각은 아니겠지.
0x000f5ec6	3	【미우라】\n이유도 모르면서\n처음부터 입을 열면 안 돼!
0x000f5fd9	2	【미우라】\n……무슨 말인지 모르겠어.
0x000f6043	2	【코우지】\n……나도 무슨 말인지 모르겠군.
0x000f60ad	3	【미우라】\n자네의 농담에 어울릴 시간은 없다!\n기각한다!!
0x000f61c3	5	【코우지】\n……아사츠유 씨는\n내 옆자리에 앉아 있었어.\n특별한 속임수는 필요 없어.\n언제든 기회는 있었을 거야……
0x000f6248	5	【코우지】\n그런 건 알고 있었어……\n하지만 인정하려 하지 않았어……\n아니, 인정하고 싶지 않았던\n거야……
0x000f62f1	4	【미우라】\n……알겠다.\n미즈타니 아사츠유를 용의자로\n체포영장을 청구하지.
0x000f63bf	4	【미우라】\n참고로 묻겠다.\n아사츠유 씨가 범인이라면,\n그 동기는 뭐지?
0x000f647b	2	【코우지】\n그건……
0x000f6591	5	【코우지】\n아사츠유 씨에게는 예전에\n연인이 있었어……\n그 연인은 시라카와 이치로에게\n살해당했다는 의혹이 있어.
0x000f664c	3	【미우라】\n살해당했다는 의혹……?\n무슨 뜻이지?
0x000f66bb	4	【코우지】\n아사츠유 씨의 연인은\n시라카와 신지야.\n시라카와 이치로의 동생이지.
0x000f6727	6	【코우지】\n시라카와 신지는\n신장 이식 수술을 받으러\n유럽에 갔지만 수술에 실패했어.\n그 심장은 형인 시라카와\n이치로에게 이식됐지.
0x000f67e1	3	【코우지】\n시라카와 이치로는\n심장 이식 공여자를 찾고 있었어.
0x000f6864	2	【코우지】\n너무 공교롭지 않아?
0x000f68bc	2	【미우라】\n…………
0x000f691b	2	【미우라】\n그건 자네의 상상에 불과하다.
0x000f699e	6	【코우지】\n맞아.\n그러니까 조사해 줘.\n시라카와 신지의 심장이\n시라카와 이치로에게 이식된\n과정을.
0x000f6a3a	4	【코우지】\n거기에 의심스러운 점이 있다면,\n아사츠유 씨가 연인을 잃은\n충분한 동기가 돼!
0x000f6af2	4	【미우라】\n……좋아.\n미즈타니 아사츠유는 자네의\n상사이자 은인이겠지.
0x000f6b63	3	【미우라】\n그런 사람을 지목하려면\n상당한 확신이 있어야 할 텐데.
0x000f6c04	4	【코우지】\n……아아, 물론이지.\n확실한 정보도 없이\n아사츠유 씨를 지목할 수는 없어!
0x000f6caa	3	【미우라】\n……그런가.\n그렇다면……
0x000f6d13	4	【미우라】\n찾아냈군, 사이토……\n구치소에 갇힌 채로도\n여기까지 잘 도달했어.
0x000f6d8e	3	【미우라】\n이제 자네는\n용의자에서 제외하겠다.
0x000f6e09	4	【미우라】\n결국 오인 체포가 되고 말았군……\n미안하다…… 진심으로\n사과하지……
0x000f6ec2	3	【코우지】\n……괜찮아, 그런 건.\n그보다……
0x000f6f10	3	【코우지】\n(……아사츠유 씨.\n내가 대체 무슨 짓을 한 거야……)
0x000f7009	2	【미우라】\n……무슨 말인지 모르겠어.
0x000f708c	3	【코우지】\n……아, 아니.\n그렇다는 거지.
0x000f7109	4	【미우라】\n하지만 아사츠유 씨의\n알리바이만 불확실한 건 확실해.\n체포영장을 청구하겠다.
0x000f71a6	3	【미우라】\n이제 자네는\n용의자에서 제외하겠다.
0x000f723a	4	【미우라】\n결국 오인 체포가 되고 말았군……\n미안하다…… 진심으로\n사과하지……
0x000f72f3	3	【코우지】\n……괜찮아, 그런 건.\n그보다……
0x000f7341	3	【코우지】\n(……아사츠유 씨.\n내가 대체 무슨 짓을 한 거야……)
0x000f7426	5	【코우지】\n아사츠유 씨에게는 예전에\n연인이 있었어……\n그 연인은 시라카와 이치로에게\n살해당했다는 의혹이 있어.
0x000f74e1	3	【미우라】\n살해당했다는 의혹……?\n무슨 뜻이지?
0x000f7550	4	【코우지】\n아사츠유 씨의 연인은\n시라카와 신지야.\n시라카와 이치로의 동생이지.
0x000f75bc	6	【코우지】\n시라카와 신지는\n신장 이식 수술을 받으러\n유럽에 갔지만 수술에 실패했어.\n그 심장은 형인 시라카와\n이치로에게 이식됐지.
0x000f7676	3	【코우지】\n시라카와 이치로는\n심장 이식 공여자를 찾고 있었어.
0x000f76f9	2	【코우지】\n너무 공교롭지 않아?
0x000f7751	2	【미우라】\n…………
0x000f77b0	2	【미우라】\n그건 자네의 상상에 불과하다.
0x000f7836	4	【미우라】\n그럼 묻지.\n누마사키 에이타로가 진범이라고\n생각하는 이유는?
0x000f7918	3	【미우라】\n여기까지 와서\n묵비할 생각은 아니겠지.
0x000f7970	3	【미우라】\n이유도 모르면서\n처음부터 이름을 꺼내면 안 돼!
0x000f7a2c	4	【미우라】\n그럼 묻지.\n콘도 형사가 진범이라고\n생각하는 이유는?
0x000f7b0c	3	【미우라】\n구체적인 이름을 말했으니\n묵비는 안 된다!
0x000f7b72	3	【미우라】\n이유도 모르면\n처음부터 이름을 꺼내면 안 돼!
0x000f7c2e	4	【미우라】\n그럼,\n미나즈키 코우지가 진범이라고\n생각하는 이유는?
0x000f7d0c	3	【미우라】\n여기까지 와서\n묵비할 생각은 아니겠지.
0x000f7d64	3	【미우라】\n이유도 모르면서\n처음부터 이름을 꺼내면 안 돼!
0x000f7e0f	4	【미우라】\n그럼,\n그 사람이 진범이라고\n생각하는 이유는?
0x000f7ee9	3	【미우라】\n구체적인 이름을 말했으니\n묵비는 안 된다!
0x000f7f4f	3	【미우라】\n이유도 모르면\n처음부터 이름을 꺼내면 안 돼!
0x000f801e	4	【미우라】\n자네가 수상하다고 생각하는\n사람 중 하나는 누마사키\n에이타로다……
0x000f808a	3	【미우라】\n사건이 일어났을 때\n그는 무엇을 하고 있었지?
0x000f81b6	3	【코우지】\n누마사키 변호사는 몸이 안 좋아\n화장실에 들어가 있었다고 해.
0x000f8256	4	【미우라】\n흠, 그렇군……\n그건 이쪽에서 얻은 정보와\n일치한다.
0x000f82c4	6	【미우라】\n게다가 콘도 형사가\n누마사키 에이타로가 화장실에\n들어간 것을 목격했다고 한다.\n상부에서도 이 증언을\n채택하려는 움직임이 있어.
0x000f839a	3	【코우지】\n잠깐, 잠깐만!!\n그건 이상하잖아!!
0x000f83f4	6	【코우지】\n누마사키 변호사는 내가 피해자와\n말다툼을 벌였다는 사실을\n몰랐어!!\n화장실에 들어갔다는 것 자체가\n수상하다고!!
0x000f84ba	2	【미우라】\n………………
0x000f8504	2	【미우라】\n그게 사실인가, 사이토?
0x000f8584	4	【코우지】\n거짓말이라고 생각하면\n누마사키 변호사에게\n조심스럽게 물어봐!!
0x000f85e9	5	【코우지】\n하지만 누마사키 변호사는\n빈틈없는 사람이야.\n제대로 묻지 않으면\n얼버무리고 넘어갈걸!!
0x000f869c	3	【미우라】\n날 무시하지 마, 사이토!!\n그 정도는 알고 있어!!
0x000f870b	2	【미우라】\n요시모토 형사!!
0x000f8746	2	【요시모토】\n네, 확인하고 오겠습니다.
0x000f87d9	3	【코우지】\n……그녀가 정말\n제대로 확인할 수 있을까?
0x000f8867	3	【미우라】\n그녀는 뛰어나고\n내가 가장 신뢰하는 형사다.
0x000f88e0	2	【미우라】\n……무슨 일이 있어도 말이지.
0x000f895b	3	【코우지】\n(……미우라는 감시받고 있다는 걸\n알고 있는 건가……?)
0x000f89f0	3	【요시모토】\n확인했습니다.\n그가 말한 대로인 것 같습니다.
0x000f8a82	2	【코우지】\n……그렇다는 거군.
0x000f8afd	3	【미우라】\n흠, 좋다.\n자네 주장을 인정하지.
0x000f8b7f	5	【미우라】\n반복해서 말하지만,\n용의자를 좁히지 못하면\n진범을 밝혀낸 게 아니야.\n그것만은 기억해 둬!!
0x000f8cae	2	【미우라】\n그럼 다시 물어보지.
0x000f8d52	5	【미우라】\n누마사키 에이타로는\n거짓 알리바이를 주장하고 있었어.\n진범이 아니라면\n왜 거짓말을 한 거지!?
0x000f8eab	3	【코우지】\n나는 누마사키 변호사의\n알리바이를 의심하고 있었어.
0x000f8f10	3	【코우지】\n사건이 일어난 시간 내내\n화장실에 있었다고 했으니까.
0x000f8f7e	4	【코우지】\n그런데 그는 내가 피해자와\n말다툼을 벌였다는 사실을\n몰랐어.
0x000f8ffb	3	【코우지】\n그래서 거짓말을 하고 있다고\n생각한 거야.
0x000f908e	4	【미우라】\n경찰에도 같은 말을 했지.\n그래서 나도 그가 수상하다고\n생각하고 있었다.
0x000f9115	5	【코우지】\n화장실에 들어갔다는 증언은\n거짓말이었지만,\n그 안에서 전화를 하고 있었다는 건\n알게 됐어.
0x000f91c8	2	【미우라】\n전화를 하고 있었다고?
0x000f924d	4	【코우지】\n휴대전화 자동응답기에\n누마사키 변호사를 협박하는\n내용의 전화가 걸려 왔대.
0x000f92cc	4	【코우지】\n누마사키 변호사는 발신자를\n확인하려고 직접 전화를 걸었다고\n하더군.
0x000f938b	2	【미우라】\n……그게 사실인가?
0x000f9418	4	【코우지】\n누마사키 변호사 본인에게\n직접 들은 이야기야!!\n거짓말은 하지 않아!!
0x000f9497	3	【코우지】\n확인하진 않았지만,\n통화 기록이 남아 있을지도 몰라.
0x000f9534	3	【미우라】\n좋아, 확인해 보지.\n그런데 무슨 협박을 받았는지는?
0x000f95d1	4	【코우지】\n그건 경찰이 조사하면 되잖아?\n사적인 이야기라서\n내 입으로는 말하기 어렵다.
0x000f9644	5	【코우지】\n하지만 누마사키 변호사의\n알리바이는 확인됐어.\n용의자에서 제외해도 충분하다고\n생각해.
0x000f9701	3	【미우라】\n……좋아.\n그를 용의자에서 제외하지.
0x000f9891	2	【미우라】\n다음은 아사츠유 씨다.
0x000f98fb	3	【미우라】\n사건이 일어났을 때\n그녀는 무엇을 하고 있었지?
0x000f9a29	3	【코우지】\n화장을 고치고 있었던 모양이야.\n장소로 말하면 여자 화장실이지.
0x000f9ae0	5	【미우라】\n그 이야기는 경찰서에서\n본인에게 직접 들었다!\n하지만 그걸 증명해 줄 사람은\n아무도 없어!!
0x000f9b9c	2	【코우지】\n알고 있다고!!
0x000f9bfd	6	【코우지】\n나도 아사츠유 씨를\n의심하고 싶은 건 아니야……\n하지만 뒷받침할 증거가 없다면\n알리바이가 확인됐다고 할 수\n없어……
0x000f9c98	3	【코우지】\n그러니까 무슨 수를 써서라도\n증명해 보이겠어!!
0x000f9d22	3	【미우라】\n흠……\n거기까지 알고 있다면 좋다.
0x000f9d91	3	【미우라】\n그녀가 화장을 고치고 있었다는\n점으로 일단 정리하도록 하지.
0x000f9e17	5	【미우라】\n반복해서 말하지만,\n용의자를 좁히지 못하면\n진범을 밝혀낸 게 아니야.\n그것만은 기억해 둬!!
0x000f9f5a	2	【미우라】\n그럼 다시 물어보지.
0x000fa017	4	【미우라】\n자네는 미즈타니 아사츠유의\n알리바이를\n객관적으로 증명할 수 있나!?
0x000fa14a	4	【미우라】\n자네가 수상하다고 생각하는 인물\n중 한 명,\n미나즈키 코우지……
0x000fa1b6	3	【미우라】\n사건이 일어났을 때\n그는 무엇을 하고 있었지?
0x000fa2e2	6	【코우지】\n미나즈키는 23시 10분경\nVIP룸에 들어가,\n1시간 뒤인 0시 10분경\nVIP룸을 나와\n그대로 게임 센터로 향한 것 같아.
0x000fa3bf	5	【미우라】\n흠…… 경찰은 VIP룸에 있었던\n시간이\n한 시간 정도였다는 정보밖에\n얻지 못한 모양인데?
0x000fa442	2	【미우라】\n그 시간을 어떻게 알아냈지?
0x000fa4c3	4	【코우지】\n누마사키 변호사가 가게에 도착해\nVIP룸에 들어간 건\n23시가 지나서였어.
0x000fa539	4	【코우지】\n거기서 가볍게 이야기를 나누고\n곧 나왔다고 해.\n그걸 미나즈키가 봤고.
0x000fa5c0	3	【코우지】\n그걸 바탕으로 대략적인 시간을\n추산했어.
0x000fa62e	4	【미우라】\n흠, 그렇군……\n일단 자네가 생각하는 미나즈키의\n행동은 이해했어.
0x000fa6c3	6	【미우라】\n하지만 미나즈키가 그대로 게임\n센터로\n향했는지는 의심스럽다!!\n왜냐하면 아무도 그걸 목격하지\n않았으니까!!
0x000fa797	2	【코우지】\n알고 있다고!!
0x000fa7f8	7	【코우지】\n당일 0시 10분부터 0시 50분\n무렵까지\n게임 센터에 있었다는 증거가\n나오지 않는 한\n미나즈키의 알리바이를 증명한 게\n아니야.
0x000fa8b3	2	【코우지】\n그런 건 나도 잘 알고 있다고!!
0x000fa93c	3	【미우라】\n흠……\n그렇다면 좋겠지.
0x000fa9a4	5	【미우라】\n반복해서 말하지만,\n용의자를 좁히지 못하면\n진범을 밝혀낸 게 아니야.\n그것만은 기억해 둬!!
0x000fab1e	2	【미우라】\n그럼 다시 물어보지.
0x000fabdb	4	【미우라】\n미나즈키 코우지가 게임 센터에\n있었던 시간을\n객관적으로 증명할 수 있나!?
0x000fad24	3	【코우지】\n미나즈키의 알리바이가 객관적으로\n증명됐다.
0x000fada2	5	【코우지】\n사건 당일, 미나즈키는 피해자와\nVIP룸에서 이야기한 뒤,\n가장 가까운 역까지 가는 길에 있는\n게임 센터에 들렀다.
0x000fae3f	3	【코우지】\n거기서 0시 50분까지\n대전 게임을 했다고 한다.
0x000faea0	3	【코우지】\n대전 상대의 친구가\n그걸 증언해 줄 거야.
0x000faf2d	4	【미우라】\n대전 게임이라고?\n그런 얘기는 경찰의 탐문에서는\n하지 않았잖아!
0x000fafd2	4	【코우지】\n녀석은 지는 걸 극도로 싫어해.\n아마 예전에 회사에서 해고된 일의\n트라우마겠지.
0x000fb053	5	【코우지】\n대전 게임에서 굴욕적인 패배를\n당해서\n게임기의 레버까지 부숴 버릴\n정도로 분해했다고 하더군.
0x000fb0ea	4	【코우지】\n다시 한번 이 정보를 가지고\n뒷조사를 해 봐.\n그러면 모든 게 증명될 거야.
0x000fb18e	3	【미우라】\n…………\n좋아.
0x000fb304	4	【미우라】\n시라카와 빌딩에 가끔 어린\n여자아이가\n나타난다고 하더군.
0x000fb36b	6	【미우라】\n수사관들이 그 소녀에게\n사정을 물으려고 몇 번이나\n시도했지만,\n발이 빠른 모양이라\n금세 놓치고 만다는군.
0x000fb404	3	【미우라】\n자네는 이 소녀의 정체를 알고\n있나?
0x000fb4ac	3	【코우지】\n……그 여자아이가\n사건과 관계가 있는 건가?
0x000fb539	5	【미우라】\n그건 모르지.\n다만 직원들에게 물어봐도\n목격한 사람이 많아.\n그것도 최근 들어서고.
0x000fb5cb	5	【미우라】\n시기를 생각하면,\n어쩌면 사건과 뭔가 관계가\n있을지도 몰라.\n그래서 묻는 거야.
0x000fb674	2	【코우지】\n……뭐, 좋지만.
0x000fb6f2	4	【미우라】\n그래서 어떻지?\n자네는 이 소녀의 정체를\n알고 있는 건가?
0x000fb801	3	【코우지】\n『요시모토 유미』라는 이름의\n여자아이인 것 같아.
0x000fb88d	4	【미우라】\n호오……\n요시모토 유미라.\n어떤 아이인데?
0x000fb91a	3	【코우지】\n아니, 몰라.\n아는 건 그 이름뿐이야.
0x000fb983	2	【미우라】\n…………
0x000fb9c9	2	【미우라】\n기각이다.
0x000fba47	2	【코우지】\n아, 역시…………
0x000fbb29	3	【코우지】\n그녀는 요시모토 유미야.\n아사츠유 씨의 딸이지.
0x000fbbb9	4	【미우라】\n미즈타니 아사츠유의?\n그렇군, 미즈타니는 탐정으로 쓸\n가명이었어……
0x000fbc26	5	【미우라】\n그럼 이 소녀가 미즈타니\n아사츠유의 딸이라면,\n왜 시라카와 빌딩 주변에 나타나는\n거지?
0x000fbcd6	5	【코우지】\n글쎄, 거기까지는 몰라.\n본인에게 물어봐.\n아사츠유 씨에게 말하면 만나게 해\n줄 거야.
0x000fbd81	5	【미우라】\n흠, 그렇군……\n미즈타니 아사츠유의 딸, 요시모토\n유미인가.\n알았어!
0x000fbecf	2	【미우라】\n………
0x000fbf24	2	【미우라】\n……오늘 심문은 이걸로 끝내지.
0x000fbf9c	2	【코우지】\n콘도는 묻지 않나?
0x000fbfdb	2	【미우라】\n……
0x000fc01d	3	【미우라】\n경찰로서는 관심 없는 부분이다.\n물어봐야 소용없어.
0x000fc099	2	【코우지】\n……그렇군.
0x000fc0e1	4	【미우라】\n어쨌든.\n자네에게 남은 시간은 이제 얼마\n없어.
0x000fc159	5	【미우라】\n말한 이상,\n무슨 수를 써서라도 진범을 밝혀내\n봐,\n사이토!!
0x000fc21d	3	【미우라】\n……오늘 심문은 이걸로\n끝내지.
0x000fc296	4	【미우라】\n자네에게 남은 시간은\n이제 얼마 없어.\n정신 차려, 사이토!
0x000fc334	3	【미우라】\n……오늘 심문은 이걸로\n끝이다.
0x000fc3ab	4	【미우라】\n무슨 수를 써서라도 사건에 대해\n떠올려 내!\n그게 네가 살아남을 길이니까!
0x000fc453	3	【미우라】\n……오늘 심문은 이걸로\n끝이다.
0x000fc4b1	4	【미우라】\n자네 수사는 순조롭게 진행되는 것\n같군.\n……우리도 지고 있을 수만은 없어.
0x000fc525	4	【코우지】\n그래.\n내일이야말로 무고를 증명해\n보이겠어!
0x000fc703	3	【미우라】\n……아쉽지만, 이제 시간이 다\n됐군.
0x000fc774	3	【코우지】\n……젠장!\n이제 정보는 충분히 모였는데……!!
0x000fc7db	4	【미우라】\n결국 네가 가장 유력한 피의자라는\n사실은\n변하지 않았군……
0x000fc83d	2	【미우라】\n…………
0x000fc883	5	【코우지】\n……동정은 필요 없어.\n기소하려면 해.\n결과적으로 난 큰소리만 치고\n있었던 거야.
0x000fc924	2	【미우라】\n……미안하다, 사이토.
0x000fc98b	3	【코우지】\n사과하지 마!\n나만 비참해질 뿐이야!!
0x000fc9ff	3	【미우라】\n……그렇군.\n그럼 각오해 둬, 사이토!!
0x000fca95	3	【미우라】\n자네를 기소하게 됐다!\n이상이다!
0x000fcb52	5	　\n　\n(경찰에서 송치된 증거물을 토대로\n검사가 기소 절차를 진행했고,\n나는 재판을 받게 되었다)
0x000fcbec	3	　\n　\n(그리고……)
0x000fcc3a	4	　\n　\n(나는 살인죄로 무기징역을\n선고받았다……)
0x000fd2bb	5	【미우라】\n자네는 술에 취해 있었다고\n주장했지.\n하지만 결과적으로 스스로를\n궁지에 몰아넣고 말았어…
0x000fd34c	5	【미우라】\n네가 술에 취해 있었다면,\n살인을 저지른 행위 자체를\n인정해 버린 셈이야…\n이렇게 생각할 수도 있지 않나…?
0x000fd3db	2	【코우지】\n………!?
0x000fd43c	5	【미우라】\n술에 취해 있었지만\n살인을 저지르지 않았다고\n주장한다면,\n그 근거를 보여 봐!
0x000fd4d5	3	【코우지】\n확실히 난 술에 취해 있어서\n당일 기억이 흐릿해져 있어!!
0x000fd562	3	【코우지】\n그러니 내가 죽였을 가능성도\n없지는 않다는 건 인정할게.
0x000fd5e6	4	【코우지】\n하지만 그렇다고 해서\n내가 죽이지 않았다는 증명을\n포기한 건 아니야!
0x000fd670	3	【미우라】\n호오……?\n그럼 어떻게 할 생각이지?
0x000fd6de	4	【코우지】\n내 무고를 증명할 방법은 단\n하나야.\n진범과 그 증거를 제시하는 것!
0x000fd74d	2	【미우라】\n………………
0x000fd7b0	3	【미우라】\n좋아.\n그럼 심문 내용을 바꿔 주지.
0x000fd8af	4	【미우라】\n진범을 특정할 수 없다면,\n자네가 수상하다고 생각하는\n인물들을 한 명씩 물어보도록 하자.
0x000fd932	6	【미우라】\n각 용의자의 알리바이를 증명하고,\n최종적으로 진범이라고 생각되는\n인물을\n좁혀 낼 수 있다면\n자네 주장을 인정해 주지.
0x000fd9ee	2	【코우지】\n……아, 반드시 증명해 보이겠어.
0x000fda5d	4	【미우라】\n흠, 그렇군……\n자네는 관계자들의 알리바이가\n무너졌다고 했지.
0x000fdad0	5	【미우라】\n그렇다면 새로운 살해 시각으로\n여겨지는\n0시부터 0시 44분경까지\n모든 관계자의 행동부터 들어 보자.
0x000fdebd	4	【미우라】\n흠……\n누마사키와 미나즈키의 알리바이는\n증명했군……
0x000fdf39	2	【미우라】\n그럼 다시 물어보도록 하지.
0x000fe041	3	누마사키 에이타로가 범인이\n아니라는 건\n이미 증명했을 거야.
0x000fe0a8	3	누마사키 에이타로가 범인이\n아니라는 건\n이미 증명했을 거야.
0x000fe103	3	미나즈키 코우지가 범인이 아니라는\n건\n이미 증명했을 거야.
0x000fe178	2	콘도 가쓰미가 범인이 아니라는 건\n이미 증명됐어.
0x000fe1dd	4	확실히 콘도는 말다툼을 했다고\n과장되게 증언했지만,\n그게 곧 콘도가 진범이라는 증거는\n아니야.
0x000fe58e	3	【코우지】\n(친구라……\n전혀 짚이는 데가 없는데)
0x000fe616	3	【코우지】\n(……?\n전혀 모르는 아이인데……)
0x000fe691	2	【？？？？】\n…………
0x000fe6ce	2	【코우지】\n…………
0x000fe707	3	【코우지】\n(이 아이, 대체 누구지……?\n역시 짚이는 데가 없는데……)
0x000fe762	2	【？？？？】\n…………
0x000fe79f	4	【코우지】\n(그렇다고 이대로 있으면\n서로 말을 걸기 어려울 뿐인가……\n내가 먼저 말을 걸어 볼까.)
0x000fe811	2	【코우지】\n저기…… 하나코, 맞지?
0x000fe87a	3	【？？？？】\n……!\n……네, 네.
0x000fe8c1	3	【코우지】\n(어이쿠, 받아 주네.\n보기와는 달리 대담한데.)
0x000fe91d	5	【코우지】\n(일단……\n뒤에 있는 입회인 대책으로\n나와 이 아이의 관계를\n적당히 꾸며 두지 않으면……)
0x000fe98e	3	【코우지】\n오랜만이네, 하나코.\n반년 만인가?
0x000fea01	3	【？？？？】\n……?\n아, 어, 그…… 네.
0x000fea4d	3	【코우지】\n하나코는 공부를 잘했으니까.\n나도 즐거웠어.
0x000feac4	5	【？？？？】\n저기, 저도…… 그,\n선생님……?께 공부를 배울 수\n있어서\n기뻤습니다.
0x000feb2e	3	【코우지】\n(흠, 제법인데……\n반응도 나쁘지 않아.)
0x000feb7f	5	【코우지】\n나도 대학을 졸업해 버렸으니까,\n이제 예전처럼 가정교사를\n할 수는 없지만,\n성실하게 하고 있나?
0x000fec02	2	【？？？？】\n아…… 네, 네……!
0x000fec47	4	【코우지】\n(좋아.\n이걸로 우리 관계는\n대충 이해한 모양이군.)
0x000feca3	3	【코우지】\n(이제 이 아이가 누구인지\n탐색해 봐야겠어……)
0x000fecfb	3	【코우지】\n그래, 새 생활은 어때?\n이제 익숙해졌어?
0x000fed60	2	【？？？？】\n…………
0x000fed9d	4	【코우지】\n(어……\n갑자기 표정이 굳었네……\n벌써 반응이 온 건가?)
0x000fedf6	4	【코우지】\n아버님은 잘 지내시나?\n하나코, 혼자 사는 건 처음이지?\n걱정하고 계시진 않나?
0x000fee5c	2	【？？？？】\n…………
0x000fee99	3	【코우지】\n돌아가면 또 찾아뵙겠다고\n아버님께 전해 줘.
0x000feef7	2	【？？？？】\n…………
0x000fef34	4	【코우지】\n뭐, 이런 곳에 들어온 녀석이\n귀여운 외동딸을 만나러 갔다간\n아버지한테 얻어맞을지도 모르겠네.
0x000fefd7	2	【？？？？】\n……흑.
0x000ff048	2	【코우지】\n어……?
0x000ff080	3	【코우지】\n(울고 있어……?\n내 어떤 말에 반응한 거지?)
0x000ff0d3	4	【코우지】\n(그렇다면 어떤 말이었지……?\n그게 이 아이의 정체를 알아낼\n힌트가 될 거야!)
0x000ff13d	4	【코우지】\n(눈물을 흘린 게 ‘아버지’라는 말\n때문이라면……\n이 아이의 아버지는 이미……)
0x000ff1b3	4	【코우지】\n(……!!\n서, 설마…… 아니,\n그런 일이 있을 수 있나?)
0x000ff22c	5	【코우지】\n(하지만 그렇게 생각할 수밖에\n없어.\n신분까지 속여 가며 나를 만나러 온\n그녀의 정체와 그 이유는……!)
0x000ff36e	3	【코우지】\n(아니야!\n그런 게 아니야!)
0x000ff3b6	4	【코우지】\n(그녀가 눈물을 흘린 건\n‘아버지’라는 말과\n관계가 있을 게 분명해.)
0x000ff419	2	【코우지】\n(다시 한번 잘 생각해 보자!)
0x000ff49d	4	【코우지】\n(그녀는 살해당한 시라카와\n이치로의 딸,\n시라카와 노조미야!)
0x000ff4fa	5	【코우지】\n(젠장, 몰랐다고는 해도\n아버지를 잃은 아이에게\n‘아버지는 잘\n지내시니?’라니……! )
0x000ff565	3	【코우지】\n(게다가 그 아이의 입장에서 보면\n나는 아버지를 죽인 인간이잖아!)
0x000ff5c1	2	【코우지】\n하, 하나코……
0x000ff5fd	4	【코우지】\n(으……\n이 상황에서 하나코라고\n부르는 것조차 괴롭다……)
0x000ff659	5	【코우지】\n미안해……\n하나코의 마음을\n이해해 주지 못한 것 같아,\n나……
0x000ff6b7	2	【노조미】\n…………!?
0x000ff6f3	3	【코우지】\n……정말 미안해.\n하지만……
0x000ff73b	3	【코우지】\n믿어 주지 않을지도 모르지만,\n나…… 사실은……
0x000ff7b4	2	【노조미】\n이제 됐어……
0x000ff7ec	2	【코우지】\n아……
0x000ff860	2	【코우지】\n(가 버린다……)
0x000ff8fc	2	【노조미】\n살인자……
0x000ff93a	2	【코우지】\n으……
0x000ff970	3	【코우지】\n(말이 나오지 않아……\n내가 한 일이 아닌데도……)
0x000ff9c5	2	【노조미】\n…………
0x000ff9fd	3	【코우지】\n(하지만 이대로 돌려보내선 안\n돼……!)
0x000ffa50	3	【코우지】\n(이대로 가게 두면 안 돼.\n진실을 전하지 않으면……!)
0x000ffaac	5	【코우지】\n(……!\n그렇구나……!!\n진실을 전하는 건\n한마디면 충분해!!)
0x000ffb3d	2	【코우지】\n난 죽이지 않았어!
0x000ffba7	2	【노조미】\n…………
0x000ffc5b	2	【코우지】\n…………
0x000ffc94	2	【코우지】\n(알아준 걸까……?)
0x000ffcd8	3	【코우지】\n(아니, 내가 어떤 사람인지\n알아주지 않아도 돼.)
0x000ffd26	4	【코우지】\n(분명 지금 그녀에게 필요한 건\n진실보다 현실을 받아들일\n각오일 거야.)
0x000ffd8f	5	【코우지】\n(내가 어머니의 죽음과\n마주했던 것처럼……\n그녀도 현실을 받아들이고\n그걸 이겨 내 주면……)
0x001001a6	2	【코우지】\n(오늘도 온 건가……)
0x0010025a	2	【노조미】\n……살인자.
0x001002f2	2	【코우지】\n(더는 오지 않을 줄 알았는데……)
0x0010033f	2	【노조미】\n…………
0x00100377	3	【코우지】\n(무슨 말을 해야 할지\n모르겠어……)
0x001003ba	2	【노조미】\n…………
0x001003f2	3	【코우지】\n(그렇다고 이대로 시간이\n흐르기만 하는 것도 안 되겠지……)
0x00100446	2	【코우지】\n……저기, 하나코.
0x00100492	2	【노조미】\n왜요?
0x001004c9	3	【코우지】\n사양하지 말고 나한테\n원망하는 말을 퍼부어도 돼.
0x00100541	2	【노조미】\n……!?
0x00100579	4	【코우지】\n나를 원망해서 마음이 풀린다면\n끝까지 원망해도 좋아.\n속에 담아 두지 말고 털어놔.
0x001005f2	3	【코우지】\n그 편이……\n다시 일어서기도 쉬울 테니까.
0x0010066c	5	【코우지】\n(나도 참 바보 같은 말을 하네.\n하지만 나는……\n그녀가 얼마나 괴로운지\n아니까……)
0x00100707	4	【코우지】\n(……아침에 눈을 떠도\n소중한 사람이 곁에 없는 슬픔을\n잘 알고 있으니까……)
0x00100814	3	【코우지】\n(어머니가 돌아가신 직후에는\n거의 실감이 나지 않았어.)
0x0010086e	5	【코우지】\n(그전에도 늦번 근무라\n밤늦게 돌아오는 날은\n당연히 있었고,\n그날도 그와 비슷한 느낌이었지.)
0x001008ec	5	【코우지】\n(하지만…… 살아 있다면\n언젠가는 돌아왔어.\n기다리기만 하면\n반드시 돌아와 줬지.)
0x00100960	4	【코우지】\n(하지만 날이 갈수록\n어머니가 돌아가셨다는 실감이\n조금씩 들기 시작했어……)
0x001009cb	4	【코우지】\n(아침에 일어나도 어머니가 없어.\n내일 아침에도, 모레 아침에도,\n앞으로 영원히……)
0x00100a38	5	【코우지】\n(그런 당연한 사실을\n며칠이 지나서야 깨달았어.\n아무리 기다려도\n다시는 만날 수 없다는 걸……)
0x00100ab5	4	【코우지】\n(그 사실을 깨달은 뒤의 나는\n스스로도 웃음이 나올 만큼\n무너져 내렸어.)
0x00100b22	5	【코우지】\n(내가 할 수 있었던 건\n모든 게 무너지기 전에\n노리코 앞에서 모습을 감추고\n폐를 끼치지 않는 것뿐이었어.)
0x00100bbb	5	【코우지】\n(결국 내가 슬픔을 받아들이고\n현실과 마주할 수 있게 된 건\n아사츠유 씨에게 거두어져\n탐정 일을 시작한 뒤였어.)
0x00100c47	6	【코우지】\n(내가 일을 배우기 시작하자\n아사츠유 씨는 가차 없이\n일을 맡겼어.\n혼자 감당할 수 있는\n한계에 가까운 양이었지.)
0x00100cd7	4	【코우지】\n(현관문을 열다가 의식을 잃고\n그대로 아침을 맞은 적도\n몇 번인가 있었어.)
0x00100d4b	4	【코우지】\n(하지만 지금 생각해 보면\n그 말도 안 되는 업무량도\n아사츠유 씨 나름의 배려였겠지.)
0x00100e3a	3	【코우지】\n(나는 아사츠유 씨처럼 능숙하게\n슬픔을 다루지는 못해.)
0x00100e92	5	【코우지】\n(그러니까 적어도……\n노조미의 증오를 받아 줌으로써\n조금이라도 슬픔을\n덜어 주고 싶어……)
0x00100f0b	2	【노조미】\n…………
0x00100f43	3	【코우지】\n……미안.\n잠깐 생각 좀 하고 있었어.
0x00100f8c	4	【코우지】\n난 괜찮아.\n네 안에 있는 증오……\n있는 힘껏 내게 부딪쳐.
0x0010101a	2	【코우지】\n……어?
0x00101052	2	【노조미】\n…………
0x001010ad	2	【코우지】\n뭐…… 뭐지?
0x0010110b	2	【코우지】\n하나코……?
0x00101153	2	【노조미】\n내일, 또 올게요……
0x001011c0	3	【코우지】\n뭐였지,\n방금 그 미소는?
0x00101205	3	【코우지】\n흠…… 전혀 모르겠네.\n대답은 내일까지 미뤄 두나……
0x00101537	2	【코우지】\n……오늘도 와 줬구나, 하나코.
0x001015a8	3	【노조미】\n네……\n선생님이 걱정돼서요……
0x001015f7	2	【코우지】\n그, 그렇구나…… 하하하……
0x00101639	4	【코우지】\n(그러고 보니 나는\n그녀의 가정교사라는 설정이었지.\n잘 기억하고 있었네……)
0x0010169f	4	【코우지】\n(그러고 보니 지금……\n우리, 자연스럽게 대화하고 있지\n않나?)
0x001016ff	4	【코우지】\n내가 걱정돼?\n일단 세상 사람들 눈에는 내가\n살인범으로 되어 있다고?)
0x0010178f	4	【노조미】\n네…… 걱정되는 게 당연하잖아요.\n세상이 어떻게 보는지는\n상관없어요.
0x001017f1	2	【코우지】\n그, 그렇구나…… 하하하……
0x00101833	2	【코우지】\n(대체 어떻게 된 거야……)
0x001018a0	3	【노조미】\n저는 선생님이 살인범이라고\n생각하지 않으니까요.
0x001018ef	2	【코우지】\n그렇구나……
0x00101960	4	【코우지】\n……아니, 잠깐.\n뭐?\n정말 그런가?
0x001019d4	4	【노조미】\n‘나를 원망해서 마음이 풀린다면\n끝까지 원망해도 좋아’라고\n말씀하셨죠.
0x00101a63	5	【노조미】\n선생님, 그때 진지하게\n호소하셨죠?\n……저를 피해자의 가족이라고\n생각하시고요.
0x00101ae1	2	【코우지】\n……아.
0x00101b19	5	【코우지】\n(이제야 깨달았어……\n피해자의 가족인 노조미와 나는\n원래 접견하면 안 되는\n관계였어……)
0x00101b96	4	【코우지】\n(하마터면 뒤의 입회인에게\n들킬 뻔했어.\n위험했네……!)
0x00101bf9	3	【코우지】\n……아, 아하하.\n큰일이네.
0x00101c64	3	【노조미】\n보통 살인범이\n피해자의 가족을 걱정하나요?
0x00101ced	4	【노조미】\n그 말을 듣고\n마음속에 남아 있던 위화감이\n확신으로 바뀌었어요.
0x00101d5a	4	【노조미】\n저는……\n선생님이 사람을 죽일 사람이라고는\n도저히 생각할 수 없어요.
0x00101db6	4	【코우지】\n아…… 고마워……\n하지만 괜찮은 거야?\n그것만으로 나를……
0x00101e36	4	【노조미】\n사실 그와는 별개로\n계속 마음에 걸리던 게\n하나 있었어요.
0x00101e8a	2	【코우지】\n마음에 걸리던 거?
0x00101eed	3	【노조미】\n이상한 말을 하는 거라면\n죄송하지만……
0x00101f5b	4	【노조미】\n선생님은 권총으로 상대를 죽였다고\n들었어요.\n그런데 왜 권총인가요?
0x00101fd3	3	【코우지】\n어……?\n권총은 권총이라고 해야 하나……
0x0010203c	4	【노조미】\n우선 권총은 구하기 어렵고\n발자국이 남기 쉬워요.\n발포음도 문제가 되고요.
0x001020be	3	【노조미】\n실제로 발포음 때문에\n사건이 발각된 거잖아요?
0x0010213e	4	【노조미】\n그리고 권총에 남은 지문이\n선생님의 것과 일치해서\n체포된 거라고 들었어요.
0x001021bf	2	【코우지】\n그, 그렇지……
0x00102221	5	【노조미】\n그런데 제가 걸리는 건,\n사건 현장인 VIP룸은\n방음 시설이 잘 갖춰진 곳\n이라는 거예요.
0x001022a2	4	【노조미】\n그런데 발포음 때문에\n사건이 발각됐다니\n이상하지 않나요?
0x00102305	4	【코우지】\n……이상할 건 없지 않을까?\n발포음도 밖으로 새지 않을 거라\n생각해서 태연히 사용했겠지.
0x0010238e	2	【노조미】\n하지만 들려 버린 거잖아요?
0x0010240a	2	【코우지】\n…………
0x00102443	4	【코우지】\n(확실히 그렇다.\n발포음이 새어 나간 탓에\n범행 시각이 명확해졌어……)
0x001024b8	3	【코우지】\n(진범은 소리가 새어 나갈 것까지\n생각하지 못했던 건가?)
0x00102514	5	【코우지】\n(아니, 그것도 생각하기 어렵다.\n총을 준비했다는 점에서도\n이번 일련의 범행은\n계획적인 일이야.)
0x001025ad	5	【코우지】\n(나를 함정에 빠뜨리려고\n치밀한 계획을 세운 범인이\n흉기로 권총을 쓴 데에는\n뭔가 다른 의미가 있지 않을까?)
0x00102647	3	【코우지】\n(범인이 굳이 권총을 쓴\n이유는 뭐지……?)
0x001026b2	4	【코우지】\n(그렇게 생각하면\nVIP룸에서 권총을 쓴 것도\n여러 가지 의미가 생겨……)
0x0010275a	3	【노조미】\n저, 죄송해요……\n이상한 말을 했나요?
0x001027aa	4	【코우지】\n……아니,\n오히려 새로운 사실을 알게 됐어.\n고맙다.
0x00102825	3	【노조미】\n그런가요……\n그렇다면 다행이에요.
0x0010286c	4	【코우지】\n그런데 놀랐어.\n네가 그렇게 날카로울 줄은\n몰랐거든.
0x001028ef	3	【노조미】\n어……\n무슨 뜻인가요?
0x00102941	5	【노조미】\n저는 그저\n제가 마음에 걸렸던 일을\n그대로 선생님께\n말씀드렸을 뿐인데요……
0x001029a5	6	【코우지】\n(그렇군…… 내 의심을\n뒷받침할 근거가 있는 건 아니었어.\n어쩌면 이 아이는\n타고난 날카로움을\n지닌 걸지도 모르겠네.)
0x00102a92	2	【노조미】\n……제가 도움이 됐나요?
0x00102ada	2	【코우지】\n그래, 충분히.
0x00102b3d	4	【노조미】\n……다행이다……\n저도 진범이\n잡혔으면 하니까요……
0x00102b9d	2	【코우지】\n……그렇지.
0x00102bfe	3	【노조미】\n……마지막으로 확인해도\n될까요?
0x00102c47	2	【코우지】\n응, 뭘 말이지?
0x00102ca7	2	【노조미】\n선생님은 사람을 죽였나요?
0x00102ce9	3	【코우지】\n……아니.\n난 죽이지 않았어.
0x00102d54	3	【노조미】\n……알겠어요.\n선생님을 믿을게요.
0x00102dc3	3	【노조미】\n그럼 저는 이만 가 볼게요.\n또 와도 될까요?
0x00102e18	2	【코우지】\n그래, 대환영이지.
0x00102e6c	3	【노조미】\n알겠어요.\n그럼 또……
0x00102edc	3	【코우지】\n(왠지 다음에 만날 날이\n기다려지기 시작했네……)
0x001031f9	2	【노조미】\n……또 와 버렸어요.
0x0010323a	4	【코우지】\n괜찮아.\n이렇게 이야기하는 것만으로도\n기분이 좀 풀리니까.
0x001032b5	2	【노조미】\n오늘은 부탁할 일이 있어서 왔어요.
0x001032fb	4	【코우지】\n부탁?\n뭐…… 이런 상태에서\n내가 할 수 있는 일이라면.
0x0010335a	4	【노조미】\n네.\n사실 저는……\n선생님을 돕고 싶어요.
0x001033ad	3	【코우지】\n돕는다고?\n그게……
0x00103414	4	【노조미】\n저는 알고 있어요.\n선생님이 여기서\n무엇을 하려는지.
0x00103469	2	【코우지】\n…………
0x001034c8	3	【노조미】\n저는 진범을 찾아내고 싶어요!\n그러니까……
0x0010351a	2	【코우지】\n……아니, 그만두는 게 좋아.
0x00103587	5	【노조미】\n네?\n왜요?\n확실히 선생님 눈에는 제가\n믿음직스럽지 않을 수도 있지만……
0x001035f2	4	【코우지】\n믿음직하냐 아니냐의\n문제가 아니야.\n네 몸이 위험해지기 때문이야.
0x00103658	4	【코우지】\n잘 들어, 이건 드라마가 아니야.\n상대는 살인범이라고.\n잘못하면 역습을 당해.
0x001036d9	2	【노조미】\n하지만……
0x00103710	4	【코우지】\n네 마음은 잘 알아.\n하지만 여기서는 내 말을\n들어 줘.
0x00103779	2	【노조미】\n……네……
0x001037b3	4	【코우지】\n(게다가…… 문제는 범인만이\n아니야.\n경찰의 눈도 있으니까.)
0x00103823	4	【코우지】\n(괜히 이 사건에 손을 대면\n내가 무죄를 증명하지 못했을 때\n공범 취급을 받을 수도 있어……)
0x001038a0	5	【코우지】\n(게다가 이 아이는\n피의자인 나로 변장해 면회하러 올\n정도로 앞뒤를 가리지 않는\n구석이 있으니까……)
0x0010391c	2	【코우지】\n…………
0x00103955	4	【코우지】\n(……아니, 잠깐.\n내가 돕지 못한다면\n그녀는 어떤 행동에 나설까?)
0x001039cb	4	【노조미】\n죄송해요, 제멋대로 말해서……\n폐를 끼치는 것 같으니\n저는 돌아갈게요……
0x00103a32	3	【코우지】\n자, 잠깐만.\n이제 어디로 갈 생각이야?
0x00103aa5	2	【노조미】\n어……?
0x00103aea	3	【노조미】\n……그러고 보니 저,\n어디로 가려고 했던 걸까요?
0x00103b3c	4	【코우지】\n(위험해……\n이 아이를 혼자 두는 건\n너무 위험해……)
0x00103b9a	5	【코우지】\n(그렇다면 내가 지켜볼 수 있는\n범위 안에서\n무리하지 않게 돕도록 하는\n편이……)
0x00103bfd	4	【코우지】\n……아, 아무래도\n부탁할까.\n도와주는 일 말이야.
0x00103c75	2	【노조미】\n정말인가요!?
0x00103cb0	4	【코우지】\n다만 지금 당장 뭔가를\n부탁하려는 건 아니야.\n그러니 때가 오면 말할게.
0x00103d25	3	【노조미】\n네, 네!\n알겠어요!
0x00103d65	3	【코우지】\n(노조미는 사건 관계자들의\n중심에 있다고도 할 수 있어.)
0x00103dbd	4	【코우지】\n(특히 시라카와 집안에 관한 정보는\n노리코보다 더 많은 걸\n가져올지도 모르지.)
0x00103e21	4	【코우지】\n(노조미를 위험에 빠뜨리지 않고\n유력한 정보를 얻을 방법은\n얼마든지 있을 거야.)
0x00103eac	2	【노조미】\n……상냥하시네요, 선생님.
0x00103ef0	2	【코우지】\n뭐야, 갑자기.
0x00103f39	5	【노조미】\n저에게 뭘 시킬지\n생각하고 있었죠.\n위험하지 않은 조사까지\n포함해서요.
0x00103f9e	2	【코우지】\n아, 아니, 그게……
0x00103fec	2	【노조미】\n후후, 고마워요.
0x0010402c	3	【코우지】\n(곤란하네……\n거기까지 꿰뚫어 보고 있나……)
0x0010407a	4	【코우지】\n(이 아이는 눈을 떼면 위험하지만\n상대의 생각을 읽는 통찰력도\n갖고 있어.)
0x001040e2	5	【코우지】\n(부탁할 내용을 잘못 고르지만\n않는다면\n든든한 아군이 되어 줄 것\n같아……)
0x00104428	2	【노조미】\n드디어 내일이면 석방이네요.
0x00104473	2	【코우지】\n……뭐, 그렇게 되면 좋겠지만.
0x001044e0	5	【노조미】\n괜찮아요.\n선생님은 범인이 아니에요.\n이래도 석방되지 않는다면\n수사 기관의 태만이에요.
0x00104573	4	【코우지】\n어, 어이.\n뒤에 입회인이 있는데\n꽤 과격한 말을 하는구나……
0x00104600	4	【노조미】\n저, 내일도 올게요.\n그때는 밖에서 만나요.\n한번 천천히 이야기하고 싶어요.
0x00104666	3	【코우지】\n그래, 그렇지.\n나도 하고 싶은 이야기가 많아.
0x001046db	3	【노조미】\n그럼……\n기대하고 있을게요.
0x00104753	4	【코우지】\n밖에서 만난다, 라……\n석방됐을 때의 즐거움으로\n남겨 둘까.
0x00104a85	2	【노조미】\n……또 와 버렸어요.
0x00104ac6	4	【코우지】\n괜찮아.\n이렇게 이야기를 나누는 것만으로도\n마음이 한결 편해지니까.
0x00104b42	3	【노조미】\n오늘은 부탁할 일이 있어서\n왔어요.
0x00104b89	4	【코우지】\n부탁?\n뭐…… 이런 상태에서\n내가 할 수 있는 일이라면.
0x00104be8	4	【노조미】\n네.\n사실 저는……\n선생님을 돕고 싶어요.
0x00104c3b	3	【코우지】\n돕는다고?\n그게……
0x00104ca2	4	【노조미】\n저는 알고 있어요.\n선생님이 여기서\n무엇을 하려는지.
0x00104cf7	2	【코우지】\n…………
0x00104d56	3	【노조미】\n저는 진범을 찾아내고 싶어요!\n그러니까……
0x00104da8	2	【코우지】\n……아니, 그만두는 게 좋아.
0x00104e15	5	【노조미】\n네?\n왜요?\n확실히 선생님 눈에는 제가\n믿음직스럽지 않을 수도 있지만……
0x00104e80	4	【코우지】\n믿음직하냐 아니냐의\n문제가 아니야.\n네 몸이 위험해지기 때문이야.
0x00104ee5	4	【코우지】\n잘 들어, 이건 드라마가 아니야.\n상대는 살인범이라고.\n잘못하면 역습을 당해.
0x00104f67	2	【노조미】\n하지만……
0x00104f9e	4	【코우지】\n네 마음은 잘 알아.\n하지만 여기서는 내 말을\n들어 줘.
0x00105006	2	【노조미】\n……네……
0x00105040	4	【코우지】\n(게다가…… 문제는 범인만이\n아니야.\n경찰의 눈도 있으니까.)
0x001050b0	4	【코우지】\n(괜히 이 사건에 손을 대면\n내가 무죄를 증명하지 못했을 때\n공범 취급을 받을 수도 있어……)
0x0010512d	5	【코우지】\n(게다가 이 아이는\n앞뒤를 가리지 않는 구석이 있어.\n피의자인 나로 변장해\n면회하러 올 정도니까.)
0x001051a7	3	【코우지】\n(고삐 풀린 연 같아서……\n돕게 하는 것도 조금 무섭네……)
0x0010520c	2	【코우지】\n…………
0x00105245	4	【코우지】\n(……아니, 잠깐.\n내가 돕지 못한다면\n그녀는 어떤 행동에 나설까?)
0x001052ae	4	【코우지】\n(또 고삐 풀린 연처럼\n혼자서 이리저리 돌아다니다가\n사고를 치는 건 아닐까!?)
0x00105325	4	【노조미】\n죄송해요, 제멋대로 말해서……\n폐를 끼치는 것 같으니\n저는 돌아갈게요……
0x0010538c	3	【코우지】\n자, 잠깐만.\n이제 어디로 갈 생각이야?
0x001053ff	2	【노조미】\n어……?
0x00105444	3	【노조미】\n……그러고 보니 저,\n어디로 가려고 했던 걸까요?
0x00105497	4	【코우지】\n(위험해……\n이 아이를 혼자 두는 건\n너무 위험해……)
0x001054f5	5	【코우지】\n(그렇다면 내가 지켜볼 수 있는\n범위 안에서\n무리하지 않게 돕도록 하는\n편이……)
0x00105558	3	【코우지】\n……아, 아무래도\n부탁할까. 도와주는 일 말이야.
0x001055d0	2	【노조미】\n정말인가요!?
0x0010560b	4	【코우지】\n다만 지금 당장 뭔가를\n부탁하려는 건 아니야.\n그러니 때가 오면 말할게.
0x00105680	3	【노조미】\n네, 네!\n알겠어요!
0x001056c0	3	【코우지】\n(노조미는 사건 관계자들의\n중심에 있다고도 할 수 있어.)
0x00105718	4	【코우지】\n(특히 시라카와 집안에 관한 정보는\n노리코보다 더 많은 걸\n가져올지도 모르지.)
0x0010577c	4	【코우지】\n(노조미를 위험에 빠뜨리지 않고\n유력한 정보를 얻을 방법은\n얼마든지 있을 거야.)
0x00105807	2	【노조미】\n……상냥하시네요, 선생님.
0x0010584b	2	【코우지】\n뭐야, 갑자기.
0x00105894	5	【노조미】\n저에게 뭘 시킬지\n생각하고 있었죠.\n위험하지 않은 조사까지\n포함해서요.
0x001058f9	2	【코우지】\n아, 아니, 그게……
0x00105947	2	【노조미】\n후후, 고마워요.
0x00105987	3	【코우지】\n(곤란하네……\n거기까지 꿰뚫어 보고 있나……)
0x001059d5	4	【코우지】\n(이 아이는 눈을 떼면 위험하지만\n상대의 생각을 읽는 통찰력도\n갖고 있어.)
0x00105a3d	5	【코우지】\n(부탁할 내용을 잘못 고르지만\n않는다면\n든든한 아군이 되어 줄 것\n같아……)
0x00105acd	3	【노조미】\n……하지만 말을 꺼내는 게\n늦었을지도 모르겠네요.
0x00105b22	2	【코우지】\n어?
0x00105b7c	3	【노조미】\n내일 석방될지도\n모르는 거죠?
0x00105bcf	3	【코우지】\n……아, 그렇지.\n아직 어떻게 될지는 모르겠지만……
0x00105c49	3	【노조미】\n괜찮아요.\n선생님은 범인이 아니에요.
0x00105cb0	3	【노조미】\n……내일은 밖에서 만날 수\n있을지도 모르겠네요.
0x00105d00	3	【코우지】\n그렇지.\n그렇다면 얼마나 좋을까……
0x00105d54	3	【노조미】\n이래도 석방되지 않는다면\n수사 기관의 태만이에요.
0x00105dbc	4	【코우지】\n어, 어이.\n뒤에 입회인이 있는데\n꽤 과격한 말을 하는구나……
0x00105e43	4	【노조미】\n저, 내일도 올게요.\n그때는 밖에서 만나요.\n한번 천천히 이야기하고 싶어요.
0x00105ea9	3	【코우지】\n그래, 그렇지.\n나도 하고 싶은 이야기가 많아.
0x00105f1e	3	【노조미】\n그럼……\n기대하고 있을게요.
0x00105f96	4	【코우지】\n밖에서 만난다, 라……\n석방됐을 때의 즐거움으로\n남겨 둘까.
0x0010631c	2	【아사츠유】\n잘 지냈어?
0x00106357	2	【코우지】\n아…… 아……
0x00106392	3	【코우지】\n아사츠유 씨~!\n기다리고 있었어요~!
0x00106408	3	【아사츠유】\n미안해~!\n일이 한꺼번에 몰려 버렸거든.
0x00106469	4	【아사츠유】\n부하가 경찰 따위에 잡혀 버렸잖아~\n혼자 처리해야 할 일이\n늘어나 버렸지 뭐야~
0x001064ea	2	【아사츠유】\n정말 바빠서 죽는 줄 알았다니까!
0x00106535	4	【코우지】\n……아니, 잠깐만.\n이렇게 된 건 아사츠유 씨\n때문이기도 하잖아요!?
0x001065bc	3	【아사츠유】\n뭐어!?\n남 탓을 하는 거야, 이 아이는.
0x00106607	5	【코우지】\n그야 아사츠유 씨가 그렇게 마시게\n해서\n내 기억이 사라져 버렸고\n경찰에 반박도 못 하게 됐잖아요!
0x001066a7	5	【아사츠유】\n아니…… 이렇게 될 줄은\n생각도 못 했지.\n악의는 없었어.\n미안해, 코우 짱!
0x00106717	4	【코우지】\n귀엽게 사과해도 용서 못 해요.\n여기서 나가면\n한턱내셔야 해요.
0x00106787	3	【아사츠유】\n어머, 좋아~!\n좋은 가게는 많이 알고 있으니까.
0x0010680a	4	【아사츠유】\n24시간 논스톱으로\n마시게 해 줄게.\n각오해 둬!
0x0010686b	4	【코우지】\n……어라?\n뭔가 논점이 어긋난 것 같은데?\n역시 또 마시게 되는 건가, 나?
0x001068d5	3	【아사츠유】\n뭐, 그래도 건강해 보여서\n조금 안심했어.
0x00106944	4	【아사츠유】\n‘살인범으로 기소될 것 같아요~!\n도와줘요~!’ 하고\n매달려 울 줄 알았는데.
0x001069b4	3	【코우지】\n아사츠유 씨는\n늘 말씀하시잖아요.
0x00106a03	6	【코우지】\n‘아무리 궁지에 몰려도\n당황하지 마라.\n냉정함을 잃는 순간\n올바른 판단을 할 수 없게\n된다’고.
0x00106a7f	4	【코우지】\n제가 아사츠유 씨 밑에서 일한 지도\n벌써 5년이에요.\n이 정도는 이제 익숙하다고요.
0x00106b08	4	【아사츠유】\n어머, 말은 잘하네.\n제자의 성장을 볼 수 있어서\n나도 기뻐.
0x00106b75	3	【아사츠유】\n내가 나설 일도 없어 보이니\n얼른 돌아갈게.
0x00106bbf	3	【코우지】\n으아아아!\n잠깐만요!
0x00106c06	4	【코우지】\n돌아가기 전에\n적어도 사건 당일 일만이라도\n말해 주세요!
0x00106c6b	4	【아사츠유】\n후후, 농담이야.\n당일 이야기 말이지.\n뭐가 궁금해?
0x00106cca	4	【코우지】\n아무튼 저는\n바에 들어간 뒤의 기억이\n거의 없어요.
0x00106d26	3	【코우지】\n그러니 그때 일을\n알려 주셨으면 하는데……
0x00106d99	4	【아사츠유】\n음…… 가게에 있었을 때\n말이지…… 가게에 들어간 건 23시\n30분경 이었나?
0x00106e15	5	【아사츠유】\n우리 둘 다 완전히 취해 있었으니까\n아무튼 마시고, 마시고,\n죽어라 마셨다는 것밖에는\n제대로 기억이 안 나지만……
0x00106e8a	4	【코우지】\n(거짓말이다!!\n아사츠유 씨는 철의 간을\n가지고 있잖아……!!)
0x00106ef1	5	\n\n(……라고 따지고 싶지만\n기분을 상하게 한 채 돌아가도\n싫으니 입을 다물자)
0x00106f7d	5	【아사츠유】\n일단 코우 짱이 순식간에\n뻗어 버렸거든.\n그래서 나는 홀짝홀짝 마시고\n있었어.
0x0010700b	3	【아사츠유】\n그랬더니\n아는 얼굴이 가게에 있더라.
0x00107056	2	【코우지】\n누구 말씀이세요?
0x001070a2	3	【아사츠유】\n피해자인 시라카와 이치로야.\n조금 아는 사이였어.
0x00107108	4	【코우지】\n뭐…… 뭐라고요!?\n아사츠유 씨가 피해자와 아는\n사이!?
0x00107190	2	【아사츠유】\n응……
0x001071c7	2	【코우지】\n어, 어떤 사이였는데요!?
0x0010721c	5	【아사츠유】\n아유, 그건 됐잖아!\n남녀 사이에는\n남에게 말하고 싶지 않은 비밀도\n있는 법이야.
0x00107280	2	【코우지】\n(설마…… 그런 관계……?)
0x001072fd	4	【아사츠유】\n한동안 홀짝홀짝 마시다가\n중간에 잠깐 자리를 비워\n화장을 고치고……
0x0010739c	5	【아사츠유】\n자리로 돌아왔을 때는\n코우 짱이 눈을 뜨고 있더라……\n조금 이야기도 했는데, 기억 안\n나?
0x00107408	3	【코우지】\n……아아……\n어렴풋이 기억나는 것 같기도……
0x00107516	3	【코우지】\n……윽!\n아야야……
0x00107556	2	【아사츠유】\n어머, 이제야 일어났어?
0x001075b0	3	【코우지】\n우와앗, 아사츠유 씨!?\n언제부터 거기 있었어요?
0x00107627	3	【아사츠유】\n그야 여기 있었지.\n잠깐 화장만 고치고 있었어.
0x0010768c	3	【아사츠유】\n코우 짱은 괜찮아?\n꽤 많이 마신 것 같은데?
0x001076e4	3	【코우지】\n……응, 그렇네요.\n그럼 저도 화장 고치러……
0x00107788	2	【아사츠유】\n남자는 빙빙 돌려 말할 필요 없어.
0x001077e7	3	【코우지】\n(너무 많이 마셨다……\n머리가 빙글빙글 돌아……)
0x00107871	3	【코우지】\n……후우.\n지금 막 돌아왔습니다……
0x001078eb	5	【아사츠유】\n괜찮아?\n화장실 쪽에서\n뭔가 소리치고 있었던 것\n같은데……?
0x00107957	4	【코우지】\n……그러고 보니 화장실에서\n누군가와 어깨가 부딪힌 것\n같은데……
0x001079b6	3	【코우지】\n으음……\n기억이 안 나.
0x00107a1e	4	【아사츠유】\n뭐, 됐나.\n그럼 다시 시작하자.\n마스터, 보드카 한 병 추가해 줘!
0x00107a7c	4	【코우지】\n에에~!?\n이제 그만 좀 해 주세요~\n아사츠유 씨……
0x00107aff	3	【아사츠유】\n무슨 소리야,\n아직 한참 부족해!
0x00107b4b	3	【코우지】\n……당신은 귀신이야, 악마야,\n아사츠유야!
0x00107bee	2	【아사츠유】\n상사를 이름만으로 부르면 안 되지!
0x00107c57	3	【아사츠유】\n어쨌든\n천국까지 가 보자고!
0x00107d2b	2	【코우지】\n…………
0x00107d64	3	【코우지】\n천국은커녕\n지옥으로 보내진 셈인가…… 나는.
0x00107dd0	3	【아사츠유】\n응?\n뭐라고 했어?
0x00107e15	3	【코우지】\n아뇨아뇨……!\n그래서요?
0x00107e7c	3	【아사츠유】\n그 뒤로 곧장\n코우 짱이 뻗어 버렸지.
0x00107ed7	3	【아사츠유】\n어쩔 수 없이 내가 어깨를 빌려서\n밖에서 택시를 잡았어.
0x00107f59	4	【아사츠유】\n운전기사에게 코우 짱 집 주소를\n알려 주고\n돈도 건네줬지.
0x00107fb9	4	【코우지】\n……그래서 집까지\n돌아갈 수 있었군요, 저.\n그 뒤에 아사츠유 씨는요?
0x00108026	3	【아사츠유】\n나는 조금 더 마시려고\n가게로 돌아갔어.
0x001080a2	3	【아사츠유】\n그랬더니 총성이 가게 안에\n울려 퍼졌고……
0x001080fd	3	【코우지】\n그렇군요.\n사건이 발생한 거네요.
0x00108147	4	【코우지】\n(그 뒤의 일은 누마사키 변호사에게\n들었던 이야기로 이어지는\n건가……)
0x001081a0	4	【코우지】\n(아사츠유 씨에게도 사건 당시 일을\n자세히 묻고 싶지만\n뒤에 입회인이 있으니까……)
0x00108212	3	【코우지】\n……그러고 보니 아사츠유 씨는\n그 가게에 자주 가세요?
0x0010828d	5	【아사츠유】\n응, 가끔 가지.\n마음껏 마시고 싶을 때는\nVIP룸을 빌려서\n마시기도 하고.
0x001082f4	4	【코우지】\n우왓!\n그렇게 호화롭게 마실 거면\n제 월급도 올려 주세요~!
0x0010835f	5	【아사츠유】\n안 돼~.\n네가 일인자가 되면\n두둑하게 올려 줄 테니까\n열심히 해.
0x001083bf	2	【코우지】\n네에……
0x00108404	4	【아사츠유】\n……라고 해도 언제까지나\n코우 짱을 놀릴 수는 없지……\n미안하지만, 슬슬 갈게.
0x0010846b	3	【코우지】\n죄송해요.\n바쁘신데 일부러 와 주셔서.
0x001084dd	5	【아사츠유】\n아니, 괜찮아!\n그런 사정이라서 나도\n여기에는 자주 못 올 것 같아.\n힘내, 코우 짱!
0x00108551	2	【코우지】\n네에, 알겠습니다.
0x001085ea	3	【코우지】\n(……후우.\n태풍이 지나간 뒤 같네……)
0x0010888f	1	［『변호사가 됐다면』 부분］
0x001088ae	2	［『범죄자의 죄를 가볍게 한다』\n부분］
0x001088cf	1	［『실력을 갈고닦아라』 부분］
0x00108953	3	【아사츠유】\n헬로!\n잘 지냈어?
0x00108993	3	【코우지】\n아사츠유 씨!\n오랜만이에요!
0x001089fd	4	【아사츠유】\n어머, 오랜만이라니 인사 한번\n잘하네.\n더 자주 오라는 재촉이야?
0x00108a6e	4	【코우지】\n아, 아니, 뭐……\n그게, 아무튼 정보가\n필요하거든요.
0x00108ad3	5	【아사츠유】\n마음은 알겠지만 말이야.\n그렇다고 그런 건 아니고,\n나 나름대로 이 사건을\n수사하고 있어.
0x00108b4a	2	【코우지】\n네? 정말이에요?
0x00108b95	5	【아사츠유】\n정말이야.\n……그렇다고 해도\n지금은 다른 일도 있어서\n병행하고 있는 느낌이지만.
0x00108c2a	4	【아사츠유】\n거기서 알게 된 건 하나야.\n아무래도 이 사건은\n내 과거와도 관련이 있다는 거지.
0x00108c91	3	【코우지】\n아사츠유 씨의 과거와 관련이……?\n그게 무슨 뜻이에요?
0x00108d01	2	【아사츠유】\n…………
0x00108d3a	4	【코우지】\n뭐, 뭡니까?\n제 얼굴을 그렇게 빤히\n보시고……!?
0x00108db2	3	【아사츠유】\n코우 짱의 그렇게 진지한 표정은\n별로 본 적이 없어서 말이야……
0x00108e18	2	【아사츠유】\n좋은 얼굴을 하고 있구나 싶었어.
0x00108e5a	4	【코우지】\n아, 참……\n이제 와서 제가 탐정이라는 걸\n알아챈 거예요?
0x00108eda	3	【아사츠유】\n……농담을 할 수 있을 정도라면\n아직 팔팔하네.
0x00108f5b	4	【아사츠유】\n뭐, 좋아.\n내 과거에 대해\n이야기해 줄게……
0x00108fba	4	【아사츠유】\n……그런데 그전에\n코우 짱은 지금\n나에 대해 어디까지 알고 있니?
0x00109029	3	【아사츠유】\n예를 들면 내가 탐정이 되기 전에\n무슨 일을 했는지 알고 있어?
0x00109098	3	【코우지】\n아사츠유 씨의 예전 직업인가요?\n그건……
0x001091ad	3	【아사츠유】\n딩동!\n제법인데.
0x001091f2	3	【코우지】\n뭐, 이 정도는\n기억하고 있죠.
0x0010925d	4	【아사츠유】\n하지만 그건\n나도 용의자로\n보고 있기 때문이겠지.
0x001092b9	2	【코우지】\n…………
0x001092ff	5	【아사츠유】\n후후, 괜찮아.\n우리는 탐정이잖아.\n설령 가족이라도 수상하다고\n생각되면 철저히 조사해야 해.
0x00109374	2	【코우지】\n……네.
0x001093df	4	【코우지】\n……그때 일을 들려주시겠어요?\n그리고 왜 변호사를 그만두고\n탐정이 됐는지도……
0x0010947e	5	【아사츠유】\n땡, 아니야.\n정확히 말하자면……이라고 하면\n조금 표현이 가벼워지지만,\n나는 예전에 변호사였어.
0x00109523	4	【아사츠유】\n그것도\n시라카와 그룹의 고문 변호사를\n말이지.
0x00109587	3	【코우지】\n시…… 시라카와 그룹의 변호사!?\n아사츠유 씨가!?
0x001095eb	3	【아사츠유】\n얼굴빛이 변했네.\n그렇지, 듣고 싶지?
0x0010966d	4	【코우지】\n……그때 일을 들려주시겠어요?\n그리고 왜 변호사를 그만두고\n탐정이 됐는지도……
0x00109707	3	【아사츠유】\n좋아.\n그럼 어디서부터 이야기할까……
0x00109799	2	【아사츠유】\n법조계가 뭔지는 알고 있지?
0x001097e7	4	【코우지】\n변호사나 검사, 재판관처럼\n법률과 관련된 사람들의\n세계라는 거죠?
0x0010985d	4	【아사츠유】\n응, 그래.\n우리 집안은 법조계에 종사하는\n사람이 많은 가문이었어.
0x001098d7	3	【아사츠유】\n아까 말한 변호사나 검사뿐 아니라\n경찰 관료도 많이 배출했지.
0x00109976	3	【아사츠유】\n그래서 나도 아무 생각 없이……\n라고 말하면 조금 어폐가 있겠네.
0x001099fe	4	【아사츠유】\n아무튼\n마치 숨 쉬는 것처럼 당연하게\n변호사 자격을 땄어.
0x00109a67	4	【코우지】\n……왠지\n지금의 아사츠유 씨로서는\n상상하기 어렵네요.
0x00109aca	4	【아사츠유】\n그렇겠지.\n당시의 나는 완전히\n집안의 체면에 지배당했으니까.
0x00109b35	4	【아사츠유】\n그래서 변호사가 되는 것 자체가\n목적이 되어 버렸고\n그다음은 생각하지 않았어.
0x00109bc0	4	【아사츠유】\n사법시험에 합격하자\n앞으로 어떻게 해야 할지\n갑자기 모르겠더라……
0x00109c4a	4	【아사츠유】\n그때서야 비로소 내 인생에 대해\n생각하기 시작했어.\n그 이야기를 남편에게 했더니……
0x00109cba	5	【아사츠유】\n‘변호사가 됐다면\n범죄자의 죄를 가볍게 하는\n형사 재판에서 실력을\n갈고닦아라’고 말하더라.
0x00109d66	2	【아사츠유】\n그 말을 듣고 깜짝 놀랐어.
0x00109df5	5	【코우지】\n……저도 그건 좀 그렇다고\n생각해요.\n아사츠유 씨도 그 말에\n실망하신 거죠?
0x00109e74	5	【코우지】\n‘범죄자의 죄를 가볍게 한다’……\n체포된 사람을\n처음부터 범죄자라고 단정하는 건\n좀 이상하다고 생각해요.
0x00109ef4	4	【코우지】\n특히 제가 지금처럼\n무죄를 호소하려는 입장이라면\n더 그렇죠.
0x00109f5b	4	【아사츠유】\n그래……\n그 말을 듣고서야\n깨달았어.
0x00109fb9	6	【아사츠유】\n이 사람들은\n관련된 사람들을 구하기 위해서가\n아니라\n자기들 체면을 세우려고\n나를 변호사로 만든 거였구나.
0x0010a05c	4	【아사츠유】\n아니,\n그 부분은 딱히 신경 쓰이지\n않았어.
0x0010a0cf	4	【아사츠유】\n내가 깜짝 놀란 건\n‘범죄자의 죄를 가볍게 한다’……\n라는 부분이야.
0x0010a13d	5	【아사츠유】\n‘범죄자의 죄를 가볍게 한다’……\n체포된 사람을\n처음부터 범죄자라고 단정하는 건\n이상하다고 생각하지 않아?
0x0010a1bc	4	【코우지】\n……그렇네요.\n제가 지금 이런 처지라서\n더욱 그렇게 생각해요.
0x0010a223	3	【아사츠유】\n그 말을 듣고서야\n깨달았어.
0x0010a27a	6	【아사츠유】\n이 사람들은\n관련된 사람들을 구하기 위해서가\n아니라\n자기들 체면을 세우려고\n나를 변호사로 만든 거였구나.
0x0010a318	4	【아사츠유】\n그렇다고 당시의 나는\n부모님에게 정면으로\n반항할 용기가 없었어……
0x0010a3af	4	【아사츠유】\n그래도…… 역시\n마음으로 납득할 수는\n없었으니까……
0x0010a444	5	【아사츠유】\n부모님이 원하던 형사 사건이\n아니라 민사 사건을 맡는 변호사가\n되려고 기업의 고문 변호사가 된\n거야.
0x0010a515	3	【아사츠유】\n그게 당시 내가 할 수 있는\n최대한의 반항이었어.
0x0010a577	3	【코우지】\n부모님은\n반대하지 않으셨어요?
0x0010a5cd	5	【아사츠유】\n그렇지.\n그 사람들에게는 민사보다 형사가\n격이 높다는\n시시한 편견이 있었거든.
0x0010a676	4	【아사츠유】\n하지만 내가 완강히 물러서지 않는\n걸 보고\n조건부로 허락해 주셨어.
0x0010a6dc	3	【코우지】\n조건부요?\n어떤 조건인데요?
0x0010a749	3	【아사츠유】\n부모님이 소개하는 기업의\n고문 변호사가 되는 것.
0x0010a7b5	3	【코우지】\n그게\n시라카와 그룹이었던 거군요.
0x0010a80d	4	【아사츠유】\n그래.\n결국 부모님이 깔아 놓은 길에서\n벗어나지는 못했어.
0x0010a88f	5	【아사츠유】\n하지만 말이야…… 그래도\n처음으로 내가 선택한 길이었으니까\n아주 조금이나마\n필사적으로 노력했어.
0x0010a935	4	【아사츠유】\n시라카와 그룹은 당시\n엄청난 기세로 성장하고 있었지만\n뒤로는 상당히 더러운 짓도 했어.
0x0010a9af	3	【아사츠유】\n덕분에\n형사 사건을 맡은 적도 있었지.
0x0010aa32	4	【아사츠유】\n뒤에서 벌이던 일이 도를 넘어서\n이른바 희생자도\n몇 명 나오고 말았어……
0x0010aa99	3	【코우지】\n시라카와 그룹에는\n겉과 속의 얼굴이 있다는 건가요?
0x0010ab0f	3	【아사츠유】\n기업의 체질이라기보다\n최고 책임자가 그랬다는 거야.
0x0010ab68	3	【코우지】\n최고 책임자라면……\n시라카와 이치로 씨 말이죠?
0x0010abc4	4	【아사츠유】\n그래.\n그래서 그 사람과\n꽤 맞붙었어.
0x0010ac1f	5	【아사츠유】\n하지만 부모님 문제도 있었으니까\n시라카와 그룹의 고문 변호사를\n그만두겠다는 생각은\n한 번도 하지 않았어.
0x0010ac98	3	【코우지】\n하지만 결국 그만둔 거죠?\n왜 그랬어요?
0x0010ad0c	2	【아사츠유】\n…………
0x0010ad52	3	【아사츠유】\n그저 내가 어렸어……\n그뿐이야.
0x0010ad98	3	【코우지】\n(이렇게 슬픈 표정의\n아사츠유 씨는 본 적이 없어……)
0x0010ae15	4	【아사츠유】\n……뭐, 그런 이유로\n시라카와와는 여러 가지\n악연이 있는 거야.
0x0010aed1	3	【아사츠유】\n……아, 안 되겠다!\n슬슬 가야겠어!
0x0010af1e	3	【코우지】\n……지난번에도 바빠 보이셨는데,\n요즘은 무슨 일을 하고 계세요?
0x0010afa4	5	【아사츠유】\n사람을 찾고 있어.\n그 사람에 관한 중요한 정보를\n쥐고 있는 정보상과\n이따가 만나기로 했거든.
0x0010b022	3	【코우지】\n사람 찾기라……\n성가시겠네요……
0x0010b071	3	【코우지】\n저는 아무것도 못 하지만\n힘내세요.
0x0010b0e5	3	【아사츠유】\n나도 감옥 안에 있는 사람을\n부려먹을 생각은 없어.
0x0010b169	4	【아사츠유】\n하지만 빨리 이쪽으로 돌아와.\n그때는 실컷\n부려먹어 줄 테니까.
0x0010b1cb	2	【코우지】\n네, 네에……
0x0010b22c	2	【아사츠유】\n후후, 그럼 또 봐.
0x0010b2c6	5	【코우지】\n……옛날 이야기를 할 때의\n아사츠유 씨 표정은\n내가 알고 있는 아사츠유 씨가\n아니었어……
0x0010b5d2	3	【아사츠유】\n헬로!\n잘 지냈어?
0x0010b612	2	【코우지】\n음, 그럭저럭이죠.
0x0010b657	4	【코우지】\n아사츠유 씨야말로\n사람을 찾느라 바쁘다고\n말씀하셨잖아요……?
0x0010b6e5	5	【아사츠유】\n음, 이쪽도 그럭저럭이려나.\n후후, 우리 둘 다\n그럭저럭 지내고 있네.\n완벽하다고는 말할 수 없지만.
0x0010b753	3	【코우지】\n그렇게 대놓고 완벽하다고는\n말할 수 없죠.
0x0010b79d	5	【코우지】\n정말 잘 풀리고 있을 때라도\n그 완벽함이 나중에는 맹점이\n되니까요.\n그렇지 않아요?
0x0010b82b	4	【아사츠유】\n응, 바로 그런 거야.\n코우 짱도 이제\n좀 알아가는구나.
0x0010b87f	3	【코우지】\n그래도 제 사건 이야기는\n꺼내지 말아 주세요~……
0x0010b8f7	3	【아사츠유】\n조사하고 있어.\n사람 찾기와 병행해서 말이야.
0x0010b94d	4	【코우지】\n어, 그랬어요?\n뭔가 좋은 정보라도\n들어왔나요……?
0x0010b9c9	2	【아사츠유】\n그렇게 쉽게는 안 되지~!
0x0010ba27	5	【아사츠유】\n‘그런 건 직접……’이라고\n말하고 싶은 참이지만,\n아직 쓸 만한 수준의 정보는\n없다는 게 솔직한 심정이야.
0x0010baa6	2	【아사츠유】\n하지만 말이야……
0x0010bb04	3	【아사츠유】\n너를 범죄자로 만들지는 않을 거야.\n절대로.
0x0010bb50	2	【코우지】\n……아사츠유 씨.
0x0010bb8d	3	【코우지】\n(이 표정은\n최근에 한 번 본 적이 있어.)
0x0010bbdc	4	【코우지】\n(그래…… 예전 접견에서\n아사츠유 씨의 과거에 대해\n들었을 때……)
0x0010bc3f	4	【코우지】\n그런 말씀 마세요.\n저도 범죄자가 될 생각은\n없으니까요.
0x0010bcbe	4	【아사츠유】\n……후후, 그렇지.\n코우 짱은 코우 짱대로\n열심히 하고 있으니까.
0x0010bd3b	3	【아사츠유】\n하지만 말이야,\n정말 일이 생기면 내가……
0x0010bd81	3	【코우지】\n아사츠유 씨.\n이건 제 사건이에요.
0x0010bde2	2	【아사츠유】\n……!
0x0010be19	4	【코우지】\n(왜일까.\n그다음 말을 하게 해서는 안 된다는\n느낌이 들었어……)
0x0010be71	4	【코우지】\n아사츠유 씨는 사람 찾기에\n집중하세요.\n괜찮아요, 저를 믿어 주세요.
0x0010bf08	3	【아사츠유】\n……후후, 듬직해졌구나,\n코우 짱……
0x0010bf57	4	【코우지】\n……그런 말을 들으면\n마치 어머니에게 칭찬받는\n기분이에요.
0x0010bfdd	3	【아사츠유】\n뭐, 나는 보호자 대신 같은\n사람이기도 하니까.
0x0010c02c	3	【코우지】\n……그 말에 반박할 수 없는 게\n조금 슬프지만……
0x0010c0db	3	【아사츠유】\n슬슬 코우 짱에게는\n이야기해 둬도 될까……
0x0010c128	2	【코우지】\n네? 무슨 이야기예요?
0x0010c18d	3	【아사츠유】\n내가 변호사를 그만둔 이유……\n지난번에 듣고 싶어 했잖아?
0x0010c1f6	4	【아사츠유】\n……나 말이야, 예전에 심장병을\n앓았어.\n아니, 과거형은 아니네.
0x0010c283	4	【아사츠유】\n지금도 약을 계속 먹고 있으니까\n현재진행형이라고 해도\n맞을지도 모르겠어.
0x0010c2e3	2	【코우지】\n……무슨 뜻인가요?
0x0010c349	3	【아사츠유】\n심장병을 앓은 건 2000년\n말이야.
0x0010c3ae	5	【아사츠유】\n거리를 평소처럼 걷고 있는데\n갑자기 심장이 심하게 두근거리더니\n그대로 쓰러졌어.\n정신을 차려 보니 병원 침대였지.
0x0010c446	3	【아사츠유】\n거기서 의사에게 들었어.\n이대로라면 길어야 몇 년이라고.
0x0010c4a7	5	【아사츠유】\n정말 충격이었던 건\n심장병이라는 사실을 시라카와\n이치로에게 알렸을 때,\n그걸 이유로 해고당한 일이었어……
0x0010c52d	4	【아사츠유】\n필사적으로 공부해서 변호사가\n됐는데 병 하나로 모든 것이\n부정당한 거야……
0x0010c5c5	4	【아사츠유】\n자포자기 상태였던 거겠지……\n그때의 나는\n죽어도 좋다고 생각했어.
0x0010c633	3	【코우지】\n……하지만 아사츠유 씨는 살아\n있잖아요.
0x0010c6a0	4	【아사츠유】\n그래……\n나를 격려해 주는\n사람이 있었으니까……
0x0010c6f6	2	【코우지】\n…………
0x0010c73c	5	【아사츠유】\n멋진 사람이었어.\n상냥하고 머리도 좋았지.\n풀이 죽은 나를 보고\n여러모로 잘해 줬어.
0x0010c7e1	3	【아사츠유】\n하지만 그건\n애정이 아니라 동정이었어.
0x0010c839	5	【아사츠유】\n그에게는 따로 좋아하는 사람이\n있었어.\n학생 시절부터\n계속 좋아했던 모양이야……
0x0010c8a7	3	【아사츠유】\n내가 끼어들 여지는\n전혀 없었어.
0x0010c923	3	【아사츠유】\n그래도…… 둘만 있을 수 있는\n시간이 기뻤어……
0x0010c99d	4	【아사츠유】\n덕분에 내 안의\n죽고 싶다는 마음이\n점점 희미해졌어……
0x0010ca0d	5	【아사츠유】\n그걸 당시 다니던 병원의\n간호사에게 말했더니\n당장이라도 수혜자 등록을\n하는 게 좋다고 권하더라.
0x0010ca89	2	【코우지】\n수혜자 등록?
0x0010cb04	4	【아사츠유】\n심장 이식을 받으려면\n수혜자로 등록하고\n기증자를 기다리게 돼.
0x0010cb73	4	【코우지】\n그렇군요.\n심장 이식을 받을 결심을\n그때 굳혔다는 거군요.
0x0010cbda	2	【아사츠유】\n응, 그래.
0x0010cc39	5	【아사츠유】\n그리고 몇 년이 지나,\n내 심장이 비명을 지르기 시작할\n무렵,\n기증자가 나타나 줬어.
0x0010ccd2	3	【아사츠유】\n그래서 나는\n지금도 살아갈 수 있는 거야……
0x0010cd1d	2	【코우지】\n…………
0x0010cd7c	4	【아사츠유】\n지금 내 목숨을 지탱해 주는 심장은\n다른 사람에게서 받은 것……\n아무리 감사해도 부족해……
0x0010cde9	3	【코우지】\n……왜 갑자기 그 이야기를\n저한테 하실 마음이 든 거예요?
0x0010ce62	5	【아사츠유】\n글쎄, 왜일까.\n굳이 말하자면\n이야기하려면 지금밖에 없다고\n생각했기 때문……일까.
0x0010ceed	4	【아사츠유】\n왠지 코우 짱이 이쪽으로 나오면\n지금까지처럼 서로 놀리는 사이로\n돌아가 버릴 것 같아서 말이야.
0x0010cf5b	2	【코우지】\n아하하, 그건 좀 봐 주세요.
0x0010cfa7	3	【코우지】\n……그래도 저는 기뻤어요.\n그런 이야기까지 해 주셔서……
0x0010d001	3	【코우지】\n아사츠유 씨를 전보다 훨씬 가까운\n사람처럼 느끼게 됐고요.
0x0010d060	3	【코우지】\n이제 아사츠유 씨는 제 어머니……\n아니, 누나 같은 사람이니까요.
0x0010d0e6	2	【아사츠유】\n……좋아, 어머니라고 해.
0x0010d128	2	【코우지】\n아니, 아무리 그래도 그건……
0x0010d190	3	【아사츠유】\n……어쨌든 우선은 면회네.\n나오는 날 기다리고 있을게.
0x0010d1e7	3	【코우지】\n네.\n최선을 다해 볼게요.
0x0010d227	4	【코우지】\n(…아사츠유 씨에게는 여러 가지\n묻고 싶은 게 있지만,\n그건 석방된 뒤에 물어봐도 돼.)
0x0010d290	3	【코우지】\n(…우선 내가 여기서\n나가야 해……)
0x0010d52e	1	［『변호사가 됐다면』 부분］
0x0010d54d	2	［『범죄자의 죄를 가볍게 한다』\n부분］
0x0010d56e	1	［『실력을 갈고닦아라』 부분］
0x0010d5f2	3	【아사츠유】\n헬로!\n잘 지냈어?
0x0010d632	3	【코우지】\n아사츠유 씨!\n오랜만이에요!
0x0010d69c	4	【아사츠유】\n어머, 오랜만이라니 인사 한번\n잘하네.\n더 자주 오라는 재촉이야?
0x0010d70d	4	【코우지】\n아, 아니, 뭐……\n그게, 아무튼 정보가\n필요하거든요.
0x0010d772	5	【아사츠유】\n마음은 알겠지만 말이야.\n그렇다고 그런 건 아니고,\n나 나름대로 이 사건을\n수사하고 있어.
0x0010d7e9	2	【코우지】\n네? 정말이에요?
0x0010d834	5	【아사츠유】\n정말이야.\n……그렇다고 해도\n지금은 다른 일도 있어서\n병행하고 있는 느낌이지만.
0x0010d8c9	4	【아사츠유】\n거기서 알게 된 건 하나야.\n아무래도 이 사건은\n내 과거와도 관련이 있다는 거지.
0x0010d930	3	【코우지】\n아사츠유 씨의 과거와 관련이……?\n그게 무슨 뜻이에요?
0x0010d9ad	2	【아사츠유】\n…………
0x0010d9e6	4	【코우지】\n뭐, 뭡니까?\n제 얼굴을 그렇게 빤히\n보시고……!?
0x0010da5e	3	【아사츠유】\n코우 짱의 그렇게 진지한 표정은\n별로 본 적이 없어서 말이야……
0x0010dac4	2	【아사츠유】\n좋은 얼굴을 하고 있구나 싶었어.
0x0010db06	4	【코우지】\n아, 참……\n이제 와서 제가 탐정이라는 걸\n알아챈 거예요?
0x0010db86	3	【아사츠유】\n……농담을 할 수 있을 정도라면\n아직 팔팔하네.
0x0010dc07	4	【아사츠유】\n뭐, 좋아.\n내 과거에 대해\n이야기해 줄게……
0x0010dc66	4	【아사츠유】\n……그런데 그전에\n코우 짱은 지금\n나에 대해 어디까지 알고 있니?
0x0010dcd5	3	【아사츠유】\n예를 들면 내가 탐정이 되기 전에\n무슨 일을 했는지 알고 있어?
0x0010dd44	3	【코우지】\n아사츠유 씨의 예전 직업인가요?\n그건……
0x0010de59	3	【아사츠유】\n딩동!\n제법인데.
0x0010de9e	3	【코우지】\n뭐, 이 정도는\n기억하고 있죠.
0x0010df09	4	【아사츠유】\n하지만 그건\n나도 용의자로\n보고 있기 때문이겠지.
0x0010df65	2	【코우지】\n…………
0x0010dfab	5	【아사츠유】\n후후, 괜찮아.\n우리는 탐정이잖아.\n설령 가족이라도 수상하다고\n생각되면 철저히 조사해야 해.
0x0010e020	2	【코우지】\n……네.
0x0010e059	4	【코우지】\n……그때 일을 들려주시겠어요?\n그리고 왜 변호사를 그만두고\n탐정이 됐는지도……
0x0010e0f8	5	【아사츠유】\n땡, 아니야.\n정확히 말하자면……이라고 하면\n조금 표현이 가벼워지지만,\n나는 예전에 변호사였어.
0x0010e19d	4	【아사츠유】\n그것도\n시라카와 그룹의 고문 변호사를\n말이지.
0x0010e201	3	【코우지】\n시…… 시라카와 그룹의 변호사!?\n아사츠유 씨가!?
0x0010e265	3	【아사츠유】\n얼굴빛이 변했네.\n그렇지, 듣고 싶지?
0x0010e2b5	4	【코우지】\n……그때 일을 들려주시겠어요?\n그리고 왜 변호사를 그만두고\n탐정이 됐는지도……
0x0010e34f	3	【아사츠유】\n좋아.\n그럼 어디서부터 이야기할까……
0x0010e3e8	2	【아사츠유】\n법조계가 뭔지는 알고 있지?
0x0010e436	4	【코우지】\n변호사나 검사, 재판관처럼\n법률과 관련된 사람들의\n세계라는 거죠?
0x0010e4ac	4	【아사츠유】\n응, 그래.\n우리 집안은 법조계에 종사하는\n사람이 많은 가문이었어.
0x0010e526	3	【아사츠유】\n아까 말한 변호사나 검사뿐 아니라\n경찰 관료도 많이 배출했지.
0x0010e5c5	3	【아사츠유】\n그래서 나도 아무 생각 없이……\n라고 말하면 조금 어폐가 있겠네.
0x0010e64d	4	【아사츠유】\n아무튼\n마치 숨 쉬는 것처럼 당연하게\n변호사 자격을 땄어.
0x0010e6b6	4	【코우지】\n……왠지\n지금의 아사츠유 씨로서는\n상상하기 어렵네요.
0x0010e719	4	【아사츠유】\n그렇겠지.\n당시의 나는 완전히\n집안의 체면에 지배당했으니까.
0x0010e784	4	【아사츠유】\n그래서 변호사가 되는 것 자체가\n목적이 되어 버렸고\n그다음은 생각하지 않았어.
0x0010e80f	4	【아사츠유】\n사법시험에 합격하자\n앞으로 어떻게 해야 할지\n갑자기 모르겠더라……
0x0010e899	4	【아사츠유】\n그때서야 비로소 내 인생에 대해\n생각하기 시작했어.\n그 이야기를 남편에게 했더니……
0x0010e909	5	【아사츠유】\n‘변호사가 됐다면\n범죄자의 죄를 가볍게 하는\n형사 재판에서 실력을\n갈고닦아라’고 말하더라.
0x0010e9b5	2	【아사츠유】\n그 말을 듣고 깜짝 놀랐어.
0x0010ea38	5	【코우지】\n……저도 그건 좀 그렇다고\n생각해요.\n아사츠유 씨도 그 말에\n실망하신 거죠?
0x0010eab2	5	【코우지】\n‘범죄자의 죄를 가볍게 한다’……\n체포된 사람을\n처음부터 범죄자라고 단정하는 건\n좀 이상하다고 생각해요.
0x0010eb32	4	【코우지】\n특히 제가 지금처럼\n무죄를 호소하려는 입장이라면\n더 그렇죠.
0x0010eb99	4	【아사츠유】\n그래……\n그 말을 듣고서야\n깨달았어.
0x0010ebf7	6	【아사츠유】\n이 사람들은\n관련된 사람들을 구하기 위해서가\n아니라\n자기들 체면을 세우려고\n나를 변호사로 만든 거였구나.
0x0010ec9a	4	【아사츠유】\n아니,\n그 부분은 딱히 신경 쓰이지\n않았어.
0x0010ed0d	4	【아사츠유】\n내가 깜짝 놀란 건\n‘범죄자의 죄를 가볍게 한다’……\n라는 부분이야.
0x0010ed7b	5	【아사츠유】\n‘범죄자의 죄를 가볍게 한다’……\n체포된 사람을\n처음부터 범죄자라고 단정하는 건\n이상하다고 생각하지 않아?
0x0010edfa	4	【코우지】\n……그렇네요.\n제가 지금 이런 처지라서\n더욱 그렇게 생각해요.
0x0010ee61	3	【아사츠유】\n그 말을 듣고서야\n깨달았어.
0x0010eeb8	6	【아사츠유】\n이 사람들은\n관련된 사람들을 구하기 위해서가\n아니라\n자기들 체면을 세우려고\n나를 변호사로 만든 거였구나.
0x0010ef56	4	【아사츠유】\n그렇다고 당시의 나는\n부모님에게 정면으로\n반항할 용기가 없었어……
0x0010efed	4	【아사츠유】\n그래도…… 역시\n마음으로 납득할 수는\n없었으니까……
0x0010f082	5	【아사츠유】\n부모님이 원하던 형사 사건이\n아니라 민사 사건을 맡는 변호사가\n되려고 기업의 고문 변호사가 된\n거야.
0x0010f153	3	【아사츠유】\n그게 당시 내가 할 수 있는\n최대한의 반항이었어.
0x0010f1b5	3	【코우지】\n부모님은\n반대하지 않으셨어요?
0x0010f20b	5	【아사츠유】\n그렇지.\n그 사람들에게는 민사보다 형사가\n격이 높다는\n시시한 편견이 있었거든.
0x0010f2b4	4	【아사츠유】\n하지만 내가 완강히 물러서지 않는\n걸 보고\n조건부로 허락해 주셨어.
0x0010f31a	3	【코우지】\n조건부요?\n어떤 조건인데요?
0x0010f387	3	【아사츠유】\n부모님이 소개하는 기업의\n고문 변호사가 되는 것.
0x0010f3f3	3	【코우지】\n그게\n시라카와 그룹이었던 거군요.
0x0010f44a	4	【아사츠유】\n그래.\n결국 부모님이 깔아 놓은 길에서\n벗어나지는 못했어.
0x0010f4cc	5	【아사츠유】\n하지만 말이야…… 그래도\n처음으로 내가 선택한 길이었으니까\n아주 조금이나마\n필사적으로 노력했어.
0x0010f572	4	【아사츠유】\n시라카와 그룹은 당시\n엄청난 기세로 성장하고 있었지만\n뒤로는 상당히 더러운 짓도 했어.
0x0010f5ec	3	【아사츠유】\n덕분에\n형사 사건을 맡은 적도 있었지.
0x0010f66f	4	【아사츠유】\n뒤에서 벌이던 일이 도를 넘어서\n이른바 희생자도\n몇 명 나오고 말았어……
0x0010f6dd	3	【코우지】\n시라카와 그룹에는\n겉과 속의 얼굴이 있다는 건가요?
0x0010f753	3	【아사츠유】\n기업의 체질이라기보다\n최고 책임자가 그랬다는 거야.
0x0010f7ac	3	【코우지】\n최고 책임자라면……\n시라카와 이치로 씨 말이죠?
0x0010f808	4	【아사츠유】\n그래.\n그래서 그 사람과\n꽤 맞붙었어.
0x0010f863	5	【아사츠유】\n하지만 부모님 문제도 있었으니까\n시라카와 그룹의 고문 변호사를\n그만두겠다는 생각은\n한 번도 하지 않았어.
0x0010f8dc	3	【코우지】\n하지만 결국 그만둔 거죠?\n왜 그랬어요?
0x0010f952	2	【아사츠유】\n…………
0x0010f998	3	【아사츠유】\n그저 내가 어렸어……\n그뿐이야.
0x0010f9de	3	【코우지】\n(이렇게 슬픈 표정의\n아사츠유 씨를 본 적이 없어……)
0x0010fa5b	4	【아사츠유】\n……뭐, 그런 이유로\n시라카와와는 여러 가지\n악연이 있는 거야.
0x0010faec	3	【아사츠유】\n……아, 안 되겠다!\n슬슬 가야겠어!
0x0010fb39	3	【코우지】\n……지난번에도 바빠 보이셨는데,\n요즘은 무슨 일을 하고 계세요?
0x0010fbbf	5	【아사츠유】\n사람을 찾고 있어.\n그 사람에 관한 중요한 정보를\n쥐고 있는 정보상과\n이따가 만나기로 했거든.
0x0010fc3d	3	【코우지】\n사람 찾기라……\n성가시겠네요……
0x0010fc8c	3	【코우지】\n그래도 제 사건도\n잊지 말아 주세요~!
0x0010fce7	4	【아사츠유】\n조사하고 있어.\n지금은 어디까지나\n사람 찾기와 병행해서 말이야.
0x0010fd52	2	【아사츠유】\n하지만 말이야……
0x0010fdb0	3	【아사츠유】\n너를 범죄자로 만들지는 않을 거야.\n절대로.
0x0010fdfc	4	【코우지】\n그런 말씀 마세요.\n저도 범죄자가 될 생각은\n없으니까요.
0x0010fe7b	4	【아사츠유】\n……후후, 그렇지.\n코우 짱은 코우 짱대로\n열심히 하고 있으니까.
0x0010fef8	3	【아사츠유】\n하지만 말이야,\n정말 일이 생기면 내가……
0x0010ff3e	3	【코우지】\n아사츠유 씨.\n이건 제 사건이에요.
0x0010ff9f	2	【아사츠유】\n……!
0x0010ffd6	4	【코우지】\n(왜일까.\n그다음 말을 하게 해서는 안 된다는\n느낌이 들었어……)
0x0011002e	4	【코우지】\n아사츠유 씨는 사람 찾기에\n집중해 주세요.\n괜찮아요, 저를 믿으세요.
0x001100c5	3	【아사츠유】\n……후후, 듬직해졌구나,\n코우 짱……
0x00110114	4	【코우지】\n……그런 말을 들으면\n마치 어머니에게 칭찬받는\n기분이에요.
0x0011019a	3	【아사츠유】\n뭐, 나는 보호자 대신 같은\n사람이기도 하니까.
0x001101e9	3	【코우지】\n……그 말에 반박할 수 없는 게\n조금 슬프지만……
0x0011026d	3	【아사츠유】\n역시 코우 짱에게는\n말해 둬도 될 것 같아……
0x001102ba	2	【코우지】\n네? 무슨 이야기예요?
0x0011031f	3	【아사츠유】\n내가 변호사를 그만둔 이유……\n아까, 듣고 싶어 했잖아?
0x0011037a	3	【코우지】\n아, 네……\n하지만 말하고 싶지 않으시다면……
0x001103ea	3	【아사츠유】\n아니, 말해 둘게.\n오히려 말하고 싶어.
0x00110436	3	【코우지】\n……알겠습니다.\n부탁드릴게요.
0x001104a3	4	【아사츠유】\n……나 말이야, 예전에 심장병을\n앓았어.\n아니, 과거형은 아니네.
0x00110530	4	【아사츠유】\n지금도 약을 계속 먹고 있으니까\n현재진행형이라고 해도\n맞을지도 모르겠어.
0x00110590	2	【코우지】\n……무슨 뜻인가요?
0x001105f6	3	【아사츠유】\n심장병을 앓은 건 2000년\n말이야.
0x00110692	5	【아사츠유】\n평소처럼 길을 걷고 있는데\n갑자기 심장이 심하게 두근거렸고,\n그대로 쓰러졌어.\n정신을 차려 보니 병원 침대였지.
0x0011072b	3	【아사츠유】\n거기서 의사에게 들었어.\n이대로라면 길어야 몇 년이라고.
0x0011078c	5	【아사츠유】\n정말 충격이었던 건\n심장병이라는 사실을 시라카와\n이치로에게 알렸을 때,\n그걸 이유로 해고당한 일이었어……
0x00110812	4	【아사츠유】\n필사적으로 공부해서 변호사가\n됐는데 병 하나로 모든 것이\n부정당한 거야……
0x00110891	4	【아사츠유】\n자포자기 상태였던 거겠지……\n그때의 나는\n죽어도 좋다고 생각했어.
0x001108ff	3	【코우지】\n……하지만 아사츠유 씨는 살아\n있잖아요.
0x0011096c	4	【아사츠유】\n그래……\n나를 격려해 주는\n사람이 있었으니까……
0x001109c2	2	【코우지】\n…………
0x00110a08	5	【아사츠유】\n멋진 사람이었어.\n상냥하고 머리도 좋았지.\n풀이 죽은 나를 보고\n여러모로 잘해 줬어.
0x00110aad	3	【아사츠유】\n하지만 그건\n애정이 아니라 동정이었어.
0x00110b05	5	【아사츠유】\n그에게는 따로 좋아하는 사람이\n있었어.\n학생 시절부터\n계속 좋아했던 모양이야……
0x00110b73	3	【아사츠유】\n내가 끼어들 여지는\n전혀 없었어.
0x00110bef	3	【아사츠유】\n그래도…… 둘만 있을 수 있는\n시간이 기뻤어……
0x00110c69	4	【아사츠유】\n덕분에 내 안의\n죽고 싶다는 마음이\n점점 희미해졌어……
0x00110cd9	5	【아사츠유】\n그걸 당시 다니던 병원의\n간호사에게 말했더니\n당장이라도 수혜자 등록을\n하는 게 좋다고 권하더라.
0x00110d56	2	【코우지】\n수혜자 등록?
0x00110dd1	4	【아사츠유】\n심장 이식을 받으려면\n수혜자로 등록하고\n기증자를 기다리게 돼.
0x00110e40	4	【코우지】\n그렇군요.\n심장 이식을 받을 결심을\n그때 굳혔다는 거군요.
0x00110ea7	2	【아사츠유】\n응, 그래.
0x00110f06	5	【아사츠유】\n그리고 몇 년이 지나,\n내 심장이 비명을 지르기 시작할\n무렵,\n기증자가 나타나 줬어.
0x00110f9f	3	【아사츠유】\n그래서 나는\n지금도 살아갈 수 있는 거야……
0x00110fea	2	【코우지】\n…………
0x00111049	4	【아사츠유】\n지금 내 목숨을 지탱해 주는 심장은\n다른 사람에게서 받은 것……\n아무리 감사해도 부족해……
0x001110b6	3	【코우지】\n……왜 갑자기 그 이야기를\n저한테 하실 마음이 든 거예요?
0x0011112f	5	【아사츠유】\n글쎄, 왜일까.\n굳이 말하자면\n이야기하려면 지금밖에 없다고\n생각했기 때문……일까.
0x001111ba	4	【아사츠유】\n왠지 코우 짱이 이쪽으로 나오면\n지금까지처럼 서로 놀리는 사이로\n돌아가 버릴 것 같아서 말이야.
0x00111228	2	【코우지】\n아하하, 그건 좀 봐 주세요.
0x00111274	3	【코우지】\n……그래도 저는 기뻤어요.\n그런 이야기까지 해 주셔서……
0x001112ce	3	【코우지】\n아사츠유 씨를 전보다 훨씬 가까운\n사람처럼 느끼게 됐고요.
0x0011132d	3	【코우지】\n이제 아사츠유 씨는 제 어머니……\n아니, 누나 같은 사람이니까요.
0x001113b3	2	【아사츠유】\n……좋아, 어머니라고 해.
0x001113f5	2	【코우지】\n아니, 아무리 그래도 그건……
0x0011145d	3	【아사츠유】\n……어쨌든 우선은 면회네.\n나오는 날 기다리고 있을게.
0x001114b4	3	【코우지】\n네.\n최선을 다해 볼게요.
0x001114f3	4	【코우지】\n(…아사츠유 씨에게는 여러 가지\n묻고 싶은 게 있지만,\n그건 석방된 뒤에 물어봐도 돼.)
0x0011155c	3	【코우지】\n(…우선 내가 여기서\n나가야 해……)
0x00111897	2	【남자】\n어이, 잘 지냈나, 사이토 군.
0x001118dd	3	【코우지】\n죄송합니다,\n접견은 이걸로 끝내겠습니다.
0x00111995	5	【남자】\n마, 기다리게!\n그 자식의 태도가 뭐야!\n입회 담당 직원도\n깜짝 놀라고 있잖나!
0x00111a28	5	【남자】\n네 친구가 일부러 이렇게\n병문안을 왔는데,\n그렇게 무례한 태도는\n없지 않나!
0x00111a9c	3	【코우지】\n무슨 병문안이야.\n놀리러 온 것뿐이잖아.
0x00111b28	4	【남자】\n흐, 흠, 그렇다고도 하지.\n드디어 내 마음이 보답받을 때가\n왔으니까 말이야.
0x00111b8f	2	【코우지】\n뭐야, 그 마음이라는 건?
0x00111bde	5	【남자】\n그야 뻔하지.\n그 시절, 무슨 일만 생기면\n늘 내 앞을 가로막던 네가……\n아, 쓸데없는 참견이군!
0x00111c7a	5	【남자】\n애초에 지금 너는 우리 아버지에게\n신세를 지고 있으면서,\n나한테 고맙다는 말 한마디도\n없나!
0x00111ceb	6	【코우지】\n뭐, 확실히 누마사키 에이타로\n변호사님께는 한 번 인사하고\n싶지만,\n그 아들에 불과한 철부지 도련님\n신타로 군에게는 특히 아무것도……
0x00111dad	4	【신타로】\n흥.\n너한테는 아무 기억이 없어도,\n나한테는 아주 많이 남아 있어.
0x00111e2b	3	【신타로】\n내 화려한 인생에서\n네 존재만이 유일한 오점이야.
0x00111ec3	5	【신타로】\n그런 네가\n구치소에 들어가 있다니,\n이 멋진 일을 내 눈으로 보지 않고\n배길 수 있겠어!
0x00111f33	5	【코우지】\n음……\n어째서 내가 그렇게까지\n네 눈엣가시가 된 건지는\n모르겠지만……
0x00111fc6	5	【신타로】\n……말도 꺼내지 않겠다.\n그건 내가 노리코 군과 단둘이\n식사하자고 초대했을 때의\n일이야……
0x00112049	5	【신타로】\n그런데 네가 웬일인지\n슬금슬금 따라오더니,\n심지어 네 몫까지 내가\n한턱내게 됐지……
0x001120aa	5	【코우지】\n하지만 그건\n‘누마사키 군이 사 준다니까\n같이 가자’고 노리코가 말해서\n따라간 것뿐인데?
0x00112128	3	【코우지】\n너, 정말 둘만이라는 전제로\n노리코를 꾄 거냐?
0x001121aa	3	【신타로】\n윽…… 둘만이라고 하면\n경계할까 싶어서……
0x0011220b	2	【코우지】\n…………
0x0011226a	5	【신타로】\n그것뿐만이 아니야!\n기억나?\n가세 교수의 가발 분실 사건\n때도……
0x001122e9	4	【신타로】\n모처럼 내가 기회다 싶어\n네가 범인이라고 거짓 증언까지\n하고 있었는데……
0x00112371	5	【신타로】\n네가 멋지게 진범을 찾아내서\n모두에게 극찬받고……\n내 계획대로라면 너는 모두에게\n웃음거리가 될 예정이었는데!
0x001123fe	2	【코우지】\n그건 아쉽게 됐네……
0x00112456	4	【코우지】\n……아니, 너였냐!\n그 사건에서\n나한테 누명을 씌운 게!
0x001124be	5	【코우지】\n뭐, 그래도 그건 그거대로\n재미있었지만.\n날 함정에 빠뜨리려면 좀 더\n교묘한 함정을 파는 게 좋을걸.
0x0011255a	4	【신타로】\n큭……\n그, 그런 걸로 이겼다고\n생각하지 마!
0x001125b7	3	【신타로】\n노리코 군은 지금\n내 곁에 있어!
0x00112603	4	【코우지】\n하지만 지금은 제 담당 변호사야.\n가까운 사람이라는 의미라면\n나도 지지 않아.
0x00112689	2	【신타로】\n후후후, 네 담당……이라.
0x001126f5	3	【신타로】\n착각하지 말았으면 하는 건,\n전담이라는 뜻은 아니라는 거야.
0x00112763	4	【신타로】\n그녀는 유능한 사람이니까,\n맡고 있는 사건도\n여러 건 있어.
0x001127f5	4	【신타로】\n오히려 네 사건은\n틈틈이 조사하고 있을 뿐이야.\n그 점은 충분히 알아 둬.
0x0011285d	2	【코우지】\n…………
0x001128bc	3	【신타로】\n어이쿠, 슬슬 돌아가야겠어.\n이래 보여도 나는 바쁘거든.
0x00112932	2	【코우지】\n사법시험 공부냐?
0x0011299d	2	【신타로】\n어, 어떻게 그걸!?
0x001129df	3	【코우지】\n아니, 감이야……\n그냥 찍어 본 거야.
0x00112a4d	3	【신타로】\n……!\n기억해 둬!
0x00112ace	3	【코우지】\n(…예상은 했지만, 역시 저 녀석은\n사법시험에 합격하지 못했구나……)
0x00112e01	2	【신타로】\n야!
0x00112e62	2	【코우지】\n………
0x00112ea6	3	【신타로】\n어이, 왜 그래?\n기운 없어 보이는데?
0x00112ef7	4	【코우지】\n네 얼굴은 대체 뭐냐?\n정신력을 빨아들이는\n특수작용이라도 있는 거냐?
0x00112f87	2	【신타로】\n……무슨 뜻이야?
0x00112fca	4	【코우지】\n뜻을 모르겠다면 그걸로 됐어.\n……그런데, 아무 용건도 없이\n온 건 아니지?
0x00113056	5	【신타로】\n무슨 말을 하는 거야.\n우리는 친구잖아.\n걱정돼서 왔다는 게\n이유가 안 되나?
0x001130c7	5	【코우지】\n호오.\n그럼 돈 좀 빌려줄래?\n의외로 구치소 안에서도\n돈 쓸 일이 많더라.
0x0011314d	2	【신타로】\n어, 얼마를 빌리면 되는데……?
0x00113196	3	【코우지】\n글쎄……\n일단 10만 엔 정도 부탁할게.
0x0011320e	3	【신타로】\n뭐, 10만 엔!?\n그렇게 많이는 못 쓰잖아!?
0x00113264	3	【코우지】\n쓸 리가 없지.\n농담이야.
0x001132d6	4	【신타로】\n……흠흠.\n그러고 보니 네 농담에\n어울려 주고 있을 때가 아니었지.
0x00113345	4	【코우지】\n애초에 농담을 시작한 건 너잖아?\n날 걱정해서 왔다니,\n무슨 농담인가 했어.
0x001133d3	4	【신타로】\n흥…… 뭐, 됐어.\n오늘은 너한테 충고할 일이 있어서\n온 거야.
0x00113437	3	【코우지】\n충고?\n대체 뭔데?
0x0011348d	4	【신타로】\n노리코 말이야.\n아직 신참 변호사지만\n사무실 내 평가는 높아.
0x00113525	4	【신타로】\n그녀의 재능을 한눈에 알아보고\n아버지에게 소개한 건 나니까.\n나도 안목은 있지…… 아하하.
0x001135aa	5	【코우지】\n그래서 충고라는 게 뭔데?\n내가 노리코를 따라잡으려고\n사법시험 공부를 하고 있으니\n방해하지 말라는 얘기인가?
0x00113659	4	【신타로】\n아니야!\n확실히 나는 사법시험 공부를……\n아니, 그건 아무래도 좋아!
0x001136d6	4	【신타로】\n내가 하고 싶은 말은\n그녀의 출세를 방해하지 말라는\n거야!
0x00113739	3	【코우지】\n……노리코의 출세를\n방해하지 말라는 거라고?
0x001137af	5	【신타로】\n맞아. 아버지도 그러시더라.\n그녀는 장차 우리 사무소를\n물려받아도 이상하지 않을\n인재라고.
0x0011382b	2	【코우지】\n아들인 너를 제쳐 두고?
0x00113894	5	【신타로】\n……으, 으음!\n그런 뜻이 아니라,\n그 정도의 재능을 가지고 있다는\n얘기야.
0x00113923	3	【신타로】\n그녀는 우리 사무실에 들어온 뒤\n계속 아버지를 보좌해 왔어.
0x00113992	4	【신타로】\n그 아버지가 그러시는 거야.\n자기 일을 몇 가지\n그녀에게 맡겨도 좋다고.
0x00113a00	4	【신타로】\n그런데 지금 그녀는\n이런 시시한 사건을 맡고 있어.\n아깝다고 생각하지 않나?
0x00113a68	5	【코우지】\n……사건의 규모로 말하면,\n업계 최고의 기업 대표가 살해된\n사건이야.\n결코 하찮지 않다고?
0x00113b12	4	【신타로】\n흥! 너 같은 탐정 따위는\n속물적인 세계에서 살아가는\n사람이라 모르겠지만……
0x00113bad	3	【신타로】\n사건에는 크고 작음만으로\n잴 수 없는 ‘질’이라는 게 있어.
0x00113c16	6	【신타로】\n예를 들면 아버지는\n누구나 아는 유명인이나\n이름을 크게 말할 수 없는\n거물들과도\n관계가 있어.
0x00113cb1	5	【신타로】\n그들은 나라의 최전선에서 활동하니\n위험한 일을 맡을 기회도 많아.\n때로는 법의 경계선에 있는\n행동을 하기도 하지.
0x00113d3d	5	【신타로】\n그런 표면에 드러내서는 안 되는\n사건을 뒤에서 수습하는 협상에는\n극도로 높은 수준의 기술이\n필요해.
0x00113dc5	4	【신타로】\n한편 그런 뒷거래를 성공시키면\n그건 신뢰로 이어져,\n세상에 이름이 알려지게 돼.
0x00113e6d	5	【신타로】\n그러니 아버지로서는\n더 명성이 붙을 만한 큰 사건을\n맡아\n경험을 쌓기를 바라는 거야.
0x00113f06	4	【신타로】\n그런데 핵심인 노리코가\n네 사건에만 매달리고 있으니,\n아깝다고 생각하지 않나?
0x00113f82	2	【코우지】\n……어이.
0x00113fe1	2	【신타로】\n……응, 무슨 일이야?
0x00114028	4	【코우지】\n좋아, 사건의 질이 어쩌고\n떠들기 전에,\n그 작은 머리로 잘 생각해 봐.
0x0011408f	4	【코우지】\n사람이 한 명 죽었어.\n죽은 사람에게는 가족도 있고,\n친구도 있었겠지.
0x001140f5	3	【코우지】\n그 사람들의 마음을\n생각해 본 적 있어?
0x0011416b	2	【신타로】\n갑자기 무슨 말을 하는 거야!?
0x001141b3	5	【코우지】\n나도 내 무죄를 주장하는 것만으로\n벅찼어……\n그들의 슬픔까지 신경 쓸\n여유는 없었지……
0x00114230	3	【코우지】\n그러니 거창한 말을\n하려는 건 아니야……
0x00114289	5	【코우지】\n하지만 그들의 마음을\n조금이라도 생각한다면,\n사건에 우열 같은 건\n매길 수 없을 거야!
0x001142f3	5	【코우지】\n그리고 그게 거물의 사건이든\n뭐든 모르겠지만,\n네가 말하는 명성이 그렇게\n중요하면 노리코에게 직접 말해!
0x0011437d	5	【신타로】\n말했지.\n하지만 그녀는 네 사건을 맡고\n싶다고\n하니까, 너에게……
0x001143e2	5	【코우지】\n그렇다면 그게 그녀의 의지야!\n노리코의 인생을 네가\n마음대로 정할 수 있는 게\n아니잖아!
0x0011446d	2	【신타로】\n……큭!
0x001144da	2	【코우지】\n…………
0x00114539	3	【신타로】\n오늘은 이만 돌아갈게.\n하지만 하나만 반박하게 해 줘.
0x001145b9	4	【신타로】\n너는 내가 노리코의 인생을\n좌우할 수 없다고 했지.\n그 말을 그대로 돌려주지.
0x0011462b	2	【코우지】\n뭐……?
0x00114671	5	【신타로】\n우리 사무실에는 훌륭한 변호사가\n많아.\n그중에서 이 사건의 담당으로\n실력 있는 변호사를 배정해도 돼.
0x001146f7	4	【신타로】\n어느 정도 편의를 봐줄 수도 있지.\n그런데도 그녀를 고집한다면\n그건 네 이기심이야.
0x0011476c	2	【코우지】\n…………
0x001147b2	2	【신타로】\n그럼 이만.
0x00114822	3	【코우지】\n(확실히 저 녀석의 말에도\n일리가 있는 걸지도 모르겠다.)
0x00114874	5	【코우지】\n(‘사건의 질’이라는 말은\n마음에 들지 않지만……\n노리코가 기대받고 있다는 건\n사실이겠지.)
0x001148dc	3	【코우지】\n(신타로는 실력 있는 변호사를\n붙여 주겠다고 했다……)
0x0011493c	3	【코우지】\n(그런데도 노리코를 고집하는 건\n내 고집일 뿐일까……?)
0x00114c76	2	【코우지】\n…………
0x00114cbc	2	【신타로】\n……어제의 대답을 들으러 왔어.
0x00114d06	2	【코우지】\n어제의 대답이라……
0x00114d76	2	【신타로】\n그 얘기는 꺼냈어!?
0x00114dba	3	【코우지】\n꺼내지 않았어.\n노리코 이야기지?
0x00114e27	4	【신타로】\n어떻게 된 거야?\n앞으로도 네 에고 때문에\n그녀를 이용할 생각이야?
0x00114e84	3	【코우지】\n……확실히 네 주장에는\n일리가 있어.
0x00114ed0	4	【코우지】\n노리코의 장래를 생각하면\n담당에서 빠져 달라고 하는 게\n좋을지도 몰라.
0x00114f53	4	【신타로】\n순수하게 그녀를 생각한다면\n저절로 답은 정해질 텐데.\n이제야 그걸 깨달았군.
0x00114fce	4	【코우지】\n……그 얘기인데.\n너는 한 가지 큰 착각을\n하고 있어.
0x0011503c	2	【신타로】\n……뭐야, 그게?
0x0011507e	5	【코우지】\n노리코는 이 사건의 담당을\n계속하고 싶다고 했어.\n나도 노리코가 계속 맡아 줬으면\n해.
0x001150eb	4	【코우지】\n그렇다면 그걸로 됐잖아.\n본인의 의지보다 중요한 건\n없다는 얘기야.
0x00115177	2	【신타로】\n큭……
0x001151c7	3	【신타로】\n결국 그럴듯한 말을 해도\n네 멋대로일 뿐 아니냐!
0x00115239	4	【신타로】\n그녀를 행복하게 할 수 있는 건\n나뿐이야……\n너 같은 녀석이 아니라고!
0x00115294	5	【코우지】\n그게 진심인가……\n뭐, 그럴지도 모르지.\n나는 노리코를 행복하게 해 줄 수\n없을지도 몰라.
0x00115324	4	【신타로】\n하, 하하……\n네가 다 알고 있는 것 같군……\n그럼 지금 당장……
0x00115383	4	【코우지】\n……신타로.\n그런 말은 나한테가 아니라\n노리코에게 직접 해.
0x0011540a	2	【신타로】\n뭐……!?
0x00115447	4	【코우지】\n너도 멋 부리기만 할 게 아니라,\n가끔은 진심으로 부딪혀 봐.\n그게 마음을 전하는 방법일 테니까.
0x001154e3	2	【신타로】\n……큭!
0x00115587	2	【코우지】\n신타로……
0x0011587d	2	【코우지】\n(와…… 이 두 사람은!)
0x001158ee	3	【여고생】\n야호~!\n잘 지냈어, 사부님!?
0x00115968	4	【여고생】\n다, 안 돼, 아카네 짱……\n여긴 그렇게 거리낌 없이\n인사할 곳이 아니야……
0x00115a04	5	【아카네】\n그래?\n아오이는 꼼꼼하네.\n그럼 이번에는……\n삼가 조의를 표합니다, 코우지 씨.
0x00115aa0	4	【아오이】\n……어떤 의미로는\n틀린 말은 아니지만,\n그것도 틀렸어, 아카네 짱.
0x00115b04	4	【코우지】\n……어이.\n난 만담 역할 같은 건\n안 했다고.
0x00115b81	3	【아오이】\n엣…… 아, 죄송합니다!\n죄송합니다!
0x00115be9	5	【아카네】\n괜찮아, 괜찮아!\n구치소 안에서는 오락도\n부족하잖아? 원한다면 만담뿐\n아니라 콩트도 해 줄게!
0x00115c85	4	【코우지】\n필요 없어!\n조금은 아오이를 본받아서\n너도 TPO를 지켜!
0x00115d08	5	【아카네】\nTPO가 뭐야?\n타임 패트롤??\n그러니까 연애 수사라는 거야!?\n뭐야, 멋있어 보이는데!
0x00115d9c	3	【아오이】\n죄송합니다……\n나중에 알려 드릴게요……
0x00115de6	2	【코우지】\n……후우.
0x00115e1f	4	【코우지】\n(이 떠들썩한 두 사람은\n우리 탐정 사무소 근처 고등학교의\n학생들이다.)
0x00115e82	4	【코우지】\n(시끄러운 쪽이 간자키 아카네고,\n빨간 머리 쪽이 미나즈키\n아오이다.)
0x00115ef3	5	【코우지】\n(예전에 두 사람이\n묻지 마 습격 사건에 휘말렸을 때\n내가 도와준 뒤로,\n졸졸 따라다니고 있다.)
0x00115f86	3	【코우지】\n이런 곳까지 면회 와도 되는 거야?\n학교는 어쩌고?
0x00116004	3	【아카네】\n오늘은 2교시로 수업이 끝났거든.\n그래서 지금은 동아리 활동 중이야.
0x0011605e	3	【코우지】\n동아리라니,\n너희 둘만의 탐정부 말하는 거냐?
0x001160d8	4	【아카네】\n아니, 아니,\n사부님이 사무실 한쪽을 내줘서\n늘 감사하고 있어요.
0x00116138	3	【코우지】\n아니, 거긴 사무실이니까.\n제멋대로 부실로 쓰지 마.
0x0011618e	3	【코우지】\n……정말 수업은\n끝난 거냐?
0x00116200	2	【아카네】\n진짜라니까!
0x00116237	2	【코우지】\n……아오이, 정말이냐?
0x0011629d	3	【아오이】\n네, 네.\n정말……이에요.
0x001162df	3	【코우지】\n흐음…… 아오이가 말한다면\n믿겠지만.
0x00116352	5	【아카네】\n우~!\n왜 나만 의심해?\n서, 설마 사부님!\n아오이를……?
0x001163e6	4	【아오이】\n뭐, 무슨 말을 하는 거야,\n아카네 짱……\n그런 뜻이……
0x0011645d	5	【아카네】\n안 돼 안 돼 안 돼!\n사부님은 내 운명의 사람인걸!\n이건 아무리 아오이라도\n양보 못 해!
0x001164d3	4	【코우지】\n정말, 여전하군.\n남의 말을 안 듣는 녀석이야……\n그래서 무슨 용건이야?
0x00116556	3	【아카네】\n무슨 용건이라니……\n너무 냉정하시네, 사부님.
0x001165b7	3	【아카네】\n시무룩해하고 있는 것 같아서\n기운 내게 해 주려고 왔지!
0x0011663a	4	【아카네】\n기운 나게 해 주려고\n미래의 아내가 멀리서 찾아온\n거잖아.
0x001166a2	2	【코우지】\n누가 미래의 아내라는 거야.
0x00116711	3	【아오이】\n아, 그……\n폐가 된다면 바로 돌아갈게요……
0x0011676b	4	【코우지】\n고마워, 아오이.\n괜찮아, 그렇게 폐 끼치는 것도\n아니야.
0x001167f5	3	【아오이】\n그, 그런가요……\n그렇다면 다행이에요.
0x00116866	4	【아카네】\n치사해, 아오이만!\n애초에 먼저 말 꺼낸 건 나잖아.\n고맙다는 말은 먼저 나한테 해야지!
0x001168d2	3	【코우지】\n네네.\n고마워, 아카네.
0x0011693b	3	【아카네】\n우~!\n역시 사부님은 내 편이네~!
0x00116984	3	【코우지】\n농담이야.\n진심으로 고맙다는 말이야.
0x001169fc	3	【아카네】\n정말?\n그럼 다행이다~
0x00116a3a	2	【코우지】\n일부러 와 줬구나.
0x00116a77	4	【코우지】\n나도 설마 이런 황당한 사건으로\n체포될 줄은 몰랐으니,\n솔직히 조금 풀이 죽어 있었어.
0x00116b15	3	【아카네】\n역시 그런 거야?\n뉴스에서 말한 대로네.
0x00116b60	3	【코우지】\n……뉴스에서는\n뭐라고 했는데?
0x00116bc8	4	【아오이】\n‘용의자 사이토 코우지는\n살해를 부인하고 있다’고요.\n완전히 범인 취급이었어요.
0x00116c41	4	【코우지】\n뭐, 그런 거지, 매스컴이란.\n부인하고 있는 건 사실이지만\n실제로는 좀 다르거든.
0x00116cd9	2	【아카네】\n무슨 말이야?
0x00116d10	4	【코우지】\n사건 당일, 나는 술에 곯아떨어져\n아무것도 기억하지 못해.\n현장에 있었는지조차 모르겠어.
0x00116da8	5	【아오이】\n하지만 경찰은\n믿어주지 않겠죠……\n기억이 있나 없나는\n본인 말고는 알 수 없으니까요.
0x00116e3e	4	【아카네】\n그런데 사부님.\nTV에서 흉기에 지문이\n묻어 있었다고 했잖아?
0x00116eb0	4	【코우지】\n……그래, 그건 사실이야.\n누군가가 나를\n함정에 빠뜨리려는 거지.
0x00116f4a	4	【아카네】\n와, 미스터리네!\n오싹오싹한 전개다……\n역시 사부님!
0x00116fb0	3	【코우지】\n남 일이라고 신나서 떠들지 마.\n애초에 난 네 사부가 아니야!
0x0011703c	3	【아카네】\n아, 너무해!\n우리 전혀 놀리는 게 아니야!
0x001170bb	3	【아카네】\n우리는 사부님을\n도우러 온 거라고!
0x0011710f	3	【코우지】\n그런 위험한 일을\n시킬 수 있겠냐!
0x0011717a	6	【아카네】\n괜찮다니까!\n진범이 어떤 놈인지는 모르지만,\n설마 귀여운 여고생이\n수사하고 있다고는 생각하지\n않겠지!
0x00117201	2	【코우지】\n그런 문제가 아니야……
0x0011726b	4	【아오이】\n아, 아카네 짱.\n실력 테스트가 시작될 시간이야……\n공부, 괜찮아?
0x001172ce	4	【코우지】\n뭐야, 테스트가 있다면\n애초에 여기서 시간을 때울 게\n아니잖아?
0x00117350	4	【아카네】\n에~ 시시해~!\n테스트 이야기를 꺼냈으니까\n사건을 수사하려고 했는데~!
0x001173bf	5	【코우지】\n학생의 본분은 공부야.\n동아리 활동 때문에 성적을\n떨어뜨리면\n사무실 출입을 금지하겠다.
0x00117457	3	【아카네】\n앗, 사무실 출입 금지는\n싫은데……
0x001174ca	3	【아카네】\n으~음…… 어쩔 수 없네……\n그럼 공부할게요.
0x00117544	4	【아오이】\n그러고 보니, 그런 사정이니\n다음에 오는 건 내일이나 모레로는\n안 될 것 같아요……
0x001175ad	4	【코우지】\n그래, 상관없어.\n나도 언제까지나 여기 있을\n생각은 없으니까.
0x0011761c	3	【코우지】\n다음에 만나는 건\n바깥에서라는 뜻으로……
0x00117693	5	【아카네】\n에~ 싫어~!\n적어도 한 번은 더 오고 싶어!\n이런 경험, 좀처럼 할 수 없단\n말이야~!
0x00117701	2	【코우지】\n……너 말이야.
0x00117763	3	【아카네】\n그럼 수학 시험이 끝나면 올게.\n아오이도 그걸로 괜찮지?
0x001177ea	2	【아오이】\n으, 응…… 괜찮아.
0x0011784d	3	【아카네】\n어쨌든 또 올 테니까!\n잘 있어, 사부님!
0x001178c6	2	【아오이】\n그럼, 실례하겠습니다……
0x00117933	2	【코우지】\n……후우.
0x0011796c	2	【코우지】\n……젊다는 건 멋진 일이네……
0x00117cd0	3	【아카네】\n야호~!\n왔어~!
0x00117d0e	3	【코우지】\n으악……\n또 왔네……
0x00117d77	4	【아카네】\n당연하죠!\n경찰서라니, 이런 기회가 아니면\n올 수 없잖아요!
0x00117df9	3	【아카네】\n사부님이 여기 있는 한,\n몇 번이고 올 거예요, 저!
0x00117e54	3	【코우지】\n오지 마!\n그리고 사부님이라고도 부르지 마!
0x00117eca	3	【아카네】\n에~\n사부님이라니, 꽤 듣기 좋은데……
0x00117f44	3	【아카네】\n그럼 뭐라고 부르면 돼?\n‘코우지 오빠’라든가?
0x00117f98	2	【코우지】\n……그러다 정말 때린다.
0x00118003	3	【아오이】\n다, 안 돼……\n‘코우지 오빠’라니……
0x0011807a	4	【아카네】\n아, 그렇구나.\n아오이 오빠 이름도\n‘코우지’였지. 헷갈리겠네.
0x001180dd	3	【코우지】\n음……?\n잠깐만.
0x0011811f	3	【코우지】\n아오이 오빠 이름이 ‘코우지’……\n라고?
0x00118176	4	【코우지】\n……일단 물어보긴 하겠는데,\n오빠 직업은 혹시\n변호사 같은 거 아니야?
0x00118206	2	【아오이】\n아뇨, 달라요.
0x00118246	3	【코우지】\n그, 그렇구나……\n그런 우연이 있을 리 없지.
0x001182e1	6	【아오이】\n변호사는 예전 직업이에요.\n지금은 데이 트레이더를 하고\n있어요.\n그걸 직업이라고 해도 될지는\n모르겠지만……
0x00118385	2	【코우지】\n……그런 우연이 있었구나.
0x001183f5	2	【아카네】\n그런데, 데이 트레이더가 뭐야?
0x0011845f	4	【아오이】\n주식을 그때그때\n순간적인 판단으로 거래하는\n거예요.
0x001184dc	4	【아오이】\n매일 결산하고 손실을 다음 날로\n넘기지 않는다는 점 때문에\n데이 트레이더라고 불러요.
0x0011856d	3	【아카네】\n아오이 말이 갑자기 어려워졌어……\n아니, 잘 모르겠어……
0x001185c4	4	【코우지】\n오빠는 예전에\n시라카와 그룹이라는 회사에\n다니지 않았나?
0x00118640	4	【아오이】\n네.\n분명 그런 이름의 회사였다고\n기억해요.
0x001186b3	3	【아카네】\n시라카와……라고?\n이번 사건의 피해자?
0x0011872b	3	【아오이】\n아…… 그러고 보니\n같은 이름이네요……
0x00118776	3	【코우지】\n가끔은 예리하네, 아카네.\n아마 이걸로 틀림없을 거야.
0x001187fc	4	【아카네】\n헤헤~!\n이 정도야 뭐……라면서,\n‘가끔은’은 너무하잖아!
0x00118855	4	【코우지】\n아오이, 오빠에게\n물어봐 줬으면 하는 게 있어.\n괜찮겠어?
0x001188cf	2	【아카네】\n또 무시당했어……
0x00118931	2	【아오이】\n네, 무슨 일인데요……?
0x00118970	3	【코우지】\n조금 듣기 힘든 이야기일지도\n모르겠는데, 사건 당일……
0x001189c8	4	【코우지】\n11월 10일부터 11일 사이에\n‘라이트 블루’라는 바에\n갔는지 물어봐 줬으면 해.
0x00118a59	2	【아오이】\n……알겠습니다. 물어볼게요.
0x00118a9d	4	【코우지】\n고맙긴 한데, 결과를 알게 되면\n내 변호사 휴대전화로\n연락해 줄 수 있을까?
0x00118b25	2	【아오이】\n네, 좋아요.
0x00118b5f	4	【코우지】\n고마워, 은혜는 잊지 않을게.\n휴대전화 번호는\n×××-××××-××××야.
0x00118bd4	4	【아오이】\n어……\n×××-××××-××××군요 .\n네, 메모했어요.
0x00118c70	4	【코우지】\n고마워, 정말 도움이 될 거야.\n괜히 다른 사람이 들으면\n의심받을 테니까.
0x00118cfd	3	【아카네】\n오빠라고 해도 의심받을걸.\n그렇지, 아오이?
0x00118d70	4	【아오이】\n응…… 그래도 코우지 씨에게는\n늘 신세를 지고 있으니까,\n이 정도는 아무것도 아니에요.
0x00118dd4	2	【코우지】\n으윽…… 아오이는 착하네……
0x00118e44	2	【아카네】\n흥, 나는?
0x00118e7d	2	【코우지】\n아카네는 재미있는 녀석.
0x00118ee0	2	【아카네】\n부우부우부우!
0x00118f17	3	【코우지】\n아하하, 농담이야. 농담, 농담.\n아카네도 좋은 녀석이라고 생각해.
0x00118fa1	2	【아카네】\n결국 나는 녀석 취급인 거야!
0x00119019	3	【아오이】\n그럼 또 올게요.\n빨리 알고 싶으시죠.
0x00119074	2	【아오이】\n그럼 또 올게요.
0x001190b2	4	【코우지】\n……아, 참고로.\n오빠 이름은 어떤 한자를 쓰는\n거야?
0x0011911c	3	【아오이】\n‘행복할 행’ 자에\n‘맡을 사’ 자예요.
0x00119156	3	【코우지】\n행복할 행에 맡을 사라……\n알겠어, 고마워.
0x001191a1	3	【코우지】\n그럼 아까 부탁한 건\n잘 부탁해!
0x0011920e	2	【아오이】\n네.
0x00119267	3	【아카네】\n그럼 우리 돌아갈게.\n또 봐~!
0x001192b0	2	【코우지】\n그래, 또 봐.
0x001195a9	4	【코우지】\n(접견실에 나타난 건,\n처음 보는 사이지만 알고 있는\n남자였다.)
0x0011962b	2	【코우지】\n(……어라, 이 녀석은 누구지?)
0x00119683	3	【미나즈키 코우지】\n당신이 내 뒷조사를 하고 있는\n사람이야?
0x001196c8	3	【코우지】\n(와…… 엄청나게 도발적인 태도로\n나타났네……)
0x00119725	3	【코우지】\n(그렇군, 조사하고 있다는 건가.\n……그렇다는 건 이 자식은……)
0x00119834	2	【코우지】\n(아니, 저 녀석이 아니다!)
0x0011987c	4	【코우지】\n(이 남자와는 초면이지만,\n아오이와는 아는 사이인 모양이다.\n이 남자의 정체는……?)
0x001198e5	5	【코우지】\n……네, 무례하다고 생각했지만\n조금 조사하고 있습니다.\n시라카와 이치로 사건은 알고\n계시죠?
0x00119981	4	【미나즈키 코우지】\n물론 알고 있지.\n당신은 그 일로 철창 안에\n들어가 있는 거잖아?
0x00119a07	2	【미나즈키 코우지】\n안됐군.
0x00119a4c	2	【코우지】\n……네.
0x00119a86	3	【코우지】\n(정말 저 아오이의 오빠가 맞나?\n믿기지 않는데……)
0x00119aff	2	【미나즈키 코우지】\n그래서, 내가 뭘 알고 싶은 거지?
0x00119b41	2	【코우지】\n……질문하면 대답해 주실 건가요?
0x00119bb2	4	【미나즈키 코우지】\n그 때문에 온 거야.\n아오이에게 이야기는 들었어.\n당신은 무죄를 입증하려는 거지?
0x00119c1e	3	【코우지】\n네. 누명을 쓴 겁니다.\n진범이 있을 겁니다.
0x00119ca1	2	【미나즈키 코우지】\n그래서 내가 진범 후보라는 거군.
0x00119ce9	3	【코우지】\n……네. 솔직히 말씀드리면,\n당신도 의심하고 있습니다.
0x00119d69	5	【미나즈키 코우지】\n좋아, 솔직해서.\n하지만 내가 보기엔, 정말 누명을\n쓴 쪽이\n당신인지도 의심스럽지만.
0x00119df0	2	【코우지】\n……물론 알고 있습니다.
0x00119e5a	4	【미나즈키 코우지】\n흐음…… 뭐, 좋아.\n그런데 아오이에게 부탁해서 몰래\n내 뒤를 캐다니, 수법이 비겁하군.
0x00119ecd	2	【코우지】\n아니, 그건……
0x00119f16	4	【미나즈키 코우지】\n변명은 됐어.\n자, 묻고 싶은 게 있으면 어서\n해.
0x00119f6e	4	【코우지】\n……사건이 있던 날,\n당신은 피해자와 만나고 있었다고\n들었습니다.
0x00119fd3	2	【코우지】\n무슨 용건이었습니까?
0x0011a020	3	【미나즈키 코우지】\n불려서 만나러 갔을 뿐이야.\n자, 다음.
0x0011a06f	3	【코우지】\n불려서……?\n왜 부른 겁니까?
0x0011a0b8	5	【코우지】\n……아니, 질문을 바꾸죠.\n두 사람이 만났을 때 나눈\n대화 내용을 알려 주실 수\n있습니까?
0x0011a136	3	【미나즈키 코우지】\n사적인 내용이라 말할 수 없어.\n이상.
0x0011a185	2	【코우지】\n…………
0x0011a1e4	4	【미나즈키 코우지】\n농담이야.\n다시 한 번 시라카와 그룹에서\n일해 보지 않겠냐고 권유받았어.
0x0011a256	2	【코우지】\n그 이야기 때문에 불려간 겁니까?
0x0011a2bc	4	【미나즈키 코우지】\n그래, 맞아.\n아사츠유 씨의 추천으로\n복직하게 됐지.
0x0011a315	4	【코우지】\n한밤중의 바에서\n불러내서 할 이야기치고는\n조금 이상하네요……
0x0011a3a4	3	【미나즈키 코우지】\n몰라.\n그 녀석이 무슨 생각을 하는지.
0x0011a413	3	【미나즈키 코우지】\n어쨌든 나는\n조건의 상세를 확인하러 갔던 거야.
0x0011a47e	4	【미나즈키 코우지】\n그런데 조금 의미심장한 말을 하긴\n했지.\n‘위장’인가 뭔가.
0x0011a4de	4	【코우지】\n위장……\n당신과 만나는 게 위장이라는\n뜻입니까?
0x0011a55e	4	【미나즈키 코우지】\n그러니까 난 모른다니까.\n그 녀석한테 물어봐.\n물을 수 있다면 말이지.
0x0011a5b7	3	【코우지】\n……당신은 예전에\n시라카와 그룹에서 일했었죠?
0x0011a60e	2	【코우지】\n왜 그만두셨습니까?
0x0011a672	2	【미나즈키 코우지】\n사적인 일까지 캐묻네.
0x0011a6ce	3	【코우지】\n대답하기 싫으시면\n안 하셔도 됩니다.
0x0011a741	3	【미나즈키 코우지】\n그럼 대답하지 않을게.\n그래도 돼?
0x0011a785	2	【코우지】\n네, 괜찮습니다.
0x0011a7e8	4	【미나즈키 코우지】\n흐음, 그런 사람이군.\n그렇게까지 솔직하다면\n하나만 알려 주지.
0x0011a899	3	【미나즈키 코우지】\n난 그 자식이 싫어서\n시라카와 그룹을 그만뒀어.
0x0011a8ee	2	【코우지】\n그 자식……?
0x0011a935	4	【미나즈키 코우지】\n시라카와 이치로야.\n싫다기보다 원망한다는 게\n정확하겠지.
0x0011a99d	4	【코우지】\n(어이쿠, 직설적이네.\n피해자에 대한 원한을\n숨길 생각도 없어 보여……)
0x0011aa15	2	【코우지】\n……왜 피해자를 원망했습니까?
0x0011aa93	4	【미나즈키 코우지】\n내 인생을 엉망으로 만들어\n놨으니까.\n더는 말하고 싶지 않군.
0x0011aaf0	3	【코우지】\n인생을 엉망으로 만든 상대 밑에서\n다시 일하려고 한 겁니까?
0x0011ab56	3	【미나즈키 코우지】\n말했잖아.\n더는 말하고 싶지 않다고.
0x0011aba1	3	【코우지】\n……알겠습니다.\n그럼 화제를 바꾸죠.
0x0011abed	4	【코우지】\n당신은 사건 당일,\n사건 현장인 바에 오기 전까지\n무엇을 했습니까?
0x0011ac79	4	【미나즈키 코우지】\n16시 무렵까지는 집에 있었어.\n그다음 게임센터에 가서……\n23시 전쯤까지 있었나.
0x0011acf2	4	【미나즈키 코우지】\n약속 시간이 가까워졌으니\n거기서 바로 바에 갔어.\n그런 느낌이야.
0x0011ad50	2	【코우지】\n그럼 이야기가 끝난 뒤에는?
0x0011ad9f	3	【미나즈키 코우지】\n그대로 곧장\n택시를 타고 돌아갔는데?
0x0011adf9	3	【미나즈키 코우지】\n집에 도착한 건\n새벽 1시 반쯤이었나.
0x0011ae49	3	【코우지】\n라이트 블루에서 집까지\n택시로 얼마나 걸립니까?
0x0011aeae	2	【미나즈키 코우지】\n30분 정도겠지.
0x0011aeee	3	【코우지】\n……그렇다면 라이트 블루를 나와\n곧장 돌아간 건 아니군요?
0x0011af70	3	【미나즈키 코우지】\n……게임센터에 들러서\n한 판 하고 돌아갔어.
0x0011afc3	2	【코우지】\n그걸 증명해 줄 사람은요?
0x0011b028	4	【미나즈키 코우지】\n없어.\n집에 있던 시간은\n부모님이 증명해 주겠지만.
0x0011b07f	4	【코우지】\n……알겠습니다.\n그럼 마지막 질문입니다.\n당일 옷차림은 어땠습니까?
0x0011b0f3	2	【미나즈키 코우지】\n지금 입은 옷과 같은 거야.
0x0011b136	3	【코우지】\n……참고가 됐습니다.\n감사합니다.
0x0011b1ab	4	【미나즈키 코우지】\n아, 이제 됐나?\n그럼 돌아갈게.\n아무튼 힘내.
0x0011b261	3	【코우지】\n(――미나즈키 코우지인가.\n꽤나 뻔뻔한 녀석이었어……)
0x0011b789	2	【코우지】\n으~ 다녀왔습니다……
0x0011b7f2	3	【나나시바】\n수고했어, 코우지 군.\n자, 앉아서 이야기해 줘.
0x0011b84c	3	【코우지】\n이야기……?\n무슨 이야기요?
0x0011b8b5	4	【나나시바】\n코우지 군 사건 이야기라든가,\n코우지 군 본인 이야기라든가\n말이야!
0x0011b90c	2	【코우지】\n내 이야기라니…… 네……
0x0011b964	3	【구치소 직원】\n사이토.\n접견이다.
0x0011b9a5	4	【코우지】\n엣, 또?\n노리코인가……?\n뭔가 물어볼 일이 있었나?
0x0011ba31	4	【나나시바】\n노리코 씨……라는 사람이\n코우지 군의 변호사구나?\n응, 좋은 이름이네.
0x0011ba93	3	【코우지】\n뭐, 뭐라고……?\n그럼, 잠깐 다녀올게.
0x0011bb07	2	【나나시바】\n다녀와~!
0x0011bb9d	2	【코우지】\n다녀왔어……
0x0011bc01	4	【나나시바】\n수고했어, 코우지 군.\n그래서, 노리코 씨와는\n잘돼 가?
0x0011bc62	3	【코우지】\n나……!?\n무슨 말이야, 갑자기!
0x0011bcd5	4	【나나시바】\n그렇게 부끄러워할 것까지야\n없잖아. 정말 순진하다니까, 코우지\n군은~
0x0011bd44	3	【구치소 직원】\n사이토.\n접견이다.
0x0011bd85	3	【코우지】\n엣, 저, 접견……?\n누구일까……?
0x0011bde5	2	【나나시바】\n노리코 씨라면 좋겠네.
0x0011be26	4	【코우지】\n아, 아무튼 그 일은\n나중에 이야기하자……\n그럼, 다녀올게.
0x0011be8c	2	【나나시바】\n다녀와~!
0x0011bf53	3	【나나시바】\n수고했어, 코우지 군.\n오늘은 안색이 안 좋네.
0x0011bfa9	3	【코우지】\n취조가 정신적으로 빡세다고.\n특히 상대가 그 녀석이라면……
0x0011c027	4	【나나시바】\n코우지 군을 그렇게 몰아붙이다니,\n미우라 형사도 소문대로\n대단한 수완가인가 보네.
0x0011c09e	3	【구치소 직원】\n사이토.\n접견이다.
0x0011c0df	4	【코우지】\n음……?\n이번엔 누구일까……?\n잠깐 다녀올게.
0x0011c161	2	【나나시바】\n다녀와~!
0x0011c202	3	【구치소 직원】\n사이토.\n접견이다.
0x0011c243	3	【코우지】\n음……?\n누구일까……?
0x0011c2b7	2	【나나시바】\n코우지 군, 인기인이네!
0x0011c2fa	2	【코우지】\n잠깐 다녀올게.
0x0011c35e	2	【나나시바】\n다녀와~!
0x0011c6d5	2	【나나시바】\n수고했어, 코우지 군.
0x0011c71b	3	【코우지】\n……\n큰일이네……
0x0011c77f	2	【나나시바】\n뭐가……?
0x0011c7b9	4	【코우지】\n왠지 유치장으로 돌아오면\n집에 돌아온 것처럼\n마음이 놓여.
0x0011c846	6	【나나시바】\n아하하, 그렇구나.\n그 기분은 이해해.\n하지만 여기가 자기 자리가 돼\n버리는 건\n확실히 곤란하겠네.
0x0011c8c6	3	【구치소 직원】\n사이토, 접견이다.\n네 친구인 것 같더군.
0x0011c914	3	【코우지】\n친구……?\n누구일까……?
0x0011c96d	2	【나나시바】\n다녀와~!
0x0011ca0e	3	【구치소 직원】\n사이토.\n접견이다.
0x0011ca4f	3	【코우지】\n음……?\n누구일까……?
0x0011cac3	2	【나나시바】\n코우지 군, 인기인이네!
0x0011cb06	2	【코우지】\n잠깐 다녀올게.
0x0011cb6a	2	【나나시바】\n다녀와~!
0x0011cec1	2	【노조미】\n안녕하세요, 선생님.
0x0011cf02	2	【코우지】\n안녕, 하나코.
0x0011cf65	3	【노조미】\n오늘은 무슨 이야기를\n할까요?
0x0011d013	3	【코우지】\n하나코는 누마사키 변호사에 대해\n알고 있었지?
0x0011d0ac	4	【노조미】\n네, 네……\n누마사키 아저씨는 아버지의\n친구였으니까요.
0x0011d0fe	3	【코우지】\n그 누마사키 변호사가 오늘\n여기에 왔더라.
0x0011d150	4	【코우지】\n피해자의 아내와 불륜 관계였다는\n의혹이 있어서,\n그 일에 대해 해명하고 있었어.
0x0011d1ce	5	【코우지】\n누마사키 변호사와 그녀는 육촌\n사이고,\n그녀의 상담을 받아 주던 일을\n불륜으로 오해받았다는 거야.
0x0011d25e	2	【노조미】\n………
0x0011d294	5	【코우지】\n내가 들은 바로는,\n그 말은 믿어도 될 것 같아.\n두 사람 사이에는 불륜 관계가\n없었던 것 같거든.
0x0011d310	4	【코우지】\n이런 말을 해도 하나코와는\n상관없는 이야기일지도\n모르지만.
0x0011d375	3	【노조미】\n……누마사키 아저씨는\n정말 다정하고 성실한 분이에요.
0x0011d3d6	4	【노조미】\n아저씨에 대한\n선생님과 제 인상은\n일치한다고 생각해요.
0x0011d45a	4	【노조미】\n그러니까 아저씨가\n‘불륜은 없었다’고 하신다면\n저도 그 말을 믿을게요.
0x0011d4bf	2	【코우지】\n아아, 그렇지.
0x0011d5a0	2	【노조미】\n그 밖에 묻고 싶은 건 없나요?
0x0011d5e3	4	【코우지】\n그러고 보니, 하나코가 봤다고\n했던 여자아이, ‘요시모토\n유미’의 신원을 알아냈어.
0x0011d64d	3	【코우지】\n어머니는 요시모토 스미카,\n아버지는 시라카와 신지……
0x0011d6e6	2	【노조미】\n어? 신지 씨의 딸이라고요?
0x0011d72d	3	【코우지】\n아, 그럼 하나코는 신지 씨를\n알고 있었던 건가?
0x0011d781	3	【코우지】\n아, 그렇지. 하나코는 신지 씨를\n알고 있었지.
0x0011d7fd	4	【노조미】\n네, 네……\n아버지의 친구였고,\n집에도 자주 오셨으니까요……
0x0011d879	2	【노조미】\n하지만 신지 씨는 7년 전에……
0x0011d8bf	4	【코우지】\n그래, 돌아가셨지.\n그러니까 유미는 신지 씨가\n남긴 딸인 셈이네.
0x0011d952	3	【노조미】\n그렇군요……\n그래서……
0x0011d993	2	【코우지】\n뭔가 짚이는 데가 있나?
0x0011d9fd	4	【노조미】\n네……\n전혀 상관없는 이야기일지도\n모르지만……
0x0011da59	5	【노조미】\n사실 저는 대학 교양 과정에서\n심리학을 전공하고 있는데,\n그 교수님께 흥미로운 이야기를\n들었어요.
0x0011daf7	4	【노조미】\n심장 이식을 받은 사람은\n원래 주인의 기억을\n이어받는 경우가 있대요.
0x0011db70	3	【코우지】\n아아, 그 이야기라면 나도\n얼마 전에 들은 적이 있어.
0x0011dbc2	3	【코우지】\n조금 쉽게 믿을 수 있는 이야기는\n아니지만……
0x0011dc37	5	【노조미】\n그래서 문득 이런 생각이 들었어요.\n아버지가 다니시던 회사의 회장님은\n신지 씨의 심장을\n이식받으셨잖아요.
0x0011dcb7	4	【노조미】\n어쩌면 회장님이\n신지 씨의 기억을\n이어받으신 걸지도 몰라요.
0x0011dd30	4	【노조미】\n그래서 신지 씨의 딸인\n유미가 회장실에 있었던 게\n아닐까 싶어서요……
0x0011dd94	4	【코우지】\n……그러니까 피해자에게서\n유미가 신지 씨의 모습을\n보고 있었다는 말인가?
0x0011de27	3	【노조미】\n아이들은 때때로\n직감으로 진실에 도달하니까요.
0x0011de80	4	【노조미】\n회장님 안에 생겨난 아버지의\n모습을 아이가 꿰뚫어 본 게\n아닐까요?
0x0011def3	2	【코우지】\n…………
0x0011df52	3	【노조미】\n아, 아니에요.\n이건 제 상상일 뿐이니까요……
0x0011dfaf	4	【노조미】\n너무 비현실적인 이야기죠……\n죄송해요, 괜히 혼란스럽게\n말해 버렸네요……
0x0011e01b	4	【코우지】\n아니…… 오히려 정답일지도 몰라.\n난 상식에 너무 사로잡혀 있어서\n그런 생각은 못 했지만……
0x0011e091	2	【코우지】\n어쩌면 정말 그럴지도 모르겠네……
0x0011e180	2	【노조미】\n그 밖에 묻고 싶은 건 없나요?
0x0011e1c3	3	【코우지】\n이번 사건의 피해자는\n네 아버지의 친구였지?
0x0011e26c	2	【노조미】\n네, 네……
0x0011e2a5	4	【코우지】\n(역시 이해가 빠르네.\n하나코는 이치로의 친구 딸이라는\n설정으로 이야기를 진행하자.)
0x0011e319	4	【코우지】\n피해자가 재혼한 계기는\n남자 쪽의 첫눈에 반한\n사랑이었다고 하더라.
0x0011e3b1	3	【노조미】\n그, 그런가요!?\n그건 처음 듣는 이야기예요……
0x0011e423	3	【노조미】\n그래요……… 아…… 아저씨가\n첫눈에 반해서 재혼하신 건가요……
0x0011e49d	4	【노조미】\n하지만 그렇게 되면……\n야스요 아주머니가\n불쌍한 것 같아요……
0x0011e4fe	3	【코우지】\n아……\n으, 응. 맞아.
0x0011e543	2	【노조미】\n…………
0x0011e588	5	【노조미】\n저는 계속, 집에 혼자 남게 된\n딸을\n걱정해서 재혼하신 거라고\n생각했어요……
0x0011e61b	4	【노조미】\n그래서 아저씨가\n원해서 한 결혼은 아닐 거라고만\n생각했는데……
0x0011e672	3	【코우지】\n…………\n솔직히 말하면 나도 위화감이 있어.
0x0011e6c8	5	【코우지】\n일에만 충실한 남자와,\n첫눈에 반해 재혼한 남자……\n두 모습이 미묘하게\n이어지지 않는 느낌이야.
0x0011e773	5	【노조미】\n……저도 위화감이 있어요.\n하지만…… 사람인걸요.\n그런 면이 있어도\n이상하지 않지 않을까요?
0x0011e7ed	2	【코우지】\n물론, 그렇지만……
0x0011e83c	2	【노조미】\n…………
0x0011e89a	4	【노조미】\n제게 아저씨는\n가정을 별로 돌보지 않는 분이라는\n이미지가 있었어요.
0x0011e90b	3	【노조미】\n관심이 있는 건 가족이 아니라\n오로지 일뿐이고……
0x0011e968	5	【노조미】\n야스요 아주머니와 결혼한 것도\n사회적 지위를 고려해서 한\n일이라고 비뚤어진 시선으로\n생각했던 때도 있었어요.
0x0011e9f9	3	【노조미】\n하지만 제가 아저씨를\n잘못 알고 있었던 것 같아요.
0x0011ea41	5	【코우지】\n아아, 뭐, 나도 마찬가지야.\n하지만 심장병을 앓은 뒤로\n그 이미지가 조금 달라졌다고\n들었는데……
0x0011eae3	5	【노조미】\n네, 맞아요.\n심장병…… 특히 이식 수술을 받고\n나서\n아저씨는 변했어요……
0x0011eb71	4	【노조미】\n재혼한 건 수술 후였던 것 같아요.\n역시 수술이 아저씨의 무언가를\n바꾼 걸지도 모르겠네요.
0x0011ebe3	2	【코우지】\n…………
0x0011ecc9	2	【노조미】\n그 밖에 묻고 싶은 건 없나요?
0x0011ed0c	4	【코우지】\n하나코는 피해자의 형인\n시라카와 신지 씨를\n알고 있나?
0x0011edb7	2	【노조미】\n네, 아버지의 친구였어요.
0x0011edfa	4	【코우지】\n하나코가 아는 범위면 충분해.\n그에 대해 아는 게 있으면\n말해 줬으면 해.
0x0011ee8e	2	【노조미】\n그렇네요……
0x0011eeed	5	【노조미】\n아버지…… 아니, 이치로 아저씨의\n형이고,\n이치로 아저씨에게는\n업무상 좋은 파트너였던 것 같아요.
0x0011ef88	5	【노조미】\n정말 다정한 분이라\n이치로 아저씨가 유일하게\n마음을 터놓을 수 있는 분이었던 것\n같아요.
0x0011f014	3	【노조미】\n저에게도 여러 이야기를 해\n주셨어요.
0x0011f066	5	【노조미】\n이치로 아저씨는 선견지명이\n있었고, 세상의 흐름에 민감했으며,\n경영자로서는 뛰어난 재능을\n지녔다고 말씀하셨어요.
0x0011f110	3	【노조미】\n그러고 보니, 좋아하던 사람에 대한\n이야기도 해 주셨어요.
0x0011f15d	3	【코우지】\n좋아하던 사람?\n신지 씨의?
0x0011f1c8	2	【노조미】\n네.
0x0011f222	4	【노조미】\n고등학생 때부터 한결같이\n마음에 둔 사람이 있었대요.\n두 살 위의 선배라고 했어요.
0x0011f2a7	2	【코우지】\n두 살 위의 선배라……
0x0011f2fd	5	【노조미】\n결국 그 사람과의 사랑은\n이루어지지 않았고,\n그 사람은 결혼해 버렸대요.\n그런데……
0x0011f36b	2	【코우지】\n그런데……?
0x0011f3ca	5	【노조미】\n자세히 말해 주시진 않았지만,\n그 사람의 남편에게\n정말 미안한 일을 했다고\n말했어요.
0x0011f451	3	【노조미】\n그 남편이 세상을 떠난 뒤,\n그녀가 크게 낙담하고 있었대요.
0x0011f4d0	6	【노조미】\n제가 이 이야기를 들었을 때,\n무심코\n‘신지 씨에게 기회가 온 거\n아닌가요?’라고\n말해 버렸는데……
0x0011f56a	3	【노조미】\n신지 씨는 쓴웃음을 지으며\n이렇게 말했어요.
0x0011f5cc	6	【노조미】\n‘그녀의 남편이 죽게 된 원인 중\n하나는\n나에게 있어.\n나는 그녀를 사랑할 자격이\n없어.’라고요.
0x0011f64d	2	【코우지】\n……무슨 뜻이지?
0x0011f6b1	4	【노조미】\n저도 조금 신경 쓰였지만,\n도저히 깊이 물어볼 분위기가\n아니었어요……
0x0011f718	2	【코우지】\n……그렇군.
0x0011f75f	4	【노조미】\n하지만 그때 이미 신지 씨는\n자신의 수명이 얼마 남지 않았다고\n말하고 있었어요.
0x0011f7bb	2	【코우지】\n……신장병이었나?
0x0011f831	5	【노조미】\n네.\n장기간의 인공 투석 때문에\n허혈성 대장염이 생기기\n시작했대요.
0x0011f8c8	3	【노조미】\n그래서 사토루 씨는\n죽음을 각오하고 있었던 것 같아요.
0x0011f91c	2	【코우지】\n그렇군……
0x0011f962	4	【노조미】\n신장 이식 수술이 정해져\n유럽으로 떠났는데,\n그곳에서 수술이 실패해서……
0x0011f9e9	4	【노조미】\n저, 그때는 정말 놀랐어요……\n아버지보다도 더 자주 이야기를\n나누던 분이라서……
0x0011fa4e	2	【코우지】\n…………
0x0011faad	3	【노조미】\n아, 죄송해요……\n분위기가 어두워졌네요……
0x0011fafc	4	【코우지】\n아니, 전혀 괜찮아.\n신지 씨와 사이가 좋았던 거지?\n그렇다면 당연한 일 아니야.
0x0011fb65	3	【코우지】\n슬플 때는 마음껏 슬퍼하는 게\n고인에게도 보답하는 일이야.
0x0011fbc6	2	【노조미】\n…………
0x0011fbfe	3	【코우지】\n그런데, 신지 씨는\n그 형님과 사이가 좋았던 편이야?
0x0011fc60	4	【노조미】\n좋지는 않았던 것 같아요.\n다만 회사 경영 방침을 두고\n대립하는 일은 많았던 것 같지만요.
0x0011fcd7	5	【노조미】\n게다가 신지 씨의 심장은\n이치로 아저씨에게 이식됐고요.\n사이가 좋지 않았다면\n그런 일까지는 하지 않았을 거예요.
0x0011fd52	3	【코우지】\n어!?\n그, 그게 사실인가……!?
0x0011fdaa	2	【노조미】\n네, 사실이에요.
0x0011fe0d	5	【노조미】\n이치로 아저씨는 2002년에\n심장병을 앓아서,\n심장을 이식받지 않으면\n계속 살아갈 방법이 없었어요.
0x0011fe92	4	【노조미】\n그때 이치로 아저씨는\n살기를\n반쯤 포기한 듯했어요.
0x0011fefd	6	【노조미】\n그런데 신지 씨를 간병하며 유럽에\n갔던\n수술이 실패해 버려서,\n그 심장이 이치로 아저씨에게\n이식된 거예요.
0x0011ff83	3	【코우지】\n(……그거,\n엄청나게 수상한데……?)
0x0011ffdb	3	【코우지】\n(……라고는 해도,\n노조미에게 캐물을 수는 없겠지만.)
0x00120034	4	【코우지】\n그렇군.\n두 사람의 사이는 그렇게 좋지는\n않았던 것 같네.
0x001200ab	5	【노조미】\n네, 하지만 인간적으로는\n이치로 아저씨보다\n누마사키 아저씨를\n더 존경했던 것 같아요.
0x00120125	3	【노조미】\n제가 아는 신지 씨 이야기는\n이 정도일까요.
0x00120175	4	【코우지】\n그렇군.\n응, 충분히 참고가 됐어.\n고마워.
0x0012029d	4	【코우지】\n음……\n오늘은 특별히 할 이야기가\n없는 것 같네……
0x00120313	3	【노조미】\n그렇군요……\n조금 아쉽네요……
0x00120381	3	【노조미】\n그래도 선생님의 건강한 얼굴을\n봐서 다행이에요.
0x001203d1	2	【코우지】\n그, 그런가……?
0x00120445	3	【노조미】\n후후……\n그럼 내일 봬요.
0x00120524	3	【노조미】\n그럼 이만 실례할게요.\n힘내세요, 선생님.
0x0012057f	2	【코우지】\n하하하, 고마워, 하나코.
0x00120623	2	【노조미】\n그 밖에 묻고 싶은 건 없나요?
0x00120666	2	【코우지】\n아니, 지금으로서는 특별히 없네.
0x001206d4	3	【노조미】\n그럼 이만 실례할게요.\n힘내세요, 선생님.
0x0012072f	2	【코우지】\n하하하, 고마워, 하나코.
0x001207bd	2	【노조미】\n드디어 내일이면 석방이네요.
0x00120808	2	【코우지】\n……뭐, 그렇게 되면 좋겠지만.
0x00120875	5	【노조미】\n괜찮아요.\n선생님은 범인이 아니에요.\n이래도 석방되지 않는다면\n수사 기관의 태만이에요.
0x00120908	4	【코우지】\n어, 어이쿠.\n뒤에 입회인이 있는데도\n상당히 과격한 말을 하는구나……
0x0012098f	4	【노조미】\n저, 내일도 올게요.\n그때는 밖에서 만나요.\n한번 천천히 이야기하고 싶어요.
0x001209f5	3	【코우지】\n그래, 그렇지.\n나도 하고 싶은 이야기가 많아.
0x00120a6a	3	【노조미】\n그럼……\n기대하고 있을게요.
0x00120aec	4	【코우지】\n밖에서 만난다, 라……\n석방됐을 때의 즐거움으로\n남겨 둘까.
0x00120b57	1	［병사］
0x00120b64	1	［살인 사건］
0x00120b75	1	［자살］
0x00120e81	2	【노조미】\n…………
0x00120eb9	2	【코우지】\n저, 저기……
0x00120f00	3	【노조미】\n……석방되지 못해서\n유감이네요……
0x00120f54	4	【코우지】\n뭐, 그렇지.\n하지만 지나간 일은\n어쩔 수 없지.
0x00120fa3	4	【코우지】\n10일 후에는\n반드시 석방될 수 있도록 노력할게.\n이번에는 반드시.
0x0012102d	4	【노조미】\n네.\n저…… 그때를 위해\n선생님께 도움이 될 수 있다면……
0x00121087	4	【코우지】\n그래서 말인데.\n노조…… 하나코에게\n조금 묻고 싶은 게 있어.
0x00121107	2	【노조미】\n저에게 묻고 싶은 거요?
0x00121148	4	【코우지】\n그래.\n하나코네 집에서 지난 20년 동안\n큰일이 없었나?
0x001211b2	3	【노조미】\n어…… 그러니까, 우리 집에 관한\n이야기가 맞죠?
0x001211fe	2	【코우지】\n아아, 그걸로 됐어.
0x00121262	4	【노조미】\n우리 집에서 있었던 큰일……\n최근에 일어난 일이\n무엇보다 큰 일이긴 하지만……
0x001212c8	2	【코우지】\n…………
0x00121327	4	【노조미】\n하지만 그것에 못지않게\n큰일이 있었어요.\n지금으로부터 12년 전 일이에요.
0x0012138d	4	【코우지】\n어…… 그것에 못지않게\n큰일이라니, 무슨 일이 있었던\n거야!?
0x0012143e	3	【노조미】\n……사실 저는 지금 어머니와\n혈연으로 이어져 있지 않아요.
0x0012149e	2	【코우지】\n어……?
0x001214e4	2	【노조미】\n그게…… 저기……
0x00121520	5	【코우지】\n……아!\n그, 그렇구나……\n응, 이제 더 말하지 않아도 돼.\n사적인 일이잖아, 하하하.
0x0012159a	5	【코우지】\n(그렇다……\n노조미가 더 이야기하게 하면\n노조미의 정체가 뒤의 입회인에게\n들켜 버릴 테니까……)
0x00121611	4	【코우지】\n(게다가 노조미와 미사에의 혈연이\n이어져 있지 않다……?\n미사에는 재혼 상대라는 건가……)
0x00121694	3	【코우지】\n(……이번 사건에 못지않은\n12년 전의 큰 사건……)
0x001216f8	4	【코우지】\n(그건 역시…… 노조미가\n친어머니와 사별했다는\n뜻이겠지……?)
0x00121756	3	【코우지】\n하나코……\n지금까지 힘들지 않았나?
0x001217ab	4	【노조미】\n…………\n그때는 너무 괴롭고 괴로워서,\n며칠이나 울고 있었어요……
0x00121809	2	【코우지】\n원인이 뭐였지?
0x00121855	4	【노조미】\n그게…… 아직도 모르겠어요.\n그래서 어쩌면 저한테도\n이유가 있을지도 모르겠어요……
0x001218f6	3	【코우지】\n(나에게도 이유가 있었을지도\n모른다는 건가……?)
0x00121951	4	【코우지】\n(그렇군…… 알겠어.\n노조미의 친어머니가 돌아가신\n건……)
0x001219bc	2	【코우지】\n몸 어디가 안 좋으셨던 거야?
0x00121a22	3	【노조미】\n어……?\n아, 아니에요……
0x00121a93	4	【노조미】\n병이 아니라, 스스로라고 해야\n하나……\n그게……
0x00121ae2	4	【코우지】\n(아, 이런!\n노조미의 친어머니가 돌아가신 건\n자살이었나!?)
0x00121b53	3	【코우지】\n그럼 하나코는 나와 같은 아픔을\n겪고 있는 건가……
0x00121bcf	3	【노조미】\n어……?\n아, 아니에요……
0x00121c40	4	【노조미】\n다른 사람 때문이 아니라,\n스스로라고 해야 하나……\n그게……
0x00121c95	4	【코우지】\n(아, 이런!\n노조미의 친어머니가 돌아가신 건\n자살이었나!?)
0x00121d06	3	【코우지】\n……우리 어머니도\n갑자기 돌아가셨거든……
0x00121d53	4	【코우지】\n갑자기 소중한 사람이 사라진다는\n건 힘들지……\n그것도 스스로 목숨을 끊었다니……
0x00121dc6	2	【노조미】\n…………
0x00121e25	2	【코우지】\n…………
0x00121e5e	3	【코우지】\n하나코……\n너에게 부탁하고 싶은 게 있어.
0x00121ed5	3	【노조미】\n……네, 좋아요.\n뭐든 말씀하세요.
0x00121f25	3	【코우지】\n원인을 모른다고 했지?\n그 원인을 알아봐 줬으면 해……
0x00121f9e	2	【노조미】\n…………
0x00121fd6	4	【코우지】\n억지로 하라는 건 아니야.\n다만…… 이제는 그 괴로움과\n마주해도 되지 않을까 싶어서.
0x0012205a	2	【노조미】\n…………!?
0x001220af	4	【코우지】\n나도 어머니가 돌아가셨을 때,\n한동안 그 죽음과 마주할 수\n없었어……
0x00122111	2	【노조미】\n…………
0x00122149	4	【코우지】\n하지만 지금은 정면으로 마주하려고\n해.\n아니, 마주해야 해……
0x001221b0	3	【코우지】\n그러지 않으면 앞으로 나아갈 수\n없으니까……
0x00122220	3	【노조미】\n……알겠어요.\n저도 마주해 볼게요.
0x0012226c	4	【코우지】\n……미안해.\n결국 너를 끌어들이는 꼴이\n됐네……
0x001222db	4	【노조미】\n아니에요.\n배려해 주시는 마음만으로도\n충분해요.
0x00122340	2	【노조미】\n그럼 오늘은 이만……
0x001223e9	2	【코우지】\n…………
0x00122706	2	【노조미】\n안녕하세요, 선생님.
0x00122747	3	【코우지】\n아아, 안녕……이라고 하고 싶은데,\n공부는 괜찮은 거야?
0x001227b5	3	【노조미】\n대학 말인가요?\n물론 괜찮아요.
0x0012280a	4	【노조미】\n오늘도 이 뒤에 오후부터 수업이\n있지만,\n제대로 갈 거예요.
0x00122866	2	【코우지】\n그렇구나. 그럼 다행이고.
0x001228cc	3	【노조미】\n후후, 걱정해 주신 거네요.\n고마워요.
0x00122942	3	【노조미】\n그보다 제게는\n중요한 일이 있으니까요……
0x0012299b	4	【노조미】\n오늘 여기 온 건\n선생님께 전해 드릴 말이\n있어서……
0x001229f4	2	【코우지】\n뭔데?
0x00122a38	4	【노조미】\n사실 어제 선생님과 헤어진 뒤,\n볼일이 있어서 아버지 회사에\n다녀왔어요.
0x00122aa7	2	【코우지】\n(시라카와 하우징인가……)
0x00122af9	4	【노조미】\n그랬더니 아버지 방에서\n모르는 여자아이가\n나오더라고요……
0x00122b52	2	【코우지】\n여자아이?
0x00122b97	3	【노조미】\n네……\n5, 6살 정도의 여자아이예요.
0x00122be5	3	【코우지】\n5, 6살?\n회장님 아이가 아니고?
0x00122c5d	5	【노조미】\n그게 아닌 것 같아요.\n회장님께 물어봤더니,\n아버지와 친하게 지내던 아이인데\n자기도 잘 모르겠다고……
0x00122cd6	3	【코우지】\n뭐……?\n무슨 말이지?
0x00122d25	4	【노조미】\n저도 잘 모르겠어요.\n다만 이름을 물었더니\n요시모토 유미라고 했어요.
0x00122d9a	4	【노조미】\n자세히 이야기를 들어 보려 했는데,\n이름을 알려 준 뒤\n바로 사라져 버려서……
0x00122e0b	2	【코우지】\n요시모토…… 유미……
0x00122e4c	3	【코우지】\n그 아이가\n하나코 아버지 방에……?
0x00122ea9	4	【코우지】\n……알겠어.\n의외로 중요한 정보일지도\n모르겠네.
0x00122f23	3	【노조미】\n그래요?\n도움이 됐다면 저도 기뻐요.
0x00122f97	3	【노조미】\n그럼 저는 이만 실례할게요.\n시간을 빼앗아서 죄송했어요.
0x00122ff0	3	【코우지】\n아니, 괜찮아.\n나도 사람을 만나는 건 기쁘니까.
0x00123066	2	【노조미】\n……그게 다예요?
0x001230a3	3	【코우지】\n응?\n무슨 말이지?
0x00123106	3	【노조미】\n아, 아니에요……\n그럼 이만 실례할게요……
0x001231bb	3	【코우지】\n……뭐지?\n마지막 말은……
0x001234f0	3	【노조미】\n어머니에 관한 일을\n조사해 왔어요.
0x00123537	3	【코우지】\n……미안했어.\n힘든 일을 조사하게 해서……
0x001235b0	5	【노조미】\n아니에요……\n오히려 어머니와 마주할 수 있게\n돼서\n감사해요.
0x0012360a	2	【코우지】\n…………
0x00123669	4	【노조미】\n저희 집에서 오래 일해 오신\n도우미 아주머니가 계셔서,\n그분께 이야기를 들었어요.
0x001236f6	4	【노조미】\n……아버지의 친구이고,\n업무상으로도 왕래하는 변호사\n선생님이 있는데, 알고 계세요?
0x00123766	2	【코우지】\n(누마사키 변호사 말인가……?)
0x001237af	3	【코우지】\n아아, 알고 있어.\n그 사람이 왜?
0x0012384c	4	【노조미】\n……아무래도 그 변호사 선생님과\n어머니가 불륜을 했던 것\n같아요……
0x001238b5	3	【코우지】\n뭐, 뭐라고!?\n정말인가!?
0x0012390e	3	【노조미】\n그분은 어린 저를 배려해서\n계속 비밀로 해 오신 것 같아요.
0x00123980	4	【노조미】\n하지만 언젠가 제가 이 이야기를\n듣게 된다면 숨김없이\n전부 말하려고 했다고 하셨어요……
0x001239f5	3	【코우지】\n……그 불륜 사실을\n네 아버지는 알고 있었나?
0x00123a5e	4	【노조미】\n네.\n오히려 아버지가 어머니에게\n그 사실을 나무랐다고 해요.
0x00123ac3	4	【노조미】\n어머니가 자살한 건\n그게 원인이었다고\n말씀하셨어요……
0x00123b17	2	【코우지】\n…………
0x00123b50	3	【코우지】\n(누마사키 변호사와 노조미의\n친어머니가 불륜……?)
0x00123bb2	3	【코우지】\n(그걸 시라카와 이치로가 나무랐고\n노조미 어머니가 자살……?)
0x00123c10	3	【코우지】\n(이 사실이……\n사건과 관련돼 있는 걸까……?)
0x00123c78	4	【노조미】\n……하지만 설마 어머니가 불륜을\n했다니……\n사람 마음은 알 수 없는 거네요.
0x00123cef	5	【노조미】\n진실을 아는 것과 모르는 것에 따라\n상대에 대한 감정이\n180도 달라질 수도 있다는 걸\n알았어요.
0x00123d6e	3	【노조미】\n저는 어머니가 돌아가셨을 때\n아버지에게 실망했어요.
0x00123dce	4	【노조미】\n그때 아버지는\n질릴 정도로 슬퍼하는 기색이\n없었으니까요……
0x00123e35	6	【노조미】\n하지만 진실을 알고,\n먼저 배신한 건 어머니였다는 걸\n알게 되니,\n그때 아버지의 마음도\n어렴풋이 이해됐어요……
0x00123eac	2	【코우지】\n…………
0x00123f0b	6	【노조미】\n저는 아버지가 슬퍼하지 않은 건\n일밖에 모르는 사람이고\n가족에 대한 사랑이 별로 없는\n분이기\n때문이라고 생각했어요.
0x00123f92	3	【노조미】\n그래서 아버지가 재혼했을 때는\n정말 놀랐어요.
0x0012400f	5	【노조미】\n가족에 대한 애정이 없는 사람이\n새로운 가족을 만들려고 하다니……\n어떤 심경의 변화였을까\n싶었는데……
0x00124090	5	【노조미】\n하지만 달랐던 거네요……\n어머니에게 배신당했으니……\n아버지는 사랑에 굶주렸던 걸지도\n모르겠어요……
0x00124107	5	【코우지】\n그 이야기…… 신경 쓰이는 게\n있어.\n하나코 아버지는\n그 불륜 상대를 부하로 삼았지?
0x0012419e	2	【노조미】\n어……?
0x001241d6	4	【코우지】\n……그렇게 사랑에 굶주린 사람이\n일과 사생활을\n깔끔하게 나눌 수 있을까?
0x0012426c	3	【노조미】\n……선생님 말씀이 맞네요.\n그렇게 들으니 이상해요.
0x001242c3	3	【코우지】\n……뭐, 사람 사이의 관계란\n천차만별이지.
0x00124322	5	【코우지】\n다만 내가 하나코에게 말하고 싶은\n건\n사물을 겉으로 보이는 것만으로\n판단하지 않았으면 한다는 거야.
0x0012438b	2	【노조미】\n…………
0x001243c3	3	【코우지】\n부정적인 감정을 갖지 않아도\n된다면 그게 좋겠지.
0x0012440e	5	【코우지】\n하지만 아무래도 부정적인 감정을\n갖지 않을 수 없다면,\n보이는 것이 전부는 아니라고\n생각했으면 해.
0x00124492	2	【노조미】\n…………
0x001244ca	5	【코우지】\n너는 힘든 일을 두 번이나\n겪었잖아.\n사람을 미워해도…… 원망해도……\n아무도 탓하지 않을 거야.
0x00124543	4	【코우지】\n그러니 적어도 올바르게\n미워하자…… ……뭔가 이상한\n표현이네, 하하하.
0x001245b3	2	【노조미】\n……흑.
0x001245f9	3	【노조미】\n흐으……\n선생님……
0x00124642	3	【코우지】\n그렇지.\n우는 게 좋아……
0x00124687	4	【코우지】\n그대로 있으면 부정적인 감정이\n속에서 곪아 갈 뿐이야.\n울어서 발산하는 게 좋겠어……
0x001246fd	3	【노조미】\n흑……\n고마워요…… 선생님……
0x00124757	3	【노조미】\n……흑…… 훌쩍……\n흐으……
0x001247e9	2	【노조미】\n…………
0x00124821	2	【코우지】\n……진정됐나?
0x0012486d	3	【노조미】\n……네.\n울어 버려서 죄송해요……
0x001248b9	5	【코우지】\n그러니까 그걸로 됐다고.\n……그보다 내가 설교 같은 소리를\n해서\n미안했네……
0x00124972	5	【노조미】\n아니에요……\n저는 선생님 말씀에\n많이 위로받았어요……\n상담사 하셔도 되겠어요, 선생님.
0x001249db	2	【코우지】\n하하하, 그건 너무 과장이고.
0x00124a42	2	【노조미】\n후후……
0x00124a78	4	【코우지】\n그보다 어머니에 관한 일을\n조사하는 건\n힘들었을 텐데.
0x00124aca	4	【코우지】\n정말 고마워, 노조…… 하나코.\n덕분에 진실로 가는 길이\n조금 열렸어.
0x00124b32	3	【코우지】\n정말 고마워……\n이 은혜는 반드시 갚을게.
0x00124b9d	4	【코우지】\n(아내에게 배신당한 이치로가\n재혼을 결심한 경위는\n조금 신경 쓰인다……)
0x00124c10	3	【코우지】\n(게다가 불륜 상대를\n고문 변호사로 고용한 의도도……)
0x00124fbf	2	【아사츠유】\n헬로~!
0x00124ff5	3	【코우지】\n아, 아사츠유 씨……\n…………
0x00125062	3	【아사츠유】\n어라, 왜 그래?\n기운이 없네?
0x001250a9	5	【코우지】\n어제는 석방되려고\n열심히 했는데도,\n아직 구류 중이라니……\n체면이 안 선달까……
0x00125154	4	【아사츠유】\n뭐, 어쩔 수 없지 않아?\n살인 사건으로 구류된 거잖아.\n가벼운 일이 아니라고.
0x001251c1	4	【코우지】\n뭐, 그럴지도 모르지만……\n나도 이대로 언제까지나\n구류돼 있을 생각은 없으니까요.
0x00125239	4	【코우지】\n다음에는 제대로 결판을\n내겠습니다. 그러기 위해서\n조사 방침을 바꾸려고 해요.
0x001252d3	3	【아사츠유】\n조사 방침을 바꾼다……\n응, 괜찮지 않을까?
0x0012532e	3	【코우지】\n그와 관련해 한 가지\n마음에 걸리는 게 있어요……
0x00125386	4	【코우지】\n(그래, 조사 방침을 바꾼다……\n그건 내게 아사츠유 씨도\n용의자가 된다는 뜻……)
0x00125424	4	【아사츠유】\n알고 있어. 구구절절 말하지\n않아도.\n하지만 그래도 괜찮아.
0x001254a5	4	【아사츠유】\n가능성은 넓게 생각하고,\n유익한 정보가 들어오면\n그 범위를 좁혀 가는 거야.
0x00125528	4	【아사츠유】\n그 과정은 자기 자신이\n책임을 지는 일이지,\n내가 간섭할 일이 아니야.
0x0012559a	3	【아사츠유】\n설령 부모라 해도\n의심할 때는 의심해야 해.
0x001255e6	3	【코우지】\n그렇게 말씀해 주시면\n마음이 놓입니다.
0x0012562b	3	【코우지】\n그럼 한 가지\n질문이 있는데요……
0x0012569d	2	【아사츠유】\n응, 뭔데?
0x001256d6	3	【코우지】\n말하고 싶지 않으시면\n대답하지 않으셔도 되는데……
0x00125723	5	【코우지】\n지난번 접견에 와 주셨을 때,\n아사츠유 씨가 좋아했던 사람\n이야기를\n해 주셨죠?
0x00125789	3	【코우지】\n그 아사츠유 씨의 상대는\n누구였습니까……?
0x00125801	2	【아사츠유】\n후후, 날카로운 곳을 찌르네.
0x0012585f	3	【아사츠유】\n……좋아.\n말해 줄게.
0x001258b0	4	【아사츠유】\n내가 한때 사랑했던 남자는\n시라카와 신지……\n살해된 시라카와 이치로의 형이야.
0x00125919	3	【코우지】\n…………\n시라카와 신지……
0x0012599c	2	【코우지】\n그분은 지금 뭘 하고 있습니까?
0x00125a08	3	【아사츠유】\n돌아가셨어.\n2002년에.
0x00125a51	2	【코우지】\n어……
0x00125aae	4	【아사츠유】\n아차!\n벌써 이런 시간이네!?\n또 올게.
0x00125b05	2	【코우지】\n아……
0x00125b73	2	【코우지】\n(시라카와 신지, 라……)
0x00125e9e	2	【코우지】\n뭐야, 너냐……
0x00125f02	3	【신타로】\n그래, 나야.\n바빠……!?
0x00125f7e	3	【코우지】\n바빠.\n접견 끝내도 돼?
0x00125ff5	4	【신타로】\n자, 잠깐만!?\n조금은 내 이야기를 들어 줘도\n되잖아!
0x00126053	3	【코우지】\n아아, 오늘은 제대로 용건이 있나\n보네.
0x001260ca	3	【신타로】\n사실은……\n요즘 아빠 상태가 이상해.
0x0012611d	2	【코우지】\n이상하다니, 어떻게?
0x0012616b	5	【신타로】\n뭐라고 해야 하나……\n골똘히 생각에 잠긴 얼굴이라……\n마치 자살이라도 생각하는\n것처럼……
0x001261e7	4	【코우지】\n……정말인가?\n그건 그냥 넘길 수 없는\n이야기인데.
0x00126238	2	【코우지】\n본인에게 직접 물어보긴 했어?
0x001262a3	3	【신타로】\n……물어볼 수 있을 리가 없잖아.\n상대는 아빠라고.
0x001262f4	5	【코우지】\n아빠든 아버지든,\n물어보지 않으면 모르잖아!!\n우선 본인과 이야기하고 와!\n그다음이야!
0x0012638f	2	【신타로】\n참 쌀쌀맞게 말하네, 너.
0x001263e8	3	【신타로】\n내가 창피를 무릅쓰고\n상담하러 왔는데도 말이야……
0x00126448	4	【코우지】\n아무리 창피를 무릅쓰고 왔다 해도\n지금 정보만으로는\n나도 추리할 수 없어.
0x001264b1	3	【코우지】\n우선 정보를\n손에 넣어야……
0x0012651e	3	【신타로】\n흥! 너는 늘 그래.\n무슨 일이든 정보, 정보라니……
0x00126585	4	【신타로】\n그렇게 노리코 씨에게도\n정보를 가져오라고\n강요하고 있겠지?
0x001265e0	3	【코우지】\n강요라니……\n아니, 그게……
0x0012664a	4	【신타로】\n흥, 넌 좋겠어.\n천애고독이라 남 걱정을 하지\n않아도 되니까 말이야.
0x001266b1	2	【코우지】\n…………
0x001266ea	3	【코우지】\n결국 넌 그냥\n관심받고 싶은 애였냐.
0x00126761	3	【신타로】\n뭐……\n무슨 소리야!
0x001267a6	4	【코우지】\n그렇잖아?\n아빠가 관심을 안 줘서 재미없고,\n노리코도 관심을 안 줘서 재미없고.
0x0012680e	7	【코우지】\n그래서 내가 관심 가져 주길\n바라지.\n하지만 나는 정보 가져오라고만\n하지.\n아무도 나한테 관심을 안 줘서\n외롭다……
0x0012688a	2	【코우지】\n그런 걸 내가 알 게 뭐야!
0x001268d7	4	【신타로】\n참 심한 말을 하네.\n네가 내 기분을\n알 리가 없잖아!
0x00126934	5	【코우지】\n아아, 모르지.\n그래도 이것만은 충고할 수 있겠네.\n그런 남자는\n노리코가 상대해 주지 않을 거라고.
0x001269d0	2	【신타로】\n뭐……!?
0x00126a33	2	【신타로】\n쓸데없는 참견이야!
0x00126ab5	2	【코우지】\n…………
0x00126aee	4	【코우지】\n(하아……\n도대체 무슨 일로 온 거야, 저\n녀석은……)
0x00126b44	5	【코우지】\n(……하지만 누마사키 변호사가\n골똘히 생각에 잠긴 듯했다는\n이야기는\n신경 쓰이네……)
0x00126e8f	2	【아카네】\n야호~!
0x00126ec4	3	【코우지】\n…………\n너희냐……
0x00126f2d	4	【아카네】\n잠깐……\n그렇게 티 나게 실망한 얼굴은\n하지 마~!
0x00126f8d	5	【아카네】\n이렇게 귀여운 여고생 둘이\n찾아왔잖아!\n‘와~ 화사해서 좋네’\n정도는 말 못 해!?
0x00127001	2	【코우지】\n……접견 끝내도 돼?
0x00127078	3	【아카네】\n모처럼 아오이가 재미있는 정보를\n가져왔는데, 그 태도가 뭐야!?
0x001270d1	3	【코우지】\n그럼 아오이만 남고\n아카네는 돌아가도 돼.
0x00127141	3	【아카네】\n흥!\n절대로 안 돌아갈 거야!!
0x00127182	3	【코우지】\n……그래서, 아오이가 가져온\n정보는?
0x001271f1	4	【아오이】\n아니, 아카네가 과장하는 것뿐이고\n그렇게 대단한 정보는\n아닌데요……
0x0012727f	4	【아카네】\n괜찮아, 아오이.\n스승님한테 정보 같은 건\n알려 주지 않아도 돼!
0x001272d4	2	【코우지】\n…………
0x0012730d	3	【코우지】\n알겠어.\n정보를 알려 주세요, 아카네 님.
0x00127380	3	【아카네】\n음~\n어떻게 할까~?
0x001273be	3	【코우지】\n……여기서 나가면\n게 샤브샤브 먹으러 갈까?
0x0012740f	2	【코우지】\n(물론 더치페이로.)
0x00127475	3	【아카네】\n좋지~\n게, 정말 좋아해!!
0x001274c5	3	【아카네】\n괜찮아, 아오이.\n스승님한테 그 정보를 알려 줘.
0x00127540	4	【아오이】\n응……\n정말 정보라고 할 만한 것도\n아니지만……
0x00127593	3	【코우지】\n그렇게 격식 차리지 않아도 돼.\n새로운 이야기라도 좋으니까.
0x001275f2	2	【아오이】\n네……
0x0012764d	3	【아카네】\n늘 생각하지만,\n스승님은 아오이에게 상냥하네.
0x001276c9	4	【아카네】\n그 상냥함을\n나한테도 좀 나눠 줬으면\n좋겠는데……
0x00127711	3	【코우지】\n……그래서, 아오이.\n이야기의 계속인데……
0x00127780	4	【아카네】\n으악…… 완전 무시……\n꽃다운 여고생을 완전 무시……\n이 사람, 너무 아깝잖아……!
0x00127823	2	【아오이】\n어, 그러니까……
0x0012786d	5	【아오이】\n며칠 전 오빠가 여기 왔다고\n생각하는데,\n실례되는 말을 하진 않았나\n해서요……
0x001278d5	5	【코우지】\n으, 음……\n실례되는 말이라기보단,\n성격이 강한 오빠라\n조금 곤란했달까……
0x0012796d	3	【아오이】\n역시 실례되는 말을\n했던 거군요!?
0x001279df	3	【아오이】\n죄송해요……\n정말 죄송해요……
0x00127a26	4	【코우지】\n아, 괜찮아.\n오빠도 여러 일이 있었던 모양이고,\n신경 안 써.
0x00127a8d	4	【아오이】\n……맞아요.\n오빠도 회사에서 해고당하고,\n병도 앓고 그래서……
0x00127af7	4	【아오이】\n원래는 정말 다정한 오빠였어요.\n사람을 대하는 건 서툴러도,\n한번 마음을 열면 정이 많아서……
0x00127b72	5	【아오이】\n그게 장점이기도 하지만,\n결국 남들이 싫어하는 일을 전부\n혼자 떠안고 무너질 때도\n있어서……
0x00127bf7	4	【코우지】\n……그런 모양이네.\n병에 걸린 것도 결국 혼자 일을\n떠안았기 때문인 것 같고.
0x00127c9c	3	【아카네】\n그런 사람이었구나,\n아오이 오빠는.
0x00127cf5	6	【아카네】\n아오이네 집에 놀러 가도\n방에서 한 발짝도 안 나오는\n사람이라\n사실 한 번도\n만난 적 없었거든.
0x00127d8c	4	【아오이】\n그러고 보니 그렇네……\n늘 컴퓨터만 들여다보면서\n나오질 않으니까.
0x00127de5	3	【코우지】\n아오이는 평소에\n오빠와 이야기하는 일이 있나?
0x00127e46	5	【아오이】\n그렇네요……\n자주는 아니지만……\n한 달에 한 번이나 두 달에 한 번\n정도였어요.
0x00127eb5	2	【코우지】\n흐음, 그렇구나……
0x00127ef4	3	【코우지】\n……응?\n‘였어요’라고……?
0x00127f47	4	【아오이】\n네. 한 달쯤 전부터는\n꽤 자주 방에서 나오기\n시작해서……
0x00127fbc	3	【아오이】\n지금은 시라카와 그룹에\n복직했으니까요.
0x00128004	4	【코우지】\n그럼 시라카와 그룹에 복직할\n기회가 한 달 전부터 있었다는\n건가?
0x00128079	2	【아오이】\n네, 그런 것 같아요.
0x001280b7	2	【코우지】\n………
0x001280ee	3	【코우지】\n(……내가 조금\n착각하고 있었을지도 모르겠네.)
0x00128143	4	【코우지】\n(미나즈키에게는 원수나 다름없는\n시라카와 이치로가 죽었기 때문에\n복직이 정해진 줄 알았는데……)
0x001281bb	4	【코우지】\n(하지만 이 이야기에 따르면\n시라카와 이치로가 살아 있었어도\n복직은 정해져 있었던 셈이야……)
0x00128222	3	【코우지】\n(그렇다면 둘의 관계는\n회복됐던 건가……?)
0x0012827d	6	【코우지】\n(……그렇다면 미나즈키가 말한,\n사건 당일 VIP룸에서\n시라카와 이치로와 만났다는\n이야기와도\n앞뒤가 맞아.)
0x00128340	4	【아오이】\n아, 그리고요……\n코우지 씨께 전하려고 했던\n정보가 하나 더 있는데……
0x0012839d	2	【코우지】\n……아, 응. 뭔데?
0x001283ea	4	【아오이】\n오빠한테 미안하긴 하지만,\n몰래 오빠 옷장을\n들여다봤어요……
0x00128460	4	【아오이】\n코우지 씨가 오빠가 정장을\n입었는지 궁금해하시는 것\n같아서……
0x001284bd	3	【코우지】\n흠……\n그래서……?
0x00128524	3	【아오이】\n예전에 회사를 그만둘 때\n정장을 전부 버렸던 게 생각났어요.
0x00128595	4	【아오이】\n그랬더니 정말로 오빠는\n정장을 한 벌도 가지고 있지\n않았어요.
0x001285ea	5	【코우지】\n……확실한가?\n옷장 말고…… 뭐, 그럴 리는\n없겠지만\n침대 밑에 숨겼다든가……
0x00128671	4	【아오이】\n아니요, 어디에도 오빠의 정장 같은\n건\n보이지 않았어요.
0x001286c3	3	【코우지】\n…………\n그렇군……
0x00128712	5	【아오이】\n게다가 지금 회사 방침으로는\n전문가는 정장이 아니어도 되는\n모양이고,\n새로 사는 기색도 없어요.
0x00128789	4	【코우지】\n(그렇다면 감시 카메라에 찍힌\n그림자는\n미나즈키가 아니라는 건가.)
0x0012880f	3	【아카네】\n어때, 스승님.\n멋진 정보였지?
0x00128868	2	【코우지】\n……그래.
0x001288c7	6	【아카네】\n헤헤~!\n아오이에게 이 이야기를 듣고\n그거 꼭 스승님께 알려 주는 게\n좋겠다고\n말한 건 나라고!
0x00128949	3	【아카네】\n어때, 이 아카네의 배려!\n마음껏 칭찬해 줘도 돼!
0x001289d0	4	【아오이】\n저, 저는……\n어쨌든 코우지 씨께\n전하려고 했지만……
0x00128a44	2	【아카네】\n…………
0x00128a7b	3	【코우지】\n알고 있다고.\n둘 다 정말 고마워.
0x00128acc	4	【코우지】\n덕분에 생각을 좁힐 수 있었어.\n여기서 나가면\n진짜로 게 샤브샤브 사 줄게!
0x00128b5f	4	【아카네】\n……‘진짜로’라고?\n그럼 아까는 진짜가 아니었다는\n거야……?
0x00128bbe	2	【코우지】\n사소한 건 신경 쓰지 마!
0x00128c24	3	【아카네】\n……뭐, 됐나.\n결국 사 주는 거니까……
0x00129001	3	【구치소 직원】\n사이토.\n접견이다.
0x00129042	3	【코우지】\n음……?\n누구일까……?
0x001290c2	2	【나나시바】\n코우지 군, 인기인이네!
0x00129105	2	【코우지】\n잠깐 다녀올게.
0x00129169	2	【나나시바】\n다녀와~!
0x0012935e	3	【구치소 직원】\n사이토.\n접견이다.
0x0012939f	3	【코우지】\n음……?\n누구일까……?
0x0012976f	2	【코우지】\n좋아……!
0x001297ce	3	【나나시바】\n어, 어라? 왜 그래, 코우지 군?\n갑자기 기합을 넣고.
0x00129823	4	【코우지】\n각오를 다졌어.\n오늘부터 본격적으로 움직이기\n시작할 거야.
0x00129878	4	【코우지】\n10일 구류가 결정돼서,\n이대로면 유죄가 될 거라는 걸\n확실히 알았어.
0x001298e4	4	【코우지】\n변호사도 매일 와 주고 있고,\n나도 내가 할 수 있는 일을\n해야지.
0x00129967	4	【나나시바】\n그렇구나……\n응, 힘내 코우지 군.\n나는 응원할게.
0x001299d4	2	【나나시바】\n일단 이 부적을 가져가.
0x00129a56	4	【코우지】\n오, 고마워……\n그런데 이거, ‘안산 기원’이라고\n쓰여 있잖아!?
0x00129abc	5	【나나시바】\n‘걱정하는 것보다 해 보는 게\n쉽다’는\n말이잖아.\n어쨌든 팍팍 밀어붙이는 게 길이야.
0x00129b24	4	【코우지】\n이런 식으로 쓰는 물건인가, 이거?\n그럼…… 잘 모르겠지만\n한동안 빌려 둘게.
0x00129bbb	4	【코우지】\n그러고 보니 나나시바는\n항상 여기 있네.\n취조는 안 받나?
0x00129c1e	2	【나나시바】\n하루 종일 여기 있는 것 같아.
0x00129c6e	5	【나나시바】\n내 경우에는 체포된 이유가\n출판물의 내용이었거든.\n말하자면 그것 자체가\n결정적인 증거품인 셈이지.
0x00129d23	5	【나나시바】\n첫날 취조에서\n‘확실히 제가 쓴 겁니다’라고\n인정해 버렸으니, 이제는\n원칙적으로 취조받을 일도 없어.
0x00129da4	4	【코우지】\n흐음, 그런 건가……\n취조도 없는데 여기 있는 것도\n그 나름대로 힘들 것 같지만.
0x00129e31	3	【나나시바】\n나는 생각하는 걸 좋아하거든.\n지루하지 않아.
0x00129eb0	3	【나나시바】\n매일 여기서 하루 종일\n코우지 군의 무사를 빌고 있어!
0x00129f0c	2	【코우지】\n어, 어…… 고마워.
0x0012a22e	3	【코우지】\n후우.\n오늘은 피곤하다……
0x0012a29c	2	【나나시바】\n어서 와~, 코우지 군.
0x0012a2dd	4	【코우지】\n다녀왔어.\n……그런데 힘드네, 미우라의\n취조는.
0x0012a356	3	【나나시바】\n그렇구나. 코우지 군 담당은\n미우라 형사구나.
0x0012a3cd	4	【나나시바】\n들어 본 적 있어.\n소문으로는 담당한 사건의 유죄율이\n99퍼센트라던데……
0x0012a443	3	【코우지】\n……그 남자라면 그럴 법해서\n무섭네.
0x0012a4a5	4	【코우지】\n그나저나 피곤하다.\n오늘은 느긋하게\n욕조에 몸을 담그고 싶어……
0x0012a53a	3	【나나시바】\n유감!\n오늘은 목욕이 없어.
0x0012a58b	2	【코우지】\n뭐어!?
0x0012a5e9	5	【나나시바】\n전에도 말했지만,\n이 구치소는 원칙적으로 주 2회,\n화요일과 금요일이 목욕하는\n날이야.
0x0012a66d	3	【나나시바】\n오늘은 토요일이니까\n목욕은 없어.
0x0012a6c0	4	【코우지】\n다음이 화요일이면\n3일이나 목욕을 못 하는 건가……\n난감하네.
0x0012a744	4	【나나시바】\n코우지 군은 보기와 달리 깔끔하네.\n나는 한 달쯤 안 씻어도\n괜찮아.
0x0012a7bd	2	【코우지】\n……그, 그건 대단하네……
0x0012a82c	2	【나나시바】\n그렇게 멀리 가지 마, 코우지 군~
0x0012a875	2	【코우지】\n…………
0x0012a8ae	3	【코우지】\n여기서 나가지 못하는 건\n다른 의미로 위험해……
0x0012ac6e	3	【코우지】\n아, 맛있는 밥을\n배불리 먹고 싶다……
0x0012acba	4	【나나시바】\n그렇지……\n적어도 전자레인지로\n데울 수 있다면 좋을 텐데……
0x0012ad0e	4	【코우지】\n대체 왜 이렇게 양이 적은 거야!\n반찬이 차가운 건 참는다 해도\n이걸로 10일을 버티라고!?
0x0012ad88	4	【나나시바】\n대단해, 코우지 군.\n이 도시락을 앞에 두고도\n식욕을 느낄 수 있다니.
0x0012adec	3	【코우지】\n어쩐다……\n오늘도 반찬을 추가할까……?
0x0012ae3f	3	【나나시바】\n어머?\n꽤 통이 크네, 코우지 군.
0x0012ae99	3	【코우지】\n월급 받은 지 얼마 안 돼서.\n여유가 없는 건 아니야.
0x0012aef2	4	【코우지】\n주스, 칫솔, 그리고 담배……\n구치소에서도 물건을 살 수 있다니\n들어오기 전엔 몰랐어.
0x0012af65	4	【나나시바】\n응응.\n구치소 생활의 쾌적함은\n의외로 돈에 좌우돼.
0x0012afc2	3	【나나시바】\n뭐, 세상만사는\n돈으로 해결된다는 거지.
0x0012b016	2	【코우지】\n싫은 교훈이네……
0x0012b059	4	【코우지】\n자.\n이 밥을 다 먹으면\n다음은 운동 시간이군.
0x0012b0e0	2	【코우지】\n드디어 담배를 피울 수 있겠네.
0x0012b14e	2	【나나시바】\n아, 그런데 오늘은 일요일 아니야?
0x0012b196	3	【코우지】\n벌써 일요일인가……\n뭐, 나와는 상관없는 이야기지만.
0x0012b1fa	4	【나나시바】\n그게 아주 관계있지.\n일요일에는 운동 시간이\n없거든.
0x0012b25c	3	【코우지】\n어……?\n지금 뭐라고 했어?
0x0012b2af	3	【나나시바】\n그러니까 일요일에는\n운동 시간이 없다고.
0x0012b300	2	【코우지】\n거, 거짓말이지!?
0x0012b363	2	【나나시바】\n유감이지만, 진짜야.
0x0012b3a3	3	【코우지】\n뭐……\n몰랐어……
0x0012b40b	3	【나나시바】\n어쩔 수 없지.\n그게 여기 규칙이니까.
0x0012b47a	3	【나나시바】\n그래도 아무리 담배를 피우고\n싶다면 방법이 없는 건 아니야.
0x0012b4d7	5	【코우지】\n뭐!?\n말해 줘, 나나시바!\n어떻게 하면 담배를 피울 수\n있어!?
0x0012b540	3	【나나시바】\n취조에서 솔직하게\n자백해 버리면 돼.
0x0012b596	6	【나나시바】\n솔직하게 자백하면 사건은\n해결되고, 형사도 한숨 돌리고\n싶어질 거야. 그러면 ‘담배라도\n피울래?’ 라는 이야기가 되지\n않을까?
0x0012b615	2	【코우지】\n…………
0x0012b64e	3	【코우지】\n참을 수밖에\n없다는 건가……
0x0012b6a6	3	【나나시바】\n좋은 기회니까\n금연을 추천할게.
0x0012b6f8	2	【코우지】\n……생각해 볼게.
0x0012ba52	3	【코우지】\n후우~\n오늘도 피곤하다……
0x0012bac0	4	【나나시바】\n어서 와~\n코우지 군, 취조니 접견이니\n바쁘네.
0x0012bb1a	4	【코우지】\n그야 그렇지.\n알고 싶은 게\n아직도 잔뜩 있으니까.
0x0012bb6b	3	【코우지】\n지금은 조금이라도 정보를\n모아 둬야 하니까……
0x0012bbde	4	【나나시바】\n그렇구나. 코우지 군은\n사건 당시의 기억이\n없는 거지?
0x0012bc3b	4	【코우지】\n뭐, 그렇지.\n취조에서도\n그게 가장 큰 걸림돌이야.
0x0012bc8e	3	【코우지】\n하지만 아무리 떠올리려 해도\n잘되지 않아서……
0x0012bcde	3	【코우지】\n이 상태로는\n당일 기억이 돌아올 것 같지 않네.
0x0012bd66	3	【나나시바】\n기억이 돌아오도록\n내가 기도해 둘게.
0x0012bdea	3	【나나시바】\n아, 맞다!\n이 부적을 줄게!
0x0012be6c	3	【코우지】\n……교통안전?\n무슨 뜻이야?
0x0012beb7	3	【나나시바】\n시냅스의 전달 과정에서\n사고가 일어나지 않도록 말이야.
0x0012bf0c	3	【나나시바】\n뇌 안에서 정보가 잘 흐르면\n기억도 돌아오지 않을까 싶어서.
0x0012bf73	4	【코우지】\n……의미를 전혀 모르겠지만\n받아 둘게.\n그럼 안산 부적은 돌려줄게.
0x0012bfe3	3	【나나시바】\n맞아, 기도가\n분산될 수도 있으니까.
0x0012c065	3	【코우지】\n그런데 왜 너는 그렇게\n친절한 거야?
0x0012c0b0	4	【코우지】\n우리는 만난 지 아직 5일밖에 안\n됐고,\n무엇보다 이런 곳에서 만났잖아?
0x0012c10f	3	【코우지】\n보통은 무슨 범죄를 저지른 놈일까\n의심하지 않아?
0x0012c17c	4	【나나시바】\n그럴까?\n나는 오히려 같은 처지가 된\n인연 같은 걸 느끼는데.
0x0012c20e	3	【나나시바】\n게다가 코우지 군은\n소재로서 재미있어 보이거든.
0x0012c25d	2	【코우지】\n소재?
0x0012c2ba	4	【나나시바】\n그래, 소재.\n마침 다음 작품의 소재로 삼으려던\n참이었거든.
0x0012c339	4	【나나시바】\n코우지 군을 주인공으로 이야기를\n쓰면\n재미있을 것 같아서.
0x0012c38e	5	【코우지】\n뭐, 뭐야!?\n나를 주인공으로……\n이 사건에 관한 이야기를\n쓰겠다고!?
0x0012c402	5	【나나시바】\n물론이지!\n여기서 나간 뒤에도\n코우지 군을 관찰하게 해 줘.\n잘 부탁해!
0x0012c462	2	【코우지】\n잘 부탁하기는 무슨 잘 부탁이야!
0x0012c7c3	4	【코우지】\n――후우.\n살아났네……\n아아, 이틀 만의 담배는 맛있다!
0x0012c81e	6	【코우지】\n아침 운동이 끝난 뒤\n고작 10분뿐이지만……\n운동 시간에 담배를 피울 수 있다는\n건\n고맙네.
0x0012c891	3	【코우지】\n잠깐의 행복이란 게\n이런 거겠지.
0x0012c902	2	【나나시바】\n…………
0x0012c93b	3	【코우지】\n응?\n왜 그래, 나나시바?
0x0012c986	4	【코우지】\n그러고 보니 나나시바는\n운동 시간에도\n특별히 아무것도 안 하네.
0x0012c9de	3	【코우지】\n나처럼 담배를 피우지도 않고\n운동을 하는 것도 아니고.
0x0012ca56	3	【나나시바】\n나는 햇볕을 쬘 수 있으면\n그걸로 만족해.
0x0012caae	4	【나나시바】\n……저기, 코우지 군.\n내가 할 말은 아니지만,\n담배는 끊는 게 좋지 않을까?
0x0012cb1c	2	【코우지】\n응?
0x0012cb5d	3	【나나시바】\n이대로면 다음 일요일이\n또 괴로워질걸?
0x0012cbb8	5	【나나시바】\n그러다 취조 중 집중력이\n끊기기라도 하면\n돌이킬 수 없는 일이\n되지 않을까?
0x0012cc1e	3	【코우지】\n윽……\n그, 그건 그렇지만……
0x0012cc67	4	【코우지】\n(나나시바 말도 일리가 있어.\n담배가 떨어졌을 때 집중력까지\n끊겨 버리면 위험할지도……)
0x0012ccd8	3	【코우지】\n……응?\n잠깐만.
0x0012cd17	4	【코우지】\n그 논리라면\n금연을 시작하면 매일이\n위험해지는 것 아니야?
0x0012cd7b	3	【코우지】\n게다가 일요일에\n못 피우는 건 똑같고.
0x0012cded	3	【나나시바】\n아앗, 들켜 버렸다!\n아쉽네……
0x0012ce3b	2	【코우지】\n아쉽다고?
0x0012ce9c	5	【나나시바】\n응.\n코우지 군에게 담배를 끊게 하면\n내가 이기는 거라고\n나만의 규칙을 정한 거야.
0x0012cefe	3	【코우지】\n……사람을 가지고\n심심풀이하지 마!
0x0012cf74	2	【나나시바】\n아하하, 들켜 버렸네.
0x0012d295	4	【코우지】\n그러고 보니 말이야.\n나나시바가 체포된 책은\n어떤 내용이었어?
0x0012d31c	3	【나나시바】\n기쁘네.\n내게 관심을 가져 주다니.
0x0012d390	4	【나나시바】\n뭐, 평범한 소설인데.\n리얼리티를 주려고\n조금 사실을 써 버렸어.
0x0012d409	2	【코우지】\n그래서 음란물 반포죄인가?
0x0012d466	6	【나나시바】\n아아, 그건 별건 체포야.\n별건으로 체포하면\n진짜로 체포하고 싶은 죄로 체포할\n때까지\n구류한 채 시간을 벌 수 있잖아?
0x0012d510	6	【나나시바】\n진짜로 체포하고 싶은 건 다른\n거야.\n이 나라를 뒤흔들 만한 높으신 분의\n조금 곤란한 이야기를\n써 버린 것 같아.
0x0012d58b	3	【코우지】\n그렇게 곤란한 이야기를\n네가 어떻게 알고 있는 거야?
0x0012d5ff	4	【나나시바】\n우연이야.\n내가 쓴 내용이 아무래도\n사실이었던 모양이야.
0x0012d66d	4	【나나시바】\n이런 걸 뭐라고 하지?\n뜻밖의 횡재라던가?\n기쁘지 않은 횡재지만.
0x0012d6d5	3	【코우지】\n우연이라……\n저기, 그게 어떤 내용이었어?
0x0012d758	3	【나나시바】\n……모르는 편이\n신상에 좋을 것 같은데?
0x0012d7a3	4	【코우지】\n…………\n알겠어.\n묻지 않을게.
0x0012d7fb	2	【나나시바】\n응, 그게 좋아.
0x0012d838	4	【코우지】\n(나나시바는 여전히\n붙임성 있는 미소를 짓고\n있지만……)
0x0012d896	4	【코우지】\n(속으로는 전혀 웃고 있지\n않을지도……\n그렇게 생각하면 조금 무섭네.)
0x0012dc5f	3	【나나시바】\n해냈다!\n오늘은 첫 번째 목욕이야!
0x0012dcb1	2	【코우지】\n……저기, 나나시바.
0x0012dd17	3	【나나시바】\n응?\n왜 그래, 코우지 군?
0x0012dd5c	4	【코우지】\n그런데 우리는 첫 목욕이니까,\n나중에 들어올 사람들을 생각해서\n먼저 몸을 씻지 않을래?
0x0012ddf8	3	【나나시바】\n아하하하하!\n코우지 군은 상냥하네~
0x0012de64	5	【나나시바】\n하지만 여기서는 그런 배려 필요\n없어.\n대부분 사람은 목욕만 할 수 있으면\n된다고 생각하는 사람들뿐이니까.
0x0012def6	4	【나나시바】\n그중에는 목욕하는 것조차\n귀찮아하는 사람도\n있을 정도니까.
0x0012df57	2	【코우지】\n아, 아니, 그럴지도 모르지만……
0x0012dfc4	5	【나나시바】\n괜찮아, 괜찮아!\n자, 몸이 식겠어.\n어서 들어가서 몸을 씻는 게\n좋다니까!
0x0012e03f	2	【코우지】\n…………
0x0012e078	2	【코우지】\n……뭐, 됐나.
0x0012e0e6	2	【나나시바】\n……후후후.
0x0012e120	2	【코우지】\n뭐, 뭐야?
0x0012e159	2	【나나시바】\n……후후후후후.
0x0012e195	3	【코우지】\n뭐야.\n무섭잖아.
0x0012e1d8	3	【나나시바】\n나중에 등을 밀어 줄게,\n코우지 군.
0x0012e224	2	【코우지】\n어, 어……
0x0012e25e	2	【코우지】\n(……힘내라, 나.)
0x0012e5ab	3	【코우지】\n유치장에 도서실이 있는 줄은\n몰랐네.
0x0012e5fa	4	【코우지】\n조사에 도움이 될 만한 게\n있으면 좋겠다 싶었는데……\n아무래도 빈손인 모양이야.
0x0012e662	2	【나나시바】\n코우지 군~!
0x0012e6c3	3	【나나시바】\n어때?\n빌리고 싶은 책은 찾았어?
0x0012e70a	4	【코우지】\n으음……\n내가 찾는 건\n없는 것 같아.
0x0012e780	4	【나나시바】\n그렇지.\n야한 책은\n없는 모양이네.
0x0012e7ce	2	【코우지】\n그런 걸 찾는 게 아니야!
0x0012e833	4	【나나시바】\n그럼 말이야,\n내가 추천하는 책을\n읽어 보지 않을래?
0x0012e883	2	【코우지】\n추천하는 책?
0x0012e8e3	3	【나나시바】\n짜잔!\n이거야!
0x0012e921	3	【코우지】\n‘죽어서도 살아간다!’\n라니, 대단한 제목이네.
0x0012e980	3	【나나시바】\n이거 정말 추천하는 책이야.\n꼭 읽어 봐!!
0x0012e9d0	3	【코우지】\n……알겠어.\n이거 빌려 갈게.
0x0012ea26	3	【나나시바】\n잘됐다!\n나중에 감상 들려줘!
0x0012ea6d	4	【코우지】\n(작가 본인은\n자기 작품을 유난히 추천하네……\n어휴.)
0x0012edd5	4	【나나시바】\n코우지 군.\n어제 내가 추천한 책은\n이제 읽어 봤어?
0x0012ee2d	3	【코우지】\n읽었어.\n응, 꽤 재미있더라.
0x0012ee77	4	【코우지】\n그런데……\n그 안에 쓰여 있던 내용,\n정말일까?
0x0012eed7	2	【나나시바】\n심장 이식 이야기?
0x0012ef15	2	【코우지】\n그래, 그 이야기.
0x0012ef50	4	【코우지】\n심장을 이식받은 주인공이\n매일 밤 모르는 놈에게 습격당하는\n악몽에 시달렸다는 이야기……
0x0012efbd	3	【코우지】\n어느 날 주인공은 그 인물과\n현실 세계에서 마주친다.
0x0012f014	4	【코우지】\n궁금해서 그놈을 조사해 봤더니,\n전 심장 주인을 죽인\n살인범이었다……
0x0012f0a6	6	【나나시바】\n그러니까 원래 심장의 주인이\n살해당할 때 범인의 얼굴을 보고,\n그 기억이 심장을 이식받은\n주인공에게\n이어졌다는 이야기지.
0x0012f13f	4	【코우지】\n솔직히 소름 돋았지만……\n정말 그런 일이 있다면\n신기한 이야기긴 하네.
0x0012f19b	5	【코우지】\n우리 어머니는\n심장 기증자였어.\n그 어머니의 기억을 이어받은\n사람이 어딘가에서 살아 있다면……
0x0012f24c	4	【나나시바】\n후후, 정말 그렇다면 멋지겠네.\n돌아가신 어머니와\n다시 만날 수 있을지도 모르고……
0x0012f2af	4	【코우지】\n하지만 그건 소설이잖아?\n심장 이식으로 기억을\n이어받는다니, 그런 일이……
0x0012f34b	5	【나나시바】\n아니, 소설이라고 단정할 수는\n없어.\n사실 현실 세계에도\n비슷한 사례가 있거든.
0x0012f3c6	4	【나나시바】\n심장 이식을 받은 사람,\n수혜자가 갑자기 음식 취향이\n달라졌다는 거야.
0x0012f43b	4	【나나시바】\n조사해 보니 심장 기증자의\n음식 취향과\n같은 경향이었다고 해.
0x0012f4b4	3	【나나시바】\n그런 사례가\n몇 가지 더 있는 모양이야.
0x0012f4ff	2	【코우지】\n세포에 기억이 깃든다는 건가……
0x0012f57a	4	【나나시바】\n과학적으로 증명된 건 아니니까\n그대로 믿어 버리는 것도\n위험하지만.
0x0012f5ea	3	【코우지】\n알고 있어.\n잡학으로 기억해 둘게.
0x0012f6da	3	【코우지】\n……이것과 이것.\n그렇지, 그리고 담배를 사면……
0x0012f756	3	【나나시바】\n코우지 군.\n나는 이제 끝났어.
0x0012f79e	4	【코우지】\n조금만 기다려 줘.\n매점에서 물건을 살 수 있는 건\n하루에 한 번뿐이니까.
0x0012f7fc	4	【코우지】\n어……\n아, 그래도 이제 담배만 사면\n되나……
0x0012f846	3	【코우지】\n그런데 너, 뭘 그렇게\n사재기하는 거야!?
0x0012f8ab	3	【나나시바】\n주스야.\n나는 목이 잘 마르거든.
0x0012f902	3	【코우지】\n너 그렇게 주스를\n많이 마셨나?
0x0012f957	4	【나나시바】\n응, 네가 취조하러\n가 있을 때 말이야.\n운동 시간에는 주로 물이지만.
0x0012f9ca	4	【나나시바】\n여기서 산 물건은 일단\n구치소 직원에게 맡겨야 해서,\n코우지 군은 몰랐겠지만.
0x0012fa40	4	【코우지】\n……그렇구나.\n담배도 구치소 직원에게\n맡겨야 하는 거지……
0x0012faaa	4	【나나시바】\n그게 낫지 않을까?\n손에 담배가 있으면\n바로 피우고 싶어지잖아?
0x0012fb0a	4	【코우지】\n뭐, 그렇긴 하지만……\n정말 금연 희망자에게\n추천할 만한 곳이네, 여기는.
0x0012fe6f	2	【코우지】\n……어라, 나나시바가 없네.
0x0012fef6	2	【나나시바】\n다녀왔어~
0x0012ff2c	3	【코우지】\n나나시바, 어디 갔었어?\n취조라도 있었나?
0x0012ffa3	4	【나나시바】\n응, 맞아.\n다만 취조라고 해도\n검사와 판사가 하는 거지만.
0x00130009	4	【코우지】\n(검사와 판사……라면\n10일 구류 연장이\n결정됐다는 건가……)
0x00130081	4	【코우지】\n(맞다……\n구류에는 ‘연장’이라는\n제도가 있었지.)
0x001300e5	3	【코우지】\n(가능하면 연장되지 않고\n석방되면 좋겠는데……)
0x0013047f	2	【나나시바】\n유감이네, 코우지 군.
0x001304c2	3	【코우지】\n유감……?\n뭐가?
0x00130510	4	【나나시바】\n오늘은 일요일이라\n운동 시간이 없거든.\n유감이지만 담배는 못 피우겠네.
0x00130578	3	【코우지】\n……아아,\n그러고 보니 그랬지.
0x001305bf	4	【코우지】\n오히려 느긋하게\n생각할 수 있어서\n잘된 걸지도 모르겠네.
0x0013063a	3	【나나시바】\n코우지 군……\n오늘따라 진지하네.
0x00130683	3	【코우지】\n드디어 내일이\n구류 최종일이야.
0x001306d4	3	【코우지】\n석방이냐 구류 연장이냐……\n기소될 가능성도 있어.
0x00130749	5	【코우지】\n할 수 있는 건 전부 했다고\n납득한 뒤 내일을 맞고 싶어.\n그러니까 후회 없도록\n노력하려고.
0x001307e5	4	【나나시바】\n그렇구나……\n나는 아무것도 못 하지만\n잘되기를 빌고 있을게.
0x0013086a	3	【나나시바】\n아, 맞다!\n새로운 부적을……!
0x001308b0	4	【코우지】\n아니, 괜찮아.\n고마워, 나나시바.\n그 마음만으로도 기뻐.
0x00130909	3	【코우지】\n(교통안전 부적은\n효과가 없었고……)
0x00130c5e	3	【나나시바】\n……어때?\n준비는 완벽해?
0x00130ca3	2	【코우지】\n아니…… 어떨까.
0x00130ceb	3	【코우지】\n하지만 뭐,\n구류 연장은 각오하고 있어.
0x00130d71	4	【나나시바】\n경찰은 어떻게든 트집을 잡고……\n이 시점에 석방되는 사람은\n거의 없다고 하더라.
0x00130de3	2	【코우지】\n……나나시바.
0x00130e44	4	【나나시바】\n아, 미안!\n아직 모르는 일이구나!\n그렇지!
0x00130e93	3	【코우지】\n괜찮아.\n나는 이미 각오했어.
0x00130eec	5	【코우지】\n……이 사건은\n아직도 모르는 것투성이야.\n더 조사할 수 있다면\n철저하게 파고들 때까지 해 보겠어.
0x00130f5f	3	【코우지】\n물론 내일 검사 취조에서\n기소되면 어쩔 수 없지만……
0x00130ff1	3	【나나시바】\n그건 내일이 되어 봐야\n알 수 있겠지.
0x0013103e	2	【코우지】\n그래……
0x001313a7	2	【나나시바】\n오늘 드디어 석방이네!
0x001313f1	2	【코우지】\n……아니, 그럴 리 없어.
0x00131457	2	【나나시바】\n……즉답이네.
0x0013149b	3	【코우지】\n미우라가 말했으니까.\n10일 구류 연장이라고.
0x00131525	3	【나나시바】\n그, 그래도 결정하는 건\n검사잖아!
0x0013156c	5	【코우지】\n그렇게 기대하게 하지 마,\n나나시바.\n안 됐을 때의 충격이\n커지잖아……
0x001318b4	2	【코우지】\n다녀왔어……
0x00131913	2	【나나시바】\n어서 와, 코우지 군!
0x00131952	3	【코우지】\n후우……\n드디어 진정됐네……
0x001319bf	3	【나나시바】\n안 돼, 코우지 군.\n이런 곳에서 주저앉으면 안 돼.
0x00131a25	4	【나나시바】\n이렇게 또 한동안\n같이 있게 된 건 좋지만,\n유감이네.
0x00131a81	4	【코우지】\n뭐, 그대로 기소되지 않은\n것만으로도\n다행이라고 생각해야지.
0x00131ade	3	【코우지】\n아무튼 다시 잘 부탁해……\n나나시바.
0x00131b51	4	【나나시바】\n싫다니까.\n나와 코우지 군 사이에\n그런 격식 차린 인사는 필요 없어!
0x00131bc3	2	【나나시바】\n잘 부탁해, 코우지 군!
0x00131c03	2	【코우지】\n어, 어……
0x00131f5d	3	【코우지】\n후우……\n오랜만의 담배네……
0x00131fca	5	【나나시바】\n그러고 보니 그렇네.\n그저께는 일요일이라 운동이\n없었고, 어제는 검찰청에 가느라\n운동 시간이 잘렸지.
0x0013204c	3	【코우지】\n그래.\n죽는 줄 알았어, 정말……
0x001320a3	2	【나나시바】\n하지만 죽지는 않았지, 코우지 군.
0x001320eb	3	【코우지】\n……무슨 말이 하고 싶은 거야,\n나나시바?
0x00132158	2	【나나시바】\n……알고 있잖아?
0x00132198	4	【코우지】\n……금연 얘기라면 그만해.\n지금은 그저 이렇게\n담배 맛을 음미하고 싶어……
0x0013223c	3	【나나시바】\n……알겠어.\n이제 아무 말도 안 할게.
0x001322ab	3	【나나시바】\n그건 그렇고,\n가끔은 같이 운동하지 않을래?
0x00132300	3	【코우지】\n운동?\n뭘 하는데?
0x00132367	3	【나나시바】\n달리기야.\n나 꽤 자신 있어.
0x001323b5	5	【코우지】\n호오……\n‘탐정 업계의 빠른 번개’라고\n불린 나에게 도전장인가?\n받아 주지.
0x00132455	3	【나나시바】\n……뭐, 뭔가\n미묘하게 낡은 표현이네.
0x001324c9	5	【나나시바】\n나도 ‘작가 업계의 괴짜\n귀공자’라고\n불린 남자야.\n그렇게 쉽게 질 수는 없지!
0x00132539	2	【코우지】\n……너도 미묘하게 낡았어.
0x00132584	4	【코우지】\n……뭐, 됐어.\n저쪽 벽을 터치하고\n돌아오는 시간으로 승부하자.
0x001325f1	2	【코우지】\n준비, 시작!
0x00132652	3	【나나시바】\n아, 부정 출발이야!\n코우지 군!
0x00132708	3	【나나시바】\n……헉…… 헉……\n내가 이겼네, 코우지 군.
0x0013275d	3	【코우지】\n헉…… 헉……\n뭐, 뭐야 이 속도……
0x001327cb	3	【나나시바】\n헤헤~!\n도망치는 발만은 빠르다고, 나!
0x00132820	4	【코우지】\n크, 젠장……\n발에는 자신이 있었는데,\n분하네…… 헉…… 헉……
0x00132889	3	【코우지】\n(큰일이다……\n본격적으로 숨이 차고 있어……)
0x001328db	4	【코우지】\n(담배를 정말 끊지 않으면\n석방돼도 탐정으로 복귀하지\n못할지도……)
0x00132c24	4	【코우지】\n오, 다행이다.\n아직 물이 그렇게 뜨거워지진\n않았네……
0x00132c76	4	【코우지】\n몸을 씻으라는 건 아니야.\n그래도 적어도 샤워로 땀을 씻고\n들어가자.
0x00132d03	2	【나나시바】\n…………
0x00132d3c	3	【코우지】\n……응?\n왜 그래, 나나시바?
0x00132d81	2	【나나시바】\n…………
0x00132dba	2	【코우지】\n……나나시바!
0x00132e1b	3	【나나시바】\n어……?\n뭐, 뭐야, 코우지 군?
0x00132e64	3	【코우지】\n왜 그래?\n목욕 시간에 무슨 생각해?
0x00132ec3	3	【나나시바】\n으, 응……\n조금……
0x00132f07	3	【코우지】\n소설 소재라도\n떠올리고 있었어?
0x00132f64	2	【나나시바】\n…………
0x00132f9d	3	【코우지】\n……으음.\n뭔가 어색하네……
0x00132fed	4	【코우지】\n평소에는\n‘코우지 군! 같이 목욕하자!’\n이런 느낌이면서.
0x00133081	3	【나나시바】\n……응?\n뭐라고 했어?
0x001330c4	2	【코우지】\n……아, 아니. 아무것도……
0x0013312d	2	【나나시바】\n그래……
0x00133164	2	【나나시바】\n………
0x0013319b	3	【코우지】\n(……표정이 진지하네.\n그냥 내버려 둘까.)
0x001334fc	2	【코우지】\n저기, 나나시바……
0x0013355f	2	【나나시바】\n뭐야, 코우지 군?
0x0013359d	4	【코우지】\n전에 말이야,\n물어본 적 있었잖아.\n나나시바가 체포된 책 이야기.
0x00133600	4	【코우지】\n나라를 뒤흔들 만한 높으신 분의\n곤란한 이야기를 썼다고\n말했었지?
0x00133687	4	【나나시바】\n응, 맞아.\n높으신 분이라기보다는\n경찰 상층부의 불상사였지.
0x00133705	3	【코우지】\n……그건 소설 소재인 거지?\n실제 이야기는 아니지?
0x0013376a	4	【나나시바】\n물론이지.\n그래서 몇 번이나 그렇게\n주장하지만 좀처럼 믿어 주질 않네.
0x001337ce	2	【코우지】\n그런데, 어떤 이야기야?
0x00133835	3	【나나시바】\n……모르는 편이\n좋을 것 같은데.
0x0013387d	3	【코우지】\n지어낸 이야기라면\n들어도 해로울 건 없잖아?
0x001338ed	4	【나나시바】\n……그래.\n그렇지.\n그럼 간단히 개요만 말해 줄게.
0x0013396d	5	【나나시바】\n경찰청의 엘리트 간부가\n어떤 기업과 유착해서\n그 기업이 저지른 부정을\n은폐한다는 이야기야.
0x00133a0f	4	【나나시바】\n그 대가로 부정을 저지른 기업이\n엘리트 간부에게 비자금을\n건네고…… 흔한 이야기잖아?
0x00133a87	5	【코우지】\n……확실히\n흔한 이야기라고 할 수도 있겠네.\n그런데 그것뿐인데\n왜 체포되는 거야?
0x00133b1d	6	【나나시바】\n기업이 저지른 부정의 내용이나\n비자금을 건넨 경위에\n과민하게 반응하더라고.\n어디서 소재를 얻었는지 집요하게\n물었어.
0x00133bc2	2	【코우지】\n…………
0x00133c08	5	【나나시바】\n게다가 이상한 건,\n등장인물의 이름이 우연히\n실제 인물과\n같아져 버렸다는 거야.
0x00133c85	2	【코우지】\n…………
0x00133ce4	5	【나나시바】\n참고로 나를 취조하는\n형사 이름이 콘도인데,\n그 사람도 우연히 소설 속에\n형사 역할로 등장해.
0x00133d88	2	【나나시바】\n이상하지? 아하하.
0x00133e07	4	【나나시바】\n하지만 어디까지나 소설 소재니까.\n조만간 혐의 불충분으로\n석방될 거라고 생각해.
0x00133e85	4	【코우지】\n……나나시바,\n거의 취조를 받지 않았지?\n보통 이런 일이 있으면 더……
0x00133f1a	3	【나나시바】\n그래.\n그건 말이지……
0x00133f58	3	【코우지】\n……아, 역시 그 이상은\n말하지 않아도 돼.
0x00133fa6	3	【코우지】\n더 들으면 나도\n돌아갈 수 없게 될 것 같아서……
0x00134377	2	【나나시바】\n목욕은 역시 좋네……
0x001343c2	2	【코우지】\n그래……
0x001343f9	4	【코우지】\n목욕을 좋아하는 편은 아니었지만,\n가끔만 하게 되면\n그 고마움을 알게 되네.
0x0013448c	4	【나나시바】\n외국은 이렇게 욕조에\n몸을 담그는 습관이\n별로 없거든.
0x001344e8	4	【코우지】\n……들어 본 적 있어.\n대부분 샤워만 하고\n끝낸다며?
0x00134574	5	【나나시바】\n그렇지.\n하지만 역시 이렇게 욕조에\n몸을 담그는 게\n기분 좋아.
0x001345de	3	【코우지】\n나나시바는 해외에\n가 본 적 있어?
0x0013464d	2	【나나시바】\n왜?
0x00134684	2	【코우지】\n아니, 그런 말투라서.
0x001346db	4	【나나시바】\n……응.\n취재로 조금.\n코우지 군은?
0x0013472b	5	【코우지】\n나는 아직 해외에\n가 본 적 없어.\n특히 가고 싶다고 생각한 적도\n없고.
0x001347ae	4	【나나시바】\n그래도 한 번쯤은 해외에 가서\n일본과 다른 문화를 접하는 것도\n나쁘지 않다고 생각해.
0x0013482a	4	【나나시바】\n그러면 일본이\n더 좋아질지도 모르고,\n목욕도 더 좋아질지 모르지.
0x00134896	2	【코우지】\n그런가……
0x00134c05	2	【나나시바】\n오늘은 마지막 밤이네.
0x00134c46	2	【코우지】\n……무슨 뜻이야?
0x00134c93	2	【나나시바】\n나는 내일 석방될 예정이거든.
0x00134ce3	2	【코우지】\n……그럼 내일 검사 취조인가?
0x00134d58	4	【나나시바】\n응.\n혐의 불충분으로\n석방될 거라고 들었어.
0x00134dbf	4	【코우지】\n……어라, 그런데\n첫날 취조에서 죄를 인정했다고\n말하지 않았던가?
0x00134e44	5	【나나시바】\n응, 말했지.\n그런데 어제 취조를 받고,\n그때 윗사람과\n연락하게 해 달라고 했어.
0x00134ee6	4	【나나시바】\n그랬더니 어머나, 이상하네.\n내일 석방해 주는 방향으로\n이야기가 진행됐다는 거야.
0x00134f54	2	【코우지】\n……너, 무슨 뒷공작을 쓴 거야.
0x00134fc5	6	【나나시바】\n별것 아니야.\n원래 나를 체포하게 된 계기가 된\n책에는\n고도의 정치적 문제가\n쓰여 있었거든.
0x0013506a	4	【나나시바】\n내가 기소되면\n국가 안에서 문제가 되는 구조라고\n설명했을 뿐이야.
0x001350dc	3	【코우지】\n……너 대단한 녀석이었구나.\n아사츠유 씨와 동급이야……
0x0013515d	4	【나나시바】\n의외로 별로 놀라지 않네.\n보통 사람이라면\n반신반의할 텐데.
0x001351d3	2	……그런 이야기는\n직업상 익숙하니까.
0x0013522d	3	……그런데 그렇다면 왜\n좀 더 빨리 움직이지 않았어?\n언제든 석방될 수 있었던 거잖아?
0x001352c7	2	전에 말했잖아?\n코우지 군은 소재로서 재미있다고.
0x00135342	3	원래 구치소 생활을\n취재하고 싶었을 뿐인데,\n재미가 늘어나 버렸거든!
0x001353ae	2	……취재라니,\n일부러 잡힌 거야, 너!?
0x0013542f	1	후후, 상상에 맡길게.
0x0013546c	2	【코우지】\n………………
0x001354cf	2	덕분에 좋은 소재가 생겼어.\n내 다음 작품, 기대해 줘!
0x0013552a	1	……읽는 게 무섭네.
0x001358c9	3	그럼 나는 갈게.\n외로워질 것 같지만 힘내, 코우지\n군!
0x0013592a	3	그래, 정말 외로워질지도 모르겠네.\n네가 있어서 구치소 생활도\n지루하지 않았어.
0x0013599f	2	나나시바도 힘내.\n다음 작품, 읽을 테니까.
0x001359fa	1	응, 잘 부탁해.
0x00135a36	1	그럼 간다.
0x00135a99	1	그럼 잘 있어, 코우지 군!
0x00135ad8	2	【코우지】\n그래, 또 봐.
0x00135b38	1	응, 또 봐!
0x00135b9f	2	【코우지】\n…………
0x00135bd8	1	(이제 나 혼자인가.)
0x00135c17	2	(……아니면\n새로운 녀석이 들어오나……)
0x00135c6a	2	(어쨌든\n내게 남은 날도 많지 않다.)
0x00135cb8	2	(어떻게든 나나시바의 뒤를 이을\n녀석이 오면 좋겠는데……)
0x00135fa8	2	【코우지】\n…………
0x00135fe1	2	(나나시바가 사라지니\n갑자기 조용해졌네.)
0x00136031	2	【코우지】\n…………
0x0013606a	2	(조용해졌다.\n꽤 좋잖아!)
0x001360b3	2	(이제 내게 남은 시간도 얼마\n없다.)
0x001360fd	2	(사건과 제대로 마주하기에는\n오히려 잘된 일이다.)
0x00136150	2	(남은 시간을 유용하게 쓰려면\n작전을 세워 둬야겠어……)
0x001364bb	3	나는 여기서 움직일 수 없다.\n그렇다면 움직여야 할 건……\n머리다.
0x0013650d	3	오늘부터 매일 밤,\n그날 하루의 정보를 정리하기로\n하자.
0x00136563	1	우선 오늘 정보의 체크다.
0x001365a6	2	내 담당은\n미우라와 요시모토라는 형사다.
0x001365f6	3	특히 미우라라는 형사는 요주의다.\n머리도 잘 돌아가고, 빈틈을 보이면\n가차 없이 파고들 테니까.
0x00136695	5	사건의 발단은 내가 탐정 사무소\n소장인\n미즈타니 아사츠유 씨와\n‘라이트 블루’라는 바에서\n술을 마시던 데서 시작한다.
0x0013672a	5	거기서 시라카와 이치로라는 남자가\n살해됐다.\n현장에 남겨진 흉기에 내 지문이\n묻어 있었고,\n그 때문에 체포되고 말았다.
0x001367bb	4	하지만 나는 피해자와 면식이 없다.\n나와 피해자가 말다툼하는 모습을\n목격했다는 사람도 있지만,\n나는 기억하지 못한다.
0x0013685f	3	그런 절체절명의 상황에 나타난\n것은 변호사가 된 옛 연인,\n노리코였다……
0x001368e9	5	나는 노리코에게 조사를 의뢰했고,\n며칠 뒤 그 보고를 받기로 했다.\n구치소 안에서 무죄를 증명하는\n작전이\n시작된 셈이다.
0x0013696d	3	그러고 보니 노리코는\n신타로의 아버지가 운영하는\n사무소에 소속돼 있다고 했었지……
0x001369ee	4	신타로는 그렇다 치고,\n누마사키 변호사는 나도 이름을\n들어 봤을 정도로\n뛰어난 변호사로 유명한 사람이다.
0x00136a80	3	그 밖에는……\n일단 나나시바에 대해서도\n정리해 두기로 하자.
0x00136ad1	4	구치소 생활의 동거인.\n조금 이상한 구석도 있지만,\n무서운 아저씨가 아니라서\n다행이다.
0x00136b67	2	오늘은 특별히 새로운 정보가\n없었다.
0x00136bac	3	굳이 말하자면,\n검사와 판사에게 무죄를 호소하려면\n정보가 부족하다는 것만 알게 됐다.
0x00136c1a	3	내게 남은 날은 10일.\n그때까지 어떻게든\n무죄를 증명해야 한다……
0x00136c9b	1	오늘 얻은 정보를 되돌아보자.
0x00136d18	3	피해자의 가족 구성은\n아내 시라카와 미사에와\n딸 시라카와 노조미……인가.
0x00136dab	3	놀라운 건\n시라카와 미사에가 우리 어머니와\n너무 닮았다는 것……
0x00136e2a	2	하지만 혈연관계는\n없는 거지……
0x00136eb8	2	피해자가 대표를 맡고 있던\n시라카와 그룹.
0x00136f0c	2	그곳에 새 대표가 취임한 모양이다.\n이름은 시라카와 사토루.
0x00136f71	1	과연 어떤 남자일까?
0x00136fee	3	시라카와 사토루는 이치로와\n비교하면 각 방면에서 평판이 좋은\n모양이다.
0x0013705c	2	시라카와 이치로가 살해되어\n가장 이득을 본 인물……
0x001370ae	3	주변의 평판을 듣는 한 좋은 사람인\n것 같지만,\n범인 후보일지도 모르겠네……
0x0013714a	2	나와 시라카와 이치로는\n리폼 공사 때 얼굴을 마주쳤다……
0x0013719c	3	그렇다고 해도 나는 인사 정도만\n했으니\n관계라고 부를 만한 것은 아니다.
0x00137203	4	다만 어머니와 시라카와 이치로\n사이에는\n무언가 연결고리가 있었던 것\n같다……
0x00137297	2	사건이 발생했을 때\n배경음악은 흐르지 않고 있었다.
0x001372e7	2	원래라면 클래식이\n흘러나왔어야 했는데 말이다.
0x00137331	2	범인의 알리바이 조작과\n관련돼 있을 가능성이 높다……
0x00137384	2	진실로 가는 실마리가\n보이기 시작했을지도 모르겠네……
0x00137406	3	말다툼……이라는 말과\n미묘하게 뉘앙스가 어긋나는 게\n신경 쓰이네……
0x0013749f	2	감시 카메라에 비친\n수상한 그림자……
0x001374ef	3	그 점으로 미루어 보면\n권총에 내 지문을 묻힌 것처럼\n보이기도 한다……
0x00137557	5	이 정보가 가진 의미는 매우 크다.\n이 정보가 있는데도\n경찰이 수사를 진행하지 않는다는\n점까지\n합치면 말이다……
0x0013760b	2	살해 현장 부근의 문에는\n지문을 지운 흔적이 있었다……
0x0013766e	5	흉기에 내 지문이 있는데\n문에는 내 지문이 없는 건\n이상하다.\n그렇게 생각하지 못하게 하려고\n진범이 지웠을 게 틀림없다.
0x00137703	2	트릭의 허점이 조금씩\n드러나기 시작했네……
0x0013778a	2	플레이어를 옮긴 흔적이 있었다……\n이 사실은 크다.
0x001377e0	3	내 생각이 맞다면\n관계자 전원의 알리바이가\n무너질 텐데…… 과연 어떻게 될까.
0x00137887	3	관계자들의 알리바이도\n무너졌다…… 이제 나 이외의\n사람도 범행이 가능해진 셈이다!!
0x001378f5	2	하지만 이건 골이 아니다.\n그저 통과점일 뿐이다.
0x00137940	1	반드시 진범을 찾아내고 말겠어!
0x001379bd	4	누마사키 변호사의 말로는\nVIP룸에 들어간 젊은 남자의\n이름이\n‘코우지’인 모양이다……
0x00137a26	1	도대체 누구일까……?
0x00137aa4	1	아사츠유 씨는 전직 변호사인가……
0x00137ae7	3	아사츠유 씨의 과거는\n지금까지 캐묻지 않았지만,\n설마 변호사였다니 말이야.
0x00137b4f	2	사람에게는 저마다의 역사가 있다는\n건가.
0x00137bc9	2	하필이면 아사츠유 씨가 태운\n택시가 불법 택시였다니……
0x00137c1e	1	나도 운이 없네……
0x00137c93	3	오늘 낯선 여자아이가 접견을\n왔다……\n아마 그 아이는……
0x00137ced	2	그건 그렇고,\n내 앞에 나타난 목적을 모르겠다.
0x00137d3a	1	…………
0x00137d6f	2	‘살인자’라고 말하러 온 거겠지,\n역시……
0x00137dfb	3	노조미가 마지막에 보여 준\n미소…… 그건 무엇을 의미하는\n걸까?
0x00137e51	4	솔직하게 받아들여도 되는 걸까?\n아니면 나를 함정에 빠뜨리려는\n걸까?\n후자는 조금 생각하기 어렵지만……
0x00137ef5	5	노조미가 말했던\n권총의 위화감……\n어딘가 걸리긴 했지만,\n명확하게 인식하고 있었던 건\n아니었다.
0x00137f79	2	……덕분에 조금 길이 열리기\n시작했다!!
0x00138000	2	노조미가 나에게 협력해 주기로\n했다.
0x00138058	4	너무 위험한 일은 시킬 수 없지만,\n잘되면 시라카와 집 주변의 정보를\n손에 넣을 수 있을지도\n모르겠다……
0x001380c1	1	과연 길일까, 흉일까……?
0x0013814e	4	아사츠유 씨와 피해자가 아는\n사이였다……\n이제 아사츠유 씨도\n어엿한 용의자다.
0x001381c2	1	…………
0x001381f7	3	우선 냉정하게.\n그리고 다른 용의자들과 마찬가지로\n조사를 진행해 나가자.
0x00138291	3	……신타로의 말에\n휘둘리고 있는 건 알아.\n하지만 역시……
0x001382ee	1	…………
0x00138323	1	나는 어떻게 해야 하지……?
0x0013839f	2	아카네와 아오이……\n설마 여기까지 찾아올 줄은 몰랐네.
0x001383f0	3	평소에는 시끄럽다고 생각했는데,\n지금은 그게 오히려 마음이\n놓이네……
0x0013844d	2	그 두 사람에게는 절대 말할 수\n없지만.
0x001384de	4	설마 ‘코우지’가 아오이의 오빠,\n미나즈키 코우지였을 줄이야……\n세상 참 좁다기보다,\n우연이라고 해야 하나……
0x001385ad	2	미나즈키 코우지에게서 들은\n이야기는 꽤 스릴 넘쳤네.
0x00138600	3	피해자를 원망한다고 단언했지.\n무죄라는 자신감의 표현일까,\n아니면 뻔뻔하게 나오는 걸까……
0x001386c2	2	오늘 현장 검증에서\n여러 가지를 알게 됐다.
0x0013870c	3	자동 잠금문,\n보안 설비가 갖춰진 VIP룸,\n닦아 낸 지문 흔적……
0x0013878a	5	이건 앞으로 자세히 검토하기로\n하고,\n한 가지 마음에 걸린 건\n최초 발견자가 미우라의 상사인\n콘도였다는 사실이다.
0x00138804	2	만나서 이야기를 나누고 싶지만\n무리겠지……
0x00138883	2	콘도는 억지로라도 나를\n범인으로 만들려는 것 같다.
0x001388d9	3	하지만 나는 콘도와 면식이 없다.\n나를 함정에 빠뜨릴 이유가\n뭐지……?
0x0013895d	2	내 방에서 나온 피해자의 명함……\n이건 무엇을 의미하는 걸까?
0x001389c6	3	나는 피해자를 만난 기억이 없다.\n……그 명함은 어디서 손에 넣은\n걸까?
0x00138a33	1	…………
0x00138a6c	3	시라카와 이치로,\n누마사키 에이타로, 콘도 가쓰미\n세 사람은 고등학교 시절 동창……
0x00138ad3	1	이것도 기억해 둬야 할 정보다.
0x00138b4c	6	당일 VIP룸에 들어간 사람은\n누마사키 변호사, 콘도, 아사츠유\n씨,\n그리고 젊은 남자.\n경찰은 이 젊은 남자가 나라고\n의심하는 모양이지만……
0x00138bd8	5	이 젊은 남자의 정체를 알아내려면\n우선 현장 주변 탐문부터\n해야겠지만,\n한정된 시간 안에 조사할 가치가\n있을까……
0x00138c87	2	설마 아버지가\n그런 걸 남겨 두었을 줄이야……
0x00138cd0	2	……진범은 이렇게 될 것을\n예상하고 나를 함정에 빠뜨린 걸까?
0x00138d23	3	설마.\n나조차 몰랐던 일을\n알고 있는 사람이 있다니……
0x00138d8d	3	오늘 취조에서는\n특별히 중요한 정보가 없었네.\n내일을 기대하자.
0x00138dfb	2	……결국 무죄를 증명하는 데까지는\n이르지 못했다……
0x00138e4d	4	하지만 할 수 있는 일은 다 했고,\n감시 카메라라는 증거도 있다.\n내일은 배수진을 치고\n무죄를 호소해 보자.
0x00138ede	2	오늘은 미우라와\n호각으로 맞섰네……
0x00138f2c	2	이 기세로\n계속 조사를 진행해 볼까……!
0x00138f7c	2	오늘은 형편이 좋지 않은 상황에서\n하루가 끝나 버렸네……
0x00138fcc	2	이대로는 곤란해……\n타개책을 세워야 해……
0x0013905c	1	그것도……
0x001390a6	1	그리고……
0x001390de	1	다음은……
0x001391db	3	……뭐, 예정대로라면 예정대로고\n형식대로라면 형식대로지만,\n석방되지는 않았네.
0x00139241	4	마음에 걸리는 건\n감시 카메라 비디오테이프가\n검사에게 제출되지 않았다는\n점이다.
0x001392a2	3	……경찰에게 불리한 증거였으니\n일부러 송검하지 않은 건가……?\n……내일 미우라를 추궁해 볼까.
0x00139325	4	그건 일단 제쳐 두더라도,\n안 된 건 어쩔 수 없다.\n이번이야말로 진짜 마지막\n10일이다.
0x00139394	5	이 기간에 내 무죄를 증명하지\n못하면\n나는 기소되고 말 것이다.\n남은 10일, 신중하게 움직여야\n해.
0x0013941d	4	그 방법은 앞으로 천천히\n생각하기로 하고,\n어떻게든 해결해야 하는 건\n미우라의 심문이다.
0x0013948e	4	‘살인을 저지르지 않았다는\n근거’……\n그런 걸 알고 있었다면\n진작 석방됐겠지.
0x00139501	1	…………
0x0013953a	2	결국 진범과 그 증거를\n제시하는 방법밖에는 없겠지.
0x00139598	3	……그렇다면 앞으로의 방침은\n진범을 밝혀낼 방법을\n생각하면 되는 셈이다.
0x00139608	3	그러기 위해 단서를 정리해 두자.\n중요하지 않아 보이는 정보는\n일단 지워 두는 편이 좋겠어.
0x00139859	1	자, 이제 어떻게 해야 할까……
0x001398b1	1	오늘 얻은 정보를 되돌아보자.
0x00139924	2	시라카와 그룹의 대표 교체는\n1년 전부터 계획되어 있었다……
0x0013997b	4	그에 맞춰 미나즈키 코우지의 복직\n이야기도\n있었던 모양이지만,\n실제로 복직한 건 얼마 전이다.
0x001399e6	6	미나즈키는 피해자와\n사이가 좋지 않았던 모양인데,\n미나즈키의 복직 시기에 맞춰\n살인 사건이 일어났다.\n그저 우연으로 치부해도 되는\n걸까……?
0x00139abe	2	정말 미나즈키가 범인이라면\n동기는 충분하다.
0x00139b14	4	게다가 미나즈키의 복직과\n살인 사건이 일어난 시점이\n가깝다는 것도\n그저 우연이라고 넘기기에는……
0x00139b8b	4	변명하지 않는 점은\n담백하다고 할 수도 있지만,\n미나즈키가 수상한 건 확실하다.\n조금쯤은 해명해도 될 텐데.
0x00139c0c	4	그런데도\n알리바이를 속이고 있는 듯한\n인상을 받는 건\n내 착각일까?
0x00139c6f	2	……미나즈키에 대해서는\n더 조사가 필요하다.
0x00139cfe	5	시라카와 사토루의 이야기에는\n이상한 점이 전혀 없지만,\n오히려 시라카와 사토루가\n범행에 관여했을 가능성도 생각할\n수 있다.
0x00139d72	4	다만 한 가지 분명한 것은,\n미나즈키 코우지와 시라카와 사토루\n사이에는\n일정한 신뢰 관계가 있다는 점이다.
0x00139e05	4	결국 미나즈키의 알리바이가\n확정되지 않는 한,\n미나즈키가 진범일 가능성은\n부정할 수 없을 것이다.
0x00139e77	4	하지만 미나즈키 본인에게\n알리바이를 듣기는 어려울 것 같다.\n왜인지는 모르겠지만\n그는 알리바이를 속이고 있다.
0x00139ee7	3	그렇다면 그의 동생인\n아오이에게서 그에 관한 정보를\n들을 수밖에 없겠네……
0x00139f86	3	미나즈키의 알리바이가 증명됐다.\n그러므로 미나즈키는\n용의자에서 제외하기로 하자.
0x0013a02a	2	아사츠유 씨에게서는\n여러 가지 정보를 들을 수 있었다.
0x0013a070	3	우선 아사츠유 씨의 알리바이……\n본인에게서 들은 정보를 바탕으로\n행적을 확인할 수밖에 없겠지.
0x0013a0e3	5	다음은 아사츠유 씨와 피해자의\n관계.\n이건 전에 들은 대로\n아사츠유 씨가 시라카와 그룹의\n전직 변호사였다는 것.
0x0013a165	6	그리고 누마사키 변호사와 피해자의\n관계.\n일과 사생활을 나누던 두\n사람이었지만,\n이제는 업무상 중요한 파트너가\n되어 있다는 것.
0x0013a1f3	3	그리고 콘도 형사와 피해자의 관계.\n예상대로 뒤에서\n더러운 일을 하고 있는 모양이다.
0x0013a264	6	그리고 가장 신경 쓰이는 정보는\n아사츠유 씨가 심장 이식 수술을\n받은 병원이\n어머니가 일했던\n미야카미 대학 부속 병원이라는\n점이다.
0x0013a2e8	1	…………
0x0013a321	1	이것도 그저 우연일까……?
0x0013a3ab	2	콘도의 부정 정보를 쥐고 있는\n아사츠유 씨.
0x0013a3f9	3	불법에 가까운 조사를 하기 위한\n보험을 마련해 둔 셈인가.\n역시 대단하다고 해야 하나……
0x0013a4a3	2	미나즈키는 지는 걸\n극도로 싫어하는 사람……
0x0013a4f0	4	미나즈키가 알리바이를 속이고 있는\n듯한\n인상을 받았지만,\n이건 어쩌면……
0x0013a58d	4	아사츠유 씨의 본명은 요시모토\n스미카이고,\n시라카와 신지와의 사이에\n요시모토 유미라는 딸이 있다.
0x0013a612	5	……아사츠유 씨에게 딸이 있었다는\n것도 놀랍지만,\n그 사실을 내게 전혀 티 내지\n않았다는 건\n역시 대단하다고 해야 하나……
0x0013a689	3	……아니면 노리코가 말한 대로\n내가 여자 일에 둔감한\n것뿐인가……!?
0x0013a71c	3	어머니의 심장이\n아사츠유 씨에게 이식됐다는 사실이\n이제 확정됐다.
0x0013a770	1	…………
0x0013a7a9	1	뭔가 복잡한 기분이야……
0x0013a825	4	어머니는 시라카와 신지의\n두 살 위 선배였나.\n게다가 시라카와 신지는\n어머니를 동경하고 있었다……
0x0013a896	3	……여러모로 복잡하네.\n사람 사이의 관계도,\n그 뒤에 숨은 마음도……
0x0013a8f8	2	이 사건이 해결된 뒤,\n나는 어디로 향해야 하는 걸까……?
0x0013a9a4	3	콘도에게 증거 인멸을 당한\n감시 카메라 영상은\n이제 남아 있지 않다……
0x0013aa10	3	유감이지만 없는 건 어쩔 수 없다.\n다른 방법으로 내 무죄를\n증명해야 한다는 뜻이다!
0x0013aab0	3	누마사키 변호사에게서 들은 정보\n중에는\n의문이 드는 점이 몇 가지 있었다.
0x0013ab0e	2	우선 누마사키 변호사와\n피해자의 관계다.
0x0013ab5f	4	계속 일과 사생활을 나누던 두\n사람이\n어떤 심경의 변화를 겪어\n함께 일하게 된 걸까?
0x0013abdc	5	그리고 피해자와 콘도 형사의\n이야기를\n들었을 때 느낀\n미묘한 불쾌감은 무엇을\n의미하는가.
0x0013ac48	3	무엇보다도\n누마사키 변호사의\n수상쩍은 알리바이다.
0x0013ac9d	5	누마사키 변호사가 화장실에\n있었다는 시간에\n나와 피해자 사이에 작은 말썽이\n있었지만,\n그 사실을 모른다고 한다.
0x0013ad1d	2	이 일에 관해서는\n반드시 조사할 필요가 있겠지.
0x0013adb5	4	피해자가 첫눈에 반해 재혼했다는\n이야기는\n노조미도 했지만,\n확실히 의외였다.
0x0013ae2e	3	피해자는 일에만 열중하는\n사람이라는 인상이 있었기 때문일\n것이다.
0x0013ae8b	3	하지만 나이를 먹으면서\n사람이 조금씩 변해 가는 일은\n흔하다고 하면 흔한 일이지만……
0x0013af40	3	사토루의 이식 수술에 동행해\n함께 유럽으로 갔다는 이야기도\n신경 쓰인다.
0x0013afaf	3	결국 신지는 이식 수술에\n실패했고,\n심장은 이치로에게 이식됐다……
0x0013b02c	1	…………
0x0013b065	2	신경 쓰지 말라고 하는 편이\n오히려 무책임하겠지, 역시……
0x0013b0eb	3	누마사키 변호사가 전부 자백했다.\n그의 말이 사실이라면\n그는 진범이 아니다.
0x0013b152	4	그렇다고 해도 거짓말을 하는 것\n같지는 않았고,\n이야기에 모순도 없었으니\n믿어도 될 이야기라고 생각한다.
0x0013b1c9	2	누마사키 변호사는\n용의자에서 제외해도 문제없겠지.
0x0013b274	3	……시라카와 신지가\n누마사키 변호사에게 털어놓은\n자신의 속죄.
0x0013b2d7	6	그 결과가 이번 사건이 일어난\n이유 중 하나라면,\n내가 생각했던 이상으로\n복잡한 사람들의 마음이 얽힌\n사건이라고\n할 수밖에 없다.
0x0013b36d	3	시간이 흐른다고 해서……\n사람이 그렇게 단순한 생물은\n아니라는 뜻이군……
0x0013b413	3	역시 어머니는\n아버지가 시라카와 이치로에게\n살해당했다는 걸 알고 있었어……
0x0013b46a	3	게다가 그 일을 추궁했기 때문에\n시라카와 이치로에게\n살해당했을 가능성도 있어……
0x0013b4c9	5	확인하려 해도 시라카와 이치로는\n이미 이 세상에 없다.\n하지만 내가 조금만 더 빨리\n이 사실을 밝혀냈다면 하고\n생각하면 견딜 수가 없네……
0x0013b554	4	하지만 그때의 나에게는\n그럴 여유가 없었다……\n이제 와서 이 사실을 알게 된 건\n무언가 운명처럼 느껴지네……
0x0013b606	6	아사츠유 씨와 어머니의 이식\n수술이 같은 날이었다……\n이제 어머니의 심장이 아사츠유\n씨에게\n이식됐다는 사실이\n객관적으로도 증명된 셈이다.
0x0013b698	3	문제는 그 이식 수술의 과정이다.\n장기 이식 기관에는\n그 기록이 없었다는 것.
0x0013b6f9	3	……설마 이번 사건이\n어머니의 죽음과도 관련될 줄은\n생각하지 못했어……
0x0013b75a	5	어쨌든 이 일에 관해서는\n사실을 알고 싶다.\n아니, 나는 알아야만 해!!\n나는 진범은 아니지만\n관계자 중 한 사람이니까!
0x0013b81b	3	하리마 나오타다……\n모든 진실이\n이 의사에게 모이는 것 같아……
0x0013b877	4	하리마는 지금 어디에 있을까?\n외국에 있을까?\n아니면 의외로 가까운 곳에\n있을까……?
0x0013b91a	2	사건 당일 미나즈키가\n게임센터에 갔었다는 건 확인됐다.
0x0013b973	3	하지만 그렇다고 해서\n미나즈키의 알리바이가\n증명된 건 아니다.
0x0013b9c5	1	자, 어떻게 뒷받침할까……?
0x0013ba48	4	야스요의 자살 사건에 대해\n노리코가 침묵한 건\n누마사키 변호사의 지시였던\n모양이다.
0x0013bacb	3	5년의 공백이 있다고는 해도\n나도 노리코를 조금은\n더 믿었어야 했어……
0x0013bb28	4	하지만 이렇게 하고 싶은 말을\n주고받으며\n유대는 깊어지는 거라고\n나는 생각해.
0x0013bb8e	3	……라고 자기 행동을\n정당화해 보기도 하고 말이지.\n하하하.
0x0013bc1d	4	아사츠유 씨와 요시모토 형사가\n말다툼을 하고 있었다……\n게다가 그 냉정한 요시모토 형사가\n상당히 흥분해 있었던 모양이다.
0x0013bc8d	4	두 사람 사이에 무슨 일이 있었던\n걸까?\n……뭐,\n아사츠유 씨가 뭔가 저질렀겠지만.
0x0013bd2a	4	수상하다고 생각했던 네 명의\n용의자.\n그중 아사츠유 씨만\n알리바이가 확정되지 않았다……
0x0013bd9c	1	…………
0x0013bdd5	2	역시 아사츠유 씨가\n진범인 걸까……?
0x0013be5c	2	설마 노조미의 친어머니가\n자살했다니……
0x0013bea6	3	그로 인해 미사에가 피해자의\n재혼 상대이자 노조미의 계모라는\n걸 알게 됐지만……
0x0013bf25	3	노리코가 이 일에 대해\n내게 보고하지 않은 건 왜일까……?\n내일 확인해야겠네……
0x0013bfc8	1	요시모토 유미, 라……
0x0013c002	3	그렇게 신경 쓸 일은 아닌 것\n같기도 하지만,\n중요한 단서인 것 같기도 하다……
0x0013c062	3	……관계자 중 요시모토라는 성을\n가진 건\n요시모토 스미카뿐인데……?
0x0013c0fc	2	그 누마사키 변호사가\n불륜을 했다니……
0x0013c14a	6	나 자신이 누마사키 변호사를\n직접 만나 이야기한 건 아니니까\n그의 인품을 아는 건 아니지만,\n이야기를 들은 한에서는 그런\n사람이라고\n생각하지 않았어.
0x0013c1da	5	……뭐, 내가 이래라저래라 할 일은\n아니지만,\n사건의 용의자로서 동기와 이어질\n가능성도 있으니\n표시해 둘 필요는 있겠지.
0x0013c2a4	3	아사츠유 씨의 옛 연인의 이름은\n시라카와 신지.\n그는 이미 세상을 떠났나.
0x0013c349	1	…………
0x0013c382	3	변호사 일도 그렇고,\n내가 모르는 곳에서 아사츠유 씨도\n꽤 고생했던 모양이네……
0x0013c421	3	미나즈키 코우지가 복직한다는\n이야기는\n한 달 전부터 구체화됐던 모양이다.
0x0013c486	4	나는 한 가지 착각을 하고 있었다.\n시라카와 이치로가 죽었기 때문에\n미나즈키의 복직이 구체화된 줄\n알았어.
0x0013c50d	7	미나즈키는 복직할 때 이치로가\n방해되니까\n그를 죽인 걸까?\n……그런 새로운 동기도 생각할 수\n있지만,\n반대로 한 달 동안 관계를\n회복했다고 볼 수도 있다.
0x0013c5a6	4	이 한 달 동안\n어떤 과정을 거쳐 복직이\n이루어졌는지\n신경 쓰이는 부분이네……
0x0013c642	7	설마 콘도가 증거를 인멸하고\n있었다니\n난감하네.\n이래서는 아무리 유력한 증거를\n잡아도\n경찰에 제시하는 건 피하는 편이\n좋겠어.
0x0013c6dd	3	콘도를 고발한다고 해도\n어설픈 증거라면\n짓밟힐 뿐일 테고.
0x0013c749	6	……그렇다면 유력한 증거를 손에\n넣어도\n재판까지는 이쪽에서 보관하게\n되겠지만,\n가능하면 재판까지 끌고 가고\n싶지는 않다……
0x0013c7de	4	……젠장!!\n내가 자유의 몸이라면\n콘도를 몰아붙일 수 있을\n텐데……!!
0x0013c87f	2	아사츠유 씨와 요시모토 형사는\n남매라는 사실을 알게 됐다.
0x0013c8df	2	요시모토 형사는 정말 성실하네.\n좋게 말하면 결벽증이야.
0x0013c93e	3	자기가 옳다고 생각하는 범위가\n너무 좁은 데다,\n한번 믿으면 너무 완고해.
0x0013c9ac	2	뭐, 순수하다고 하면\n그럴지도 모르지만.
0x0013ca3e	4	아사츠유 씨의 연인이었던\n시라카와 신지와\n어머니가 고등학교 선후배\n사이라……
0x0013cad5	1	…………
0x0013cb0e	2	뭐지.\n가슴이 두근거리네……
0x0013cb52	3	드디어 이 사건의 인간관계가\n가장 깊은 곳까지\n도달한 것 같아……
0x0013cbbc	4	이제 얽힌 실마리를 풀기만 하면\n돼……\n그 앞에는 분명 진실이 기다리고\n있을 거야!!
0x0013cc56	3	미우라가 의미심장한 말을 했었지.\n아사츠유 씨에게서\n고발을 받았다고……
0x0013ccba	2	그중 하나가\n그 감시 카메라 영상이다.
0x0013cd05	3	가지고 있었다면\n좀 더 빨리 알려 주면 좋았을\n텐데……
0x0013cd54	1	…………
0x0013cd8d	4	아니, 함부로 알려 줄 수도\n없었겠지.\n콘도에게 인멸당할 가능성이\n있었으니까.
0x0013cdfb	2	……그렇다면 다른 고발 내용도\n역시 콘도와 관련된 것일까……?
0x0013ce60	1	……젠장, 신경 쓰이네!!
0x0013cecc	6	아사츠유 씨에게서 받은\n또 하나의 고발 내용은\n콘도의 부정에 관한 증거였다.\n그걸 이 타이밍에 미우라에게\n제출하다니,\n역시 대단해.
0x0013cf5a	5	나와 미우라의 관계를 지켜보다가\n미우라가 내가 진범이 아닐지도\n모른다고\n생각하기 시작한 순간에\n제시한 것이다.
0x0013cfd5	3	그 결과가 바로 이거다.\n사건의 분위기를 읽는 능력은\n정말 본받고 싶네.
0x0013d05f	3	콘도가 자백했다.\n결과적으로 아사츠유 씨에게\n도움을 받은 셈이다.
0x0013d0b3	4	하지만 콘도가 사건의 진범은\n아니었다.\n이 진범은\n내가 직접 찾아내야 한다.
0x0013d11f	4	아니, 찾아내고\n붙잡아야 한다.\n5년 동안 탐정으로 일해 온\n내 자존심을 걸고!!
0x0013d1c3	3	아사츠유 씨가 사라졌다.\n찾고 있던 사람을\n발견했기 때문인 모양인데……
0x0013d220	1	…………
0x0013d259	1	아사츠유 씨……
0x0013d2ad	3	오늘은 특별히 중요한 정보가\n없었네.\n내일을 기대하자.
0x0013d339	2	오늘은 미우라와\n호각으로 맞섰네……
0x0013d387	2	이 기세로\n계속 조사를 진행해 볼까……!
0x0013d3d7	2	오늘은 형편이 좋지 않은 상황에서\n하루가 끝나 버렸네……
0x0013d427	2	이대로는 곤란해……\n타개책을 세워야 해……
0x0013d492	2	드디어 내일이 최종일인가.\n각오를 다져야겠네……
0x0013d520	1	그것도……
0x0013d56a	1	그리고……
0x0013d5a2	1	다음은……
0x0013d8f0	2	【남자】\n헉…… 헉…… 헉……
0x0013d95e	3	【남자】\n이, 이제 그만해……\n내가 뭘 했다는 거야!!
0x0013d9a8	2	【???】\n…………
0x0013d9d5	3	【남자】\n네게 죽임을 당할 이유는\n아, 아무것도…… 없어……
0x0013da87	2	【남자】\n……!?
0x0013daf2	3	【남자】\n하…… 하하하……\n쏘…… 쏘지는 않겠지……
0x0013db3d	2	【???】\n…………
0x0013db6f	4	【남자】\n뭘 원하는 거야……!?\n돈……!?\n그, 아니면 그녀 때문인가……!?
0x0013dbca	3	【남자】\n네가 원하는 대로 할게!\n그러니까 목숨만은 살려 줘!
0x0013dce7	3	【？？？？】\n후후……\n이걸로 됐어……
0x0013dd19	3	【？？？？】\n여기까지는 내 생각대로\n일이 진행되고 있다.
0x0013dd5a	3	【？？？？】\n자, 과연 나에게까지\n도달할 수 있을까……
0x0013dda8	2	【？？？？】\n후후후……
0x0013de16	3	【???】\n……코우 짱……\n코우 짱……
0x0013de51	2	【코우지】\n…………응.
0x0013dea2	3	【코우지】\n으음……\n어라, 엄마…… 왜 그래……?
0x0013deea	2	【가요】\n오랜만이구나, 코우 짱……
0x0013df1e	2	【코우지】\n응…… 오랜만……이라니……
0x0013df55	2	【코우지】\n…………
0x0013df80	4	【코우지】\n그렇구나……\n엄마는 5년 전에\n돌아가셨지……
0x0013dfce	3	【코우지】\n아야…… 너무 마셔서\n머리가 멍한데…… 으……
0x0013e01b	3	【가요】\n…………\n코우 짱…… 건강해 보이네……
0x0013e05b	5	【코우지】\n그야 건강한 게 장점이니까……\n뭐, 지금은 술에 취해서\n휘청거리지만 말이야.\n하하하……
0x0013e0ba	5	【가요】\n후후, 다행이구나.\n아무리 힘들 때라도\n웃는 얼굴이 있으면 이겨 낼 수\n있단다……
0x0013e116	4	【코우지】\n……그 말, 그립네.\n엄마가 살아 있을 때\n항상 말했었지……
0x0013e175	3	【코우지】\n웃는 얼굴이 있으면\n힘든 일도 이겨 낼 수 있다고……
0x0013e1be	4	【가요】\n코우 짱…… 힘내……\n앞으로 힘들고 슬픈 일이\n많이 기다리고 있단다……
0x0013e21a	3	【가요】\n그래도 너는 진실을\n알아야만 해……
0x0013e261	2	【가요】\n그녀를 구하기 위해서……
0x0013e295	3	【코우지】\n어……\n무슨 말이야, 엄마?
0x0013e2ce	3	【가요】\n코우 짱, 안 돼.\n만지지 마……
0x0013e3c6	2	【코우지】\n잠깐…… 기다려, 엄마!
0x0013e460	2	【코우지】\n…………
0x0013e48b	2	【코우지】\n꿈……이었나……?
0x0013e4bf	2	【코우지】\n……여기가 어디더라?
0x0013e4fc	5	【코우지】\n맞다.\n아사츠유 씨와 사건 해결 축하를\n하고 있었고,\n술을 계속 권해서……
0x0013e568	3	【코우지】\n아, 안 돼……\n졸려……
0x0013e5a4	2	【코우지】\n……쿨……
0x0013e60b	5	나는 술에 강한 편은 아니다.\n그렇다고 술을 전혀 못 마시는 건\n아니지만,\n두세 잔만 마셔도\n땅이 기울어 보인다.
0x0013e678	6	하지만 사람과 함께 마시는 술은\n싫지 않다.\n이날은 축하 자리이기도 해서\n한계를 훨씬 넘겨 마셨을 것이다.\n마지막 잔에 도달했을 때는\n꿈과 현실을 오가고 있었다.
0x0013e704	4	그래, 그때 나는 이상한 꿈을\n꿨다……\n5년 전에 돌아가신 어머니……\n그리고 심장의 고동……
0x0013e771	4	삶과 죽음의 경계는\n어디에 있는 걸까?\n죽고도 계속 살아간다는 건\n어떤 기분일까?
0x0013e7cc	4	그 답 너머에서 기다리고 있던 것은\n소중한 사람을 구하고 싶다는\n마음들이 얽힌,\n슬프고 애절한 이야기였다.
0x0013eb7f	2	【코우지】\n…………
0x0013ebb8	3	【코우지】\n왜 나,\n이런 곳에 있는 거지……?
0x0013ec26	4	【코우지】\n…………\n그렇구나.\n나, 체포됐었지……
0x0013ec83	4	【코우지】\n아직 머리가 개운하지 않네……\n술을 너무 마셔서 기억도\n흐릿해…… 어……
0x0013ed0f	5	【코우지】\n(내 이름은 사이토 코우지.\n직업은 탐정.\n나이는 25살.\n참고로 성별은 남자.)
0x0013edba	5	【코우지】\n(어제 아침……\n두 명의 형사가 찾아와서\n반쯤 강제로\n나를 여기로 데려왔고……)
0x0013ee7b	3	【코우지】\n(제대로 말도 들어 주지 않은 채\n저녁에는 체포장을 들이밀며……)
0x0013eee7	5	【코우지】\n(이제는 당당한\n살인 사건의 용의자가 됐다고……\n응, 점점 의식이 또렷해지고\n있어.)
0x0013efd0	2	【코우지】\n(고지식한 인간이 왔군……)
0x0013f01c	3	【코우지】\n(안녕, 브라더!\n상태는 어때?)
0x0013f069	4	【코우지】\n(……같은 식으로 상쾌하게\n인사하며 들어와 주면 좋으련만.\n안 그래도 분위기가 살벌한데.)
0x0013f113	2	【미우라】\n어젯밤은 잠을 잤나?
0x0013f15b	4	【코우지】\n네, 푹 잤습니다.\n편안한 침대를 마련해 주셔서\n감사합니다.
0x0013f1dc	2	【미우라】\n그렇다면 다행이군.
0x0013f22a	5	【미우라】\n푹 잤다면\n기억하지 못한다는 범행 당시의\n기억도\n떠올랐겠지?
0x0013f29b	3	【코우지】\n(빈정거림을 빈정거림으로 갚지\n마.)
0x0013f2e3	5	【코우지】\n유감스럽게도\n기억은 돌아올 것 같지 않습니다.\n그날 밤에는\n잔뜩 취해 있었으니까요……
0x0013f37e	4	【미우라】\n어제도 말했지만,\n그렇게 편리한 기억상실 따위\n믿을 생각은 없다.
0x0013f400	4	【미우라】\n그런 변명을 상대할 시간도 없다.\n무엇보다 체포 후 48시간 안에\n자네를 송검해야 하니까.
0x0013f48f	3	【코우지】\n하지만 바의 마스터가\n제가 취한 모습을 봤습니다.
0x0013f4e3	5	【코우지】\n게다가 저와 함께 술을 마시던\n탐정 사무소 소장에게도\n이야기를 들어 보면 알 수 있을\n겁니다.
0x0013f555	2	【코우지】\n……제가 무죄라는 걸요.
0x0013f5c0	5	【미우라】\n흥…… 철없는 녀석이군.\n그런 정도로 벗어날 수 있는\n혐의라면\n체포하지도 않았어.
0x0013f653	3	【미우라】\n순순히 자백하는 걸\n추천해 두지, 사이토.
0x0013f6ce	4	【미우라】\n뭐냐 하면 이쪽은……\n자네가 범인이라는\n결정적인 증거를 잡고 있다.
0x0013f739	2	【코우지】\n결정적인 증거……!?
0x0013f791	3	【미우라】\n자네는 예전에 한 번\n체포된 적이 있었지?
0x0013f7e8	4	【코우지】\n…………\n미행 중에\n변태로 오해받았을 뿐입니다.
0x0013f879	3	【미우라】\n그 사건을 두고\n책망하는 건 아니야.
0x0013f904	5	【미우라】\n자네도 기억하고 있겠지?\n체포된 뒤에\n신체검사와 지문 채취를\n받았던 것 말이다.
0x0013f9a2	4	【미우라】\n그때 채취한 지문이\n자네를 체포하게 된\n결정적인 증거가 됐다.
0x0013fa18	3	【코우지】\n……지문이?\n무슨 말입니까?
0x0013fa8c	4	【미우라】\n……자, 이대로 핵심을\n캐물어도 될까?\n어떻게 생각하나, 사이토?
0x0013faf2	5	【코우지】\n어떻게 생각하냐니,\n그렇게까지 말해 놓고 핵심을\n캐묻지 않는다는 게 이해되지\n않네요.
0x0013fb84	7	【미우라】\n자네는 기억이 없다고 주장하고\n있다.\n즉 우리 수사 결과에 맞춰\n마음대로 기억을 되찾을 수 있다는\n거지.\n자네에게 편리한 기억을 말이야.
0x0013fc46	4	【코우지】\n……즉, 이번 취조에서\n제가 거짓말을 할 거라고\n생각하시는 거군요.
0x0013fccd	3	【미우라】\n이미 거짓말을 하고 있겠지.\n기억이 없다는 거짓말을 말이야.
0x0013fd2f	3	【코우지】\n거짓말이 아닙니다!\n정말로 기억이 없다고요!
0x0013fda6	5	【미우라】\n어느 쪽이든,\n이대로 사건의 내막을 밝히지 않는\n편이\n우리에게는 유리하다는 뜻이다.
0x0013fe32	2	【미우라】\n자…… 어떻게 할 건가?
0x0013fe6f	3	【코우지】\n(……그렇군.\n내 동요를 유도하는 건가……)
0x0013fecf	5	【코우지】\n(이 녀석, 그냥 고지식한 인간이\n아니야.\n상당히 날카로운 상대를\n만나 버린 모양이네……)
0x0013ff3d	4	【코우지】\n……술에 취해 곯아떨어져서\n그때의 기억이 없다고\n말한 겁니다.
0x0013ffa4	6	【코우지】\n이 말이 진실이든 거짓이든,\n당신들이 사정을 설명해 주지 않는\n한\n저는 아무것도 말할 수\n없습니다……
0x00140016	2	【코우지】\n아닙니까?
0x0014007a	2	【미우라】\n……말은 잘하는군.
0x001400df	5	【미우라】\n좋아, 사건을 다시 짚어 보자.\n어제 설명과 겹치는 부분도 있지만,\n이야기를 정리하기 위한 거니\n이해해 주게.
0x001401b3	7	【미우라】\n피해자는 시라카와 이치로.\n주택 제조업체 중에서도 정상급\n점유율을 가진\n시라카와 하우징의 회장이자\n시라카와 그룹의 정상이었던\n남자다.
0x001402a7	4	【코우지】\n(피해자에 대해서……인가.\n아무것도 기억하지 못하는 지금,\n조금이라도 정보를 얻고 싶어……)
0x0014031a	3	【코우지】\n(정보는 사건이라는 큰 퍼즐의\n조각……)
0x0014037a	3	【코우지】\n(중요한 정보는\n기억해 둬야겠어……)
0x001403d6	4	【코우지】\n(그런데…… 시라카와 이치로?\n만난 적은 없을 텐데……\n뭔가 걸려……)
0x0014047e	4	【미우라】\n시라카와가 살해된 곳은\n바 ‘라이트 블루’ 안의\nVIP룸이다.
0x001404e8	4	【미우라】\n일시는 2009년 11월 11일\n수요일\n오전 0시 44분 전후.
0x0014062d	4	【코우지】\n(라이트 블루……\n맞다.\n분명 그런 이름의 바였어.)
0x00140695	4	【미우라】\n흉기는 359 마카레프.\n이 총이 건물 밖의 쓰레기통에\n버려져 있었다.
0x00140726	6	【미우라】\n발포는 한 발.\nVIP룸 안에서 발견된 탄환과\n강선흔이 일치했기 때문에\n이 권총에서 발사된 것으로\n단정했다.
0x001407e1	5	【미우라】\n참고로 탄환은 두 발이 더 남아\n있었다.\n사인은 총격을 받은 충격으로 인한\n급성 심부전으로 보인다.
0x00140861	3	【코우지】\n급성 심부전……?\n쇼크사라는 건가.
0x001408ef	4	【미우라】\n그리고 그 총에는\n자네를 체포하게 된 계기인\n‘지문’이 묻어 있었다.
0x00140968	2	【코우지】\n……뭐라고!?
0x001409b2	3	【코우지】\n그럴 리가……\n내 지문이라고!?
0x00140a33	4	【미우라】\n그렇다……\n이것이야말로 자네가 범인이라는\n움직일 수 없는 증거다!
0x00140a9e	4	【코우지】\n그, 그럴 리 없습니다!\n저는 그 시라카와라는 사람을\n만난 적도 없어요!
0x00140b24	2	【미우라】\n흥……
0x00140b81	3	【미우라】\n자네가 아무리 그럴 리 없다고 해도\n현실에 지문이 남아 있었어.
0x00140c12	4	【미우라】\n반론하고 싶다면\n이 사실을 납득할 수 있도록\n설명해 보게!
0x00140c68	2	【코우지】\n으으……!!
0x00140ccb	4	【미우라】\n또 하나.\n자네는 아까 시라카와 이치로를\n만난 적이 없다고 했지?
0x00140d36	6	【미우라】\n하지만 사건 직전에 자네가\n시라카와 이치로와 말다툼하는\n모습을 목격한 사람이 있어.\n게다가 한 명이 아니라 여러\n명이지.
0x00140dbb	3	【코우지】\n그럴 수가……\n전혀 기억나지 않아!
0x00140e1c	3	【미우라】\n흉기의 지문,\n그리고 목격자……
0x00140e89	3	【미우라】\n여기까지 갖춰졌는데도\n아직 인정하지 못하겠나?
0x00140ee3	2	【코우지】\n……나는 하지 않았어……!
0x00140f4c	4	【미우라】\n알고 있겠지만\n살인죄로 기소되면 최악의 경우\n사형도 가능하다.
0x0014100d	5	【미우라】\n하지만 스스로 죄를 인정하면\n법정에서 반성의 뜻을\n호소할 수 있어.\n인상이 좋아지면 감형될 수도 있지.
0x001410c3	2	【미우라】\n자백하려면 지금이 기회다.
0x00141104	3	【코우지】\n하지만 죄를 인정해 버리면\n유죄가 확정되는 거잖아요?
0x00141155	2	【코우지】\n그렇다면 대답은 정해져 있습니다.
0x00141197	5	【코우지】\n몇 번이나 말하지만 저는 술에 취해\n그때의 기억이 없습니다.\n기억이 없는 이상 자백도 할 수\n없어요!
0x00141256	3	【미우라】\n결국 끝까지\n변명하겠다는 건가.
0x001412b2	3	【코우지】\n변명이 아니야!\n부인이라고!!
0x0014135e	4	【미우라】\n……보고서에 올라온 증거는 전부\n자네가 범인이라고 말하고 있다.\n나는 그 증거에 따라 판단했어.
0x001413f4	6	【미우라】\n이 모든 것에 반론해서\n무죄를 입증하지 못한다면……\n자백해 두는 편이\n훨씬 구제받을 거라고 생각하지만\n말이야.
0x00141471	3	【코우지】\n……좋아.\n반론해 주지.
0x001414fe	3	【미우라】\n그럼\n심문을 시작하지.
0x0014155b	3	【미우라】\n심문 절차도 있으니\n다시 한 번 알려 두겠다.
0x001415b5	5	【미우라】\n자네에게는 묵비권이 있다.\n형편에 불리한 일은 아무것도\n말하지 않아도\n되는 권리다.
0x00141631	4	【미우라】\n자네가 한 모든 말은\n유리하든 불리하든\n증거로 채택될 가능성이 있다.
0x001416b8	4	【미우라】\n반대로 침묵하면\n증거로 채택되지 않는다.\n기억해 두게.
0x0014173e	4	【미우라】\n물론 내 심문에 반론해도 좋지만,\n그 경우에는 앞뒤가 맞는\n반론을 기대하겠다.
0x001417e8	6	【미우라】\n앞뒤가 맞지 않는 반론을 하면\n사건에 대한 반성이 없는 것으로\n보고,\n그 내용을 조서에 기록해\n검사에게 제출하겠다.
0x00141889	3	【미우라】\n그건 재판에서의 인상과\n직결되니, 각오하고 있게.
0x0014191c	2	【미우라】\n그럼 지금부터 심문을 시작한다.
0x00141a31	2	【미우라】\n……흠, 이 정도인가.
0x00141ab0	4	【미우라】\n모레 현장 검증에서라도\n싫든 좋든\n기억을 되살려 주지.
0x00141b1e	4	【코우지】\n상관없습니다.\n저도 기억을 되찾을 계기가\n필요하니까요.
0x00141b8e	3	【경찰관】\n미우라 형사님.\n잠시 괜찮으십니까?
0x00141bff	2	【미우라】\n뭐지?
0x00141c66	2	【경찰관】\n…………
0x00141ca1	2	【미우라】\n…………뭐야?
0x00141d0f	2	【경찰관】\n그럼 실례하겠습니다.
0x00141d5b	2	【미우라】\n…………
0x00141d94	4	【코우지】\n뭡니까?\n남자에게 빤히 바라보이는 건\n취향이 아닌데요.
0x00141e2d	4	【미우라】\n사이토.\n자네에게 접견을 원하는 사람이\n있다는군.
0x00141e85	3	【코우지】\n저를 접견한다고요?\n……누굽니까?
0x00141edd	3	【미우라】\n가 보면 알겠지.\n요시모토 군, 뒤를 부탁한다.
0x00141f5d	2	【요시모토】\n네.
0x00141f9c	2	【코우지】\n이봐, 잠깐만……
0x00142002	2	【요시모토】\n갑니다.
0x0014203a	2	【코우지】\n……알겠어.
0x001423db	3	【코우지】\n(나를 접견하러……\n아사츠유 씨인가?)
0x00142460	2	【여성】\n…………
0x0014249e	3	【코우지】\n(……나는 지금\n어떤 표정을 하고 있을까……)
0x001424f2	2	【코우지】\n그…… 오랜……만이다.
0x00142536	4	【코우지】\n(성으로 부르면 너무 서먹하고,\n이름으로 부르면 너무 친한\n느낌이고……)
0x00142598	4	【코우지】\n(……나에게 아직\n그녀를 예전처럼 부를 자격이\n있는 걸까?)
0x001425f4	2	【코우지】\n(그녀를 배신한 나에게……)
0x001426e0	2	【여성】\n…………
0x00142726	2	【여성】\n…………훌쩍.
0x00142764	3	【코우지】\n…………어?\n이봐, 울고 있는 거야?
0x001427bb	3	【여성】\n…………\n당연……하잖아……
0x00142807	2	【코우지】\n……미안해…… 노리코……
0x0014285e	4	【노리코】\n오늘 뉴스에서 사건을 알고……\n코우지가 잡혔다고\n보도됐으니까……
0x001428ed	4	【노리코】\n가만히 있을 수가 없어서……\n그래서 코우지가 체포된 경찰서를\n찾아냈어……
0x00142969	3	【노리코】\n5년 만인데\n이런 형태로 재회하다니……
0x001429b6	2	【코우지】\n(변하지 않았네, 노리코……)
0x00142a55	3	【코우지】\n(대학 시절, 노리코와는\n계속 함께였지……)
0x00142ab2	4	【코우지】\n(말없이 모습을 감춘 나를……\n원망하고 있을 거라고만\n생각했는데……)
0x00142b2c	5	【코우지】\n(……그립네.\n그때로 돌아가고 싶어……\n변호사를 목표로 하던\n그 시절로……)
0x00142c0e	2	【코우지】\n(……하지만 지금의 나는……)
0x00142c6a	4	【노리코】\n왜?\n왜 이렇게\n되어 버린 거야?
0x00142cb7	3	【코우지】\n……노리코, 내 말을 들어 줘.\n하고 싶은 말은 한마디뿐이야.
0x00142d12	2	【노리코】\n…………
0x00142d51	2	【코우지】\n나는 하지 않았어.
0x00142db8	2	【노리코】\n…………
0x00142e48	2	【노리코】\n……코우지, 변하지 않았네.
0x00142eb3	4	【노리코】\n기억나?\n선생님에게 의심받았던\n그 사건……
0x00142f0e	5	【코우지】\n그래, 기억나.\n정말 어이없는 일이었지.\n내가 선생님의 가발을 숨겨서\n무슨 이득이 있다고 말이야.
0x00142f8e	6	【노리코】\n정황 증거는 모두\n코우지가 범인이라고 가리키고\n있었어.\n하지만 코우지는 변명도 하지 않고\n딱 한마디만 했지.
0x0014300b	3	【코우지】\n그러고 보니 그랬지.\n그때도 ‘나는 하지 않았어’였어.
0x00143086	3	【노리코】\n그 뒤 코우지는\n아주 쉽게 진범을 찾아왔고……
0x001430db	3	【코우지】\n범인이라고 해도 사람이 아니라\n세미나에서 기르던 개 포치였지만.
0x0014313d	4	【코우지】\n으음, 그립네……라고 하기엔\n살인 사건과 가발 분실 사건은\n같은 수준이 아니잖아!?
0x001431d6	3	【노리코】\n같아.\n코우지의 진실과 그 말은 말이야.
0x00143224	2	【코우지】\n……그렇군.
0x0014325e	4	【코우지】\n고마워, 노리코.\n이제야 내 페이스를\n되찾을 수 있을 것 같아.
0x001432bf	4	【코우지】\n이렇게 위험한 곳까지 와 줘서\n미안하네……\n이런 곳은 처음이지?
0x0014333a	3	【노리코】\n아니, 그렇지는 않아.\n직업상 몇 번 와 본 적이 있거든.
0x0014339c	4	【코우지】\n직업상?\n……그럼 노리코,\n변호사가 된 거야?
0x00143409	4	【노리코】\n응, 어떻게든.\n작년에 사법연수가 끝난\n풋내기지만……
0x0014346b	4	【코우지】\n그렇구나……!\n잘됐다!\n꿈을 이뤘네!
0x001434e6	2	【노리코】\n……기뻐해 줘서 고마워.
0x0014352b	5	【코우지】\n당연하지!\n으으으~!\n이런 상황만 아니었다면\n건배하고 싶은데 말이야!
0x001435a1	4	【코우지】\n뭐, 그래도 술 덕분에 지금\n곤란한 처지에 빠져 있긴\n하지만……!
0x001435fc	3	【코우지】\n후우……\n어떻게 안 되려나……
0x00143693	5	【노리코】\n저, 저기.\n코우지?\n내가 할 수 있는 일이라면\n뭐든 말해 줘.
0x001436e9	4	【코우지】\n할 수 있는 일?\n그렇게 말해 주는 건\n기쁘지만……
0x00143738	2	【코우지】\n……잠깐만.
0x00143773	4	【코우지】\n맞다!\n노리코, 이 사건 담당으로\n너를 지명하게 해 주지 않겠어!?
0x001437fe	3	【노리코】\n뭐어!?\n자, 잠깐만.
0x00143852	5	【노리코】\n그렇게 하고 싶은 마음은\n굴뚝같지만,\n나 같은 신참 변호사로는\n감당할 수 없어!
0x001438d9	4	【노리코】\n이 사건은\n아마 코우지가 생각하는 것보다도\n크고 무서운 사건일 거야.
0x00143947	4	【노리코】\n살해된 사람은 주택업계뿐 아니라\n일본 경제에도 큰 영향을 주는\n대기업의 회장이잖아?
0x001439dc	4	【노리코】\n저녁 뉴스에서는\n어느 채널이나 첫 꼭지로\n보도했어.
0x00143a41	3	【노리코】\n도저히 코우지의 무죄를\n쟁취할 자신 같은 건 없어……
0x00143a9c	2	【코우지】\n노리코.
0x00143af9	2	【노리코】\n네, 네!?
0x00143b33	3	【코우지】\n우선 너를 담당으로\n지명하게 해 줘.
0x00143bc7	3	【코우지】\n보통 접견할 때는\n반드시 입회인이 붙지만……
0x00143c1c	4	【코우지】\n담당 변호사와라면\n입회인 없이 접견할 수 있지?\n……상담할 일이 있어.
0x00143cdf	3	【노리코】\n……알겠어.\n조금 기다려 줄래?
0x00143e1c	3	【노리코】\n사선 변호인 선임 절차를\n끝내고 왔어.
0x00143e8c	3	【코우지】\n이제 둘이서 이야기를 할 수\n있겠네.
0x00143ef6	4	【노리코】\n하지만 코우지……\n내가 코우지의 변호를\n할 수 있을지……
0x00143f4c	5	【코우지】\n내 말을 들어 줘.\n어딘가에 나를 함정에 빠뜨린\n진범이 있다는 전제로\n이야기를 진행할 거야.
0x00143fce	2	【노리코】\n어……
0x00144024	4	【코우지】\n나는 보다시피\n유치장에 붙잡혀 있어서\n움직임을 취할 수 없어.
0x00144087	3	【코우지】\n그러니까 노리코가 조사한 결과를\n빠짐없이 알려 줬으면 해.
0x001440e2	5	【코우지】\n그 정보를 바탕으로 나도 추리해서\n조언하고 싶어.\n즉, 노리코의 조사를\n돕고 싶다는 뜻이야.
0x0014415f	2	【노리코】\n코우지가 지원한다고……?
0x001441a0	4	【코우지】\n그래.\n담당 변호사와라면 사건 이야기도\n할 수 있잖아.
0x0014420b	5	【코우지】\n이 사건은\n내게 너무 불리한 상황이야.\n재판이 시작되면\n유죄가 되는 걸 피하기 어렵겠지.
0x001442a8	4	【코우지】\n그러니까 기소되기 전 유치장에\n있는 동안\n어떻게든 무죄를 증명하고 싶어.
0x00144315	2	【코우지】\n부탁이야, 힘을 빌려 줘!
0x00144381	2	【노리코】\n코우지……
0x001443ba	4	【코우지】\n초라한 탐정이 변호사를\n지원한다는 게\n주제넘은 말일지도 모르지만……
0x0014444a	4	【노리코】\n아니, 그렇지 않아.\n코우지의 추리력은\n누구보다 내가 잘 아는걸.
0x001444ab	2	【코우지】\n그럼……!?
0x00144527	4	【노리코】\n응, 맡을게.\n둘이서 코우지의 누명을\n벗겨 내자.
0x0014458a	3	【코우지】\n정말!?\n좋아, 그럼 이제……
0x001445f2	4	【노리코】\n다만 조건이 있어.\n코우지가 나를 지원하는 게 아니라,\n내가 코우지를 지원하는 거야.
0x00144655	4	【코우지】\n자, 잠깐만!\n나는 탐문조차 할 수 없다고?\n노리코가 자유롭게 움직인 뒤에……
0x001446ee	4	【노리코】\n안 돼.\n이런 일은 역할을\n분명히 해야 해.
0x0014474b	4	【노리코】\n추리하는 사람과 행동하는 사람.\n내 어중간한 추리에 기대는 것보다\n코우지의 추리가 더 확실해.
0x001447f8	5	【노리코】\n그렇네……\n매일 오전에 접견하러 올 테니까,\n그날 조사할 내용을\n그때 지시해 줘.
0x00144873	3	【노리코】\n나는 코우지를 믿어.\n특히 그 추리력은……
0x001448c3	2	【코우지】\n아, 인품은 아니구나……
0x00144932	3	【노리코】\n아, 아니야.\n그런 뜻이 아니야!
0x00144979	3	【코우지】\n(여전하네, 솔직한 반응……\n놀리면 재미있어……)
0x001449d2	4	【코우지】\n…………\n알겠어.\n그렇게 하자.
0x00144a41	4	【노리코】\n그럼 바로 시작하자.\n내일 조사에 대해\n지시해 줄래?
0x00144a9d	2	【코우지】\n그렇지……
0x00144ad6	4	【코우지】\n지금 알고 있는 건\n살해된 사람이 시라카와 이치로라는\n것.
0x00144b2c	3	【코우지】\n그럼 우선 시라카와 이치로가\n어떤 인물인지 알고 싶네.
0x00144b81	5	【코우지】\n진범에게는 시라카와를 죽일 만한\n동기가 있었을 거야.\n거기서 단서를\n찾을 수 있을지도 몰라.
0x00144bee	4	【코우지】\n그러니까 우선 시라카와 저택에\n가서 가족에게 피해자가 어떤\n사람이었는지 물어봐 줘.
0x00144c5b	4	【코우지】\n피해자의 직장인\n시라카와 하우징에 가서\n직원들에게 탐문하는 것도 좋아.
0x00144cd5	4	【코우지】\n다음으로 나는 기억이 없으니까\n당일 내 행적을 알고 싶어.\n즉, 알리바이지.
0x00144d42	4	【코우지】\n미즈타니 탐정 사무소에 가서\n소장인 미즈타니 아사츠유 씨에게\n물어보면 알 수 있을 것 같아……
0x00144ddb	3	【노리코】\n미즈타니 탐정 사무소라면 알아.\n유명하잖아, 미즈타니 아사츠유 씨.
0x00144e3b	2	【코우지】\n그래, 내 스승님이야.
0x00144ea8	2	【노리코】\n어…… 어어어어!?
0x00144ee9	4	【코우지】\n(역시 아사츠유 씨야.\n신참 변호사 노리코에게까지\n이름과 실력이 알려져 있다니.)
0x00144f7f	4	【노리코】\n그럼 미즈타니 탐정 사무소에 가서\n직접 미즈타니 씨에게\n이야기를 들으면 되는 거지?
0x00144fe2	4	【코우지】\n내가 접견에 와 달라고 했다는 것도\n전해 줘.\n자세한 이야기를 듣고 싶으니까.
0x0014505b	2	【노리코】\n알겠어.
0x00145093	5	【코우지】\n분명 사무소 정기 휴무일은\n일요일이었지만……\n내일은 일요일이 아니니까\n괜찮겠네.
0x0014511e	4	【코우지】\n그리고 살해 현장이 된\n‘라이트 블루’라는 바에 가서\n직원들에게 탐문해 줘.
0x00145195	5	【코우지】\n그리고 시간이 남으면\n이번 사건을 담당하는 미우라\n형사와 요시모토 형사에 대해서도\n조사해 줘.
0x00145234	4	【코우지】\n당분간은 계속 상대해야 할\n사람들이니까.\n우선 적을 알아야 한다는 거지……
0x001452a5	2	【노리코】\n바와 형사들의 정보라……
0x001452f2	5	【코우지】\n……라고는 했지만,\n방금 말한 걸 전부\n하루 만에 조사하는 건\n역시 불가능하겠지.
0x0014535d	2	【코우지】\n다른 사건도 맡고 있을 거고?
0x001453cd	6	【노리코】\n응……\n지금 누마사키 법률 사무소에\n소속돼 있는데,\n그곳 선배를 돕느라\n큰 사건을 맡고 있어……
0x00145469	4	【코우지】\n누마사키 법률 사무소……?\n누마사키라면 그 누마사키\n신타로의 사무소야?
0x001454fb	2	【노리코】\n응, 그 누마사키.
0x001455e5	3	【노리코】\n소장님이 누마사키 신타로 군의\n아버지야.
0x0014562b	4	【코우지】\n흐음…… 뭐, 됐어.\n지금은 그 녀석 이야기를\n할 때가 아니야.
0x00145683	4	【코우지】\n그럼 조사할 장소는\n하루에 두 곳으로\n해 두자.
0x001456ea	3	【노리코】\n알겠어.\n그럼 바로 그 두 곳을……
0x00145760	4	【노리코】\n오전에 조사할 곳과\n오후에 조사할 곳 순서로\n지시해 줄래?
0x00145803	4	【코우지】\n내일은\n검사와 재판부의 사정 청취가 있어.\n그러니까 모레까지로 하자.
0x001458a0	6	【노리코】\n그럼 모레 오전까지\n소장님에게 사건 발생 당시 상황을\n확인해 둘게.\n소장님은 시라카와 그룹의\n고문 변호사이기도 하니까.
0x00145937	4	【코우지】\n뭐, 시라카와 그룹……\n그렇다면\n피해자와도 아는 사이야?
0x001459a8	5	【노리코】\n응, 그런 모양이야.\n당일 현장에도 있었던 것 같고,\n여러 가지 이야기를 들을 수 있을\n거야.
0x00145a0c	3	【코우지】\n정말이야……!?\n부탁할게!
0x00145a60	5	【노리코】\n알겠어. 그리고\n나중에 내 명함도 넣어 둘게.\n거기에 정기 휴무일 같은 것도\n적혀 있으니까.
0x00145ad3	3	【코우지】\n알겠어.\n……정말 고마워, 노리코.
0x00145b4f	3	【노리코】\n아니야.\n그럼 또 봐, 코우지.
0x00145c98	3	【???】\n어서 와~, 코우지 군.\n피곤하지.
0x00145cea	2	【코우지】\n그래, 엄청 피곤해.
0x00145d30	4	【코우지】\n(이 붙임성 좋은 녀석은\n나나시바 이츠키.\n이곳 유치장의 동거인이다.)
0x00145dd6	4	【나나시바】\n나와 달리 코우지 군의 혐의는\n중죄니까 말이야.\n앞으로 힘들 것 같아.
0x00145e43	4	【코우지】\n뭐, 나나시바의\n‘음란물 반포죄’보다는\n무겁지……
0x00145ece	4	【나나시바】\n명예를 위해 말해 두지만,\n그건 어디까지나 표면상의\n체포 이유니까.
0x00145f58	4	【코우지】\n사실은 나라의 높으신 분이\n관련된 비리를 소재로\n소설을 쓴 게 원인이지?
0x00145fdf	4	【나나시바】\n뭐, 그렇지.\n나는 이렇게 보여도\n진실을 추구하는 소설가거든.
0x00146037	3	【코우지】\n소설가는 허구의 이야기를\n쓰는 게 일이 아니었나?
0x001460b8	4	【나나시바】\n어라?\n내 말을\n믿어 주지 않는 거야!?
0x00146106	6	【코우지】\n뭐니 뭐니 해도\n네 입으로 직접 들은\n이야기니까…… 어쩌면 정말로\n음란물 반포죄로 잡힌 것뿐일지도\n모르고.
0x001461b8	2	【나나시바】\n히, 심해……
0x001461f4	5	【코우지】\n아아……\n이런 날에는 느긋하게\n목욕물에 몸을 담그고\n피로를 풀고 싶다.
0x00146288	4	【나나시바】\n유감!\n오늘은 목욕하는 날이 아니라서\n들어갈 수 없어.
0x001462e4	4	【코우지】\n어라?\n목욕은 이틀에 한 번\n할 수 있는 거 아니었어?
0x0014634e	4	【나나시바】\n아니, 여기서는 목욕이 주 2회야.\n화요일과 금요일뿐이지.\n오늘은 목요일이니까 내일이네.
0x001463eb	3	【나나시바】\n내일은 둘이서 느긋하게 목욕하자,\n코우지 군!
0x0014643a	3	【코우지】\n뭔가 미묘한 뉘앙스가\n느껴지는데.
0x00146495	2	【나나시바】\n후후후……
0x001464cd	4	【코우지】\n(역시 이 녀석,\n음란물 반포죄로\n잡힌 게 아닐까……?)
0x0014672d	4	(오늘은 검사에 의한 구류 청구를\n목적으로\n취조를 받기 위해\n검찰청에 와 있다.)
0x001467af	2	【검사】\n음……
0x00146806	2	【검사】\n자네, 대체 무슨 생각인가?
0x0014684a	2	【코우지】\n네……?
0x00146883	4	【검사】\n이런 상황에서 부인한다는 건\n좀처럼 하기 어려운 일이라고\n생각하는데.
0x001468e8	4	【코우지】\n어…… 그러니까,\n부인하는 건 사건에\n관여하지 않았기 때문이고……
0x00146949	2	【검사】\n정말 괜찮겠어?
0x00146984	2	【코우지】\n네?
0x001469d8	3	【검사】\n자네는 그날 밤 취해 있어서\n기억이 없었다고 주장하고 있지.
0x00146a58	5	【검사】\n그렇다면 술에 취한 상태로\n흉행에 나섰을지도 몰라.\n자네 스스로도 단언할 수 없는 것\n아닌가?
0x00146ace	2	【코우지】\n그, 그건……
0x00146b09	5	【검사】\n부인하려면\n전부 기억해 내서\n알리바이를 증명해야 해.\n하지만…… 못 하겠지?
0x00146b71	2	【코우지】\n…………
0x00146baa	3	【검사】\n나를 노려봐도 소용없어.\n할 말이 있으면 해 보게.
0x00146c00	3	【코우지】\n……기억은 없지만,\n저와 피해자는 면식도 없고……
0x00146c6d	4	【검사】\n목격 증언이 있지 않나.\n게다가 현장에는 자네 지문이 묻은\n흉기도 남아 있어.
0x00146ce8	5	【검사】\n나는 말끔한 사람이 좋거든.\n사람까지 죽여 놓고\n끝까지 버티는 녀석은……\n스마트하지 않지.
0x00146d7a	4	【코우지】\n……말씀 중 죄송하지만,\n저는 아직 피의자입니다.\n살인범으로 결정된 건 아니에요.
0x00146dec	3	【검사】\n그렇군.\n그럼 그걸 증명해 보게.
0x00146e32	5	【검사】\n……그리고 자네.\n질문에 대답만 하면 돼.\n쓸데없는 코멘트를 들을 생각은\n없어.
0x00146e9b	2	【코우지】\n……네.
0x00146ed4	3	【검사】\n됐어.\n들을 건 다 들었으니.
0x00146f1c	3	【코우지】\n(……결국,\n10일간의 구류 결정인가……)
0x00147040	4	【판사】\n그러면 구류심문을 시작하겠습니다.\n먼저 이름과 주소부터\n말씀해 주십시오.
0x001470ae	5	【코우지】\n네……\n사이토 코우지,\n신마치구 후지시로에 살고\n있습니다.
0x00147122	4	【판사】\n흠……\n당신은 사건에 대해\n부인하고 있다고 들었는데요?
0x00147176	3	【코우지】\n네……\n저는 피해자와는 일면식도 없고……
0x001471d5	3	【판사】\n질문받은 것에만\n답하도록 하십시오.
0x00147222	4	【판사】\n지금 질문은\n당신이 이 사건을\n부인하고 있는지 여부입니다.
0x0014727d	3	【코우지】\n아, 네……\n부인합니다.
0x001472c3	4	【판사】\n흉기에 당신의 지문이\n묻어 있었다고 하는데, 이건 어떻게\n된 겁니까?
0x00147325	5	【코우지】\n제겐 기억이 없습니다.\n아마 진범이 제게 죄를\n뒤집어씌우려고\n묻힌 것 같습니다.
0x0014738f	4	【판사】\n그렇다면 이 지문은 언제, 누구에\n의해\n묻은 겁니까?
0x001473e9	2	【코우지】\n그건…… 모르겠습니다.
0x00147429	4	【판사】\n권총은 일본 국내에서는\n유통되지 않습니다.\n그건 알고 있죠?
0x0014748c	2	【코우지】\n네……
0x001474c3	4	【판사】\n그리고 이건 사람을 죽이는\n도구입니다.\n그것도 알고 있죠?
0x00147518	2	【코우지】\n네……
0x0014754f	4	【판사】\n이렇게 비상식적인 물건인데,\n지문이 묻은 시기도\n모른다는 겁니까?
0x001475b4	5	【코우지】\n그, 그건……\n아마 제가 술에 취해 쓰러져 있었을\n때가\n아닐까 싶습니다……
0x00147618	5	【판사】\n허어, 그렇군요.\n술에 취해 쓰러져 있었기 때문에\n지문이 묻은 것도 눈치채지\n못했다는 겁니까?
0x0014768e	2	【코우지】\n그, 그렇습니다……
0x001476ca	2	【판사】\n…………
0x00147703	3	【판사】\n아무래도 아직 사건을 조사할\n필요가 있는 듯하군요.
0x00147756	3	【코우지】\n(……이걸로\n10일간의 구류 결정인가……)
0x001478cf	4	【나나시바】\n오늘은 코우지 군이 기다리던 목욕\n날이야!\n얼른 들어와!
0x00147932	4	【코우지】\n(뭘 저렇게 들떠 있는지\n그 이유를 아는 게\n조금 무섭지만……)
0x00147999	4	【코우지】\n(확실히 저 녀석 말대로\n오랜만의 목욕이다.\n개운하게 씻어 볼까……)
0x00147a06	2	【나나시바】\n얼른 와, 코우지 군!
0x00147a48	2	【코우지】\n네, 네.
0x00147aba	3	【코우지】\n연달아 취조를 받은 탓인지,\n온몸이 식은땀으로 끈적끈적……
0x00147b1e	4	【코우지】\n라고……!\n뭐야, 이 물은!?\n완전히 새까맣잖아!!
0x00147b76	2	【나나시바】\n오늘은 우리가 마지막이니까.
0x00147bd3	5	【나나시바】\n이 유치장에는 항상 15명 정도가\n수감돼 있고,\n다들 3, 4일 만에 목욕하는 거라\n이렇게 되는 건 어쩔 수 없어.
0x00147c58	4	【코우지】\n웬만큼 더러운 건 아무렇지도\n않지만,\n이건……
0x00147cb0	3	【나나시바】\n괜찮아, 죽지는 않으니까.\n익숙해지면 돼, 익숙해지면!
0x00147d0c	3	【코우지】\n죽지는 않겠지만……\n아이고.
0x00148142	3	【경찰관】\n실례합니다!\n미우라 형사님!!
0x00148198	2	【미우라】\n……뭐지?
0x0014825f	2	【미우라】\n뭐라고……!
0x0014829a	3	【경찰관】\n이상입니다.\n실례했습니다!
0x001482f4	2	【미우라】\n…………
0x0014832d	3	【코우지】\n……뭐지?\n무슨 일이라도 생겼나?
0x00148398	3	【미우라】\n……조금 기다리고 있어라.\n확인하고 오마.
0x001483f0	2	【미우라】\n요시모토 준.
0x0014844f	2	【요시모토】\n네.
0x00148498	3	【코우지】\n……기다리라고 했으니\n기다릴 수밖에 없지만.
0x001484e3	2	【코우지】\n대체 무슨 일이 생긴 거지……?
0x00148543	2	【코우지】\n…………
0x0014857c	3	【코우지】\n결국 기다리라는 말을 들은 지\n3시간이 지났는데……
0x001485cf	3	【코우지】\n요시모토 형사도 무슨 일인지\n모르는 거지?
0x00148643	4	【요시모토】\n저도 당신과 함께\n계속 여기서\n대기하고 있는 겁니다.
0x001486a1	2	【코우지】\n아, 아니, 그렇긴 한데……
0x0014870a	3	【요시모토】\n그렇다 해도 무슨 일이 생겼는지는\n신경 쓰이네요……
0x00148786	2	【미우라】\n…………
0x001487bf	3	【코우지】\n오, 이제야 돌아왔나.\n무슨 일이야?
0x00148856	4	【미우라】\n……누마사키가 자수해 왔다.\n시라카와 이치로를 죽인 건\n자기라고 하더군.
0x001488ba	2	【코우지】\n……뭐?
0x00148918	3	【미우라】\n권총에 네 지문을 묻힌 것부터\n살해 방법까지 전부 자백하고 있어.
0x00148994	4	【미우라】\n그 자백에 모순점도 없어서,\n지금 체포영장을 발부받는\n절차를 밟고 있다.
0x00148a08	3	【코우지】\n자, 잠깐만요!\n범인은 아사츠유 씨라고 했잖아요!!
0x00148a60	4	【코우지】\n누마사키 변호사에게는 알리바이가\n있어요!\n그가 진범일 리 없어요!
0x00148ac4	5	【미우라】\n누마사키가 자네에게 휴대전화를\n사용해\n여러 방면에 전화를 걸고 있었다고\n말했다더군.
0x00148b33	3	【미우라】\n거짓말해서 미안하다는\n전언을 받았다.
0x00148b80	3	【코우지】\n거짓말……이라고?\n말도 안 돼!
0x00148bd1	4	【미우라】\n누마사키 측에서\n휴대전화를 증거품으로\n제출해 왔다.
0x00148c49	5	【미우라】\n발신 기록을 확인했지만,\n수상한 발신 기록은\n존재하지 않았다.\n전화 회사에도 확인해 뒀다.
0x00148cc4	5	【코우지】\n그 휴대전화가 아니야!!\n누마사키 변호사는 여러 대의\n휴대전화를\n가지고 있어!!
0x00148d2b	3	【코우지】\n어쩌면 누마사키 변호사\n명의가 아닐 수도 있어!!
0x00148da5	2	【미우라】\n그건 우리가 신경 쓸 일이 아니다.
0x00148df5	4	【미우라】\n그가 했다고 자백한 이상,\n그의 알리바이를 증명할 조사를\n우리가 할 필요는 없다.
0x00148e68	2	【코우지】\n크윽……!
0x00148ec9	4	【미우라】\n아무튼 누마사키가 체포되고\n절차가 끝나는 대로\n자네는 석방될 거다.
0x00148f46	3	【코우지】\n잠깐만요!\n진실이 그럴 리 없어요!
0x00148fbc	4	【미우라】\n알고 있다!!\n하지만 본인이 그렇게 자백한 이상,\n나로서는 아무것도 할 수 없어!!
0x00149023	2	【코우지】\n…………
0x00149082	3	【미우라】\n나갈 준비를 해,\n사이토……
0x0014923e	4	[narrator]\n(결국 내가 석방된 건\n다음 날 검찰청에 끌려가\n검사 조사를 받은 뒤였다)
0x001492c4	6	[narrator]\n(그리고 다시 유치장으로 돌아와\n짐을 정리하고,\n유치장 담당 경찰관에게 인사한 뒤,\n나는 약 20일 만에 바깥세상으로\n나왔다)
0x00149555	3	【코우지】\n응……?\n저기 있는 건……?
0x001495c2	2	【노리코】\n아, 코우지……
0x001495ff	3	【코우지】\n대체 어떻게 된 거야!?\n누마사키 변호사가……!
0x00149661	3	【노리코】\n…………\n나도 모르겠어……
0x001496b6	3	【노리코】\n난 그날 사건에 대해\n소장에게 보고했을 뿐인데……
0x0014971c	5	【노리코】\n소장은 보고를 듣고 크게 고개를\n끄덕이더니,\n『나머지는 부탁해』라고\n한마디만……
0x00149797	4	【노리코】\n『나머지는 부탁해』라니……\n나는 코우지가 석방된 뒤의 일을\n말하는 줄 알았는데……
0x0014980f	4	【코우지】\n……누마사키 변호사와 이야기하고\n싶어.\n접견을 신청할 수 있나?
0x0014987d	3	【노리코】\n신청은 해 뒀어.\n하지만 지금 당장은 무리야……
0x001498d3	3	【코우지】\n……젠장!\n왜 이렇게 된 거야!
0x00149944	3	【노리코】\n있잖아, 코우지.\n이제 어떻게 할 생각이야?
0x0014998d	4	【코우지】\n뻔하잖아!!\n우선 아사츠유 씨를 만나서\n이야기해야 해!!
0x001499f1	2	【노리코】\n나도 같이 갈게.
0x00149a3b	3	【코우지】\n이제부터 무슨 일이 생길지\n모른다고?
0x00149aa5	5	【노리코】\n이렇게 깊이 사건에 관여시켜 놓고,\n이제 와서 ‘나머지는 맡아’라는\n말만으로는\n납득할 수 없어.
0x00149b02	3	【코우지】\n알았어!\n가자, 노리코!!
0x00149c1b	2	【노리코】\n역시 없네……
0x00149c5a	4	【코우지】\n사무실 차도 없었고……\n아사츠유 씨, 대체 어디로 간\n거야……!?
0x00149ce1	2	【노리코】\n짐작 가는 데 없어?
0x00149d1e	5	【코우지】\n……전혀 없는 건 아니야.\n아사츠유 씨는 계속 누군가를 찾고\n있었어.\n아마 그 사람을 찾은 모양이야.
0x00149da0	3	【코우지】\n아사츠유 씨가 찾고 있던 사람……\n아마 그 사람은……
0x00149f08	2	【코우지】\n(아니야, 그 녀석이 아니야!!) 
0x00149f52	4	【코우지】\n(여기서 차분히 생각해……\n아사츠유 씨가 시라카와 이치로를\n죽인 동기로 이어지는 것……)
0x00149fbb	6	【코우지】\n(아사츠유 씨가 가장 사랑한 사람이\n죽었을 때,\n그 자리에 누가 있었나……\n한 명은 시라카와 이치로……\n그리고 다른 한 명은……?)
0x0014a065	4	【노리코】\n……그렇다는 건,\n미즈타니 씨는 하리마 의사를\n찾아간 건가요……?
0x0014a0bc	2	【코우지】\n그래, 아마도.
0x0014a11e	4	【노리코】\n하지만 그 하리마 의사가 어디\n있는지\n우리는 몰라……
0x0014a1cf	3	【노리코】\n아, 잠깐만……\n휴대전화가……
0x0014a21f	2	【노리코】\n……?
0x0014a268	3	【노리코】\n본 적 없는 전화번호야……\n누굴까……?
0x0014a2eb	2	【노리코】\n여보세요, 신조입니다……
0x0014a32f	3	【노리코】\n……아, 네!\n신세 지고 있습니다!
0x0014a379	3	【노리코】\n……네!?\n찾으셨다고요!?
0x0014a3c4	3	【노리코】\n알겠습니다.\n감사합니다!
0x0014a43a	5	【노리코】\n코우지!\n지금부터 나랑 같이\n미야카미 대학 부속 병원에 가지\n않을래?
0x0014a499	2	【코우지】\n병원에……?
0x0014a51b	5	【노리코】\n그래.\n사건 정보를 알려 준\n간호사분에게서 하리마 의사의\n사진을 입수했다는 연락이 왔어!
0x0014a596	2	【코우지】\n뭐라고!?
0x0014a5f6	4	【노리코】\n어쩌면 하리마 의사의 소재를\n알아낼 단서를 얻을 수 있을지도\n모르고……
0x0014a657	4	【코우지】\n……좋아!\n가자, 미야카미 대학 부속\n병원으로!!
0x0014a725	4	【코우지】\n(왠지 마음이 진정되지 않네……\n어머니가 돌아가신 병원에,\n이런 식으로 다시 오다니……)
0x0014a7b6	3	【노리코】\n기다렸지, 코우지.\n이쪽은 간호사 히구치 씨야.
0x0014a82d	2	【히구치】\n히구치입니다.
0x0014a866	3	【코우지】\n어, 어라……?\n히구치 씨라면, 그때 그……?
0x0014a8c2	4	【히구치】\n네, 기억하시나요.\n어머니의 이식 수술 때\n몇 번 뵈었으니까요.
0x0014a92e	2	【코우지】\n…………
0x0014a98d	4	【히구치】\n미안해요……\n사과한다고 해결될 일이\n아닐지도 모르지만……
0x0014aa09	5	【히구치】\n하지만 믿어 줬으면 해요.\n확실히 그 이식 수술은\n법에 근거한 게 아니었을지도\n모르지만……
0x0014aa84	3	【히구치】\n심장 이식은\n당신 어머니의 의지이기도 했어요.
0x0014aad6	2	【코우지】\n어머니의 의지……?
0x0014ab75	5	【히구치】\n그래……\n시라카와 씨가 이 병원에 하리마\n선생님을 초빙해\n통원하기 시작했을 무렵……
0x0014abf2	4	【히구치】\n사이토 씨가 꽤 강한 말투로\n시라카와 씨를 몰아붙였어요.\n돌아가신 남편 일로……
0x0014ac6b	6	【코우지】\n……그렇구나.\n역시 어머니는 알고 있었어……\n아버지가 시라카와의 손에\n살해됐을지도\n모른다는 걸……
0x0014ace6	3	【히구치】\n사이토 씨는 자기 몸에 위험이\n닥치고 있다고 느낀 것 같아요.
0x0014ad69	3	【히구치】\n그래서 그분은 하리마 선생님에게\n부탁했어요.
0x0014adc4	4	【히구치】\n만약 자기에게 무슨 일이 생기면,\n자신이 담당하던 요시모토 씨에게\n심장을 주었으면 한다고요.
0x0014ae38	3	【코우지】\n하지만 하리마 의사는 시라카와\n씨의 소개로 이 병원에 온 거죠?
0x0014ae9c	4	【코우지】\n그렇게 생각하면 이 병원에서\n가장 믿을 수 없는 인물이었던 것\n아닌가요?
0x0014af22	3	【히구치】\n확실히 위험한 사람이었다고\n생각해요.
0x0014af8c	5	【히구치】\n하지만 한편으로 하리마 선생님은\n완전히 학자 기질인 사람이었고,\n권위나 돈에는 전혀 관심이\n없었어요.
0x0014b01e	7	【히구치】\n그리고 우리에게도 자주 이야기를\n해 주셨어요.\n심장 이식 수술을 받은 사람에게\n기억이 계승되는 사례 이야기였죠.\n그게 지금 가장 흥미로운\n일이라고도……
0x0014b0d1	3	【히구치】\n그 이야기를 들은 사이토 씨는\n한 가지 도박에 나선 거겠죠.
0x0014b151	7	【히구치】\n자신이 증오하는 사람에게 자신의\n심장을\n이식하면, 제공자의 의식이 얼마나\n영향을\n미치는지 알고 싶지 않으냐고\n하리마 선생님에게 제안했고……
0x0014b201	4	【히구치】\n그리고 실제로,\n사이토 씨는 병원 옥상에서\n떨어져……
0x0014b257	4	【코우지】\n……알겠습니다.\n하리마 의사의 사진을\n보여 주시겠어요?
0x0014b2d6	2	【히구치】\n……여기 있어요.
0x0014b37c	3	【코우지】\n………!?\n이, 이 남자는……!?
0x0014b3c8	2	【노리코】\n……코우지, 아는 사람이야?
0x0014b40c	3	【코우지】\n마, 말도 안 돼……\n그럴 리 없어……!
0x0014b454	2	【코우지】\n이 사진, 최근 사진이죠!?
0x0014b49c	5	【히구치】\n네, 며칠 전 하리마 선생님이\n갑자기 이 병원에 나타났는데,\n그때 찍은 사진이에요.\n예전과 분위기가 꽤 달라져서……
0x0014b532	2	【히구치】\n오늘에서야 현상이 끝난 거라……
0x0014b57b	2	【코우지】\n…………
0x0014b5e5	2	【코우지】\n그 사람의 소재를 알 수 있나요?
0x0014b636	4	【히구치】\n네, 들은 바로는요.\n교외 별장지에 자주 있다고\n하던데……
0x0014b6a3	4	【코우지】\n노리코, 자세히 물어봐 줘!!\n나는 당장 렌터카를 알아보고\n올게!!
0x0014b702	2	【노리코】\n알겠어!!
0x0014b73c	3	【코우지】\n(마치 거미줄처럼 얽히고설켜 있던\n이 사건의 인간관계……)
0x0014b7b2	3	【코우지】\n(마지막 한 가닥의 실마리가……\n이런 곳에서 연결되다니!)
0x0014b873	5	【노리코】\n히구치 씨에게 들은 이야기로는\n하리마 의사가 병원에서 자취를\n감춘 뒤\n한동안 해외에 있었다고 해.
0x0014b8e0	4	【노리코】\n하지만 일본에도 거점을 두고\n있었고,\n그곳이 교외 별장지인 모양이야.
0x0014b953	4	【노리코】\n다만 이 근처 호텔에 방을 빌려\n그곳에 머무는 경우도 많았던\n모양이지만……
0x0014b9b3	5	【코우지】\n……아니, 하리마는 그 별장지에\n있어.\n그리고 아사츠유 씨도……\n거기에 있을 거야.
0x0014ba20	5	【코우지】\n하리마는 일부러 유인하고 있어……\n아사츠유 씨뿐 아니라 나까지\n그곳으로 불러들였다는 걸 생각하면\n말이야.
0x0014ba8e	3	【노리코】\n나를 불러들이고 있다고……?\n무슨 뜻이야?
0x0014badb	3	【코우지】\n내가 미야카미 대학 부속 병원에\n갈 걸 예상하고 있었던 거야.
0x0014bb34	3	【코우지】\n그래서 거기에 자기 소재의 단서를\n남겨 둔 거야!!
0x0014bb8d	2	【노리코】\n그래……!?
0x0014bbca	2	【코우지】\n십중팔구, 틀림없어.
0x0014bc14	3	【노리코】\n코우지, 하리마 의사와\n아는 사이였어?
0x0014bc60	3	【코우지】\n아니, 하리마는 모르는 사람이야.\n하리마는 말이지……
0x0014bcae	4	【노리코】\n……뭐가 뭔지 모르겠지만,\n그 사람 별장에 도착하면 알 수\n있겠지?
0x0014bd0f	3	【코우지】\n그래.\n전부 밝혀 내고 말겠어……
0x0014bd57	3	【코우지】\n하지만……\n녀석은 무슨 생각을 하는 거지……?
0x0014c1d3	3	【남자】\n후후후……\n드디어 여기까지 왔구나……
0x0014c21c	2	【아사츠유】\n…………
0x0014c27e	3	【남자】\n어라어라……\n생명의 은인에게 총을 겨누는 건가?
0x0014c2d0	2	【아사츠유】\n…………
0x0014c309	5	【아사츠유】\n당신은 내 심장 이식 수술의\n집도의……\n확실히 내 생명의 은인일지도\n몰라……
0x0014c377	3	【아사츠유】\n하지만 동시에 당신은 내\n원수야……
0x0014c3c6	4	【남자】\n후후……\n이제 와서 그런 말을 들어도\n말이지……
0x0014c418	3	【아사츠유】\n이제 와서……?\n시치미 떼는 것도 적당히 해.
0x0014c46c	3	【아사츠유】\n유미를 시라카와에게 만나게 한\n것도 당신 짓이죠?
0x0014c4c2	5	【아사츠유】\n유미가 시라카와를 아버지로 인식한\n걸\n곁에서 지켜보며 안심하고\n있었지요?
0x0014c528	4	【남자】\n어라어라……\n거기까지 알아차리다니,\n역시……
0x0014c578	3	【남자】\n심장 이식 수술을 받은 사람은\n제공자의 기억을 이어받는다……
0x0014c5ec	4	【남자】\n단, 그게 100%는 아니야.\n오히려 가능성은 낮지……\n믿기 어려운 이야기지만.
0x0014c657	2	【아사츠유】\n…………
0x0014c690	5	【남자】\n너도 마찬가지야.\n스스로 원해서 네게 심장을 준\n그녀의 의식은\n지금까지 표면에 드러난 건 아니야.
0x0014c70f	4	【남자】\n하지만 시라카와 이치로는 적어도\n그 사람의 기억을 이어받은 듯한\n모습을 보였어.
0x0014c77c	4	【남자】\n그때는 정말 기뻤지.\n드디어 기다려 온 환자가 나타난\n셈이니까.
0x0014c7d6	2	【아사츠유】\n…………
0x0014c80f	4	【남자】\n하지만 그것만으로는 만족할 수\n없었어.\n오히려 그 너머를 알고 싶어졌지.
0x0014c869	5	【남자】\n심장 제공자의 기억이\n이식 수술을 받은 사람에게 영향을\n미친다는 건\n알게 됐어.
0x0014c8f0	4	【남자】\n하지만 그것만으로는 결국\n당사자의 세계 안에서만 영향이\n끝나 버려……
0x0014c954	6	【남자】\n하지만 제삼자에게 영향을 주면\n어떨까?\n심장만 살아 있는 사람이\n주변 사람들에게 그 존재를\n인식시킬 수 있다면……
0x0014c9e5	4	【남자】\n그건 그 사람의 삶이 계속되고\n있다는 뜻이야!\n멋진 일이라고 생각하지 않나!?
0x0014ca46	4	【아사츠유】\n그렇다고 유미를 이용할 필요는\n없잖아요!\n나라도 됐을 텐데!!
0x0014ca9f	5	【남자】\n……모르겠나?\n당신으로는 안 돼.\n계산과 때가 묻은 손을 가진\n어른이잖아.
0x0014cb0b	5	【남자】\n아이의 순수한 마음이라면 솔직하게\n반응해 줘.\n그리고 네 딸은 아주 훌륭한 답을\n내놓았지.
0x0014cb83	4	【남자】\n한 번도 만난 적 없는 시라카와\n이치로를\n아버지라고 인식했으니까 말이야.
0x0014cbe6	5	【아사츠유】\n당신은 최악이야……\n아무것도 모르는 순진한 아이까지\n자신의 실험 도구로\n이용하다니……!
0x0014cc58	4	【남자】\n최악이라도 상관없어.\n하지만 그런 최악의 행위야말로\n인류의 진화를 촉진해 왔지.
0x0014ccc9	5	【남자】\n이해해 주지 않는다니 슬프군.\n난 네가 좀 더 이해심 있는\n사람이라고\n생각했는데, 결국 부모라는 건가.
0x0014cd3f	3	【아사츠유】\n그래……\n사람의 부모라서 뭐가 나쁜데……?
0x0014cd8b	4	【아사츠유】\n아이를 지키는 건 부모의\n일이야…… 그야말로 태고부터\n생물에게 갖춰진 섭리잖아!!
0x0014cdf7	6	【남자】\n인간은 그 섭리에서 벗어나야\n한다고 생각하지 않나?\n신의 지배에서도 이제는 벗어나야\n한다고\n생각하지 않나?
0x0014ce73	4	【아사츠유】\n……이제 무슨 말을 해도 소용없어.\n당신을 죽임으로써 내 복수는 끝나.\n그리고 나는 자수할 거야.
0x0014ceef	3	【남자】\n……그렇군.\n그래서 그를 석방시키려는 거군.
0x0014cf45	2	【아사츠유】\n…………
0x0014cf7e	3	【남자】\n하지만 이미 늦었어.\n그 사람은 이미 여기 왔으니까.
0x0014cfd3	2	【아사츠유】\n엣……!?
0x0014d037	2	【코우지】\n아사츠유 씨!!
0x0014d072	2	【아사츠유】\n코우짱!?
0x0014d0ac	2	【남자】\n안녕히, 요시모토 씨.
0x0014d144	2	【아사츠유】\n으으으으으으윽!!
0x0014d182	2	【노리코】\n꺄아아아아아아아아아아아아아아!!
0x0014d1ca	2	【코우지】\n아, 아사츠유 씨!!
0x0014d20a	3	【남자】\n유감이군!\n한발 늦었어, 코우지 군!
0x0014d259	2	【코우지】\n나, 나나시바아아아아아아아아아!!
0x0014d310	3	【코우지】\n이 자식!\n날 속였던 거야!?
0x0014d367	3	【나나시바】\n속인 적은 없어.\n네가 물어본 것도 아니잖아.
0x0014d3be	4	【코우지】\n유치장에 들어가 있던 건\n취재 때문이라느니 적당한 말을\n했잖아!!
0x0014d444	4	【나나시바】\n아, 그건 그렇지.\n하지만 거짓말은 아니야.\n그것도 목적 중 하나였으니까.
0x0014d4c7	6	【나나시바】\n뭐, 무엇보다도 요시모토 씨의\n추적에서\n벗어나기 위해 시간을 벌고 싶었던\n게\n가장 큰 이유지만 말이야.
0x0014d56e	6	【나나시바】\n그녀를 곧바로 죽어 버리게 하면\n재미없잖아.\n내가 계속 쫓기면서 그녀의\n스위치가 켜지는지\n확인하고 싶었던 거야.
0x0014d5df	2	【코우지】\n스위치……?
0x0014d640	4	【나나시바】\n그보다 요시모토 씨가 괴로워\n보이는데,\n그냥 내버려 둬도 괜찮겠어?
0x0014d69a	2	【코우지】\n아, 아사츠유 씨……!?
0x0014d6dc	2	【노리코】\n구, 구급차를 부를게!
0x0014d74f	2	【미우라】\n그럴 필요 없다!!
0x0014d7d4	4	【미우라】\n총성이 들린 시점에\n요시모토 씨에게는 이미\n구급차를 불러 뒀다.
0x0014d840	2	【코우지】\n미, 미우라!!
0x0014d89b	3	【나나시바】\n그럼 나는 슬슬 모습을 감추도록\n하지.
0x0014d8e3	2	【코우지】\n자, 잠깐, 나나시바!!
0x0014d924	4	【미우라】\n소용없다, 하리마!!\n이미 지원을 요청해 뒀다!\n도망칠 수 있다고 생각하지 마!!
0x0014d9a2	4	【나나시바】\n후후, 글쎄.\n이 근처 길은 미로처럼 얽혀\n있거든.
0x0014da08	2	【미우라】\n뭐라고!?
0x0014da40	3	【나나시바】\n그럼 잘 있어, 코우지 군.\n또 어딘가에서 만나자고!!
0x0014dab8	2	【미우라】\n자, 잠깐, 하리마!!
0x0014db2a	3	【코우지】\n젠장!\n놓칠까 보냐!!
0x0014db7c	4	【미우라】\n여기는 경찰에 맡긴다!\n자네는 미즈타니 아사츠유 씨를\n맡아!!
0x0014dbd4	2	【코우지】\n아, 알겠어요……
0x0014dc41	2	【미우라】\n기다려, 하리마!!
0x0014dc9f	2	【미우라】\n크……윽!!
0x0014dd33	2	【미우라】\n놓칠까 보냐!!
0x0014ddeb	2	【코우지】\n부탁해요, 미우라!!
0x0014de8b	2	【코우지】\n아, 아사츠유 씨……
0x0014def4	4	【아사츠유】\n코, 코우짱……\n미안해, 유치장 같은 곳에\n넣어 버려서……
0x0014df4d	2	【코우지】\n지금 그런 건 아무래도 좋아요!!
0x0014df93	4	【아사츠유】\n아니, 들어 줘, 코우짱……\n나, 코우짱에게 꼭\n말해야 할 게 있어……
0x0014e019	6	【아사츠유】\n나에게는 용서할 수 없는 사람이\n두 명 있었어……\n한 명은 시라카와 이치로……\n그리고 다른 한 명은 하리마\n나오타다……
0x0014e08c	2	【코우지】\n알고 있어요.
0x0014e0c5	5	【코우지】\n하리마는 시라카와 이치로와 결탁해\n신지 씨를 죽게 내버려 두고\n심장 이식을 강행했어……\n그 복수였던 거죠?
0x0014e14c	5	【아사츠유】\n물론 그것도 이유였어……\n하지만 나는 지금까지 복수하지\n않았어……\n아니, 할 수 없었어.
0x0014e1bf	4	【아사츠유】\n나에게는 유미가 있었으니까……\n유미를 지키기 위해서라도\n내가 살인자가 될 수는 없었어……
0x0014e22c	5	【아사츠유】\n하지만 유미는 시라카와 이치로를\n따르게 되어 버렸어……\n유미는 신지 씨의 모습을 느낀\n거야……
0x0014e2a4	6	【아사츠유】\n하지만 유미가 따른 사람은\n진짜 신지 씨가 아니었어.\n그 기묘한 광경을 나는 견딜 수\n없었어……\n이대로라면 유미가……
0x0014e328	2	【아사츠유】\n그래서 이치로를 죽이려고 했어……
0x0014e372	2	【코우지】\n…………
0x0014e3ca	3	【아사츠유】\n하지만 그때……\n나는 분명히 신지 씨를 느꼈어……
0x0014e826	2	【이치로】\n하아…… 하아…… 하아……
0x0014e86d	3	【이치로】\n이, 이제 그만해……\n내가 뭘 했다고 이러는 거야!!
0x0014e8c2	2	【아사츠유】\n…………
0x0014e8fb	3	【이치로】\n네가 나를 죽일 이유 따위,\n나, 나는 아무것도……
0x0014e945	2	【이치로】\n……!?
0x0014e99e	3	【이치로】\n하…… 하하하…………\n쏘…… 쏘지는 않겠지……
0x0014e9f4	2	【아사츠유】\n………
0x0014ea2b	4	【이치로】\n뭘 원하는 거야……!?\n돈……!?\n그, 아니면 유미 때문인가……!?
0x0014ea9b	3	【이치로】\n네가 원하는 대로 할게!\n그러니까…… 내 목숨만은 살려 줘!
0x0014eb2a	2	【이치로】\n으아아아아아아아아아아악!!
0x0014eb91	2	【이치로】\n하아…… 하아…… 하아……
0x0014ec0b	2	【이치로】\n그, 그만둬……!?
0x0014ec6d	2	【이치로】\n으으으윽!!
0x0014ecad	2	【아사츠유】\n………!?
0x0014ed0c	2	【이치로】\n으으으윽……!?
0x0014ed69	3	【이치로】\n그아아아아아아아악!!\n우오오오오오오오오오오오!!
0x0014ee48	2	【아사츠유】\n이건……
0x0014ee9f	2	【이치로】\n이, 이 빌어먹을……!!
0x0014ef93	3	【신지】\n……널 살인자로 만들 수는\n없어……
0x0014efdf	2	【아사츠유】\n신지…… 씨……?
0x0014f046	3	【이치로】\n이, 이 자식아아아아아……\n하필 이런 때에에에에에에……!!
0x0014f0bd	3	【이치로】\n……커헉!?\n크허어어어어억!!
0x0014f108	3	【아사츠유】\n이제 됐어……\n그 이상은…… 그만……
0x0014f175	5	【이치로】\n으윽…… 크윽………!!\n그, 그만둬어어어어어어……\n나는 아직 죽을 수\n없어어어어어어……!!
0x0014f217	2	【이치로】\n…………
0x0014f26f	4	【이치로】\n너도 말해 줘!!\n이 자식은…… 스스로, 자기\n목숨을……!
0x0014f2d2	3	【아사츠유】\n……제발, 그만해……\n그만해…… 신지 씨!!
0x0014f39d	4	【신지】\n……그때, 하지 못한 말이 있어.\n하지만 마지막에 말할 수 있어서\n다행이야……
0x0014f3ff	2	【신지】\n……사랑해, 스미카.
0x0014f441	2	【스미카】\n……!?
0x0014f47a	4	【스미카】\n신지 씨!!\n나도…… 나도 줄곧\n당신만을 사랑했어요……
0x0014f4d8	3	【스미카】\n그러니까…… 그러니까 가지 마,\n신지 씨!!
0x0014f52c	2	【신지】\n…………
0x0014f565	2	【신지】\n잘 있어, 스미카……
0x0014f5dc	2	【스미카】\n…………!?
0x0014f6af	5	【이치로】\n그아아아아아아아아아아아아아아아\n아아아아아아아아아아아아아아아아\n아아아아아아아아아아아아아아아아\n아아아아아아아아아아아아아아악!!!
0x0014fbb8	5	【코우지】\n그, 그렇다면……\n시라카와 이치로는 살해당한 게\n아니라\n자살……이라는 건가요?
0x0014fc2b	4	【코우지】\n그리고 총을 쏜 것도\n시라카와의 상태 변화에 놀란\n순간에 벌어진 일……이라는 거죠!!
0x0014fcbc	3	【아사츠유】\n아니, 달라.\n그를 죽인 건 역시 나야.
0x0014fd2e	6	【아사츠유】\n내가 시라카와 이치로를 죽이려고\n하지 않았다면\n신지 씨도 스스로 목숨을 끊으려\n하지는\n않았을 거야……
0x0014fd97	2	【아사츠유】\n나는 틀림없는 살인자야……
0x0014fddc	4	【코우지】\n웃기지 마요, 아사츠유 씨!!\n그런 걸 혼자 마음대로 결정하지\n마요!!
0x0014fe3e	4	【코우지】\n살인자인지 아닌지는\n이 나라에서는 재판으로 결정되는\n거예요!!
0x0014febc	3	【아사츠유】\n……그럴지도 모르지.\n하지만 결과는 뻔해……
0x0014ff0f	3	【아사츠유】\n심장에 기억이 이어진다는 것조차\n황당한 가설인데……
0x0014ff76	3	【아사츠유】\n아무도 심장에 의식이 이어진다는\n걸 믿지 않아……
0x0014ffd7	3	【코우지】\n그런 건 해 보지 않으면 모르는\n거잖아요!!
0x00150021	4	【코우지】\n싸워요, 아사츠유 씨!!\n약한 소리나 하는 아사츠유 씨는\n그런 사람 아니잖아요!!
0x00150089	3	【코우지】\n싸워요!!\n유미를 위해 싸우라고요!!
0x001500d4	5	【코우지】\n아니, 유미만을 위해서가\n아니에요!!\n신지 씨가 살아 있었다는 증거도\n세상에 남겨야죠!!
0x00150134	4	【코우지】\n그때 그곳에서\n아사츠유 씨를 위해 죽은\n신지 씨의 존재도 증명해요!!
0x0015019d	3	【코우지】\n혼자만 의인이 되려 하지 마요!\n그건 그냥 도망일 뿐이에요!!
0x001501f6	5	【코우지】\n괴로워도, 힘들어도,\n사랑하는 사람을 위해 싸우는\n거예요,\n아사츠유 씨!!
0x00150255	2	【노리코】\n…………
0x001502ad	3	【아사츠유】\n후후…… 코우짱……\n정말 강해졌구나……
0x001502ff	6	【아사츠유】\n네가 건강한 모습을 보니\n안심했어……\n그러니까 부탁이야……\n마지막으로 웃는 얼굴을 보여\n줘……
0x00150367	5	【코우지】\n마지막이라고 하지 마요!!\n웃는 얼굴이라면 얼마든지 보여\n줄게요!!\n그러니까 마지막이라고 하지 마요!!
0x001503d3	3	【코우지】\n봐요, 웃고 있잖아요!\n나는 웃고 있어요!!
0x00150423	5	【코우지】\n앞으로도 계속\n아사츠유 씨 곁에서 웃을\n테니까요!!\n그러니까 마지막이라고 하지 마요!!
0x0015048a	5	【아사츠유(가요)】\n후후…… 정말 멋진 미소네……\n하지만 그 미소가 있다면\n괜찮아…… 아무리 힘든 일도 이겨\n낼 수 있을 거야……
0x00150675	2	【코우지】\n엣……
0x001506b3	2	【코우지】\n엄마……!?
0x001506f0	2	【노리코】\n어, 어떻게 된 거야, 코우지……?
0x00150735	3	【코우지】\n엄마……\n아, 아니야…… 하지만……
0x001507bf	3	【아사츠유(가요)】\n후후…… 코우짱……\n잘 지내……
0x00150812	4	【코우지】\n자, 잠깐만요, 엄마……!\n갑자기 나타났다가 또 바로\n사라지지 마요……!!
0x00150875	2	【코우지】\n그때도 갑자기 사라졌잖아요……
0x001508b8	4	【아사츠유(가요)】\n……미안해, 코우짱……\n하지만 나는 언제나 너를\n지켜보고 있었어……
0x00150922	2	【코우지】\n…………
0x0015095b	2	【아사츠유(가요)】\n앞으로도 계속…… 그럴게.
0x001509aa	2	【코우지】\n하, 하지만……
0x001509e5	3	【아사츠유(가요)】\n괜찮아……\n그녀는 내가 지켜 줄게……
0x00150a45	3	【아사츠유(가요)】\n코우짱도……\n그녀에게 말을 걸어 줘……
0x00150a96	3	【코우지】\n말을 걸라고……\n어떻게……?
0x00150b50	2	【코우지】\n엣……!?
0x00150b8b	3	【코우지】\n어, 엄마!!\n아, 아니…… 아사츠유 씨……!?
0x00150bdf	3	【코우지】\n일, 일어나요……\n이런 데서 자면 안 돼요!!
0x00150c35	2	【아사츠유】\n…………
0x00150c6e	2	【코우지】\n일어나요, 미즈타니 아사츠유!!
0x00150cb4	3	【코우지】\n평소처럼 그냥 무시하지 말고\n뭐라도 받아쳐 봐요!!
0x00150d2a	2	【코우지】\n미즈타니 아사츠유--------!!
0x00150ef8	2	【코우지】\n…………
0x00150f3b	2	【노조미】\n네……
0x00150f71	2	【코우지】\n아, 나야……
0x00150fae	3	【노조미】\n아, 선생님.\n금방 갈게요……
0x00150ff5	4	【코우지】\n(선생님이라고 부르지 않아도\n된다고 했는데……\n그날 이후로 계속 그대로네……)
0x001510b5	2	【코우지】\n……오랜만이네.
0x00151119	3	【노조미】\n그러네요.\n잘 지내셨어요?
0x0015115c	4	【코우지】\n하하하, 건강한 것 말고는 내세울\n게 없거든.\n그런데 그거 말인데……
0x001511e5	3	【노조미】\n네.\n이거죠.
0x00151292	3	【코우지】\n고마워, 덕분에 살겠어.\n그런데 정말 괜찮겠어?
0x001512ee	3	【노조미】\n……네.\n그게 가장 좋다고 생각하니까요.
0x0015133a	2	【코우지】\n……그렇구나, 고마워.
0x00151388	2	【노조미】\n이제 가시는 거죠?
0x001513c6	3	【코우지】\n……그래.\n노조미도 갈래?
0x00151430	4	【노조미】\n……아니요.\n마음의 정리를 좀 더 하고 나서\n갈게요.
0x00151480	3	【코우지】\n……그렇구나.\n알겠어.
0x001514c1	4	【코우지】\n그럼 정말 여러 가지로 고마웠어.\n노조미가 없었다면\n어쩌면 난 감옥에 있었을지도 몰라.
0x0015155e	4	【노조미】\n아니에요.\n저는 제가 알고 있는 것을\n말씀드렸을 뿐인걸요.
0x001515d8	3	【노조미】\n저기…… 탐정 사무소에\n가끔 도와주러 가도 될까요?
0x00151633	4	【코우지】\n물론이라고 말하고 싶은데,\n우리 세계에 너무 깊이\n발을 들이는 건……
0x001516ca	2	【노조미】\n아니요, 탐정은 훌륭한 일이에요.
0x00151713	4	【코우지】\n……그렇게 말해 주니 기쁘네.\n뭐, 도우러 오면\n아르바이트비 정도는 줄 테니까.
0x001517b2	3	【노조미】\n후후……\n기대하고 있을게요.
0x001517f5	2	【코우지】\n그럼 난 서둘러야 해서……
0x0015185c	3	【노조미】\n네.\n……안부 전해 주세요.
0x001519e8	2	【코우지】\n여어, 둘 다 기다렸어?
0x00151a2c	3	【노리코】\n기다렸지.\n30분이나 늦었어!
0x00151a79	2	【유미】\n늦었어, 아저씨!!
0x00151abc	5	【코우지】\n미안, 미안. 잠깐 볼일이\n있어서……\n……아니, 유미짱. 아저씨 말고\n오빠라고 부르는 건 어때?
0x00151b31	3	【유미】\n코우지 아저씨는 아저씨잖아?\n그렇지, 노리코 언니!!
0x00151b89	2	【노리코】\n그렇지, 유미짱.
0x00151bc7	3	【코우지】\n……왜 나는 아저씨고\n노리코는 언니인 건데……
0x00151c1e	3	【노리코】\n투덜거리지 마.\n그보다 얼른 가자.
0x00151c6f	4	【코우지】\n……서른 넘으면 아저씨라도\n괜찮지만,\n난 아직 20대라고.
0x00151cf1	2	【코우지】\n……그런데 벌써 둘 다 없잖아.
0x00151d3a	3	【코우지】\n자, 잠깐만 기다려 줘.\n두고 가지 마아아!!
0x00151f30	3	【코우지】\n그러고 보니 누마사키 변호사는\n어떻게 지내?
0x00151fa1	4	【노리코】\n이제 완전히 예전과 다름없는 양의\n일을\n해내고 있어.
0x00151ff7	3	【코우지】\n그렇구나……\n그럼 다행이네.
0x00152060	3	【노리코】\n야스요 씨의 자살……\n그리고 그 사건……
0x001520ae	5	【코우지】\n야스요 씨의 상담을 받았을 때\n내가 좀 더 잘 대처했더라면\n두 사건은 일어나지 않았을\n텐데……
0x00152120	4	【코우지】\n그 속죄를 위해 그때 자수한 거지?\n사건의 전모가 밝혀지고\n곧바로 석방된 모양이지만……
0x001521ca	3	【노리코】\n뭐, 정말 성실한 소장님다운\n일이지만 말이야.
0x00152224	5	【코우지】\n그래도 자수의 여파로 한동안 일이\n줄었다던데,\n다시 원래대로 돌아온 것 같아서\n다행이야.
0x001522bb	3	【노리코】\n그건 지금까지 의뢰인들과 쌓아 온\n신뢰 관계가 있었기 때문이겠지.
0x0015232d	3	【노리코】\n나도 소장님처럼 의뢰인에게\n신뢰받는 변호사가 되고 싶어.
0x0015238c	2	【코우지】\n……될 수 있어, 노리코라면.
0x001523f6	2	【노리코】\n……응, 고마워.
0x001524d1	2	【아사츠유】\n그동안 신세 많이 졌어요.
0x0015253a	4	【히구치】\n앞으로가 힘들겠지만,\n힘내세요.\n저는 당신 편이니까요.
0x001525bb	2	【아사츠유】\n감사합니다.
0x001525f8	3	【유미】\n아, 엄마다!!\n엄마아아!!
0x0015263a	3	【코우지】\n이, 이거 곤란한데……\n벌써 밖에 나와 있잖아……
0x00152682	2	【노리코】\n그러니까 코우지가 늦었으니까……
0x00152700	2	【아사츠유】\n유미…… 착하게 있었어?
0x00152741	3	【유미】\n응!\n유미, 착하게 있었어!!
0x00152786	3	【아사츠유】\n그렇구나.\n착하지, 유미.
0x001527c7	3	【유미】\n에헤헤~\n유미, 오늘부터 엄마랑 같이 있어?
0x00152815	3	【아사츠유】\n으음…… 미안해.\n엄마는 조금 더 일을 해야 해.
0x00152870	3	【아사츠유】\n그러니까 앞으로 조금만 더\n노리코 언니와 같이 있어 줄래?
0x001528ef	3	【유미】\n에에……\n엄마랑 같이 있고 싶어……
0x0015293a	4	【아사츠유】\n으음……\n엄마도 유미와 같이 있고\n싶지만……
0x00152990	4	【아사츠유】\n엄마도 참아야 해.\n그러니까 유미도 조금 참아 줬으면\n해.
0x001529f4	2	【유미】\n엄마…… 훌쩍……
0x00152a31	5	【아사츠유】\n괜찮아.\n앞으로는 노리코 언니뿐 아니라\n코우지 아저씨도 함께 있어 줄\n거래.
0x00152aab	2	【노리코】\n네엣!?
0x00152ae3	3	【코우지】\n그건……\n나랑 노리코가 같이 산다는 뜻……?
0x00152b3d	2	【유미】\n정말?
0x00152b71	3	【아사츠유】\n정말이야.\n그러니까 지금보다 덜 외로울 거야.
0x00152bc7	2	【노리코】\n자, 잠깐만요, 아사츠유 씨!!
0x00152c0c	4	【아사츠유】\n웃는 얼굴이 있으면\n힘든 일도 이겨 낼 수 있으니까……\n그렇지……?
0x00152c6d	2	【유미】\n엄마……
0x00152ca2	2	【코우지】\n…………
0x00152cdb	4	【아사츠유】\n그러니까 기운 내, 유미.\n그래, 엄마랑 같이 웃어 볼까?\n하나, 둘, 셋 하면 말이야?
0x00152d42	2	【유미】\n…………응.
0x00152d7d	3	【아사츠유】\n그래, 잘했어, 유미.\n그럼 하나, 둘, 셋!!
0x00152de8	2	【아사츠유】\n씨익!!
0x00152e1f	2	【유미】\n씨익!!
0x00152e54	3	【아사츠유】\n거봐, 기운 났지!!\n조금만 더 힘내자, 유미!
0x00152ea8	2	【유미】\n응!
0x0015307d	5	【코우지】\n……내 이사는 언제로 할까?\n아니면 시라카와 하우징 홍보부에\n새로운 집이라도 소개해 달라고\n할까?
0x0015312d	3	【노리코】\n……그……\n그 이야기는 나중에……
0x0015319e	3	【아사츠유】\n정말.\n두 사람 다 늦었어!!
0x001531eb	2	【노리코】\n죄송해요……
0x0015324b	4	【아사츠유】\n아니, 노리코짱은 사과할 필요\n없어.\n어차피 코우짱이 늦은 거지?
0x001532af	4	【코우지】\n젠장……\n미즈타니 아사츠유의 추리력은\n전혀 녹슬지 않았나 보네……
0x0015332e	2	【코우지】\n예, 예리해……
0x0015338f	2	【아사츠유】\n이름만 부르지 마아아!!
0x001533cf	2	【노리코】\n후후……
0x0015342c	2	【요시모토】\n……누나, 슬슬 가자.
0x00153493	3	【아사츠유】\n에에……\n조금만 더 있어도 되잖아?
0x00153501	4	【요시모토】\n안 됩니다.\n……이제 더는 시간을 끌 수\n없습니다.
0x00153582	3	【아사츠유】\n정말.\n여전히 융통성이 없네.
0x001535ed	2	【요시모토】\n누나가 너무 태평한 겁니다!
0x00153657	5	【요시모토】\n누나는 입원으로 인해\n구류 집행이 정지된 것뿐이니까\n퇴원하면 유치장으로 돌아가야\n해요……
0x00153708	2	【미우라】\n요시모토 준.
0x00153767	2	【요시모토】\n네!
0x001537c2	3	【미우라】\n오늘은 도로가 정체된 모양이다.\n조금 늦어도 어쩔 수 없겠지.
0x00153835	6	【코우지】\n오, 좋은 말을 하시네요, 미우라\n형사님.\n그럼 차가 과열돼서\n엔진을 식히고 있었다고 하는 건\n어때요?
0x001538a7	2	【미우라】\n…………
0x00153906	2	【미우라】\n그렇군. 그 핑계도 쓸 수 있겠어.
0x0015396d	4	【요시모토】\n……미우라 선배.\n이 사람들에게 점점 물들고\n계시네요……
0x001539f3	3	【미우라】\n우리는 먼저 가겠다.\n이야기가 끝나면 오도록 해라.
0x00153a50	2	【미우라】\n……사이토.
0x00153a8b	2	【코우지】\n뭐죠?
0x00153ae7	3	【미우라】\n언젠가 다시 자네와\n마주하고 싶군.
0x00153b2c	3	【코우지】\n사양할게요……\n전 이제 지긋지긋합니다.
0x00153b8c	3	【미우라】\n후…… 뭐, 언젠가 다시\n어딘가에서 만날 수도 있겠지.
0x00153c06	3	【미우라】\n그럼.\n요시모토 준!
0x00153c5d	2	【요시모토】\n…………
0x00153cbc	3	【아사츠유】\n……응?\n왜 그래, 준아?
0x00153d28	2	【요시모토】\n……누나, 정말 행복한 사람이네요.
0x00153daf	4	【아사츠유】\n……행복한 사람, 라.\n이제 유치장으로 가야 하는\n사람에게 할 말인가 싶네.
0x00153e35	4	【노리코】\n기소되면 즉시 보석을 신청해\n볼게요.\n다만……
0x00153ec3	3	【아사츠유】\n알고 있어.\n힘들 거라는 거지.
0x00153f2d	3	【아사츠유】\n결국 죄명은 살인죄.\n객관적으로 보면 명백한 일이니까.
0x00153fa6	4	【코우지】\n하지만 최종적으로는 살인미수에\n정상참작으로 집행유예가 붙는\n선에서 마무리될 거예요.
0x00154060	3	【아사츠유】\n그래, 그렇게 되면 좋겠네……\n부탁할게, 노리코짱!!
0x001540e1	2	【노리코】\n네!
0x00154116	3	【코우지】\n그러기 위해서라도 우선은\n나나시바…… 하리마를 잡아야겠어!
0x00154170	3	【코우지】\n그 녀석을 증언대에 세우면\n집행유예를 받을 길도 열릴 테니까!
0x001541f2	2	【아사츠유】\n…………
0x00154251	3	【아사츠유】\n……정말 행복한 사람이네,\n나란 사람은.
0x0015429b	3	【코우지】\n아사츠유 씨.\n하리마는 제가 반드시 찾겠습니다.
0x001542e8	4	【코우지】\n다만 그 전에\n그 사건에 대해 제 나름대로\n매듭을 짓고 싶습니다.
0x0015436d	5	【아사츠유】\n마침 잘됐네.\n내가 없는 동안 사무소를 맡아 줄\n수 있을까……\n코우짱에게 마지막 시련을 줄게.
0x001543e9	2	【아사츠유】\n풀어 보렴.
0x00154450	4	【노리코】\n아……\n그럼 나랑 유미짱은 저쪽에서\n기다릴게.
0x001544a4	2	【코우지】\n그래, 부탁할게.
0x00154514	3	【아사츠유】\n그럼 유미.\n조금만 더 착하게 있어 줘!!
0x00154565	2	【유미】\n응, 그럼 안녕, 엄마!!
0x00154607	5	【코우지】\n……제가 확인하고 싶은 건 단\n하나입니다.\n사건 당일 아사츠유 씨의\n행동이에요.
0x0015490f	4	【코우지】\n그날 밤……\n일부러 나를 완전히 취하게 만들어\n라이트 블루로 데려갔죠.
0x00154975	3	【아사츠유】\n그래, 맞아.\n그 이유는 알고 있지?
0x001549bf	5	【코우지】\n네.\n저를 취하게 만든 이유는 두\n가지예요.\n그건……
0x00154ac6	3	【코우지】\n(아니야!\n그게 아니야!!)
0x00154b10	3	【코우지】\n(이게 마지막이야.\n좀 더 제대로 생각해!!)
0x00154b5c	2	【코우지】\n(하나는 지문과 관련된 것)
0x00154baa	4	【코우지】\n(그리고 또 하나,\n그 지문과 관련된 증거가\n있었어!!)
0x00154c44	4	【코우지】\n우선 첫 번째 이유는\n사건의 흉기가 될 권총에\n내 지문을 묻히기 위해서죠.
0x00154cb8	5	【코우지】\n옆에 앉아 있던 아사츠유 씨라면\n술에 취한 내 지문을\n권총에 묻히는 건 어렵지 않았을\n거예요.
0x00154d2f	6	【코우지】\n게다가 아사츠유 씨는\n감시 카메라에 간신히 찍히지 않는\n자리를 알고\n그 행동이 찍히지 않도록 배려할\n수도 있었죠.
0x00154db1	3	【아사츠유】\n후후, 맞아.\n그 바는 구석구석까지 알고 있거든.
0x00154e0e	5	【코우지】\n콘도가 내 자리 아래에 놓여 있던\n부정의 증거를 가지러 왔을 때도\n얼굴이 찍히지 않도록 계산한\n거군요.
0x00154e8c	4	【아사츠유】\n뭐, 그렇다고 말하고 싶지만……\n콘도의 움직임에 따라서는\n얼굴이 찍힐 수도 있다고 생각했어.
0x00154efc	6	【아사츠유】\n하지만 그래도 괜찮다고 생각했지.\n코우짱의 지문을 권총에 묻힌\n행동을 나 아닌 다른 누군가의\n짓으로 오해하게 만들 수 있다면\n말이야.
0x00154f9a	6	【아사츠유】\n내가 하고 싶었던 건\n코우짱에게 누명을 씌우는 게\n아니야.\n그저 하리마를 죽일 동기가\n필요했을 뿐이니까……
0x00155049	3	【아사츠유】\n미안, 이야기가 조금 빗나갔네.\n사건 당일 이야기였지.
0x001550a0	3	【코우지】\n네…… 그럼 다음은\n알리바이 조작에 관한 겁니다.
0x001550ed	5	【코우지】\n0시 44분에 사찰 안에 총성이\n울렸어요.\n하지만 이건 진짜 총성이 아닙니다.\n이 총성의 정체는……
0x00155232	2	【코우지】\n(아니야, 이게 아니야!!)
0x0015527b	3	【코우지】\n(이게 마지막이야.\n좀 더 제대로 생각해!!)
0x001552cc	5	【코우지】\n총성이 녹음된 외부 음원을\nVIP룸의 BGM을 제어하던\n플레이어에 연결해\n0시 44분에 재생한 거군요.
0x00155367	3	【아사츠유】\n후후, 맞아.\n그 음원의 정체는 이거야.
0x001553e5	2	【코우지】\n……보이스 레코더인가요?
0x0015542b	6	【아사츠유】\n그래.\n우리 탐정에게는 필수품이지.\n이게 30시간 분량을 녹음할 수\n있다는 거\n알고 있었어?
0x00155498	2	【코우지】\n네, 그건 알고 있지만……
0x001554dc	5	【아사츠유】\n24시간 무음 부분을 만든 다음\n그 뒤에 총성을 녹음해 둔 거야.\n그러면 재생한 뒤 24시간 후에\n총성이 재생되겠지?
0x00155572	5	【코우지】\n……그렇군요.\n아사츠유 씨는 전날에도 라이트\n블루에 갔다고\n말했었죠.
0x001555f2	3	【코우지】\n그건 이 보이스 레코더를\n설치하기 위해서였군요?
0x00155648	4	【아사츠유】\n맞아.\n겸사겸사 그때\n리모컨도 빌려 썼고.
0x001556cf	3	【코우지】\n어떻게 보이스 레코더를\n설치했어요?
0x0015571c	3	【아사츠유】\n직원이 사무소에 있는 걸 확인하고\n몰래 숨어들어 갔어.
0x00155781	4	【아사츠유】\n그리고 그 직원이 나간 걸 확인한\n뒤\n보이스 레코더를 설치했지.
0x001557e4	3	【코우지】\n……그렇군요.\n그제야 그 트릭도 이해됐어요.
0x00155835	4	【코우지】\n사건 전날 직원들 사이에서\n문제가 되고 있던 일이 있었죠.\n그건……?
0x0015593f	2	【코우지】\n(아니야, 이게 아니야!)
0x00155986	4	【코우지】\n(VIP룸 스피커를 제어하던 건\n라이트 블루 사무소에 있던\n플레이어였어)
0x001559f9	5	【코우지】\n(이 플레이어는 사건 당일\n라이트 블루 직원 외에는 조작할 수\n없는\n상태였어)
0x00155a65	3	【코우지】\n(그 사실을 보여 주는 증거가\n답이야!!)
0x00155aac	6	【코우지】\n사건 당일 사무소 열쇠는 엄중하게\n관리됐어요.\n전날 사무소 열쇠가 열어 둔 채로\n있어서\n문제가 됐기 때문이죠.
0x00155b33	7	【코우지】\n결과적으로 플레이어를 조작할 수\n있는 건\n직원뿐이 됐고,\n스피커에서 총성이 흘러나왔다는\n사실을\n부정하는 트릭이 된 겁니다.
0x00155bbe	2	【코우지】\n……모든 게 계산대로였던 건가요.
0x00155c07	3	【아사츠유】\n아니, 꼭 그렇지만은 않아.\n예상 밖의 일도 있었어.
0x00155c58	4	【아사츠유】\n그 두 사람이 라이트 블루에 올\n줄은\n꿈에도 생각하지 못했거든.
0x00155cb1	3	【코우지】\n예상 밖의 두 사람……\n그건……
0x00155daa	2	【코우지】\n(아니야, 그건 아닌 것 같아)
0x00155def	3	【코우지】\n(이게 마지막이야.\n좀 더 제대로 생각해!!)
0x00155e40	3	【코우지】\n그건 누마사키 변호사와\n미나즈키 코우지 말이죠?
0x00155e93	2	【아사츠유】\n응, 그래.
0x00155ecc	4	【아사츠유】\n나는 시라카와 이치로를 0시에\n라이트 블루 VIP룸으로 오라고\n불렀어.
0x00155f32	4	【아사츠유】\n『당신이 저질러 온 부정행위에\n대해 둘이서만 이야기하지\n않겠어요』 라고 말했지.
0x00155fab	5	【아사츠유】\n그런데 그는 일부러 누마사키 씨를\n불러\n문제가 생겼을 때를 대비한\n방어책을 세워 두었어.
0x0015601c	5	【코우지】\n하지만 누마사키 변호사는\n피해자에게서\n아사츠유 씨를 만난다는 말을\n듣지 못했던 것 같던데요……?
0x00156092	4	【아사츠유】\n내가 할 말이 어느 정도로 심각한\n건지\n판단할 수 없었던 거겠지.
0x001560ee	6	【아사츠유】\n아무리 업무상 파트너라 해도\n누마사키 씨가 알고 있었을\n시라카와의\n부정행위는 표면적인 부분뿐이었을\n테고.
0x00156169	4	【아사츠유】\n나도 그의 밑에서 고문 변호사를\n했으니\n잘 알아.
0x001561be	6	【아사츠유】\n그는 진심으로 사람을 믿지\n않아…… 그래서 늘 자기 힘으로\n감당할 수 없게 되면\n문제 처리를 다른 사람에게\n맡겼지……
0x0015623a	3	【아사츠유】\n시라카와 이치로라는 사람은\n그런 남자야.
0x00156284	4	【코우지】\n미나즈키 코우지를 불러낸 건\n누마사키 변호사를 불러내기 위한\n위장이었군요.
0x001562e9	4	【코우지】\n나중에 왜 불려 나왔는지\n자세히 질문받았을 때를 대비한\n핑계로 말이죠.
0x00156343	5	【아사츠유】\n미나즈키는 0시 5분쯤 바를\n나갔어.\n그걸 확인한 뒤\n나는 VIP룸에 들어갔지.
0x001563c1	3	【코우지】\n이제 각 용의자의\n사건 당일 행동을 알겠습니다……
0x00156471	6	【코우지】\n아사츠유 씨는 만취한 나와 함께\n라이트 블루에 들어갔어요.\n먼저 콘도의 움직임을 조종하려고\n내 자리 아래에 콘도의 부정 증거를\n놓았죠……
0x00156509	7	【코우지】\n그리고 콘도를 움직이려고 자리에서\n일어나\n예상 밖의 인물이었던 누마사키\n변호사를\nVIP룸에서 멀리 떨어뜨리기 위해\n협박 전화를 걸었어요.
0x0015659e	4	【코우지】\n그 뒤 미나즈키가 바를 나간 걸\n확인하고\nVIP룸으로 들어갔죠.
0x0015662c	5	【코우지】\n그때 혹시라도 사람이 들어오지\n않도록\nVIP룸으로 이어지는 복도 문을\n잠갔고……
0x001566d0	4	【코우지】\n그리고 VIP룸에 들어가\n시라카와 이치로와 한바탕 실랑이를\n벌였어요.
0x0015672f	3	【코우지】\n그 뒤 피해자가 죽은 걸 확인하고\n내 지문이 묻은 권총을 버렸죠.
0x001567e5	7	【코우지】\n그리고 오토록 문을 VIP룸\n안쪽에서 나와\n사무소의 플레이어를 리모컨으로\n외부 입력으로 전환한 뒤\n아무렇지도 않은 얼굴로 자리로\n돌아온 거군요.
0x001568b3	4	【코우지】\n그리고 만취한 나를 미리 준비한\n불법 택시에 태워 돈을 주고\n내 집까지 데려다주게 했어요.
0x0015695e	5	【코우지】\n그 뒤 시간을 계산해 라이트 블루로\n돌아와\n총성이 들리자마자 VIP룸으로\n향했죠.
0x00156a13	5	【코우지】\n도중의 문이 잠겨 있는 걸 확인하고\n일단 카운터에서 대기하던\n마스터에게 열쇠를 받아 문을\n열었어요.
0x00156ad3	6	【코우지】\n그 뒤 VIP룸에 들어가\n시라카와가 죽어 있는 걸 목격한\n척하고\n110번에 신고하려고 사무소로\n갔죠.
0x00156b56	3	【코우지】\n그때 보이스 레코더를 회수하고\n리모컨을 원래대로 돌려놓았고……
0x00156be3	2	【코우지】\n이런 식으로 맞나요?
0x00156ca2	6	【아사츠유】\n……후후, 거의 완벽해, 코우짱.\n굳이 덧붙이자면, 불법 택시는 내가\n돈을 주고 고용한\n서로 얼굴도 모르는 정보상이었다는\n정도야.
0x00156d5b	5	【아사츠유】\n그리고 시라카와가 죽은 뒤에\n『아무렇지도 않은 얼굴로 자리로\n돌아왔다』고\n코우짱은 말했지만……
0x00156df5	5	【아사츠유】\n속으로는 슬픔에 무너질 것\n같았어……\n몇 번이나 계획을 그만둘까\n생각했는지 몰라……
0x00156e5d	2	【코우지】\n…………
0x00156ea3	4	【아사츠유】\n하지만 유미를 위해서……\n하리마를 내버려 둘 수는\n없었어……
0x00156f08	4	【아사츠유】\n그래서 마음을 독하게 먹고\n끝까지 해내자고 필사적으로\n버텼어……
0x00156f6a	2	【코우지】\n…………
0x00156fa3	4	【코우지】\n가장 중요한 부분을 놓치고 있었던\n거군요……\n저도 아직 멀었네요.
0x00157029	3	【아사츠유】\n아니.\n합격이야.
0x00157074	4	【아사츠유】\n유치장 안에서 그 정도까지 조사해\n내다니.\n정말 감탄했어.
0x001570d1	4	【코우지】\n아하하…… 아사츠유 씨에게\n칭찬받으니\n쑥스럽네요……
0x0015712c	5	【코우지】\n하지만 이제 아사츠유 씨가 돌아올\n때까지\n미즈타니 탐정 사무소를 지킬 수\n있을 것 같네요.
0x001571be	3	【아사츠유】\n……그런데 말이야, 코우짱.\n변호사가 될 생각은 없어?
0x00157216	2	【코우지】\n엣……!?
0x00157277	4	【아사츠유】\n원래 꿈이 변호사였잖아……\n지금부터라도 전혀 늦지 않았다고\n생각하는데……?
0x001572e7	2	【코우지】\n………………
0x00157324	3	【코우지】\n내가 변호사가 되는 건\n어머니의 꿈이기도 했어요.
0x00157377	5	【코우지】\n그래서 나도 그 기대에 보답하려고\n열심히 노력했는데,\n어머니가 돌아가시자 그 의욕도\n사라져 버려서……
0x001573fa	3	【코우지】\n다시 변호사가 되는 건\n전혀 생각하지 않았어요……
0x00157461	4	【아사츠유】\n그래서 조금 시간을 둔 거야.\n어머니에 대해 냉정하게 생각할 수\n있을 때까지.
0x001574d4	4	【아사츠유】\n지금부터라도 전혀 늦지 않아.\n그러니 사무소 일은 일단\n내려놓으렴.
0x00157538	5	【코우지】\n……하지만 전 지금 일이 좋아요.\n곤란한 사람을 도울 수 있는\n일이고,\n그걸 실감할 때도 있으니까요……
0x001575dc	3	【아사츠유】\n후후……\n마음껏 고민하렴.
0x0015764b	5	【아사츠유】\n네가 원하는 대로 해도 괜찮아.\n하지만 후회만은 하지 마.\n살아갈 길을 선택했다면 자신 있게\n나아가렴.
0x001576db	3	【코우지】\n그건 아사츠유 씨의 말인가요?\n아니면……
0x0015774e	2	【아사츠유】\n……우리 둘이 함께 하는 말이야.
0x00157798	4	【코우지】\n……알겠습니다.\n그럼 제가 납득할 답을 찾기 위해\n조금 더 생각해 볼게요.
0x0015780c	2	【아사츠유】\n그래, 그렇게 하렴.
0x00157849	3	【코우지】\n……하나 이상한 걸 물어봐도\n될까요?
0x001578b9	2	【아사츠유】\n뭔데?
0x001578ef	4	【코우지】\n저기…… 아사츠유 씨는 평소에\n어머니의 존재를 얼마나 느끼고\n있어요?
0x00157959	4	【아사츠유】\n아, 그 답이라면 평소에 깨어 있을\n때는\n거의 느끼지 않아.
0x001579dd	4	【아사츠유】\n다만 코우짱은 나에게\n정말 소중한 존재야.\n그래…… 마치 피로 이어진 것처럼.
0x00157a4e	5	【코우지】\n……그렇다면 의식에 드러난 건\n아니지만\n어딘가에서 막연히 느낀다는\n뜻인가요?
0x00157adf	2	【아사츠유】\n그렇지. 아마 그런 것 같아.
0x00157b45	5	【아사츠유】\n……그러니까 시라카와 이치로가\n가요 씨를 꼭 닮은 미사에 씨에게\n첫눈에 반한 것도\n왠지 이해가 되는 거야……
0x00157bc0	2	【코우지】\n…………
0x00157c1f	5	【아사츠유】\n실은 조금 질투했었어.\n신지 씨가 가요 씨를\n그렇게나 좋아했었나 싶어서\n말이야.
0x00157cb4	4	【아사츠유】\n하지만 마지막에 내 이름을 부르며\n『사랑해』라고 말해 줬으니까\n이제 전부 괜찮아.
0x00157d1c	2	【코우지】\n……하하하.
0x00157d7c	2	【아사츠유】\n……그럼 나는 슬슬 갈게.
0x00157dc5	4	【코우지】\n아, 마지막으로 드리고 싶은 게\n있어요.\n이건데……
0x00157e5f	3	【아사츠유】\n………!?\n설마, 이건……!!
0x00157eac	3	【코우지】\n네.\n신지 씨의 유품이에요.
0x00157ef7	3	【코우지】\n아끼던 넥타이나\n시계 같은 게 들어 있을 거예요.
0x00157f4c	4	【코우지】\n시라카와 이치로의 딸, 기억나세요?\n그 아이가 아사츠유 씨에게 전해\n달라고 했어요.
0x00157fbe	2	【아사츠유】\n…………
0x0015802d	6	【코우지】\n오늘 같이 오지 않겠느냐고\n권했는데……\n형식상으로는 아사츠유 씨가\n자기 아버지의 원수가 되어 버린\n셈이니까요……
0x001580ba	3	【코우지】\n그래도 신지 씨의 유품은\n꼭 전해 달라고 했어요……
0x00158138	3	【아사츠유】\n……흑.\n고마워…… 코우짱……
0x001581ab	4	【아사츠유】\n그 아이에게도 고맙다고 전해\n줘…… ……언젠가 사과하러\n가겠다고……
0x0015820d	3	【코우지】\n……알겠습니다.\n그럼 힘내세요.
0x00158269	3	【아사츠유】\n……그래, 힘낼게.\n그럼 또 보자!!
0x001582de	2	【코우지】\n…………
0x001584ce	2	【코우지】\n기다렸지.
0x00158513	2	【노리코】\n……납득했어?
0x00158551	2	【코우지】\n그래.
0x001585ac	2	【노리코】\n그래, 그럼 다행이네.
0x00158612	2	【유미】\n유미, 배고파……
0x00158676	3	【노리코】\n그렇구나.\n그럼 뭐라도 먹으러 갈까!
0x001586c0	3	【코우지】\n밥이라……\n뭘 먹을까……
0x00158707	2	【아카네】\n사부님!!
0x00158745	2	【코우지】\n응…… 이 목소리는……!?
0x001587e7	3	【아카네】\n이런 데서 만나다니 우연이네~!!\n이것도 운명이라는 건가?
0x00158845	3	【코우지】\n헉……!?\n역시 너희였구나……!!
0x001588be	2	【아오이】\n몸이라도 안 좋아지신 건가요?
0x001588fd	4	【코우지】\n아, 아니……\n그런 거 없어, 아주 건강해!!\n지금부터 밥 먹으러 가는 길이고.
0x0015898a	5	【아카네】\n……밥?\n아, 그러고 보니 생각났다!!\n사부님, 꽃게 샤부샤부 사 준다고\n했죠!?
0x00158a02	3	【코우지】\n뜨끔!!\n그걸 기억하고 있었냐……
0x00158a71	4	【노리코】\n그럼 코우지 계산으로 꽃게 먹으러\n갈까.\n물론 너희 둘도 같이.
0x00158b01	3	【아카네】\n신난다~!!\n꽃게다, 꽃게!!
0x00158b44	3	【코우지】\n아, 아니……\n잠깐만……
0x00158bad	2	【아오이】\n잘 먹겠습니다.
0x00158be7	2	【코우지】\n어, 어……
0x00158c47	2	【유미】\n꽃게 먹자~!!
0x00158ccd	3	【일동】\n(노리코·유미·아카네·아오이)\n좋아~!!
0x00158d18	3	【코우지】\n(…………\n내가 피를 토할 것 같아……)
0x00158efa	3	【코우지】\n……그립네.\n퇴원계를 낸 뒤로 처음이군……
0x00158f53	2	【노리코】\n얼른 선생님께 보고하러 가자.
0x00158f9c	4	【코우지】\n응, 그래……\n그건 좋은데,\n선생님이 나를 기억하고 있을까?
0x00158ff2	4	【노리코】\n물론이지!!\n선생님도 만나고 싶다고\n하셨으니까.
0x00159048	3	【노리코】\n모처럼 온 거니까\n선생님도 나오시게 하고 싶지?
0x0015909d	2	【코우지】\n응, 뭐 그렇지.
0x001590d6	2	【노리코】\n그러니까, 얼른 보고하러 가자!!
0x00159118	2	【코우지】\n어, 어……
0x0015959e	4	[narrator]\n(결국 내가 석방된 건\n다음 날 검찰청에 끌려가\n검사 조사를 받은 뒤였다)
0x00159624	6	[narrator]\n(그리고 다시 유치장으로 돌아와\n짐을 정리하고,\n유치장 담당 경찰관에게 인사한 뒤,\n나는 약 20일 만에 바깥세상으로\n나왔다)
0x001596de	5	【코우지】\n(나는 그날 이후 계속\n탐정 사무소를 꾸려 가며\n행방불명이 된 아사츠유 씨를 찾고\n있다)
0x0015975e	3	【코우지】\n(아사츠유 씨의 행방은\n좀처럼 알 수 없지만……)
0x001597ad	4	【코우지】\n(그래도 나는 믿고 있어.\n아사츠유 씨는 분명 이곳으로\n돌아올 거라고……)
0x0015980d	3	【코우지】\n(그때까지는 내가\n이 사무소를 지켜 보이겠어!)
0x0015988f	2	【코우지】\n오, 의뢰인가……?
0x001598e6	2	【코우지】\n네, 미즈타니 탐정 사무소입니다!
0x00159b11	1	조사: 피해자의 인물상
0x00159b25	1	조사: 노조미의 목적
0x00159b46	1	　　　　피해자의 인물상
0x00159b5c	1	　　　　노조미의 목적
0x00159d99	1	정기 휴일: 화요일
0x00159da6	1	조사: 피해자의 인물상
0x00159dba	1	조사: 새 대표의 인물상
0x00159dce	1	조사: 명함에 대해
0x00159ddd	2	조사: 미나즈키의 알리바이, 인물\n관계 조사
0x00159dfc	2	조사: 미나즈키의 알리바이, 인물\n관계 조사
0x00159e1b	1	조사: 미나즈키의 복직 과정
0x00159e32	1	조사: 미나즈키의 알리바이 뒷받침
0x00159e57	1	　　　　피해자의 인물상
0x00159e6d	1	　　　　새 대표의 인물상
0x00159e83	1	　　　　명함에 대해
0x00159e94	2	　　　　미나즈키의 알리바이, 인물\n관계 조사
0x00159eb5	2	　　　　미나즈키의 알리바이, 인물\n관계 조사
0x00159ed6	1	　　　　미나즈키의 복직 과정
0x00159eef	1	미나즈키의 알리바이 뒷받침
0x0015a490	1	정기 휴일: 일요일
0x0015a49d	1	오전: 조사로 부재인 경우가 많음
0x0015a4b1	1	조사: 코우지의 알리바이
0x0015a4c2	1	조사: 취해 있었다는 증언
0x0015a4d3	1	조사: 살인 당시의 BGM
0x0015a4e7	2	조사: 아사츠유의 알리바이, 인물\n관계 조사
0x0015a504	1	조사: 아사츠유와 콘도의 관계
0x0015a51d	1	조사: 미나즈키의 인물상
0x0015a535	1	조사: 아사츠유와 유미의 관계
0x0015a548	1	조사: 하리마 나오타다의 인물상
0x0015a55e	1	조사: 가요와 신지의 관계
0x0015a57e	1	　　　　코우지의 알리바이
0x0015a591	1	　　　　취해 있었다는 증언
0x0015a5a4	1	　　　　살인 당시의 BGM
0x0015a5ba	2	　　　　아사츠유의 알리바이, 인물\n관계 조사
0x0015a5d9	1	　　　　아사츠유와 콘도의 관계
0x0015a5f4	1	　　　　미나즈키의 인물상
0x0015a60e	1	　　　　아사츠유와 유미의 관계
0x0015a623	1	　　　　하리마 나오타다의 인물상
0x0015a63b	1	　　　　가요와 신지의 관계
0x0015ad4d	1	정기 휴일: 수요일
0x0015ad5a	1	영업시간: 17시~
0x0015ad6d	1	조사: 직원에게 탐문
0x0015ad81	1	조사: 감시 카메라 조사
0x0015ad94	1	조사: VIP룸에 들어간 인물
0x0015adad	1	조사: 취해 있었다는 증언
0x0015adbe	1	조사: VIP룸 안의 BGM
0x0015add9	1	조사: 외부 음원과의 연결 흔적
0x0015adf2	1	조사: 감시 카메라 영상 확인
0x0015ae16	1	　　　　직원에게 탐문
0x0015ae2c	1	　　　　감시 카메라 조사
0x0015ae41	1	　　　　VIP룸에 들어간 인물
0x0015ae5c	1	　　　　취해 있었다는 증언
0x0015ae6f	1	　　　　VIP룸 안의 BGM
0x0015ae8c	1	　　　　외부 음원과의 연결 흔적
0x0015aea7	1	　　　　감시 카메라 영상 확인
0x0015b491	1	정기 휴일: 목요일
0x0015b49e	2	오후: 일 때문에 부재인 경우가\n많음
0x0015b4b2	1	조사: 젊은 남자의 단서
0x0015b4c4	1	조사: 정장을 입고 있던 인물
0x0015b4d8	1	조사: 피해자와 아사츠유의 관계
0x0015b4ef	1	조사: 살인 당시의 BGM
0x0015b503	2	조사: 누마사키의 알리바이, 인물\n관계 조사
0x0015b520	1	조사: 시라카와 신지의 인물상
0x0015b536	1	조사: 알리바이의 모순에 대해
0x0015b54b	1	조사: 가요와 신지의 관계
0x0015b56c	1	　　　　젊은 남자의 단서
0x0015b580	1	　　　　정장을 입고 있던 인물
0x0015b596	1	　　　　피해자와 아사츠유의 관계
0x0015b5af	1	　　　　살인 당시의 BGM
0x0015b5c5	2	　　　　누마사키의 알리바이, 인물\n관계 조사
0x0015b5e4	1	　　　　시라카와 신지의 인물상
0x0015b5fc	1	　　　　알리바이의 모순에 대해
0x0015b613	1	　　　　가요와 신지의 관계
0x0015bc89	1	조사: 수첩에 관한 단서
0x0015bcb1	1	　　　　수첩에 관한 단서
0x0015be53	1	정기 휴일: 일요일
0x0015be60	1	조사: 코우지를 태운 승차 기록
0x0015be8b	1	　　　　코우지를 태운 승차 기록
0x0015c07f	1	휴진일: 토요일 오후~일요일
0x0015c097	1	조사: 아사츠유와 가요의 관계
0x0015c0ac	1	조사: 아사츠유와 가요의 관계
0x0015c0c1	1	조사: 이식 수술의 선정
0x0015c0e4	1	　　　　아사츠유와 가요의 관계
0x0015c0fb	1	　　　　아사츠유와 가요의 관계
0x0015c112	1	　　　　이식 수술의 선정
0x0015c438	1	영업시간: 24시간 영업
0x0015c44f	1	조사: 미나즈키의 알리바이 뒷받침
0x0015c47a	1	미나즈키의 알리바이 뒷받침
0x00168e2f	4	【에이타로】\n신조 양인가.\n시라카와 이치로 사건 조사는\n잘 진행되고 있나?
0x00168fc3	5	\n\n(잠시 뒤 건네받은 조서에\n서명한 시간은\n길었는지 짧았는지……)
0x00169039	4	\n\n(변명할 틈도 없었다.\n잠깐 머리가 하얘졌을 뿐인데……)
0x001690a3	3	\n\n(………………)
0x001690f0	5	\n\n\n(그리고 3년 후,\n나는 징역 10년을 선고받았다……)
0x00169166	6	\n\n\n(미우라가 말한 대로\n즉시 형사 소송 절차가 진행됐고\n나는 재판을 받게 되었다.)
0x001691eb	5	　\n　\n　\n(그리고 3년 후,\n나는 무기징역을 선고받았다……)
0x00169260	5	　\n　\n(경찰에서 송치된 증거물을 토대로\n검사가 기소 절차를 진행했고,\n나는 재판을 받게 되었다)
0x00169300	6	경찰은 살해 시각으로 여겨지는\n0시 44분 전에 코우지가\n퇴장했다는\n정보를 확보하고 있기 때문에,\n이 단서는 살해 시각의 행동과\n일치하지 않는다.
0x0016956c	2	【노리코】\n좋은 아침, 코우지.
0x00169583	1	그럼, 어제 조사 결과를 보고할게.
0x001695b9	2	【노리코】\n좋은 아침, 코우지.
0x001695d0	1	그럼, 어제 조사 결과를 보고할게.
0x00169612	2	【노리코】\n좋은 아침, 코우지.
0x00169629	1	그럼, 어제 조사 결과를 보고할게.
0x0016966b	2	【노리코】\n좋은 아침, 코우지.
0x00169682	1	그럼, 어제 조사 결과를 보고할게.
0x001696b9	2	【노리코】\n좋은 아침, 코우지.
0x001696d0	1	그럼, 어제 조사 결과를 보고할게.
0x001698db	6	아, 이 ‘싫다’는 말은 좋은 뜻이\n아니라\n정말 싫어질 것 같다는 뜻이고,\n그게……\n아니, 당신은 귀신이야, 악마야,\n아사츠유야아아아!!
0x001699ab	1	BGM 대기
0x001699e8	1	BGM 대기
0x00169a1a	4	테스트용\n1. 선택지 1\n2. 선택지 2\n3. 선택지 3
0x00169a57	1	선택지 페이지 넘김 테스트
0x00169dc6	1	［코우지~콘도］
0x00169dd9	1	［에이타로~준］
0x00169dee	1	［사토루~도우미］
0x00169e00	1	［선배~관리인］
0x00169e15	1	［하리마~게임센터 점장］
0x00169e2d	1	［코우지 확인］
0x00169e3f	1	［노리코 확인］
0x00169e51	1	［미우라 확인］
0x00169e63	1	［노조미 확인］
0x00169e74	1	［나나시바 확인］
0x00169e86	1	［아사츠유 확인］
0x00169e98	1	［콘도 확인］
0x00169eaa	1	［에이타로 확인］
0x00169ebe	1	［신타로 확인］
0x00169ed2	1	［미나즈키 확인］
0x00169ee4	1	［아카네 확인］
0x00169ef4	1	［아오이 확인］
0x00169f04	1	［미사에 확인］
0x00169f18	1	［준 확인］
0x00169f2a	1	［사토루 확인］
0x00169f3a	1	［유미 확인］
0x00169f4a	1	［마스터 확인］
0x00169f5c	1	［직원 확인］
0x00169f70	1	［홍보 담당 확인］
0x00169f82	1	［도우미 확인］
0x00169f95	1	［선배 확인］
0x00169fa7	1	［접수원 확인］
0x00169fbb	1	［신지 확인］
0x00169fcd	1	［관리인 확인］
0x00169fe1	1	［하리마 확인］
0x00169ff3	1	［간호사 확인］
0x0016a007	1	［게임센터 점장 확인］
0x0016a01e	1	［요시모토］
0x0016a02b	1	［기타］
0x0016a038	1	［정면］
0x0016a045	1	［옆모습］
0x0016a053	1	［FACE_A］
0x0016a068	1	［FACE_B］
0x0016a07d	1	［FACE_C］
0x0016a092	1	［FACE_D］
0x0016a0a7	1	［FACE_E］
0x0016a0bc	1	［FACE_F］
0x0016a0d1	1	［FACE_G］
0x0016a0e6	1	［FACE_H］
0x0016a0fb	1	［FACE_I］
0x0016a110	1	［FACE_J］
0x0016a125	1	［FACE_K］
0x0016a13a	1	［FACE_L］
0x0016a14f	1	［FACE_M］
0x0016a164	1	［FACE_N］
0x0016a179	1	［FACE_O］
0x0016a18e	1	［FACE_P］
0x0016a1a3	1	［FACE_Q］
0x0016a1b8	1	［FACE_R］
0x0016a1cd	1	［FACE_S］
0x0016a1e2	1	［FACE_T］
0x0016e04e	1	［시라카와 빌딩］
0x0016e05e	1	［미즈타니 탐정 사무소］
0x0016e075	1	［아파트］
0x0016e083	1	［택시 센터］
0x0016e094	1	［병원］
0x0016e0a1	1	［접견실］
0x0016e0b0	1	［취조실］
0x0016e87c	6	【노리코】\n테스트입니다.\n테스트입니다.\n테스트입니다.\n테스트입니다.\n테스트입니다.
0x0016e8aa	5	테스트입니다.\n테스트입니다.\n테스트입니다.\n테스트입니다.\n테스트입니다.
0x0016e8cf	5	테스트입니다.\n테스트입니다.\n테스트입니다.\n테스트입니다.\n테스트입니다.
0x0016e9a6	2	【테스트】\n무비 테스트였습니다.
0x0016eb84	1	[m01]을 재생합니다.
0x0016ebcd	1	[m02]를 재생합니다.
0x0016ec16	1	[m03]을 재생합니다.
0x0016ec5f	1	[m04]를 재생합니다.
0x0016eca8	1	【m25】를 재생합니다.
0x0017080e	2	<8100><8100><8100><\n8100><8100>
