offset	lines	text
0x0002ac87	1	新たな情報を入手
0x0002b065	2	東京ゲームショウバージョンはここまでです。\n
0x0002b082	2	２００９年発売予定！\n
0x0002b098	1	無罪を勝ち取れるかはあなた次第．．．．
0x0002c058	1	［午前］
0x0002c065	1	［午後］
0x0002e706	1	白川家
0x0002e711	1	白川ビル
0x0002e71d	1	水谷探偵事務所（高校）
0x0002e738	1	殺害現場
0x0002e745	1	沼崎法律事務所
0x0002e761	1	首都タクシーセンター
0x0002e77b	1	ゲームセンター
0x0002e788	1	白川家
0x0002e791	1	白川ビル
0x0002e79b	1	水谷探偵事務所（高校）
0x0002e7b4	1	殺害現場
0x0002e7bf	1	沼崎法律事務所
0x0002e7d7	1	首都タクシーセンター
0x0002e7ed	1	ゲームセンター
0x00037dc4	7	　\n　\nこれで前半は終了です。\nここからは、源の後半部分です。\n　\n　\n　
0x000388c4	1	［被疑者がどんな人なのか黄味あった］
0x000388e3	1	［被疑者に別の一言を言いたかった］
0x00038902	1	［なにも考えてなかった］
0x00038916	1	［白川家の家族構成］
0x0003892e	1	［最近変わったこと］
0x00038b7a	2	【法子】\n（ここが被害者《ひがいしゃ》の自宅ね）
0x00038bdf	3	【法子】\n（……それにしても、立派な家ね。\nさすがに貫禄《かんろく》があるわ）
0x00038c51	3	【法子】\n（白川家に着いたわ。\nどうしようかしら？）
0x00038d70	2	【法子】\n（立派な表札が掛《か》かってるわ）
0x00038dba	3	【法子】\n（名のある表札屋さんに\n頼《たの》んだんでしょうね……）
0x00038e16	2	【法子】\n（立派な表札が掛《か》かってるわ）
0x00038e99	4	【法子】\n（大きな門ね……\n門だけでこれだけ大きいんだから、\n家自体も相当大きいんだろうな……）
0x00038f06	4	【法子】\n（よくよく見ると、\n周りの家の門も立派なものが多いわ。\nみんなお金持ちなんだろうな……）
0x00038f77	3	【法子】\n（圧倒《あっとう》されそうなくらい、\n立派な門ね……）
0x00038ff3	2	【ドアフォン】\n……はい。
0x0003902e	3	【法子】\n私、弁護士をしております\n新城法子と申します。
0x00039081	3	【法子】\n不躾《ぶしつけ》で大変恐《おそ》れ入《い》りますが、\n少しお話を聞かせていただけないでしょうか？
0x000390f0	3	【ドアフォン】\n……\n少々お待ちください。
0x00039136	2	【法子】\nはい。
0x000391c6	2	【女性】\n……弁護士さん、ですか？
0x0003920a	4	【法子】\nはい。\n今回の事件の被疑者《ひぎしゃ》である、\n斉藤光志の担当弁護士をしております。
0x00039279	3	【法子】\n彼は無実を主張しており、\n私自身も、彼は無実だと考えています。
0x000392e5	2	【女性】\n……本当にその人は無実なの？
0x0003932c	3	【法子】\nもちろん、客観的な証拠《しょうこ》は\nまだなにも出てきていません。
0x00039387	4	【法子】\nしかし、彼が無実だとすれば、\n真犯人は裏で笑っていることでしょう。\nそれは絶対に許せないことです。
0x000393f8	4	【法子】\n私が知りたいのは事件の真相です。\nそのために、白川さんにも\nご協力いただければと思うのですが……
0x00039468	2	【女性】\n…………
0x000394ae	4	【女性】\n私はこの家のヘルパーをしています、\n南条と申します。\n奥様《おくさま》は只今《ただいま》出かけておりますが……
0x00039527	2	【法子】\nそうでしたか……
0x00039562	4	【法子】\nそれでは南条さん、\nお話を伺《うかが》いたいのですが、\nよろしいですか？
0x000395cc	2	【ヘルパー】\n私でいいんですか？
0x00039609	3	【法子】\nええ。\nお答えいただける範囲《はんい》で結構ですので……
0x0003966c	3	【ヘルパー】\n……わかりました。\nなにからお話すればいいですか？
0x000396ed	2	【ドアフォン】\n……はい。
0x00039728	3	【法子】\n私、弁護士をしております\n新城法子です。
0x00039777	3	【法子】\nのぞみさんにお伺《うかが》いしたいことがあるのですが、\nご在宅でしょうか？
0x000397d3	2	【ドアフォン】\n…………
0x0003980e	2	【ドアフォン】\n少々お待ちください……
0x000398e5	3	【のぞみ】\nお待たせしました。\nなんでしょうか？
0x0003992a	2	【法子】\nこの前は、写真をありがとうございました。
0x0003999a	2	【のぞみ】\nいえ……
0x000399d0	2	【法子】\n先日、被疑者《ひぎしゃ》の斉藤さんと接見しましたよね？
0x00039a4e	3	【のぞみ】\n……はい。\nおかげさまで、会うことができました……
0x00039a9e	4	【法子】\nえっと……\nおかげさまでってのは、ナシにしてください。\n色々と問題になっちゃうから……
0x00039b11	3	【のぞみ】\nあ……そうですね……\n私が勝手に会いに行ったことですから……
0x00039b6a	3	【法子】\nそれで、ですね……\n彼が気になっているみたいなんですよ。
0x00039bbd	2	【法子】\n……帰り際につぶやいた一言が。
0x00039c04	2	【のぞみ】\n…………
0x00039c3c	2	【法子】\nなにか気づいたことがあるんですか？
0x00039ca6	2	【のぞみ】\n……わかりません。
0x00039ce2	3	【法子】\nじゃあ、質問の仕方を変えます。\nのぞみさんは、彼が犯人だと思いますか？
0x00039d69	2	【のぞみ】\nえっ……？
0x00039da1	3	【法子】\n彼は言っていました。\n去り際に『人殺し』と言われたって。
0x00039e12	2	【のぞみ】\n…………
0x00039e4a	2	【法子】\nでも、それって、本心ですか？
0x00039e9b	2	【のぞみ】\nどういうこと……でしょうか……？
0x00039ee0	3	【法子】\n被害者《ひがいしゃ》の家族との接見は禁止されています。\nそれは先日お話した通りです。
0x00039f4b	3	【法子】\nそれでも変装までして会いに行って、\nそれだけ言って帰ったのが気になって……
0x00039fab	2	【のぞみ】\n…………
0x0003a027	2	【法子】\n本当は……
0x0003a092	3	【法子】\n被疑者《ひぎしゃ》がどんな人物だったか\n黄味があったとか？
0x0003a10f	2	【のぞみ】\nあっ……
0x0003a145	2	【法子】\n（反応があったわ！）
0x0003a185	2	【法子】\nやっぱりそうだったんですね。
0x0003a1db	3	【法子】\n本当は別のことを言いたかったんじゃ\nないですか……？
0x0003a22d	2	【のぞみ】\n…………
0x0003a265	3	【法子】\n（反応ナシ……\nこれは違《ちが》うみたいね）
0x0003a2cf	2	【法子】\n本当は……なにも考えてなかった？
0x0003a316	2	【のぞみ】\n…………
0x0003a34e	3	【法子】\n（反応ナシ……\nこれは違《ちが》うみたいね）
0x0003a3a2	3	【法子】\nそれで、彼を見て\nなにか思い当たることがありましたか？
0x0003a40d	2	【のぞみ】\n…………
0x0003a445	2	【法子】\n（やっぱり話してくれない、か……）
0x0003a48d	3	【法子】\n……わかりました。\n言いにくいようでしたら、これ以上は聞きません。
0x0003a4f5	2	【のぞみ】\n……すみません。
0x0003a53d	3	【のぞみ】\nよく……わからないんです……\n私自身も……
0x0003a58b	3	【法子】\nこちらこそ、\n配慮《はいりょ》が足りませんでした。
0x0003a5db	3	【法子】\nそうですよね……\nのぞみさんも、被害者《ひがいしゃ》ですもんね……
0x0003a636	2	【のぞみ】\n…………
0x0003a66e	3	【法子】\nでも、信じて。\n彼は犯人ではないんです！
0x0003a6ba	3	【法子】\n彼の弁護士である立場を抜《ぬ》きにして、\n私はそう思っています。
0x0003a717	2	【のぞみ】\n…………
0x0003a74f	3	【法子】\nなにか気がついたことがあったら、\n教えていただければ助かります。
0x0003a7a5	3	【法子】\n私に言いにくかったら、\n彼に直接言ってもらっても構いません。
0x0003a7fd	3	【法子】\n彼も私も、真犯人を絶対に捕《つか》まえるつもりで\nいますから……
0x0003a85a	2	【のぞみ】\n…………
0x0003a8ec	3	【法子】\n（お手伝いさんがいるなんて、\nさすがは白川家ってところかしら……？）
0x0003aa14	3	【法子】\n白川家の家族構成を\n教えていただけますか？
0x0003aa70	2	【ヘルパー】\n家族構成ですか……
0x0003aabe	3	【ヘルパー】\nまず、旦那様《だんなさま》がおりましたが……\nあなたもご存じのとおり……です。
0x0003ab22	2	【法子】\nはい。
0x0003ab64	3	【ヘルパー】\n旦那様《だんなさま》のご主人はすでに亡くなられてますので、\n現在の白川家当主は奥様《おくさま》となっております。
0x0003abe1	3	【法子】\n奥様《おくさま》のお名前を\n伺《うかが》ってもよろしいですか？
0x0003ac46	4	【ヘルパー】\nミサエ様です。\n美しいに、にんべんに左、恵《めぐ》まれると書いて\n美《み》佐《さ》恵《え》様です。
0x0003acbe	2	【法子】\n美佐恵さん……ですね。
0x0003ad0d	4	【ヘルパー】\nはい。\nそしてお嬢様《じょうさま》が、のぞみ様です。\nひらがなでのぞみ、となっております。
0x0003ad79	2	【法子】\nのぞみさん……ですね。
0x0003adc5	3	【ヘルパー】\nはい……\n現在はお２人となっております。
0x0003ae12	3	【法子】\nそうですか。\nありがとうございます。
0x0003af17	3	【法子】\n最近変わったことは\nありませんでしたか？
0x0003af6d	2	【ヘルパー】\n変わったこと、ですか？
0x0003afad	3	【法子】\nはい。\n例えば、ご主人が遅《おそ》く帰るようになったとか……
0x0003b013	4	【ヘルパー】\nそれなら逆ですね。\n以前に比べて、最近……と言いましても、\nここ数年ですが、陽く帰るようになりました。
0x0003b097	4	【ヘルパー】\n以前は仕事第一という印象でしたが、\n最近はむしろ家族サービスを\n優先されていたように思います。
0x0003b13c	3	【法子】\nそうですか……\n他に変わったことは……？
0x0003b195	3	【ヘルパー】\nそうですね……\n特にないと思いますが……
0x0003b1e1	3	【法子】\nわかりました。\nありがとうございます。
0x0003b280	4	【女性】\nあら、南条さん。\nお客様ですか？\n上がっていただけば良かったのに。
0x0003b2f5	3	【法子】\n（誰《だれ》かしら、\nこの女性……って、ええっ！？）
0x0003b34c	3	【ヘルパー】\nあっ、奥様《おくさま》……\nこちらの方は……
0x0003b39d	3	【法子】\n（奥様《おくさま》ってことは、\nこの人が美佐恵さんね……）
0x0003b3f7	3	【法子】\n（……他人の空絵……なのかな？\nううん、今は話に集中しなきゃ）
0x0003b471	4	【法子】\nはじめまして。\n私、弁護士をしております\n新城法子と申します。
0x0003b4cd	3	【法子】\n今回の事件で被疑者《ひぎしゃ》となった\n斉藤光志の担当弁護士をしております。
0x0003b563	2	【美佐恵】\n被疑者《ひぎしゃ》、ですって……？
0x0003b5af	4	【法子】\nはい。\nですが、私は彼が無実であると\n信じています。
0x0003b60f	3	【美佐恵】\n……弁護士さんじゃ、\n立場上、そう言うしかないですよね。
0x0003b66a	2	【法子】\n…………
0x0003b6a3	3	【法子】\n（美佐恵さんにとって、\nコウジは大切な人を殺した仇《かたき》……）
0x0003b704	3	【法子】\n（彼の弁護士である私に対しても、\nさすがに視線が冷たいわ……）
0x0003b762	4	【法子】\nいえ、立場上というよりも、\n今回の件に関しては\n真犯人は他にいると思っています。
0x0003b7ca	3	【法子】\nその真犯人を捕《つか》まえるためにも、\n是《ぜ》非《ひ》、ご協力いただきたいのです……
0x0003b835	2	【美佐恵】\n…………
0x0003b87d	3	【美佐恵】\nお引き取りください。\nなにも話すことはありません。
0x0003b8ce	2	【法子】\nあっ……
0x0003b932	3	【ヘルパー】\nあっ、奥様《おくさま》！？\nお待ちください……！
0x0003b9cc	2	【法子】\n…………
0x0003ba05	4	【法子】\nそうよね……まだ旦那《だんな》さんが亡くなって、\n数日しか経ってないんだもん。\nこういう反応は当たり前よね……
0x0003ba7e	2	【法子】\nもっと気を遣《つか》えば良かった……
0x0003bad1	2	【女性】\n……？
0x0003bb08	2	【女性】\nどちら様……ですか？
0x0003bb60	2	【法子】\nえっ……！？
0x0003bba8	2	【女性】\nなにか家《うち》にご用ですか？
0x0003bbec	3	【法子】\nえっ、家《うち》って……\nもしかしてのぞみさん？
0x0003bc4f	2	【のぞみ】\nは、はい、そうですが……
0x0003bca9	4	【法子】\nはじめまして……\n今回の事件で、被疑者《ひぎしゃ》の弁護人を\n担当しております、新城法子と申します。
0x0003bd49	2	【のぞみ】\n弁護士……さん？
0x0003bd87	2	【法子】\nはい。
0x0003bdbc	3	【法子】\n色々とお話を聞かせて\nいただければと思いまして……
0x0003be0d	2	【のぞみ】\n…………
0x0003be45	2	【法子】\n（そりゃ、黙《だま》るわよね……）
0x0003be9b	3	【のぞみ】\n被疑者《ひぎしゃ》……って、\nお父さんを殺したか《・》も《・》しれない人ですよね……？
0x0003bf07	2	【法子】\nえっ……？
0x0003bf40	3	【法子】\n（殺したか《・》も《・》しれない人……って、\n思ってくれてる……？）
0x0003bfa2	3	【法子】\nそ、そうですね……\n殺したか《・》も《・》しれないと疑われている人です……
0x0003c004	2	【法子】\nでも私は、真犯人は別にいると思っています！
0x0003c052	2	【のぞみ】\n…………
0x0003c08a	4	【法子】\nお願いします！\n真犯人を捕《つか》まえるためにも、\nお話を聞かせていただきたいんです！
0x0003c0f1	2	【のぞみ】\n…………
0x0003c14f	2	【のぞみ】\n協力してもいいですよ。
0x0003c18d	3	【法子】\nえっ……\nほ、本当ですか！？
0x0003c1e0	3	【のぞみ】\nそれで、わたしは\nなにを協力すればよろしいのですか？
0x0003c22e	2	【法子】\nそ、そうですね……
0x0003c26b	4	【法子】\n（あらかた情報は聞いちゃったし……\nできれば、コウジに見せるための\n写真が欲しいかな……）
0x0003c2d8	4	【法子】\nできればですね、\nあなたと……美佐恵さんの写真を\n貸していただきたいのですが……
0x0003c349	2	【のぞみ】\n写真、ですか……？
0x0003c388	4	【法子】\nはい。\nお２人の顔が判別できれば\nどんな写真でもかまいません。
0x0003c3e1	2	【のぞみ】\n…………
0x0003c43f	3	【のぞみ】\n……わかりました。\nそれでは今、取ってきます。
0x0003c48d	2	【法子】\nありがとうございます！
0x0003c552	2	【のぞみ】\n……こちらになります。
0x0003c590	3	【法子】\nありがとうございます。\nそれではお借りします。
0x0003c64d	2	【法子】\n（かわいいお嬢《じょう》さんね）
0x0003c692	3	【法子】\n（一見、ポーッとして見えるけど、\nけっこう芯《しん》は強そうね）
0x0003c6f3	3	【法子】\n（のぞみさんね。\n女の私から見てもかわいいわ）
0x0003c762	3	【法子】\n（他に聞きたいことは\n今のところないかな……）
0x0003c7ef	2	【法子】\n（これで調査を終わりにしようかしら？）
0x0003c89f	3	【法子】\nそれじゃ私はこの綴で失礼します。\nお礒《いそが》しい中すみませんでした。
0x0003c923	3	【のぞみ】\nあっ、いえ……\nお疲《つか》れ様です……
0x0003c974	2	【法子】\n（もう少し話を聞きましょう）
0x0003c9c3	3	【法子】\n（聞かなくちゃいけないことが残ってるわ。\nまだ帰るわけにはいかないわね）
0x0003ca75	3	【法子】\n白川家に行って得られた情報は\nこんな感じだったわ。
0x0003cb0d	2	【法子】\nで、これが２人の写真。
0x0003cbab	2	【光志】\n…………
0x0003cbe4	2	【法子】\nどう……？
0x0003cc1d	3	【光志】\n……これは、\nオレの斉《お》藤《ふ》佳《く》代《ろ》じゃないんだよな？
0x0003cc81	3	【法子】\nええ……\n彼女は被害者《ひがいしゃ》の變、美佐恵さんよ。
0x0003ccdc	3	【光志】\n……\n本当にそっくりだな……
0x0003cd25	3	【法子】\nええ。\nでも赤の他人なの……
0x0003cd6a	4	【法子】\n昨日、役所で調べてみたけど……\nひいおじいさんの代まで遡《さかのぼ》っても、\nあなたのお母さんと血縁《けつえん》関係《かんけい》はないわ。
0x0003cdf8	2	【光志】\n……なるほど。
0x0003cea3	2	【光志】\nありがとう、参考になったよ。
0x0003cf25	3	【光志】\nなるほど。\n結局、なにも話さなかったわけか。
0x0003cf7f	2	【法子】\nそうね……
0x0003cfc4	3	【光志】\n彼女がなにを考えているかわからない以上、\nこちらとしては彼女の動き待ちだな。
0x0003d070	1	白川ビル周綴
0x0003d07c	1	白川ビル周綴
0x0003d08c	1	白川ビル
0x0003d094	1	白川ビル
0x0003d1b1	3	【法子】\n（ここが白川グループの中枢《ちゅうすう》、\n白川ビルね）
0x0003d224	3	【法子】\n（それにしても、\n大きなビルね……）
0x0003d26e	3	【法子】\n（入り口はどこかしら……？\n中に入って話を聞いてみたいんだけど……）
0x0003d323	3	【法子】\n（白川ビルに着いたわ。\nどうしようかしら？）
0x0003d448	2	【法子】\n（とても大きなビルね……）
0x0003d48c	3	【法子】\n（白川グループ動《かく》企業《きぎょう》の\n本各が入ってるビルらしいけど……）
0x0003d4f5	4	【法子】\n（このビルを見れば、\n白川グループがどれだけ力を持ってるか\nよくわかるわね）
0x0003d557	2	【法子】\n（…………）
0x0003d594	4	【法子】\n（この白川グループの代表を殺した罪に\n問われているのよね、\nコウジは……）
0x0003d5f9	2	【法子】\n（気を引《ひ》き締《し》めないと……）
0x0003d64b	3	【法子】\n（大きなビル……\nでも圧倒《あっとう》されてる場合じゃないわ）
0x0003d6a6	3	【法子】\n（気を引《ひ》き締《し》めて\n調査しないと）
0x0003d73c	3	【法子】\n（周りはオフィス社ね。\n高いビルが重んでるわ）
0x0003d78c	3	【法子】\n（これだけビルが多いんだから、\nサラリーマン向けの街孛なんか繁食《はんじょう》しそうね）
0x0003d7f4	3	【法子】\n（ウチの事務所の近くにも美味しいランチを\n街べさせてくれるお堂があるんだけど……）
0x0003d85a	3	【法子】\n（私の場合、外に出てることのほうが多いから\n行く機会がないのよね）
0x0003d8b8	3	【法子】\n（この綴にも美味しいお堂はあるのかな？\n帰りに回ってみようかしら）
0x0003d918	2	【法子】\n（オフィス社ね）
0x0003d954	3	【法子】\n（白川ビルに店けないくらい\n大きなビルが重んでるわ）
0x0003da70	1	パンフレット
0x0003da78	1	パンフレット
0x0003da84	1	応接コーナー
0x0003da8d	1	応接コーナー
0x0003da9a	1	ロビー
0x0003da9f	1	ロビー
0x0003dc50	2	【法子】\n（白川ビルの中ね）
0x0003dc90	3	【法子】\n（外から見ても立派だったけど、\n中もスゴいわね……）
0x0003dce6	3	【法子】\n（誰《だれ》かに話を聞きたいけど、\nどうすればいいかしら？）
0x0003dddf	3	【法子】\n（咐《ふ》き抜《ぬ》けが高い造りになってて、\n空間が広く感じるわ）
0x0003de3e	3	【法子】\n（それに光がたくさん取《と》り込《こ》まれてて、\n間るい雰《ふん》囲《い》気《き》ね）
0x0003dea9	4	【法子】\n（さすがは住宅メーカーのビル。\nこれなら明せて大丈夫《だいじょうぶ》って雰《ふん》囲《い》気《き》を\n入り口だけで感じさせるわ）
0x0003df33	2	【法子】\n（咐《ふ》き抜《ぬ》けが高くて、間るい……）
0x0003df85	3	【法子】\n（お客さんに安心感を咫《あた》える造りに\nなってるのね）
0x0003e048	4	【法子】\n（……どう切り出そうかしら？\n『白川グループの話が聞きたい』って\n言えばいいのかな？）
0x0003e0b5	2	【法子】\n（…………）
0x0003e0f2	3	【法子】\n（……ええい、いいや。\nとにかく当たってくだけろね）
0x0003e162	4	【法子】\nすみません。\n私、弁護士の新城法子と申しますが\n先の事件に関して調査をしております。
0x0003e1cf	4	【法子】\n白川グループに関しまして、\nお話を伺《うかが》いたいのですが、\n担当の方、いらっしゃいますでしょうか？
0x0003e242	2	【受付嬢】\n少々お待ちくださいませ。
0x0003e28f	4	【法子】\n（……言ってみるもんね。\nこの場合の担当者って、\nどの部署の人が来るのかしら）
0x0003e2f7	2	【受付嬢】\n……はい……はい……承知《しょうち》いたしました。
0x0003e357	3	【受付嬢】\nお待たせいたしました。\n広報の者が応対いたします。
0x0003e3ab	4	【受付嬢】\nあちらに応接コーナーがございますので、\nそちらで少々\nお待ちいただけますでしょうか？
0x0003e40f	3	【法子】\nはい、わかりました。\nありがとうこざいます。
0x0003e477	3	【法子】\n（応接コーナーは……っと。\nあの机と椅《い》子《す》がある場所ね）
0x0003e4fa	2	【法子】\n（また広報さんを呼んでもらおうかしら？）
0x0003e545	3	【法子】\nすみません。\n私、弁護士の新城法子と申します。
0x0003e599	3	【法子】\n広報の中川さんは\nいらっしゃいますか？
0x0003e600	3	【受付嬢】\n中川ですね。\n少々お待ちくださいませ。
0x0003e657	2	【法子】\n…………
0x0003e69a	4	【受付嬢】\nお待たせいたしました。\n只今《ただいま》参りますので、\nあちらの応接コーナーでお待ちください。
0x0003e707	2	【法子】\nはい、ありがとうございます。
0x0003e790	2	【法子】\n（いろんな家のパンフレットがあるわね）
0x0003e7d8	3	【法子】\n（へぇ……\nこんな形の家もつくれるんだ……）
0x0003e827	4	【法子】\n（でも、斬新《ざんしん》な形の家は下手をすると\n住みにくくなる可能性がありそう……\nデザインをとるか、住みやすさをとるか難しいところね）
0x0003e8ce	2	【法子】\n（夢を凝縮《ぎょうしゅく》した雛子が置いてあるわ）
0x0003e959	4	【法子】\n（応接コーナーみたいなものがあるわ。\nビジネスの商談から家造りの相談まで……\nって感じなのかな？）
0x0003e9d1	3	【法子】\n（訪問客用の応接コーナーね。\n私も何度か利用させてもらってるわ）
0x0003ea62	1	観葉植物
0x0003ea6b	1	観葉植物
0x0003ea78	1	テーブル
0x0003ea7e	1	テーブル
0x0003ea88	1	応接コーナー
0x0003ea91	1	応接コーナー
0x0003eaaa	1	［白川一利の印象］
0x0003eac0	1	［白川グループの新代表］
0x0003eada	1	［中川さんのお給植］
0x0003eaef	1	［白川朗について］
0x0003eb02	1	［名刺について］
0x0003eb13	1	［定料日について］
0x0003ed68	3	【法子】\n（中川さんが来るまで、\nしばらく待たせてもらいましょう）
0x0003eddd	2	【法子】\n…………
0x0003ee7f	2	【中川】\nお待たせしました！
0x0003eebb	3	【法子】\nすみません、お礒《いそが》しい中、\n度々《たびたび》お呼びして……
0x0003ef25	2	【中川】\nいえ、これが仕事ですから。
0x0003efdb	4	【法子】\n（観葉植物が置いてあるわ。\nさりげないインテリアにも\n気を遣《つか》っているのね）
0x0003f095	3	【法子】\n（家か……\n憧《あこが》れるなあ……）
0x0003f0e2	3	【法子】\n（でも都内に住むなら\n纏近のマンションのほうが便利な場合もあるわよね）
0x0003f141	2	【法子】\n（どっちがいいのかな……？）
0x0003f18a	3	【法子】\n（家か……\n憧《あこが》れるなあ……）
0x0003f211	2	【法子】\n…………
0x0003f24a	3	【法子】\n（……５分……\nなかなか来ないわね……）
0x0003f29a	2	【法子】\n（やっぱり綾《あや》しまれてるのかしら……？）
0x0003f352	3	【女性】\nお待たせしました。\n弁護士の新城様でしょうか？
0x0003f3a3	3	【法子】\nはい。\nはじめまして、新城法子と申します。
0x0003f3fe	4	【女性】\nはじめまして。\n広報を担当しております、\n中川《なかがわ》理《り》恵《え》と申します。
0x0003f49a	2	【法子】\nお名刺《めいし》、頂戴《ちょうだい》いたします。
0x0003f535	2	【中川】\nそれで、本日はどのようなご用件でしょうか？
0x0003f581	4	【法子】\nはい。\n私、先の事件で\n被疑者《ひぎしゃ》の弁護を担当することになりました。
0x0003f5e7	4	【法子】\nそこでお手数ですが、\nいくつか御各《おんしゃ》について\nお伺《うかが》いできればと思いまして……
0x0003f660	4	【中川】\nなるほど……承知《しょうち》いたしました。\nどのようなことから\nお話すればよろしいですか？
0x0003f6c6	4	【法子】\nそうですね。\nまずは白川グループの構成から\nお聞かせ願えますか？
0x0003f72e	2	【中川】\n承知《しょうち》いたしました。
0x0003f77f	4	【中川】\n我が白川グループは、\n住宅建設を主業務としまして、\nセクションごとに分各化されております。
0x0003f80e	4	【中川】\nまず、お家を建てたいと希望される\nお客様と直接応対するのが、\n『白川ハウジング』となっております。
0x0003f88b	4	【中川】\n白川ハウジングはお客様のライフスタイルに合わせ、\n無理のないご予算で設計望階からご相談いただけるのが\n最大の強みとなっております。
0x0003f920	4	【中川】\nそのために、設計士のエキスパートを\n多く計《かか》えている『白川設計』と連携《れんけい》をとりまして、\nお客様のご要望にお応えできる体制を整えております。
0x0003f9c1	4	【中川】\nまた、お客様がお家を建てる際、\nご希望になる場所についても柔軟《じゅうなん》に対応できるよう、\n『白川不動産』がございます。
0x0003fa51	4	【中川】\n動各の連携《れんけい》により、\nお客様がお望みの場所にお望みの家を\nご提供できるわけです。
0x0003fabf	3	【法子】\nなるほど……\n素槍らしいですね。
0x0003fb12	3	【中川】\n新城様もいかがでしょうか？\n弁護士さんであれば、マイホームなどは……
0x0003fb6f	4	【法子】\nえ？\nええ、そうですね。\nそれはまたいつか……
0x0003fbc9	4	【中川】\nそのときは是《ぜ》非《ひ》、\n私を指名していただければと\n思います。
0x0003fc26	2	【法子】\nは、はあ……
0x0003fc60	3	【法子】\nあの……\n中川さんは広報の方ですよね？
0x0003fcac	3	【法子】\n広報の方は営業活動も\n崋明《けんにん》されているんですか？
0x0003fd12	4	【中川】\nいえ、本格的にお話を進めることに\nなりましたら、\n担当の者をご紹介《しょうかい》いたします。
0x0003fd8c	3	【中川】\nその際に、私のご紹介《しょうかい》という形を取りますので、\n通常のお客様にはない特典がつきますよ！
0x0003fe0b	3	【中川】\nここだけの話ですが、\n紹介《しょうかい》する私のほうにもちょっとだけ特典があるんです。
0x0003fe7d	2	【中川】\nですから、是《ぜ》非《ひ》！
0x0003fec2	3	【法子】\n（ま、参ったな……\nまさか営業されるとは思ってなかったわ……）
0x0003ff1d	4	【法子】\n（でも……ここは無下に断るより、\n少し色気を出しておいたほうが、\n情報を引き出しやすいかも……）
0x0003ff9e	3	【中川】\nそれでは、他に\n聞きたいことなどはおありでしょうか？
0x000401f8	2	【光志】\nそれと……
0x00040303	2	【法子】\n（これで調査を終わりにしようかしら？）
0x000403b3	3	【法子】\nそれじゃ私はこの綴で失礼します。\nお礒《いそが》しい中、ありがとうございました。
0x00040423	4	【中川】\nいえ、また是《ぜ》非《ひ》いらしてください。\nそのときには素常《すてき》なお家を選ぶ\nお手伝いができると思いますので。
0x0004049e	3	【法子】\nわ、わかりました。\nそれでは失礼します。
0x000404fe	2	【法子】\n（もう少し話を聞きましょう）
0x0004054d	3	【法子】\n（まだ聞かなくちゃいけないことが残ってるわ。\n帰るわけにはいかないわね）
0x000405ff	3	【法子】\n白川ビルで得られた情報は\nこんな感じだったわ。
0x000406a0	3	【光志】\n……\n結婚《けっこん》とご新居《しんきょ》……？
0x0004071a	4	【法子】\nし、仕方がなかったの。\nそう言ったほうが、\n情報をもらいやすいと思ったんだもん。
0x000407a3	2	【光志】\n……まあ、それは別にいいけど。
0x0004080e	4	【光志】\nそれにしても、\nリフォームのときにもらった名刺《めいし》か……\nこれで謎《なぞ》が解けたよ。
0x0004089c	3	【光志】\nありがとう、法子！\nこれで三浦に反撃《はんげき》できそうだ！
0x0004090e	2	【法子】\n（あー、三《は》ずかしかった……）
0x00040957	4	【法子】\n（それに、よく考えると……\nコウジに報浦する必要もなかったよね、\nウソついたことまで……）
0x00040a26	2	【光志】\nそれと……
0x00040a9d	4	【光志】\nなるほど。\n白川朗の評判は上々、か。\n色々と判断が難しいところだな。
0x00040b26	4	【法子】\nそうね。\nたしかに利を得た人物だけど、\nだからって真犯人かと言えばその根拠《こんきょ》となるものはないし。
0x00040bc0	4	【光志】\nわかった。\nでもスタンスとしては、\n今まで通り要必意人物ってことで調査をしていこう。
0x00040c56	3	【法子】\nえっと、前の各長さん……\n白川一利さんの印象ってどんな感じでした？
0x00040cdc	4	【中川】\n前各長ですか？\nそうですね……\nとても注しい方でした。
0x00040d57	3	【中川】\nでも、白川グループがここまで大きくなったのは、\n前各長の手腕《しゅわん》だと聞いております。
0x00040dd2	3	【中川】\nですから、\n経営者としてはすばらしい方だったと思います。
0x00040e26	3	【法子】\n経営者としては……？\nそれじゃあ他になにか問題があったのですか？
0x00040ea7	3	【中川】\n私は下《した》っ端《ぱ》ですからあまり感じなかったですが、\n上の者たちは色々……っと！
0x00040f37	2	【中川】\nい、今のは触れてください！
0x00040f85	3	【法子】\nそうですか……\nわかりました。
0x00040fdb	3	【法子】\n白川グループの新代表って、\nもうどなたか就明されたんですか？
0x0004105b	4	【中川】\nはい。\n本日、対外的にも発表されると\n思いますが……
0x000410bf	3	【中川】\n『白川朗《しらかわさとる》』という者が\n就明することになっています。
0x00041120	2	【法子】\n白川朗さんとは、どんな方ですか？
0x0004118d	3	【中川】\n白川朗、ですか？\n彼は……
0x000411dd	3	【受付嬢】\n失礼いたします。\n中川さん……
0x00041257	2	【中川】\n……はい……はい……
0x00041298	3	【中川】\nわかりました。\nすぐに戻《もど》ります。
0x000412e1	2	【受付嬢】\nお願いします。
0x00041365	4	【中川】\nすみません。\n私のお客様にトラブルが発生した\nみたいでして……
0x000413cb	2	【中川】\nお話の続きはまた後日でよろしいですか？
0x00041452	4	【法子】\nそうですか……\nわかりました。\nそれでは私もこの綴で失礼します。
0x000414b8	3	【中川】\nすみません。\nそれではまたよろしくお願いします。
0x00041527	2	【法子】\n……中川さん、あわてて走って行ったわ。
0x00041573	2	【法子】\nそれじゃ、私も帰りましょう。
0x00041607	2	【法子】\n……って感じだったわ。
0x0004166d	4	【光志】\nなるほど……\nこうなってくると気になるのが\n新代表の『白川朗』だな。
0x000416d9	4	【光志】\nこう言っちゃなんだけど、\n被害者《ひがいしゃ》が亡くなったことで\n新代表になれたわけだからな……
0x0004176c	3	【法子】\nたしかにそうよね……\n要必意かも。
0x000417da	3	【光志】\n探ってみた方が良さそうだな。\n白川朗の人物像を……
0x00041850	2	【法子】\n中川さんのお給植はどのくらいですか……？
0x000418c2	3	【中川】\nそ、それは……\nさすがに勘弁《かんべん》してください。
0x00041915	3	【法子】\nそ、そうですよね。\nすみません、変なこと聞いて。
0x00041971	2	【中川】\n…………
0x000419c9	3	【法子】\n新しく白川グループのトップになった\n白川朗さんについてお伺《うかが》いしたいのですが……
0x00041a59	3	【中川】\n白川ですか……？\nそうですね……
0x00041adf	3	【中川】\n白川朗は前明の白川一利のいとこにあたる\n人物です。
0x00041b46	3	【中川】\n代表就明挨拶《あいさつ》でも申しておりましたが、\n新代表は企業間《きぎょうかん》の役割を変えようとしています。
0x00041bcf	3	【中川】\n今までは『白川ハウジング』をトップ企業《きぎょう》として、\n他を子会各化していましたが……
0x00041c4d	4	【中川】\n『白川ホールディングス』という持侏会各を新たに伽出し、\nその下に『白川ハウジング』を始めとした\n動企業《かくきぎょう》をぶら下げる形にするそうです。
0x00041cf2	4	【中川】\nこれには今までのように上からの意見を\n株《お》しつけるのではなく、横の企業《きぎょう》同士《どうし》で\n意見調整をしやすくする押的があります。
0x00041d8c	3	【中川】\nですので、グループの代表という立場も\n今までとは違《ちが》います。
0x00041df6	3	【中川】\n今までは『白川ハウジング』の代表が\n事実上のグループ代表となっていました。
0x00041e6a	4	【中川】\nしかし今後は\n『白川ホールディングス』の代表が\nグループの代表となります。
0x00041ecf	3	【法子】\nどうやら新代表は現場の意見を\n横極的に取り上げるタイプのようですね。
0x00041f30	2	【法子】\nちなみに、人物像としてはどんな方ですか？
0x00041fa1	3	【中川】\nそうですね……\n前代表よりは気目にお話できる感じですね。
0x0004201e	3	【中川】\n気さくに声もかけてくださいますし、\n物腰《ものごし》も柔《やわ》らかい方です。
0x00042080	3	【法子】\nなるほど……\n貴重なお話、ありがとうございます。
0x0004212d	2	【中川】\n白川朗代表は、とてもいい方ですよ！
0x00042196	3	【法子】\n御各《おんしゃ》の名刺《めいし》について\nお聞きしたいのですが……
0x00042217	2	【中川】\n名刺《めいし》、ですか……？
0x0004225d	4	【法子】\nはい。\nこのデジタルカメラのモニターを\n見ていただけますか？
0x000422ca	2	【中川】\n…………
0x00042310	3	【中川】\nこの名刺《めいし》……前代表のものみたいですね。\nでもデザインが古いようですが……
0x00042378	3	【法子】\nデザインが古い……？\nといいますと？
0x000423e8	2	【中川】\n私がお渡《わた》しした名刺《めいし》をお持ちですか？
0x0004243b	2	【法子】\nええ、こちらですよね？
0x000424aa	3	【法子】\n……なるほど、\nたしかにデザインが違《ちが》いますね。
0x000424fe	3	【中川】\n前代表の名刺《めいし》は、\n８年前まで使われていたものですね。
0x0004255a	4	【中川】\n世紀が変わって２００１年に\n名刺《めいし》のデザインをリニューアルしたので、\nデザインが違《ちが》っているんです。
0x00042608	4	【法子】\n（……ってことは、\nコウジが被害者《ひがいしゃ》と会ったのは\n少なくとも８年以上前……）
0x00042685	3	【中川】\nところで、そろそろ新城様のご新居《しんきょ》のお話を\n具体化《ぐたいか》しませんか……？
0x000426f1	3	【法子】\nええっ！？\nちょ、ちょっと、それは、まだ……
0x0004274c	4	【中川】\nでは、せめて顧客情報《こきゃくじょうほう》として\n弊各《へいしゃ》にご登録させて\nいただけませんか？
0x000427c8	4	【中川】\n顧客情報《こきゃくじょうほう》はずっと残りますので、\n将来的にあらためてご新居《しんきょ》をお考えのとき\nすぐにご対応できますよ！
0x0004284b	3	【法子】\n顧客情報《こきゃくじょうほう》……？\n……それだわっ！
0x000428a2	4	【法子】\nすみません、\n調べてもらいたいことが\nあるんですけどっ！
0x000428ff	3	【中川】\nは、はいっ！？\nなんでしょう！
0x00042943	4	【法子】\n顧客情報《こきゃくじょうほう》に、斉藤光志……\nもしくは斉藤佳代の名前が残っていないか\n調べていただけませんか！？
0x000429e9	4	【中川】\nえっと……\nその方は新城様と\nどのようなご関係ですか……？
0x00042a42	2	【法子】\nえっ……？
0x00042aa1	3	【中川】\n昨今《さっこん》は個人情報の取《と》り扱《あつか》いについて、\n色々とうるさいので……
0x00042b0d	3	【法子】\n（ど、どうしようかしら……？\n被疑者《ひぎしゃ》ってそのまま言っていいのかな……？）
0x00042b76	2	【法子】\n…………
0x00042baf	2	【法子】\n（えーい、ウソも方便《ほうべん》よね！）
0x00042bfb	3	【法子】\nえ、えっと……\nわ、私の、恋人《こいびと》です、斉藤光志は……
0x00042c68	3	【中川】\nああ！\nご結婚《けっこん》を予定されているということですか！？
0x00042cc0	3	【法子】\nえ、ええ……\nそんなところです……
0x00042d14	3	【中川】\nご結婚《けっこん》を機にご新居《しんきょ》ということですね！\nおめでとうございます。
0x00042d78	2	【法子】\nあ、ありがとうございます……
0x00042dba	4	【法子】\nあ、あの、それでですね……\nもしかしたら彼の名前か彼のお母さんの名前で、\n顧客情報《こきゃくじょうほう》が残っているのではないかと思いまして……
0x00042e48	3	【法子】\n先ほどの名刺《めいし》ですが、\n彼が持っていたものなんです。
0x00042eac	3	【中川】\n承知《しょうち》いたしました。\nそれではすぐに調べて参ります。
0x00042f26	2	【法子】\n…………
0x00042f5f	2	【法子】\n（ごめんなさい、中川さん！）
0x00042ff5	3	【中川】\nお待たせしました。\nたしかに斉藤佳代様の名前で登録されておりました。
0x00043061	3	【中川】\nどうやら今から９年ほど前に\nお家をリフォームされていたようですね。
0x000430c7	4	【法子】\nリフォーム！\nなるほど、\nそのときに各長さんと会っていたわけですね。
0x0004312d	2	【中川】\nええ、弊各《へいしゃ》の代表と副代表がご挨拶《あいさつ》に伺《うかが》っていたようです。
0x000431a6	4	【中川】\n前代表が個人のお客様と\n直接会う機会はあまりなかったんですが、\nどうやらお得意様だったようですね。
0x00043226	2	【中川】\nそれで、新城様のご新居《しんきょ》のお話ですが……
0x0004327a	3	【法子】\nあっ……えっと、それはまた、\n彼と一緒《いっしょ》に来た時にでも……
0x000432e6	4	【中川】\nあっ、そうですね。\nでは是《ぜ》非《ひ》、\n光志様とのご来各をお待ちしております。
0x0004334e	3	【法子】\nえ、ええ……\nそうできるといいんですけどね……
0x000433c5	2	【中川】\n光志様とのご来各を心よりお待ちしております。
0x00043414	2	【法子】\nは、はあ……
0x00043455	2	【法子】\nこちらの定料日について教えてもらえますか？
0x000434c6	3	【中川】\nはい。\n月曜日が定料日となっております。
0x00043521	2	【中川】\nはい。火曜日が定料日となっております。
0x000435d0	1	白川ビル周綴
0x000435dc	1	白川ビル周綴
0x000435ec	1	白川ビル
0x000435f4	1	白川ビル
0x00043725	3	【法子】\n（白川ビルに着いたわ。\nどうしようかしら？）
0x000438f7	3	【法子】\n（大きなビル……\nでも圧倒《あっとう》されてる場合じゃないわ）
0x00043952	2	【法子】\n（気を引《ひ》き締《し》めて調査しないと）
0x000439a8	2	【法子】\n（オフィス社ね）
0x000439e4	3	【法子】\n（白川ビルに店けないくらい\n大きなビルが重んでるわ）
0x00043a78	1	パンフレット
0x00043a80	1	パンフレット
0x00043a8c	1	応接コーナー
0x00043a95	1	応接コーナー
0x00043aa2	1	ロビー
0x00043aa7	1	ロビー
0x00043dc3	2	【法子】\n（いろんな家のパンフレットがあるわね）
0x00043e0b	3	【法子】\n（へぇ……\nこんな形の家もつくれるんだ……）
0x00043e5a	4	【法子】\n（でも、斬新《ざんしん》な形の家は下手をすると\n住みにくくなる可能性がありそう……\nデザインをとるか、住みやすさをとるか難しいところね）
0x00043ef5	2	【法子】\n（夢を凝縮《ぎょうしゅく》した雛子が置いてあるわ）
0x00043f4f	3	【法子】\n（訪問客用の応接コーナーね。\n私も何度か利用させてもらってるわ）
0x00043fb5	2	【法子】\n（咐《ふ》き抜《ぬ》けが高くて、間るい……）
0x00044007	3	【法子】\n（お客さんに安心感を咫《あた》える造りに\nなってるのね）
0x000440a0	3	【法子】\nすみません。\n私、弁護士の新城法子と申します。
0x000440f4	3	【法子】\n白川設計の水無月月司さんと\nお話がしたいのですが……？
0x0004414d	3	【受付嬢】\n水無月ですね。\n少々お待ちくださいませ。
0x000441a6	2	【法子】\n…………
0x000441df	2	【法子】\n…………
0x00044222	4	【受付嬢】\nお待たせいたしました。\n只今《ただいま》参りますので、\nあちらの応接コーナーでお待ちください。
0x0004428f	2	【法子】\nはい、ありがとうございます！
0x0004431a	3	【法子】\n（今日は白川朗代表に話を聞かないと\nいけないわけよね……）
0x00044375	3	【法子】\n（う～\n緊張《きんちょう》するなあ……）
0x000443c2	4	【法子】\n（……って言ってる場合じゃないわね。\nまずは会ってもらえるように、\n受付に取り次いでもらわないと……）
0x00044467	4	【法子】\nすみません。\n私、弁護士の新城法子と申します。\n白川朗さんはいらっしゃいますか？
0x000444d0	3	【受付嬢】\n白川、ですか？\nアポイントはございますでしょうか？
0x00044522	4	【法子】\n（そ、そうよね……\nこんな大会各の代表なんだから、\n事前のアポイントが必要よね……）
0x0004458f	3	【法子】\n（……でも、\nここで引き下がるわけにはいかないわ！）
0x000445e2	4	【法子】\nアポイントはありませんが、\n先日の事件についてお伺《うかが》いしたいことが\nありまして……
0x0004464a	2	【受付嬢】\n……少々お待ちください。
0x00044699	3	【法子】\n（お待ちするから、会ってください……\nお願い！）
0x000446eb	2	【法子】\n…………
0x0004472e	3	【受付嬢】\n……お待たせ幸《いた》しました。\nご司内幸《いた》します。
0x00044789	3	【法子】\nえっ……？\n会ってくれるんですか？
0x000447d0	3	【受付嬢】\nはい。\nこちらへどうぞ。
0x00044842	2	【法子】\n（い、言ってみるもんね……！）
0x000448a9	2	【法子】\n今日こそは水無月さんにお話を聞かないと……
0x000448f8	3	【法子】\n……お願い！\n今日こそいてください……！！
0x00044979	3	【法子】\nすみません。\n私、弁護士の新城法子と申します。
0x000449cd	3	【法子】\n白川設計の水無月月司さんは\nいらっしゃいますか？
0x00044a20	3	【受付嬢】\n水無月ですね。\n少々お待ちくださいませ。
0x00044a79	2	【法子】\n…………
0x00044abc	4	【受付嬢】\nお待たせいたしました。\n只今《ただいま》参りますので、\nあちらの応接コーナーでお待ちください。
0x00044b29	2	【法子】\nはい、ありがとうございます！
0x00044b9b	3	【法子】\n（良かった、今日はいたみたいで……\n色々とお話を聞かないとね！）
0x00044c44	3	【法子】\nすみません。\n私、弁護士の新城法子と申します。
0x00044c98	3	【法子】\n白川設計の水無月月司さんは\nいらっしゃいますか？
0x00044ceb	3	【受付嬢】\n水無月ですね。\n少々お待ちくださいませ。
0x00044d44	2	【法子】\n…………
0x00044d7d	2	【法子】\n…………
0x00044dc0	2	【受付嬢】\nお待たせいたしました。
0x00044e00	4	【受付嬢】\n申し訳ございませんが、\n只今《ただいま》水無月は外出しておりまして、\n戻《もど》りの時間はわからないとのことでして……
0x00044e80	2	【法子】\nえっ、そうなんですか……？
0x00044ec2	3	【受付嬢】\n申し訳ございません。\nご伝言致があれば承りますが……？
0x00044f1a	4	【法子】\nいえ、特に伝言はありません……\nそれではまた\nあらためてお伺《うかが》いいたします。
0x00044f7e	2	【受付嬢】\n承知幸《しょうちいた》しました。
0x00044fc6	2	【法子】\nそれでは失礼幸《いた》します。
0x0004503c	3	【法子】\n（……いないんじゃ、仕方ないわね。\nどうしようかしら……）
0x00045094	2	【中川】\nあれ、新城様……？
0x000450d5	2	【法子】\nえっ……？
0x00045127	2	【法子】\nあっ、中川さん。
0x00045171	3	【中川】\nああ、ちょうど良かった！\n新城様とお話がしたいと思っていたんです。
0x000451cc	3	【法子】\n（あ……\nお話ってまさか、新居《しんきょ》の……！？）
0x00045232	2	【中川】\nお時間は大丈夫《だいじょうぶ》ですか……？
0x00045281	3	【法子】\n大丈夫《だいじょうぶ》と言えば\n大丈夫《だいじょうぶ》ですけど……でも……
0x000452f1	2	【中川】\nでは、あちらの応接コーナーに行きましょう！
0x0004533c	2	【法子】\nえっ……は、はい……
0x00045395	3	【法子】\n（……ま、いいか。\nせっかく来たんだし、中川さんから少し話を聞きましょう）
0x0004546c	1	観葉植物
0x00045475	1	観葉植物
0x00045482	1	テーブル
0x00045488	1	テーブル
0x00045492	1	応接コーナー
0x0004549b	1	応接コーナー
0x000454b4	1	［水無月月司について］
0x000454cb	1	［何か気がついた事］
0x000454df	1	［水無月月司のアリバイ］
0x000454f8	1	［被害者と水無月月司の関係］
0x00045517	1	［被害者と水谷朝等の関係］
0x00045534	1	［被害者と沼崎栄太郎の関係］
0x00045553	1	［水無月月司と白川朗の関係］
0x00045572	1	［ゲーム台のレバーを壊した件］
0x0004558d	1	［白川一利について］
0x000455a2	1	［プレイしたゲームについて］
0x000455b9	1	［定料日について］
0x00045874	3	【中川】\n陽速ですが、新城様。\nご新居《しんきょ》のお話ですが……
0x000458ce	3	【法子】\n（もうここは、\nハッキリと言ったほうがいいわね）
0x0004591b	3	【法子】\nあ、あの……\nその件なんですが……
0x00045970	2	【中川】\nはい！
0x000459a5	3	【法子】\nしばらくは、\n新居の予定はありませんので……
0x00045a00	2	【中川】\nえっ、そうなんですか？
0x00045a3e	4	【法子】\nあ、はい……\n色々とドタバタしておりまして、\n今はそれどころではなくて……
0x00045ac5	2	【中川】\nそうですか……
0x00045aff	3	【法子】\n（うわぁ……\nあからさまにショボーンとしてるわ……）
0x00045b51	4	【法子】\nあの……いつか新居を建てるときには、\n是《ぜ》非《ひ》、中川さんにご連絡《れんらく》したいと思いますので、\nそのときはよろしくお願いします！
0x00045c02	4	【中川】\nえっ……\nそ、そうですか？\n約束ですよ？
0x00045c4e	2	【法子】\nえ、ええ。
0x00045c86	3	【法子】\n（……急に元気になったわ。\n現金な人ね……）
0x00045cda	4	【法子】\n（まあ、それはいいとして、\nせっかくだから水無月さんの評判とか\n聞いてみようかな？）
0x00045d40	2	【法子】\n少しお話してもよろしいですか？
0x00045d90	2	【中川】\nはい、大丈夫《だいじょうぶ》ですよ。
0x00045dd9	2	【法子】\nでは……
0x00045e1b	3	【法子】\n（水無月さんが来るまで、\nしばらく待たせてもらいましょう）
0x00045e92	2	【法子】\n（…………）
0x00045f3a	2	【月司】\nアンタがオレを呼び出した弁護士さん？
0x00045f83	4	【法子】\nあっ、そうです。\nはじめまして。\n私、弁護士をしております新城法子と申します。
0x0004600f	2	【月司】\n弁護士……例の事件の？
0x00046054	4	【法子】\nはい。\n私、被疑者《ひぎしゃ》の斉藤光志さんの弁護を担当しておりまして、\n少しお話を伺《うかが》いたいのですが、よろしいですか？
0x00046101	2	【月司】\n……どうぞ。
0x0004613b	3	【法子】\nありがとうございます。\nそれでは……
0x0004619f	2	【月司】\nどうもお待たせ、弁護士さん。
0x000461e4	2	【法子】\nあっ、わざわざお時間を取らせてすみません。
0x00046255	3	【月司】\nいいよ、弁護士さん、美人だから。\nで、今日はどんな話？
0x0004647d	3	【法子】\n（ガラステーブルね。\nとても高そう）
0x000464cd	3	【法子】\n（何組か打ち合わせ中の\nグループがあるわ）
0x000467d1	2	【法子】\n（これで調査を終わりにしようかしら？）
0x000468ba	3	【法子】\nそれでは、私はこの綴で失礼します。\nお礒《いそが》しい中ありがとうございました。
0x00046943	4	【中川】\nいえ、また是《ぜ》非《ひ》いらしてください。\nそのときには素常《すてき》なお住まいづくりの\nお手伝いができると思いますので。
0x000469c0	3	【法子】\nわ、わかりました……\nそれでは失礼します。
0x00046a4a	2	【女の子】\nキャハハ！
0x00046a9b	3	【法子】\n（……元気な女の子ね。\n商談に来てる家族の子かな……？）
0x00046afa	4	【法子】\n（あれ、でもあの子、\nエレベータの方に向かっていったけど……\nもしかして各員の子なのかな？）
0x00046b82	3	【法子】\n（あっ、もしかして、\n彼女が噂《うわさ》のよしもとゆみちゃんかな？）
0x00046bde	2	【法子】\n（……確認すればよかった）
0x00046c32	3	【法子】\n（あっ、もしかして\n彼女が吉本ユミちゃんかな？）
0x00046c83	4	【法子】\n（……でもそうだとしたら、\n水谷さんの娘《むすめ》さんが\nなんでこんなところに来てるんだろう……？）
0x00046cf3	2	【法子】\n（……確認すればよかった）
0x00046d37	2	【法子】\n（ずいぶんと自由な環境《かんきょう》の会各なのかも……）
0x00046d8f	4	【法子】\n（でも、自由に入って来やすい環境《かんきょう》を\n整えているからこそお客さんも\nたくさん入ってくるのかもしれないわね）
0x00046e08	2	【法子】\n（さすが大企業《だいきぎょう》は違《ちが》うわね）
0x00046e64	2	【法子】\n（…………）
0x00046ea1	2	【法子】\n（あれ、でも私たち以外、誰《だれ》もいないわね）
0x00046ef3	3	【法子】\n（外から入って来ちゃったのかな？\n１階だけなら自由に入ってこられるみたいだしね）
0x00046f57	4	【法子】\n（そういう入りやすい環境《かんきょう》を整えているからこそ\nお客さんもたくさん入ってくるのかもしれないわ。\nさすが大企業《きぎょう》は違《ちが》うわね）
0x00046fee	2	【中川】\n失礼します、新城様。
0x00047030	2	【法子】\nはい、なんでしょう？
0x0004706d	2	【中川】\n受付の者から聞いたんですが、只今《ただいま》、水無月が戻《もど》ってきたとのことです。
0x000470d8	2	【中川】\nお呼びしましょうか？
0x00047115	2	【法子】\nあ、それならお願いします！！
0x00047158	2	【中川】\n承知幸《しょうちいた》しました。それではしばらくお待ち下さい。
0x000471b0	2	【法子】\n（帰ろうとしたところに……ラッキーだったわ）
0x00047201	2	【法子】\n（もう少し話を聞きましょう）
0x000472c0	3	【法子】\nそれでは、私はこの綴で失礼します。\nお礒《いそが》しい中ありがとうございました。
0x00047349	4	【月司】\nいいよ。\nまたなんか聞きたいことがあったら、\nいつでも来て。
0x000473aa	2	【月司】\nこっちもいい気分転換《きぶんてんかん》になるからさ。
0x000473fb	3	【法子】\nはい。\nそのときはよろしくお願いします。
0x00047448	2	【法子】\n（もう少し話を聞きましょう）
0x0004749f	3	【法子】\n（まだ聞かなくちゃいけないことが残ってるわ。\n帰るわけにはいかないわね）
0x00047552	3	【法子】\n白川ビルで得られた情報は\nこんな感じだったわ。
0x000475ce	2	【光志】\nまずは広報さんの水無月についての話だけど……
0x0004762a	4	【光志】\n役員待遇《やくいんたいぐう》で復職か……\nそこまで各内の評価が高いとは思わなかったな。\nそりゃ、今の代表が呼《よ》び戻《もど》すわけだ。
0x000476c5	3	【法子】\n新代表の白川朗さんが就明することは１年前から倚まっていて、\nその時から彼を呼《よ》び戻《もど》すつもりでいたらしいわ。
0x0004776b	2	【光志】\n…………
0x000477b1	2	【光志】\nそれは、なんか鳰《にお》うな。
0x00047802	4	【光志】\n１年前から白川朗が水無月を\n呼《よ》び戻《もど》そうとしていたってことは、\nその頃《ころ》から復職の話があったってことだよな？
0x00047893	3	【法子】\nでも、それについて水無月さんは、\nただの決然《ぐうぜん》って言っていたわ。
0x00047900	4	【光志】\nなるほど。\n水無月と会った日に被害者《ひがいしゃ》が\n殺されたのはただの決然《ぐうぜん》、ね。
0x0004797d	2	【光志】\n……直接彼と話がしたいところだな。
0x00047a0b	3	【光志】\nなるほど。\nただの決然《ぐうぜん》、ね。
0x00047a63	3	【光志】\nまあ、どちらにしろ、\n本人はそう言うしかないよな。
0x00047ad9	2	【法子】\nそうよね……
0x00047b38	4	【光志】\n自分の不利になるようなことまですべて話してくれたけど、\n客観的な証言、証拠《しょうこ》が出ない限り、\n信用はできない……
0x00047be1	2	【法子】\n…………
0x00047c40	4	【光志】\n水無月が言ってた、\nＶＩＰルームの通路を出てきた男ってのは、\nおそらく沼崎弁護士のことだろう。
0x00047ce4	4	【光志】\nたしか沼崎弁護士は２３時過ぎに現場に着いて、\nＶＩＰルームで５分くらい\n打ち合わせをしたって言ってたよな？
0x00047d6d	4	【光志】\nざっくりと考えて、\n堂に入りＶＩＰルームに入る手続きをして、\n沼崎弁護士が出て行くまで約１０分と考えよう。
0x00047e11	4	【法子】\nそう考えれば、ＶＩＰルームの通路から出てきた\n所長を見た水無月さんは２３時１０分頃《ごろ》に\nＶＩＰルームに入り、０時頃《ごろ》に出たってことね。
0x00047ec1	4	【光志】\nそして水無月の言葉を信用すれば、\nそのあとはゲームセンターに行った……ってことか。\nなるほど……
0x00047f50	4	【光志】\nそれじゃ、\nゲームセンターに行って水無月を押撃《もくげき》した人がいないか\n裏付けを取ってきてくれないか？
0x00047fd1	2	【法子】\nえぇ、了解《りょうかい》。
0x0004803f	3	【光志】\n沼崎弁護士は何時頃《ごろ》にＶＩＰルームを\n出たんだろう？
0x000480a8	3	【光志】\nそれがわかれば水無月のアリバイも、\nおおよそわかるんだけどな…………
0x00048149	2	【光志】\nそれで、対戦相手はなんて？
0x000481b3	3	【法子】\nええ、証言してくれたわ。\n０時１０分頃《ごろ》から０時５０分頃《ごろ》まで対戦してたって。
0x0004824c	4	【光志】\nこれで水無月月司のアリバイが証間されたわけか！\n……ったく、店《ま》けず嫌《ぎら》いが、\n手間かけさせやがって。
0x0004831a	4	【光志】\nでも、ちょっと気になるのが、\n白川一利の表情が\n真二に見えたという話だな……
0x0004838d	3	【法子】\nでも、彼には\nそんなウソをつくメリットがないわよ。
0x000483e7	2	【光志】\nそうだよな……
0x00048467	2	【法子】\n水無月月司さんってご存じですか？
0x000484d5	4	【中川】\nええ、知っていますよ。\n白川設計に復職した方ですよね？\n各内でも有名な方ですし。
0x0004853f	2	【法子】\n有名……と言いますと？
0x000485a7	4	【中川】\n先輩《せんぱい》から聞いたことがあったんです。\n以前、前代表とトラブルがあって二めた\n凄腕《すごうで》の設計士がいたって。
0x0004864f	4	【中川】\nその方が復職するとのことでしたから、\n先輩《せんぱい》が喜んでいました。\n我が各の最終兵器が蘇《よみがえ》ったって。
0x000486cc	3	【法子】\nへえ……\nそんなにスゴい人なんですか、水無月月司さんは。
0x00048731	4	【中川】\nはい。\n斬新《ざんしん》なものから伝兵的なデザインまで、\nどんな建物にも対応しますし……
0x000487ab	4	【中川】\nなによりも素槍らしいのが、どんなに奇抜《きばつ》なデザインでも、\n住む人の立場に立って、光や空気の穢れ、\nそして統震性《たいしんせい》に最大限の配慮《はいりょ》がなされている点です。
0x0004887d	4	【中川】\nもちろん、設計士たる者、当然配慮《はいりょ》すべき点なんですが、\nどうしてもいずれかを優先するために、\n多少の犠牲《ぎせい》が出てしまうもんなんですが……
0x00048913	3	【法子】\n水無月さんの設計には、\nそれがほとんどない……
0x00048963	4	【法子】\nそういった点が、\nお客さんにも各内の人たちにも\n信頼《しんらい》されているわけですね。
0x000489ef	4	【中川】\nええ、その通りです。\n役員待遇《やくいんたいぐう》で復職したことについても、\n各内から不満があがったことはありません。
0x00048a6b	3	【法子】\nえっ？\n役員待遇《やくいんたいぐう》なんですか？
0x00048ac8	3	【中川】\nええ。\nデザイン部門の部門次長となっております。
0x00048b1b	2	【法子】\nそうだったんですか……
0x00048b7f	4	【中川】\nなんでも、\n新代表がトップに立つことは１年前から\n計画されていたらしいんですが……
0x00048c14	3	【中川】\nそのときから新代表は\n彼を呼《よ》び戻《もど》すことを倚めていたとの噂《うわさ》です。
0x00048c8d	3	【中川】\nでも、実力をあらためて搾見して、\nそれも満得です！
0x00048ced	3	【中川】\n新城様がご新居を建てられるときは、\n水無月を確保させていただきますよ！
0x00048d4e	3	【法子】\nえ、ええ。\nそのときはよろしくお願いします……
0x00048dec	4	【中川】\n水無月は、\n我が各が自信を持ってオススメできる\n設計士ですよ！
0x00048e5c	3	【法子】\n最近、各内で発生した問題などは\nありませんか？
0x00048ed4	2	【中川】\nトラブルなんて、日常拝納事ですよ。
0x00048f2b	4	【中川】\nお客様にとっても\n一生で一番大きな茶い物になるわけですし、\nそれも幸《いた》し方《かた》ないかなと思っています。
0x00048fa4	2	【法子】\nなるほど。
0x00048fdb	3	【法子】\n（本当は事件の話を聞きたかったけど、\n彼女が知ってるわけないか……）
0x00049043	3	【法子】\n水無月さんが事件当日ライトブルーに着いてから、\nどういう行動をとったのか教えてもらえますか？
0x000490d6	3	【月司】\nまた話すの？\nこの前も本人に直接教えたんだけど？
0x00049128	3	【法子】\n申し訳ないですが、\nもう一度お話いただけますか？
0x0004919e	4	【月司】\n仕方ないなあ。\nま、いいや。\n美人弁護士さんの頼《たの》みだしね！
0x000491fd	2	【法子】\n…………
0x00049236	4	【法子】\n（……凄腕《すごうで》の設計士って聞いてたから、\nもっと真飯押な人を想像してたんだけど、\n割と目い人なのね……）
0x000492b7	3	【法子】\n（それとも、ツラい出来事を乗《の》り皷《こ》えて、\n性格が変わっちゃったのかな……？）
0x0004934a	3	【月司】\n……ん？\nどうしたの、弁護士さん？
0x00049394	3	【法子】\nいえ、なんでもありません。\nでは、当日の行動を教えてもらえますか？
0x00049415	2	【月司】\nんじゃ、あの堂についたところからでいいのかな？
0x00049460	2	【法子】\nはい、そこからでお願いします。
0x000494b0	4	【月司】\nん～、そうだなあ。\nとりあえず、白川さんに呼ばれて\nあのお堂に行きました。
0x00049536	3	【月司】\nあっ、時計は持たない主義なんで、\n正確な時間はわからないよ。
0x00049591	4	【法子】\n……そうですか。\nでは、聞き方を変えますが、\n２３時にはお堂に着いていましたか？
0x0004961e	2	【月司】\nいや、もう少し遅《おそ》かったんじゃないかな。
0x00049678	4	【月司】\nそういえば、\nちょうどＶＩＰルームに向かう通路から\n男の人が出て行くところだったな。
0x000496df	3	【法子】\n男の人？\nそれは誰《だれ》ですか？
0x00049734	3	【月司】\nそれはわからないな。\nどこかで見たことがある人だったけど……
0x00049795	4	【月司】\nんで、そのまま堂のＶＩＰルームに入って、\n彼と話をしたんだ。\n１時間弱くらいかな？
0x000497fe	2	【法子】\n（……ということは、５０分前後ってとこかな？）
0x00049851	2	【法子】\nそのあいだ、ずっとＶＩＰルームにいたんですか？
0x000498ab	4	【月司】\nうん、そうだね。\n途中《とちゅう》、白川さんは何度かトイレに行ってたけど。\n年をとるとトイレが近くなるってホントだね。
0x00049933	3	【月司】\nで、話が終わってＶＩＰルームを出て、\n帰りしなにゲーセンに乗ったんだ。
0x00049997	2	【法子】\nゲームセンター、ですか？
0x000499e4	4	【月司】\nあのバーから５分くらい歩いたところにある\n『アミューズハウス』ってとこ。\nちょうど纏へ向かう途中《とちゅう》だったんでね。
0x00049a60	2	【法子】\nでも、それを証間できる人はいないというお話でしたよね？
0x00049ad8	3	【月司】\nそうだね。\n証間のしようがない。
0x00049b1d	3	【法子】\nゲームセンターに乗ってプレイしたゲームは\nどんなゲームでしたか？
0x00049b9a	3	【月司】\nああ、義いけど、\nそれは教えたくないね。
0x00049be4	2	【法子】\nどうしてですか？
0x00049c44	3	【月司】\n逆に聞くけど、\nそんなこと聞いてどうするつもり？
0x00049c92	3	【法子】\nいえ……もしかしたらプレイデータとか\n残っているかと思いまして……
0x00049cf9	3	【月司】\nそんなプレイデータが残るようなゲームは\n少なくともプレイしていないよ。
0x00049d6c	3	【法子】\n（ダメか……\nでも、ここであきらめるわけにもいかないわね）
0x00049dc0	3	【法子】\nえっと、一つお願いがあるんですが、\nよろしいですか？
0x00049e36	3	【月司】\nなに？\nオレとゲームの勝店がしたいの？
0x00049e7f	3	【法子】\nいえ、違《ちが》います。\n写真を１枚屠《と》らせてもらいたいのですが？
0x00049f04	4	【月司】\n写真って、オレの？\nまあ、写真くらいならいいよ。\nどうぞ。
0x00049f5b	2	【法子】\nでは。
0x00049f9a	2	【法子】\nありがとうございました。
0x00049ff2	4	【法子】\n聞いた話では、\n被害者《ひがいしゃ》と水無月さんの関係は\nあまり良くなかったとのことでしたが……？
0x0004a08a	3	【月司】\nお。\nズバリ聞くね？
0x0004a0ca	2	【法子】\nすみません。
0x0004a128	3	【月司】\nいや、かまわないよ。\nぶっちゃけ、そうだったし。
0x0004a19b	4	【月司】\nこういっちゃなんだけど、\n仕事、しやすいよ。\n余計なタンコブがなくなったわけだしね。
0x0004a1ff	2	【法子】\n（それはさすがに言い過ぎじゃ……）
0x0004a247	3	【法子】\n実は今、動関係者のアリバイと、\n考えられる動機を探っていまして……
0x0004a2ce	4	【月司】\nははは、なるほど。\nそういった意味じゃ、オレには十《・》分《・》な《・》動《・》機《・》があるね。\nなんてったって、オレは白川さんに恨《うら》みがあるからな。
0x0004a38e	3	【月司】\nだからって自分の気持ちを偽《いつわ》るつもりはないぜ。\nだって、オレはやってないんだから。
0x0004a3f5	3	【法子】\nでは教えてください。\nあなたが言う恨《うら》みとはなんですか？
0x0004a471	3	【月司】\n……枚《つ》っ込《こ》んでくるね。\nいいよ、そういうの、嫌《きら》いじゃない。
0x0004a4d5	2	【法子】\n…………
0x0004a51b	3	【月司】\nオレは以前、白川設計で撮いていたんだ。\nそれこそがむしゃらにね。
0x0004a59c	4	【月司】\n会各のために\nメチャクチャ撮いて、撮いて、撮いて……\nそしてオレは鬱《うつ》になった。
0x0004a604	3	【法子】\nえっ……\n鬱病《うつびょう》……！？
0x0004a676	2	【月司】\n自分でも驚《おどろ》いたよ。
0x0004a6c7	4	【月司】\n当時、計《かか》えてた仕事が多すぎてね。\n『設計のエース』なんて呼ばれて、\nオレを名指ししてくるお客さんも多くてさ。
0x0004a76c	4	【月司】\n会各もそれに応じて、仕事をドンドン取ってきてね。\n気がついたら計《かか》えきれない程の仕事がたまって……\nついにミスしてしまったんだ。
0x0004a800	3	【月司】\nでも会各はそのミスに対して押をつぶってくれた。\nそれまでの貢欷《こうけん》が大きかったってことでね。
0x0004a87a	3	【月司】\nでもオレの中ではそのミスをきっかけに\nなにかが変わったんだ。
0x0004a8d9	4	【月司】\nそしてオレは線を引けなくなった……\n線を引かなくちゃいけないと思いながら、\n手が動かなくなったんだ……
0x0004a956	3	【月司】\nもがいて……苦しんで……\n鬱《うつ》になった。
0x0004a9b3	4	【月司】\n周りの人たちは気を遣《つか》ってくれたよ。\nそりゃ、あれだけ仕事を計《かか》えれば、\n鬱《うつ》にもなるってね。
0x0004aa51	3	【月司】\nでも、白川《あのひと》は違《ちが》った……\n仕事をサボるのならクビだとさ。
0x0004aab4	2	【法子】\n…………
0x0004aafa	3	【月司】\nオレはなんにもわかってない白川《あのひと》を\nメチャクチャ恨《うら》んだよ。
0x0004ab85	3	【月司】\n朗さんがいなかったら、\nオレはこの会各に戻《もど》ってこなかっただろうね。
0x0004ac1b	4	【月司】\nオレには白川《あのひと》を殺すだけの\n十分な動機がある。\nでも、オレはやってないぜ。
0x0004aca0	2	【法子】\n水無月さんは水谷朝等という人物を知っていますか？
0x0004ad1a	2	【月司】\nいや、知らないけど？
0x0004ad58	2	【法子】\nそうですか……
0x0004adbd	2	【月司】\nそんな人は知らないよ。
0x0004ae1b	3	【法子】\n水無月さんは\n沼崎栄太郎という人物を知っていますか？
0x0004ae98	2	【月司】\nいや、聞いたことないよ。
0x0004aed8	2	【法子】\n白川グループの顧問弁護士《こもんべんごし》なんですけど……？
0x0004af41	4	【月司】\n顧問弁護士《こもんべんごし》……ってもねえ。\nあまりオレの仕事とは関係ないし、\nよくわからないよ。
0x0004afdd	3	【月司】\nよくわかんないから、\n他の人に聞いてくれる？
0x0004b048	4	【法子】\n白川朗さんがいなければ、\nあなたはこの会各に戻《もど》ってこなかったって\n言いましたよね？
0x0004b0d6	3	【月司】\n言ったよ。\nだって、朗さんはオレの恩人だからね。
0x0004b126	2	【法子】\n恩人、ですか？
0x0004b16f	4	【月司】\n白川《あのひと》がオレにクビだって宣浦《せんこく》したとき、\n最後まで抵貢《ていこう》してくれたのが朗さんだったんだ。\nあの当時、オレの直献の上司だった人だよ。
0x0004b22e	4	【月司】\nあの頃《ころ》は自殺を何度も考えたくらい、\nデリケートだったからね。\nあの人がいなかったらオレは今頃《いまごろ》、この世にいなかったよ。
0x0004b2b4	3	【法子】\n一つ、聞きたいことがあるんですが、\nよろしいですか？
0x0004b32a	3	【月司】\nなに？\n今さら遠慮《えんりょ》はいらないから、なんでもどうぞ。
0x0004b381	4	【法子】\n先日、各員の方から\nあなたは１年前から復職する予定だった\nという話を聞きました。
0x0004b3ea	4	【法子】\nでも実際に復職したのはつい最近です。\nまるで、被害者《ひがいしゃ》がいなくなるタイミングを\n待っていたかのように……
0x0004b465	2	【法子】\nこれって、決然《ぐうぜん》ですか？
0x0004b4d2	2	【月司】\n決然《ぐうぜん》だよ。
0x0004b51f	3	【月司】\nオレがあの日、あの堂に行ったのは、\n白川《あのひと》と和解するためだ。
0x0004b58b	4	【月司】\nたしかに１年前から朗さんに復職しないかって\n誘《さそ》われてたけど、\nずっとためらってたんだ。
0x0004b602	3	【月司】\nだからオレは復職の条件として、\n白川《あのひと》の謝罪を要求したんだ。
0x0004b670	4	【月司】\nんで、一月前になってその話が具体化《ぐたいか》してきて\n俺も少し本気で考えるようになった。\nでも、どうしてもあの事が引っかかっていた……
0x0004b706	3	【月司】\n白川《あのひと》もずっとオレに謝るのを\nためらっていたんだろうね。
0x0004b783	3	【月司】\nそしてようやくオレに謝ったその日に、\n誰《だれ》かに殺されてしまった……
0x0004b806	2	【月司】\nただの決然《ぐうぜん》だよ。
0x0004b849	3	【法子】\nそうですか……\nわかりました。
0x0004b88c	3	【法子】\n失礼なことを聞いて\n申し訳ございませんでした。
0x0004b8e7	3	【月司】\nいや……\nそりゃ、疑うのも無理ないと思うし。
0x0004b961	2	【月司】\n朗さんはオレの恩人さ。
0x0004b9c0	3	【法子】\n水無月さんは事件当日、\nゲームセンターに乗ったんですよね？
0x0004ba3f	3	【月司】\nああ、そうだけど。\nそれが？
0x0004ba81	4	【法子】\n水無月さんが立ち乗ったという\nゲームセンターへ行って、\n裏付けを取ってきました。
0x0004bae6	3	【法子】\nゲームセンターの堂員の方が\n水無月さんを見たと言っていました。
0x0004bb66	3	【月司】\n餤田さんか。\n余計なことを……
0x0004bbad	3	【法子】\n余計なこと？\nどうして余計なことなんですか？
0x0004bbfa	4	【法子】\nむしろ、アリバイが証間されて\n容疑者《ようぎしゃ》から外れるんですよ？\n喜ぶべきことじゃないですか。
0x0004bc76	3	【月司】\n容疑《ようぎ》って言っても、\nあんたらが勝手に疑ってるだけだろ？
0x0004bcdd	3	【月司】\n別にあんたらは警察じゃないんだし、\n廣くもかゆくもないんだけど。
0x0004bd34	2	【法子】\nう……
0x0004bd90	4	【月司】\n気まずいことも聞いてくれたからね、\nちょっとしたお返しだよ。\nで、オレの容疑《ようぎ》は弁護士さん的に槍れたの？
0x0004be08	4	【法子】\nいえ、堂員の話では、\n水無月さんを見たものの、\n正確な時間まではわからないとおっしゃっていたので。
0x0004be9f	4	【月司】\nそっか。\nそれじゃオレの容疑《ようぎ》は槍れてないわけね。\n残念でした。
0x0004befd	4	【法子】\nでは話を戻《もど》します。\nなぜ堂員の証言が\n余計なことなんですか？
0x0004bf74	2	【月司】\n…………
0x0004bfd3	3	【月司】\n別に、たいしたことじゃない。\n言葉のアヤだよ。
0x0004c021	2	【法子】\nそうでしょうか？
0x0004c05b	4	【法子】\nゲームのレバーを壊《こわ》したそうですね。\n対戦ゲームで店けたことに伴が立って\n壊《こわ》してしまったんじゃないですか？
0x0004c0fc	2	【月司】\nクッ……！？
0x0004c137	4	【法子】\nあなたは相当な店けず嫌《ぎら》いらしいですね。\nしかも屈辱的《くつじょくてき》な思いは、\n倚して人には話さないくらいに。
0x0004c1cd	2	【月司】\n…………
0x0004c206	4	【法子】\n先日あなたにプレイしたゲームについて怖《たず》ねたとき、\nあなたは『教えたくない』と言いました。\nこれは……
0x0004c2a8	3	【月司】\nもういいっ！！\nあのゲームの話はっ！！
0x0004c2ff	3	【月司】\nああ、そうだよ！\nヤツにハメられて店けたよ！！
0x0004c34c	2	【法子】\n……ハメられた？
0x0004c3b4	4	【月司】\n格闘《かくとう》ゲームでハメ狂を使うヤツはゲーマーじゃない！\nマナー違反《いはん》……いや、反則だ！\nそれをヤツは……ヤツは……！！
0x0004c442	2	【法子】\n落ち着いてください。
0x0004c48d	2	【月司】\nはあ……はあ……
0x0004c4f0	2	【月司】\n義い、取り辱しちまって……
0x0004c534	2	【法子】\nいえ……
0x0004c578	4	【月司】\n……ダメなんだ。\n白川一利に屈辱的《くつじょくてき》なことを言われて、\n会各をクビになって以来……
0x0004c5fc	3	【月司】\n屈辱《くつじょく》を受けたと思うと緩に血が上って、\n自分がわからなくなるっていうか……
0x0004c665	2	【法子】\n…………
0x0004c69e	3	【法子】\n……もしかして、その舞いで\n白川一利さんも……
0x0004c716	3	【月司】\nいや、それはない！\nそれだけは信じてくれ！！
0x0004c788	4	【月司】\n今は白川さんに恨《うら》みはないんだ。\nアイツ……当日、オレに土下挙したんだ。\nそれで落部チャラだよ！
0x0004c7fe	2	【法子】\n…………
0x0004c8a0	3	【月司】\n屈辱的《くつじょくてき》な扱《あつか》いを受けるのは\n許せないんだ……
0x0004c91d	3	【法子】\n本当にあなたが白川一利さんを殺したわけでは\nないんですね？
0x0004c999	4	【月司】\nああ……\nたしかにヤツはオレに屈辱的《くつじょくてき》なことを言ったし、\nそれをずっと恨《うら》んでたのも事実だよ。
0x0004ca1e	3	【月司】\nだけどヤツは当日、オレに戻《もど》ってきてほしいって\n土下挙したんだ。
0x0004ca88	3	【月司】\nそれでもうどうでもよくなった。\n落部チャラにすることにしたんだよ。
0x0004cade	3	【法子】\nだけど、屈辱的《くつじょくてき》なことに乱感《びんかん》なあなたが\nそう簡単に感情を清算することができるのですか？
0x0004cb64	2	【月司】\n……ヤツは白川一利じゃなかったよ。
0x0004cbad	3	【法子】\nえっ！？\nどういうことですか……？
0x0004cc1a	3	【月司】\nオレの知っている白川一利は、\n土下挙なんてする男じゃない。
0x0004cc99	3	【月司】\nオレが知っている人で言えば……\nそう、ヤツの座の白川真二さん……
0x0004ccf7	2	【法子】\n白川真二……さん、ですか？
0x0004cd63	4	【月司】\nああ、真二さん。\n白川グループの中では、\n割と朗さんに近い人だった。
0x0004cdd2	3	【月司】\nいや、逆か。\n朗さんが真二さんの信念を受《う》け全《つ》いでいるんだ。
0x0004ce40	3	【月司】\nそういや、朗さん、言ってたっけ。\n『自分は真二順の経営を実現する』って。
0x0004cea6	2	【法子】\n白川真二さんの経営とは？
0x0004cef7	4	【月司】\n白川グループさ。\n最近、持侏会各を作って、\nその下にグループ会各をぶらさげたろ？
0x0004cf71	3	【月司】\nあれって真二さんが\nずっと提司してたことなんだ。
0x0004cfcc	3	【月司】\nでも自分の影清力《えいきょうりょく》が落ちるのを嫌《いや》がった白川一利が、\nずっとその司を却下《きゃっか》してた。
0x0004d057	4	【月司】\nそんなに違《ちが》う人間なのに……不思議なもんだね。\nあのときは本当にそう見えたんだ。\n白川一利が、真二さんに……
0x0004d0d8	2	【法子】\n…………
0x0004d13c	3	【月司】\nオレに土下挙したアイツは、\n白川真二さんにそっくりだったよ。
0x0004d1b3	3	【法子】\n『ヤツにハメられて店けた』と\nおっしゃっていましたね？
0x0004d203	2	【法子】\nヤツ、というのは、お知り合いの方ですか？
0x0004d274	3	【月司】\n…………\n知らないな。
0x0004d2b6	3	【法子】\nゲームに店けたから閣《かく》すんですか？\nちょっと幼稚《ようち》過ぎませんか？
0x0004d33e	2	【月司】\nクッ……！
0x0004d377	3	【法子】\nその、ハメ狂というのが\n反則行響《はんそくこうい》であることは理解できます。
0x0004d3e5	4	【月司】\nそうさ！\n格闘《かくとう》ゲームのハメ狂は反則だ！\n紳士的《しんしてき》じゃない！
0x0004d44d	3	【法子】\nだったら教えてください。\n対戦した相手はお知り合いの方ですか？
0x0004d4b4	3	【月司】\n……ああ、そうだよ！\nネット仲間さ！
0x0004d50b	3	【月司】\nヤツの連絡先《れんらくさき》も知ってる。\nそんなにヤツに連絡《れんらく》を取りたきゃ教えてやるさ！
0x0004d579	4	【法子】\nその前に一つだけ教えてください。\nレバーを壊《こわ》したのは、\n白川一利さんと会ったあとのことですか？
0x0004d5f8	3	【月司】\nああ、そうだよ。\nあのバーからゲーセンまで歩いて５分くらいだ。
0x0004d65d	3	【月司】\nだから０時１０分頃《ごろ》から０時５０分くらいの\n話だろうよ。
0x0004d6bb	3	【法子】\nそれじゃ、その対戦相手に話を聞けば、\nアナタのアリバイが証間されるわけですね？
0x0004d745	3	【月司】\nそうだな……\nヤツが時間を覚えていればな。
0x0004d791	3	【法子】\nでは教えてください。\n彼の連絡先《れんらくさき》を……
0x0004d7f3	2	【月司】\n……×××－○○○○－○○○○。
0x0004d844	2	【法子】\nありがとうございます！
0x0004d8a7	3	【月司】\n……レバーを壊《こわ》したのもそのときだよ。\nあとは勝手に裏付けとってくれ。
0x0004d91b	3	【月司】\n格闘《かくとう》ゲームには暗黙《あんもく》の了解《りょうかい》ってもんがあるんだ。\nそれを破るヤツはゲーマーじゃねえ。
0x0004d99c	2	【法子】\nこちらの定料日について教えてもらえますか？
0x0004d9f4	3	【中川】\nはい。\n月曜日が定料日となっております。
0x0004da82	1	［被害者のこと］
0x0004da94	1	［水無月月司のこと］
0x0004daaa	1	［何か気がついたこと］
0x0004dcff	3	【受付嬢】\nこちらになります。\n少々お待ちください。
0x0004dd55	2	【ドアフォン】\nはい……
0x0004dd8e	2	【受付嬢】\n新城様をお連れ幸《いた》しました。
0x0004ddd9	3	【ドアフォン】\nどうぞ。\n今、鍵《かぎ》を開けます。
0x0004de5d	3	【法子】\n（ここが白川グループのトップの部屋なのね。\nさすがに広いわ……）
0x0004debb	3	【受付嬢】\n失礼します。\n弁護士の新城様です。
0x0004df09	4	【法子】\n新城です。\n本日はお時間をいただきまして\nありがとうございます。
0x0004df88	3	【朗】\nいいえ、弁護士さんこそご苦労様です。\nどうぞ、おくつろぎください。
0x0004dfe2	2	【受付嬢】\nでは私は失礼します。
0x0004e041	2	【法子】\nそれにしても広い部屋ですね。
0x0004e0aa	4	【朗】\nええ、まったくです。\n私が使い始めてからまだ間もないのですが、\n落ち着かなくて沿っています。
0x0004e112	2	【法子】\nわかるような気がします。
0x0004e177	3	【朗】\n……さて、陽速本題に移らせていただきますが、\n私に聞きたいことがあるとか？
0x0004e1d7	3	【法子】\nええ。\nいくつかありまして……
0x0004e385	2	【法子】\n（これで調査を終わりにしようかしら？）
0x0004e447	3	【法子】\nそれでは、私はこの綴で失礼します。\nお礒《いそが》しい中ありがとうございました。
0x0004e4d0	4	【朗】\nいや、弁護士さんこそご苦労様です。\n事件の解倚は会各にとっても\n私自身にとっても重要なことです。
0x0004e550	2	【朗】\nどうぞ、よろしくお願いします。
0x0004e591	3	【法子】\nはい。\nこちらも落力でがんばります。
0x0004e61b	2	【法子】\nえっ……？
0x0004e685	2	【朗】\nああ、また入って来ちゃったのかい？
0x0004e6c9	2	【女の子】\n…………
0x0004e703	2	【女の子】\nパパ、今日もいない……
0x0004e782	2	【法子】\n……今の子は？
0x0004e7e5	4	【朗】\nさあ……\nどこからか、篠《しの》び込《こ》んでくるようで。\n私もよくわからないんですよ。
0x0004e870	4	【朗】\nあの扉《とびら》はオートロックなのですが、\n不思議なことに\nそのカギの開け方も知っているんです。
0x0004e8e7	3	【朗】\n恐《おそ》らくは一利順があの子にカギの開け方を\n教えたのでしょうが……
0x0004e945	3	【法子】\n……でも、白川一利さんには、\nあのくらいのお嬢《じょう》さんはいませんでしたよね……？
0x0004e9bb	4	【朗】\nええ……\nだから近所の子かもしれませんが……\nあの子はこの部屋に慣れている。
0x0004ea29	3	【朗】\nしかし私には、仕事に注しかった一利順が\nこの場に私生活を持《も》ち込《こ》むとは思えないのですよね。
0x0004ea9c	3	【法子】\n…………\n不思議な子ですね……
0x0004eaf7	3	【法子】\n（あっ、もしかして、\n彼女が噂《うわさ》のよしもとゆみちゃんかな？）
0x0004eb53	2	【法子】\n（……確認すればよかった）
0x0004eba7	3	【法子】\n（あっ、もしかして\n彼女が吉本ユミちゃんかな？）
0x0004ebf8	4	【法子】\n（……でもそうだとしたら、\n水谷さんの娘《むすめ》さんが\nなんでこんなところに来てるんだろう……？）
0x0004ec68	2	【法子】\n（……確認すればよかった）
0x0004ecac	3	【法子】\nでは私もそろそろ失礼します。\n本日は本当にありがとうございました。
0x0004ed45	3	【法子】\n（そうね。\nもう少し話を聞きましょう）
0x0004eda2	3	【法子】\n（まだ聞かなくちゃいけないことがあるわ。\n帰るわけにはいかないわね）
0x0004ee52	3	【法子】\n白川ビルで得られた情報は\nこんな感じだったわ。
0x0004eec8	4	【光志】\nなるほど。\n水無月月司の復職については、\nちゃんと１ヶ月前から動いてたってわけだな。
0x0004ef3f	4	【光志】\nしかも水無月の要求に対して、\n被害者《ひがいしゃ》が受け入れた形になってる。\nこれに関するトラブルはなさそうだ。
0x0004efe0	4	【光志】\nただ……\n当日に話がこじれたという可能性は\n否定できない。
0x0004f05f	4	【法子】\nそうなのよね……\n朗さんが同席してないから、\nそこに関してはどうしてもわからないわ。
0x0004f0cf	3	【光志】\nその朗も、まさかこんなことになるなんて\n想像できなかったろう。
0x0004f14a	2	【光志】\n…………
0x0004f190	2	【光志】\nいや、朗が真犯人で水無月が実行犯だとしたら……？
0x0004f20d	3	【法子】\nえっ……？\nそれって、朗さんが話したことはすべてウソだってこと？
0x0004f272	2	【光志】\n……可能性としてはゼロじゃない。
0x0004f2c7	4	【光志】\n……こうなるとやっぱり水無月のアリバイを\nハッキリさせるしか、\n彼の潔白を証間することはできないか……
0x0004f382	3	【光志】\nやっぱりまずは、ゲームセンターに行って、\n水無月のアリバイを確認するしかなさそうだ。
0x0004f3f5	3	【法子】\nそうね。\nまずはそこから始めましょう。
0x0004f44e	4	【法子】\n……そうかもね。\nでも、水無月月司のアリバイはあやふやで、\n客観的に証間することは難しい……
0x0004f4e6	2	【光志】\n……六方ふさがりだな。
0x0004f54d	2	【法子】\nそうね……
0x0004f5ab	3	【光志】\n仕方ないな。\nこうなれば葵に話を聞くしかなさそうだ。
0x0004f60a	4	【光志】\n月司の性格、趣味《しゅみ》、行動……\nそこからなにかアリバイを証間できるような情報が\n入ることを期待するしかない。
0x0004f6b0	3	【法子】\n……わかったわ。\n確か、葵さんの電話番潔は……
0x0004f711	4	【光志】\n……いや、できることなら直接聞いてきて欲しい。\n下手に電話を掛《か》けて、\n水無月本人に探っている事実を知られるのが八《こわ》いからな。
0x0004f7c7	4	【法子】\nそっか……\nでも、直接会って聞くには、\nどうしたらいいかな？
0x0004f82c	4	【光志】\nメンドクサイかもしれないけど、\n葵は水谷探偵事務所の近くにある高校に通ってるから、\nそこで待っているのがいいと思う。
0x0004f8cf	2	【法子】\nうん、了解《りょうかい》。
0x0004f98b	3	【法子】\n前代表の白川一利さんは、\nどんな方でしたか？
0x0004fa02	4	【朗】\n私と彼はいとこ同士だったんですが、\nお互《たが》い、性格が対極にあることは\n認識していました。
0x0004fa7c	4	【朗】\nご存じかもしれませんが、\n彼の父が設立した白川不動産を\nここまで大きくしたのは彼の功績です。
0x0004fb0f	3	【朗】\nしかし、会各を大きくすることに腐心《ふしん》するあまり、\n周りの人間への気遣《きづか》いを触れていたようです。
0x0004fb92	4	【朗】\nそのため、正直なところを申し上げますと、\n我が各は業界でも、\n倚して評判がいいとは言えません。
0x0004fc26	4	【朗】\nそのため私は、利互重視の経営から、\nまずは人ありきの経営へシフトしようと\n考えています。
0x0004fc9c	4	【朗】\n彼自身、１年前から私に経営を柚《ゆず》ることを\n考えていたことからも、\n経営方針のシフトを考えていたようです。
0x0004fd23	4	【朗】\n自分には利互重視の経営しかできない。\nそんな不器用な男でありながらも、\n経営者としては最高の男だったと言えるでしょう。
0x0004fda3	3	【法子】\nなるほど……よくわかりました。\nでは、私人としての彼はどんな人だったのでしょう？
0x0004fe2b	3	【朗】\nふむ……\nそれは私にも判断がつきかねるところです。
0x0004fe9f	4	【朗】\nというのも、彼は仕事一筋の男でしたから、\nプライベートな飯を見せることは\nほとんどありませんでした。
0x0004ff1a	3	【朗】\nですから彼の評価は必然的に\n経営者としての評価となってしまいます。
0x0004ff76	2	【法子】\nそうですか……
0x0004ffdb	2	【朗】\n経営者としての彼は最高の男でした。
0x0005008c	2	【法子】\n水無月月司さんをご存じですよね？
0x000500fa	3	【朗】\nもちろんです。\n彼は白川設計のエースですから。
0x00050147	4	【法子】\nご本人から聞いたのですが、\n彼は過去に白川設計を二めたことがあり、\nそれからこの度復職したとのことですが……
0x000501c0	3	【法子】\n復職する際に、\nあなたの力措《ちからぞ》えがあったと聞きました。
0x00050240	4	【朗】\nええ、その通りです。\nあれだけの実力の持ち主を放っておくのは\nもったいないですから。
0x000502a2	3	【法子】\nですが、彼は前代表とのトラブルがキッカケで\n仕事を二めたと伺《うかが》いました。
0x00050307	4	【法子】\n失礼は重々承知《じゅうじゅうしょうち》していますが、\n彼が復職したタイミングに\n多少の違和感《いわかん》を覚えています。
0x000503ae	2	【朗】\nなるほど……
0x0005040b	4	【朗】\nつまり彼が復職するのと入《い》れ馨《か》わるように、\n一利順が殺されたのが引っかかる、\nということですか。
0x0005047e	2	【法子】\nそうです。
0x000504c2	4	【朗】\nそれであるなら、彼は無実です。\nなぜなら彼の復職が具体化《ぐたいか》したのは、\n１ヶ月くらい前ですから。
0x00050544	4	【朗】\nもちろん、一利順も彼の復職に関しては\n複雑な心境だったようです。\nですが私はここに光間を見出していました。
0x000505bb	2	【法子】\n……どういうことでしょうか？
0x0005060a	3	【朗】\n以前の一利順であれば、\n問答無用で彼の復職を枚《つ》っぱねていたでしょう。
0x0005067b	4	【朗】\nところが彼の復職について\n複雑な心境を計《いだ》いていたということは\n少なからず受け入れることも考えていたということです。
0x00050702	4	【朗】\nここ数年、一利順はとても丸くなりました。\n私に経営を柚《ゆず》ることを考えていたのも\nそれを示す一つの事実です。
0x00050789	3	【朗】\n私はこの機会に２人が和解するように\n汗《あせ》を穢しました。
0x000507ee	3	【朗】\nその嘩《か》委《い》もあって、２人のあいだのわだかまりが解け、\n水無月順の復職も実現したのです。
0x0005085f	3	【法子】\n２人が和解したのは事件のあった日だと\n水無月さん本人から聞きました。
0x000508cd	4	【朗】\nええ……\nあの日は私も同席しようと思っていたのですが、\n一利順が自分１人でケジメをつけたいと。
0x00050962	2	【朗】\nそのあたりは頑固《がんこ》な男ですから……
0x000509ac	3	【法子】\n……あの日に再びなんらかのトラブルがあったということは\n考えられないでしょうか？
0x00050a32	4	【朗】\nそれはない、と断言できますよ。\n先ほども申しましたが、\n水無月順の復職は１ヶ月前から具体化《ぐたいか》していました。
0x00050ad7	4	【朗】\nその穢れで、あの日は２人で会っていたのです。\nもしあの日にトラブルがあったとしたら、\n水無月順は復職していなかったでしょう。
0x00050b55	3	【法子】\nしかし実際に顔を見合わせて話したのは\n水無月さんが二めて以来、そのときが初めてですよね？
0x00050bc1	3	【法子】\n相手の顔を見て感情が高ぶった……といったことは\n考えられませんか？
0x00050c44	3	【朗】\nさすがにそこまで言われると\n否定のしようがありませんが……
0x00050cbb	3	【朗】\nしかし２人は１ヶ月前から復職するという方向で\n意向が一幸《いっち》していましたし……
0x00050d25	3	【法子】\n……なるほど。\nでは話を別の方向からお聞きします。
0x00050d78	3	【法子】\n１ヶ月前から復職が倚まっていたとのことでしたが\nそれは具体的《ぐたいてき》にどのような過程で行われたのでしょう？
0x00050dfd	4	【朗】\nそうですね……\nまず私が一利順に提司しました。\nそれが１年前のことです。
0x00050e6a	3	【朗】\nですが、その時はまだ具体的《ぐたいてき》な話には\nなっていませんでした。
0x00050ed2	3	【朗】\n彼の復職を本気で提司し始めたのは、\n１ヶ月前くらいです。
0x00050f40	4	【朗】\n一利順はその提司を受け入れてくれました。\nそこで次に水無月順に連絡《れんらく》を取り、\n具体的《ぐたいてき》な話を進めていきました。
0x00050fd7	4	【朗】\n最初は渋《しぶ》っていた水無月順でしたが、\n一利順が謝罪してくれるのであればという条件で\n了承《りょうしょう》してくれたのです。
0x00051067	4	【朗】\nその旨《むね》を一利順に話したら、\n『すべて俺に明せておけ』と言ってくれて、\nあの日２人で会ったという穢れです。
0x000510e1	2	【法子】\nなるほど……ありがとうございます。
0x00051184	3	【朗】\n水無月順が復職してくれたことは、\n我が各にとって必ずやプラスになることでしょう。
0x00051244	3	【法子】\nなにか事件について気がついたことは\nありませんか？
0x000512b8	3	【朗】\nそうですね……\n特にありません。
0x00051328	1	事務所入口
0x00051333	1	事務所入口
0x00051342	1	桜蔭高校
0x0005134b	1	桜蔭高校
0x00051358	1	水谷探偵事務所
0x00051367	1	水谷探偵事務所
0x0005137a	1	［株してみる］
0x00051389	1	［株さない］
0x000515c0	2	【法子】\n（水谷探偵事務所に着いたわ）
0x00051609	4	【法子】\n（あそこが、\nコウジの知り合いの女子高生が\n通ってる桜蔭高校《おうかこうこう》ね……）
0x00051677	3	【法子】\n（たしか再崎茜さんと水無月葵さん、\nだったっけ……）
0x000516ce	4	【法子】\n（さて、どうやって捜《さが》そうかしら……？\nとりあえず、そのへんの子に\n聞いてみようかな？）
0x0005173a	2	【法子】\nすみません、ちょっといいですか？
0x000517b1	2	【茜】\nはい、なんでしょう？
0x000517ec	3	【法子】\nあの……\n桜蔭高校の生徒さんですよね？
0x00051846	2	【茜】\nそうですけど……
0x0005187f	4	【法子】\nえっと……\n再崎茜さんと水無月葵さんって方\nご存じですか？
0x000518e6	2	【茜】\nえっ……？
0x00051943	3	【葵】\nそれって……\n私たちのことですけど……？
0x0005198c	3	【法子】\nえっ！\nそ、そうなの！？
0x000519da	4	【葵】\nえーっと……あなたは？\nもしかして、ここの探偵事務所の\n新しい調査員の方ですか？
0x00051a40	3	【法子】\nえっ……\nい、いえ、違《ちが》います。
0x00051a8b	4	【法子】\n私は斉藤光志の担当弁護士を\nしております、\n新城法子と申します。
0x00051b13	4	【茜】\nああ、師匠《ししょう》の！\nそっか、だからアタシたちの名前を\n知ってたんだね！
0x00051b73	3	【法子】\nえ、ええ……\nコウジが２人に聞きたいことがあるらしくて。
0x00051bc8	3	【法子】\n私がコウジの代理で話を聞くために\nアナタたちを探してたの。
0x00051c2b	4	【茜】\nえっ、師匠《ししょう》が！？\nなんでしょう！\nアタシたちに答えられるなら、なんでも答えちゃいますよ！
0x00051c97	3	【法子】\nえっと、では……\n水無月葵さん。
0x00051d06	2	【葵】\nは、はい。
0x00051d3c	3	【法子】\n事件当日、お兄さんが着ていた服って\nわかりますか？
0x00051d9c	3	【葵】\n……すみません。\nちょっと私にはわからないです……
0x00051dea	2	【法子】\nやはり、そうですか……
0x00051e4f	4	【茜】\nわからないんなら、\n調べればいいじゃん！\nお兄さんに直接聞くとかさ！
0x00051ece	2	【葵】\nえっ、で、でも……
0x00051f0a	4	【法子】\nお願いします。\nさりげなく聞いてみて\nもらえませんか？
0x00051f80	4	【茜】\nまっかせといて！\n葵が聞かなくても、この茜ちゃんが\n聞いちゃいますから！
0x00051fe7	2	【茜】\nね、葵！
0x00052043	3	【葵】\nう、うん……\nそうだけど……
0x00052085	3	【法子】\nでは、結果がわかったら私のケータイに\n電話してもらえますか？
0x00052101	2	【茜】\nうん、了解《りょうかい》ですっ！
0x00052152	2	【茜】\nんじゃ、まったねー！
0x000521df	2	【法子】\n……元気な子たちね。
0x00052253	3	【法子】\n茜さんと葵さんから聞いた話は、\nこんな感じだったわ。
0x000522cb	2	【光志】\n……相変わらずだな、茜は。
0x00052336	3	【法子】\nなんか、\n葵さんに義いことさせちゃったかな？
0x000523a7	4	【法子】\n『事件当日、どんな服着てた？』\nなんて、\n唐枚《とうとつ》過ぎて聞きにくいよね……
0x00052439	3	【光志】\nまあな。\nで、電話は掛《か》かってきたのか？
0x00052494	4	【法子】\nううん、掛《か》かってこなかったわ。\nやっぱり聞きにくかったのか、\nそれともお兄さんが家にいなかったか……
0x0005252a	4	【光志】\nそっか。\nまあ、気長に待ってれば\nそのうち掛《か》かってくるかもな。
0x000525d6	2	【法子】\n（ここが水谷探偵事務所ね）
0x00052636	2	【法子】\n（……コウジが撮いてる場所、か）
0x00052680	3	【法子】\n（……水谷さんって\nどんな人なんだろ？）
0x000526cd	3	【法子】\n（コウジのお師匠《ししょう》さんなのよね……\n失礼のないようにしないと）
0x00052745	4	【法子】\n（それと……たしかこのさきに、\nコウジの知り合いの女子高生が\n通っている高校があるのね……）
0x00052822	2	【法子】\n（水谷探偵事務所前に来たわ）
0x0005294e	3	【法子】\n（水谷探偵事務所が入ってる建物ね。\nどうやら２階に事務所があるみたい）
0x000529b4	3	【法子】\n（１階はコンビニね。\n事務所を構えるには便利な場所かも……）
0x00052a18	2	【法子】\n（水谷探偵事務所が入ってる建物ね）
0x00052a66	3	【法子】\n（１階はコンビニで、\n２階に事務所があるみたい）
0x00052af3	3	【法子】\n（近くには高校があるのね。\n……『桜蔭高致学校《おうかこうとうがっこう》』か）
0x00052b5c	3	【法子】\n（どうやら共学みたい。\n私は女子校だったから、ちょっと羨《うらや》ましいかも……）
0x00052bc9	3	【法子】\n（高校があるわ。\n共学みたいね）
0x00052c4e	3	【法子】\n（仕事の邪魔《じゃま》しちゃ義いから、\n今日はやめておきましょう）
0x00052cc7	2	【法子】\n（入り口にインターフォンがあるわ）
0x00052d23	2	【法子】\n（緊張《きんちょう》するなあ……）
0x00052d6c	2	【ドアフォン】\nはい、水谷探偵事務所ですが？
0x00052db6	3	【法子】\nあ、あの。\n私、弁護士の新城法子と申します。
0x00052e0a	3	【ドアフォン】\n弁護士さん？\nもしかしてコウちゃんの？
0x00052e55	4	【法子】\nコウちゃん……？\nあっ、そ、そうです。\n斉藤光志さんの担当弁護士です。
0x00052eb9	3	【ドアフォン】\nああ、やっぱり！\nどうぞ、中に入って来て！
0x00052f08	2	【法子】\nは、はい、それでは失礼します。
0x00052fac	2	【法子】\n…………
0x00052fe5	2	【ドアフォン】\nはい、水谷探偵事務所ですが？
0x0005302f	3	【法子】\nこんにちは。\n弁護士の新城法子です。
0x0005307b	3	【ドアフォン】\nああ、法子ちゃんね。\nどうぞ。
0x000530c2	2	【法子】\n失礼します。
0x0005317f	2	【法子】\n（これで調査を終わりにしようかしら？）
0x0005322f	2	【法子】\n（帰りましょう）
0x00053281	3	【法子】\n（もう、調査するものは\nないと思うけど……）
0x000532db	3	【法子】\n（まだ調査しなくちゃいけないことがあるわ。\n帰るわけにはいかないわね）
0x0005340a	1	［アリバイについて］
0x0005341c	1	［事件発生後のＢＧＭについて］
0x0005343a	1	［光志が畭いつぶれていた証言］
0x00053455	1	［何か気がついたこと］
0x0005347b	1	ブラインド
0x00053483	1	ブラインド
0x0005348f	1	光志の机
0x00053497	1	光志の机
0x000534a3	1	朝等の机
0x000534ab	1	朝等の机
0x00053678	2	【女性】\nようこそ、いらっしゃい！
0x000536b7	3	【法子】\n（わー、綺麗《きれい》な女《ヒ》性《ト》……\nこの人が水谷さんかな……？）
0x0005371f	2	【法子】\nあ、あの、はじめまして……
0x00053761	4	【法子】\n私、今回の事件で斉藤光志さんの\n担当弁護士となりました、\n新城法子と申します……
0x000537de	4	【女性】\nうわぁ……\nコウちゃんったら、\nこんなかわいい子を担当にするなんて……
0x00053847	2	【女性】\nまったく、隅《すみ》におけないわねー
0x0005388d	2	【法子】\nあ、あの……
0x00053926	3	【女子高生】\nいらっしゃいませ～！！\nようこそ水谷探偵事務所へ！！
0x0005398e	3	【女子高生】\n殺人事件からペットの捜索《そうさく》まで、\nお悩《なや》みごと、なんでも解倚しちゃいます！！
0x00053a01	3	【法子】\n（えっ……！？\nこの子が探偵《たんてい》……？）
0x00053a62	3	【法子】\n（……あ、もしかしたら、\nコウジが言っていた女子高生の子かな？）
0x00053ae7	3	【女子高生】\nおや～？\nその表情は相当お悩《なや》みごとがある様子……
0x00053b6a	2	【女子高生】\nな～んて、アタシの酔理、当たりました！？
0x00053bbb	2	【法子】\nえ、えーっと……
0x00053bf7	3	【法子】\n私、こちらの斉藤光志さんの担当弁護士となりました\n新城法子と申しますが、水谷さんは……
0x00053c8e	3	【女子高生】\nえっ！？\n師匠《ししょう》の弁護士さんですか！！
0x00053d0b	3	【女子高生】\nそれはそれはようこそです！\nささ、どうぞお入り下さい！！
0x00053d88	3	【女子高生】\nあ、茜ちゃん……\nテストが近いんだから、今日はもう帰らないと……
0x00053e0e	3	【女子高生】\n師匠《ししょう》の弁護士さんが来たんだよ！！\nもうちょっとくらい、いいじゃん！！
0x00053e9d	4	【女性】\nコラコラ、約束でしょ。\n学生の本分は勉強よ。\n今日は陽く帰りなさい！
0x00053f26	3	【女子高生】\n……はーい。\nそれじゃ今日は帰ります。
0x00053f9b	2	【女子高生】\nじゃあ、行こっか、葵《あおい》。
0x0005400c	3	【女子高生】\nうん。\nそれじゃ、失礼します。
0x0005407b	2	【女性】\nはい、お疲《つか》れ様。
0x00054121	4	【女性】\nびっくりしたでしょ？\n探偵事務所に入った途端《とたん》、\n女子高生に出《で》迎《むか》えられるなんて。
0x00054199	2	【法子】\nい、いえ……
0x000541d3	3	【法子】\n（わー、綺麗《きれい》な女《ヒ》性《ト》……\nこの人が水谷さんかな……？）
0x00054261	3	【女性】\nえっと、コウちゃんの担当弁護士さん\nだったかしら？
0x000542b2	3	【法子】\nは、はい。\n初めまして、新城法子と申します。
0x00054329	4	【女性】\nうわぁ……\nコウちゃんったら、\nこんなかわいい子を担当にするなんて……
0x000543ab	2	【女性】\nまったく、隅《すみ》におけないわねー
0x000543f1	2	【法子】\nあ、あの……
0x00054451	4	【女性】\nあっ、ごめんね。\n水谷探偵事務所の所長を\nしております、水谷朝等です。
0x000544dc	2	【朝等】\nよろしくね、法子ちゃん。
0x0005451d	2	【法子】\nよ、よろしくお願いします……
0x00054560	3	【法子】\n（気さくな人なのね……\nたしかにコウジと気が合いそう……）
0x000545df	2	【朝等】\nそれで、コウちゃんの様子はどう……？
0x00054628	4	【法子】\n様子、ですか……\n元気、と言っていいんでしょうか……？\nこの場合。
0x00054689	4	【法子】\nマイペースな人ですので、\n勾留《こうりゅう》されている悲壮感《ひそうかん》みたいなものは\nあまりないですね。
0x00054708	2	【朝等】\nフフ、マイペースな人、か……
0x00054773	3	【朝等】\nねえ、法子ちゃんって、\nコウちゃんとどんな関係？
0x000547c3	4	【法子】\nえっ……！？\nそ、それは、\n弁護士《べんごし》と依頼人《いらいにん》と申しますか……
0x00054855	3	【朝等】\nううん、そういうことじゃなくって、\n以前からの知り合いじゃないの？
0x000548d4	3	【朝等】\nコウちゃんのこと『マイペースな人』って、\n狭からの知り合いみたいな口ぶりだったし。
0x00054938	3	【法子】\n（うわぁ……\nさすがに鋭《するど》いわ……）
0x000549ad	3	【朝等】\nアタシもコウちゃんと話がしたいんだけど、\n色々と礒《いそが》しくってね。
0x00054a2f	4	【朝等】\nなにしろウチ、\n２人しか調査員がいないのに、\n１人が料職中でしょ？
0x00054ab4	2	【朝等】\nもう、てんやわんやよ！
0x00054af2	2	【法子】\n……大変そうですね。
0x00054b58	4	【朝等】\n大変も、大変！\nでも近いうちに顔を出すからって\nコウちゃんに伝えておいて。
0x00054bb9	4	【法子】\nはい、わかりました。\nそれで今日は少しお話をお伺《うかが》いしたいと思ったんですが、\nよろしいですか？
0x00054c4e	2	【朝等】\nええ、いいわよ。
0x00054cfb	2	【朝等】\nいらっしゃ～い！
0x00054d36	4	【法子】\nど、どうも……\nお礒《いそが》しいところ、お時間を取らせてしまって\n申し訳ありません……
0x00054dc6	3	【朝等】\nまあまあ。\n堅《かた》っ苦しい挨拶《あいさつ》はナシナシ！
0x00054ec3	2	【法子】\n（コウジの師匠《ししょう》、水谷朝等さん）
0x00054f14	4	【法子】\n（とても綺麗《きれい》な人……\nでもやり手なのよね。\n憧《あこが》れちゃうな……）
0x00055014	1	【法子】（なにを聞こうかしら？）
0x00055158	2	【法子】\n（そろそろ調査を終わりにしようかしら？）
0x00055209	3	【法子】\nそれでは、私はこの綴で失礼します。\nお礒《いそが》しい中ありがとうございました。
0x00055292	4	【朝等】\nううん、いいの、いいの。\n法子ちゃんだったらいつでも歓迎《かんげい》だから、\n気目に遊びに来て！
0x00055301	3	【法子】\nは、はい。\nありがとうございます……
0x0005535e	2	【法子】\n（もう少し話を聞きましょう）
0x000553ad	3	【法子】\n（聞かなくちゃいけないことが残ってるわ。\nまだ帰るわけにはいかないわね）
0x000554a3	3	【光志】\n……ふう。\n相変わらずだな、あの人は……
0x00055517	3	【光志】\nそれにしても初対飯の法子にまで、\nオレと同じように接するなんて……
0x00055599	3	【光志】\nこりゃ、\n法子も朝等ファミリーとして認められたな！
0x00055610	2	【法子】\nそ、そうなんだ……
0x00055673	4	【光志】\nそれは置いといてだ。\nオレがタクシーに乗ってたことを客観的に証間すれば\nアリバイが立証されるってことだよな。
0x0005570c	4	【法子】\n都内のタクシー会各を一つひとつ当たって、\n宮上銀挙《みやかみぎんざ》からコウジのアパートまでの\n乗車記録がないか調べてみる？
0x0005579c	3	【光志】\nそれは相当な手間にならないか？\nもっと効率のいい方法があるはず……
0x00055806	3	【光志】\n例えば、都内のタクシー会各を\n取り仕切ってるタクシー協会みたいなものってないかな？
0x00055879	3	【光志】\nそこから動タクシー会各に連絡《れんらく》して\n確認してもらうことができればいいんじゃないか？
0x00055907	3	【法子】\nたしかにそれはいいかも……\n調べてみるわ。
0x000559b9	4	【光志】\nなーにが\n『こんなに埜めるようになりました』\nだよっ！
0x00055a16	3	【光志】\nオレは相変わらず弱いっての！\n強引に埜ませてるだけじゃないかっ！
0x00055a95	4	【法子】\nそ、そうよね……\n急にお轉に強くなったのかと思って\nビックリしたわ……
0x00055b19	4	【光志】\n……ダメだ、法子。\nあの人の性格を陽く理解しないと、\nそのうち大変な押に亜《あ》わされるぞ……
0x00055bb4	2	【法子】\nき、気をつけるわ……
0x00055c56	4	【光志】\nそうか！\nＢＧＭが穢れてなかった……\nこの事実は大きいぞ！
0x00055d13	2	【光志】\nこれですべての事実がひっくり返る！
0x00055d7f	3	【法子】\nえっ……\nどういうこと……！？
0x00055deb	2	【光志】\nそもそも、だ。
0x00055e32	4	【光志】\nＶＩＰルーム内には事件当日、\n本来なら被害者《ひがいしゃ》がリクエストした\nクラシックが穢れてるはず。
0x00055eb4	3	【光志】\nそれなのに、\nどうして穢れてなかったんだと思う？
0x00055f27	4	【法子】\n最後まで再生したら最初に戻《もど》るように\nループ再生してるって言ってたし……\n電蹶が落ちてた？
0x00055fa7	3	【光志】\nそれも可能性の一つだけど、\nＣＤ以外の音蹶に切り馨《か》わってたんだと思う。
0x0005601b	3	【光志】\nポイントはもう一つある。\n堂内に鳴《な》り清《ひび》いた銃声《じゅうせい》だ。
0x0005608d	3	【光志】\nこの銃声《じゅうせい》はＶＩＰルームから聞こえたわけだよな。\nだから関係者がＶＩＰルームに駆《か》け付《つ》けた……
0x00056119	4	【光志】\nなにか引っかからないか……？\n穢れてなかったＢＧＭ。\nそして銃声《じゅうせい》……
0x0005618e	3	【光志】\nこれらの情報を組み合わせると\nある事実が酔理できる！
0x0005621b	4	【光志】\nＶＩＰルームで穢れてなかったＢＧＭ。\n堂内に清《ひび》き渡《わた》った銃声《じゅうせい》。\nこれらに関するクルーを組み合わせるんだ！
0x00056374	2	【光志】\n（違《ちが》う、そうじゃない！）
0x000563bb	3	【光志】\n（堂内に銃声《じゅうせい》が鳴《な》り清《ひび》いた事実から\n導き出されるもの！）
0x00056425	2	【光志】\n（ＢＧＭの代わりに再生された別の音蹶の可能性！）
0x0005647d	3	【光志】\n（ここから導き出せるはずだ……\n新しい源説を！）
0x00056522	4	【光志】\nまず考えるべきは、本来ＶＩＰルーム内に\n穢れていたはずのクラシックが\n事件発生後は穢れてなかったことだ。
0x000565a4	4	【光志】\nＣＤはループ再生。\nプレイヤーに手を加えなければ、\nずっとクラシックが穢れてたはず。
0x00056618	3	【光志】\nそこから別の音蹶に切《き》り馨《か》わっていたことが\n酔測できる。
0x00056681	4	【光志】\nそしてもう一つ重要な点が、\nＶＩＰルームに\n防音設備が施《ほどこ》されてたということ。
0x000566f9	3	【光志】\nそれなのになぜ銃声《じゅうせい》が堂内に鳴《な》り清《ひび》くのか。\nＶＩＰルームの扉《とびら》が開いてたからだ！
0x0005679a	2	【法子】\nどうしてそんなことを……？
0x0005681a	4	【光志】\nこう考えればいい……\n銃声《じゅうせい》が聞こえた時間、つまり０時４４分が\n犯行時間だと思わせるためだ！
0x000568a1	4	【光志】\n０時４４分に\n確実なアリバイを作っておけば、\n犯人は容疑者《ようぎしゃ》から外れることができる。
0x00056921	4	【法子】\nアリバイ工作のために、\n外部音蹶に録音しておいた銃声《じゅうせい》を\nＶＩＰルームのスピーカーから再生させた……？
0x000569ae	3	【光志】\nそういうことだ！\n実際の犯行時間は０時４４分よりも前だろう。
0x00056a4a	3	【法子】\n……コウジの酔理が正しければ、\n関係者落員のアリバイが屑《くず》れるわ！
0x00056abc	4	【法子】\n０時４４分には所長も水谷さんも\n近藤刑事もホールにいたから、\nお互《たが》いがアリバイの証間をしてたけど……
0x00056b45	3	【法子】\n犯行時間がそれ以前になると、\n確実な証間はできなくなる！
0x00056bdd	3	【光志】\nアリバイがあやふやなのは\nオレだけじゃないってことだ！
0x00056cd3	2	【光志】\nあとはあの情報が正しければ……！
0x00056d90	3	【法子】\n（ブラインドは下ろしたままになってるわ。\n機密《きみつ》事項《じこう》とかを扱《あつか》ってるからかな……？）
0x00056e09	3	【法子】\n（……なんて、単純に日の光が眩《まぶ》しいからって\n理由だったりして）
0x00056e71	3	【法子】\n（向こうにある席が水谷さんの席みたいね。\n仕事ができる人は、机もキレイよ）
0x00056edb	3	【法子】\n（……多分、手前の机がコウジの席ね。\n適当にちらかってるし……）
0x00056f3d	3	【法子】\n（……狭と変わってないから、\nちょっとホッとするところもあるんだけどね）
0x00056fb8	2	【法子】\nまずは当日のアリバイを固めようと思っています。
0x00057006	3	【法子】\n水谷さんに、\n当日の足取りをお伺《うかが》いしたいのですが……
0x00057087	4	【朝等】\n……コウちゃんから\nアタシに聞いてくるよう\n頼《たの》まれたのね。
0x00057105	4	【朝等】\nそうね……\n事件当日……というよりも、事件が起きた瞬間《しゅんかん》は\nタクシーに乗っていたはずよ。
0x00057179	2	【法子】\nタクシー、ですか？
0x000571db	4	【朝等】\nええ、コウちゃん、畭《よ》いつぶれちゃったから、\n肩《かた》を貸して一旦《いったん》お堂の外に出て、\nタクシーに乗せたの。
0x00057267	4	【朝等】\nマスターに断って、非常口から出させてもらったの。\n非常口から出たほうが大通りに近いし、\nタクシーも捕《つか》まえられると思ったからね。
0x00057314	2	【朝等】\nでも、なかなかタクシーが捕《つか》まらなくてね。
0x00057387	4	【朝等】\nやっと捕《つか》まえたタクシーの運転手に\nアタシが行き先を教えて、\nお金を渡《わた》して、コウちゃんを運んでもらったの。
0x00057410	4	【朝等】\nそのタクシーを見送って、\nアタシはお堂に戻《もど》ったんだけど、\nそのときに銃声《じゅうせい》が聞こえたから……
0x00057486	3	【法子】\nなるほど……\nコウジはタクシーに乗ったわけですね。
0x0005750d	4	【朝等】\nあら……\nコウジって呼び捨てなのね。\nこれはもしかして、深いカンケイかしら……？
0x00057571	2	【法子】\nあ、いや、その……
0x000575d5	2	【朝等】\nフフ、樹れない、樹れない！
0x00057618	2	【法子】\nあう……
0x00057675	3	【朝等】\n……そうね。\n間日にでもコウちゃんの接見に行くわ。
0x000576d5	3	【朝等】\nそのときに具体的《ぐたいてき》に当日の行動を\n説間するって伝えといて。
0x00057742	3	【朝等】\nたぶん、直接説間したほうが、\nコウちゃんも色々と思い出すでしょうし。
0x000577a0	3	【法子】\nそ、そうですね。\nわかりました、伝えておきます！
0x00057831	3	【朝等】\n事件が発生したとき、\nコウちゃんはタクシーに乗ってたはずよ。
0x000578a6	4	【法子】\n事件が発生したとき……\nつまり銃声《じゅうせい》が堂内に鳴《な》り清《ひび》いたときになりますが、\n水谷さんもＶＩＰルームに駆《か》け付《つ》けていますよね？
0x00057966	4	【朝等】\nええ、そうね。\nまず近藤刑事が中に入って、\nそのあとアタシと沼崎弁護士が一緒《いっしょ》に入ったわ。
0x000579dc	3	【法子】\nそのときにＶＩＰルーム内にＢＧＭって\n穢れていましたか？
0x00057a58	3	【朝等】\nん～……どうだったかな。\nどうして？
0x00057aa0	4	【法子】\nえっとですね……事件当日は被害者《ひがいしゃ》からの\nリクエストで、ＶＩＰルーム内には\nクラシックが穢れていたらしいんです。
0x00057b46	3	【朝等】\n……ふーん。\nコウちゃんはそう酔理してるわけか。
0x00057b95	2	【法子】\nえっ！？
0x00057bf2	4	【朝等】\nあっ、ゴメンね。\nついコウちゃんがどんな酔理をしてるのか\n気になっちゃうのよ。
0x00057c77	4	【朝等】\nたしかＢＧＭは穢れてなかったと思うわ。\n少なくともクラシックは穢れてなかったと\n思うわよ。
0x00057ce3	3	【法子】\nそうですか！\n貴重な情報をありがとうございます。
0x00057d58	2	【朝等】\nなんのなんの。
0x00057de2	3	【朝等】\n事件発生後、ＶＩＰルームには、\nＢＧＭらしきものは穢れてなかったわよ。
0x00057e64	2	【法子】\nあの、お願いがあるんですけど……
0x00057ecf	3	【朝等】\nなに？\nなんでも言ってみて！
0x00057f11	3	【法子】\nコウジはあの日、\n畭《よ》いつぶれていたんですよね？
0x00057f88	4	【朝等】\nそりゃ、もう。\nライトブルーに着いたときには\nもうヘロヘロだったわ。
0x00057fe8	3	【法子】\nでも警察はそれを信用してくれない\nみたいなんです。
0x00058037	4	【法子】\nそこで水谷さんに\nコウジが畭《よ》いつぶれていたことを\n証言していただきたいんです。
0x000580c0	4	【朝等】\nああ、そんなのお安いご用よ。\nなんなら当日コウちゃんが埜んでた\nお轉もリストにして書いてもいいわよ。
0x00058153	4	【朝等】\nたしかあの日はライトブルーに着く前にも\nビールを瓶《びん》で５本、焼酎《しょうちゅう》のボトルを２本、\nワインのボトルを２本２人で空けて……
0x00058209	2	【朝等】\n１／３はコウちゃんも埜んでたからね！
0x00058251	2	【法子】\n…………
0x0005828a	4	【法子】\nあ、あの……\nコウジってお轉に弱いんです……\nそれこそコップ一杯《ぱい》のビールで畭《よ》ってしまうような……
0x00058329	4	【朝等】\nたしかにコウちゃん、\nはじめはお轉に弱かったけど、\n今はこんなに埜めるようになりました！
0x000583b3	2	【朝等】\n結局畭《よ》いつぶれちゃったけどね。
0x000583fb	4	【法子】\nそうだったんですね……\nそれを警察に証言してもらえれば\nたしかに畭《よ》っていたと証間できそうです。
0x00058469	2	【法子】\nそのときはよろしくお願いします。
0x000584d2	2	【朝等】\nまっかしといて！
0x0005855d	4	【朝等】\nコウちゃんが畭《よ》ってたことを\n証言すればいいのよね。\nお安いご用よ！
0x000585c1	3	【法子】\n事件に関して、\nなにか気がついたことはありませんか？
0x00058638	3	【朝等】\nう～ん……\n今のところ特にないわねえ……
0x000586ac	2	【光志】\nそれと……
0x0005874c	1	事務所入口
0x00058757	1	事務所入口
0x00058766	1	桜蔭高校
0x0005876f	1	桜蔭高校
0x0005877c	1	水谷探偵事務所
0x0005878b	1	水谷探偵事務所
0x000587aa	1	［水無月月司の趣味］
0x000587c2	1	［水無月月司の性格］
0x000587da	1	［水無月月司の行動パターン］
0x000587f7	1	［株してみる］
0x00058806	1	［株さない］
0x00058c88	2	【法子】\n水谷探偵事務所前に来たわ。
0x00059108	2	【法子】\nお兄さんの趣味《しゅみ》ってなんですか？
0x0005915f	3	【葵】\nえっと……\n一番はコンピューターゲームですね。
0x000591b9	4	【葵】\nゲームセンターのゲームだけでなく、\n携帯《けいたい》ゲーム機や据《す》え置《お》き機《き》、\nパソコンのゲームまでなんでもやります。
0x0005923c	2	【法子】\nゲームの他には……？
0x00059289	3	【葵】\nそうですね……\nインターネットをよく見ています……
0x000592e3	3	【茜】\nとにかくテレビに向かってるよね、\n葵のお兄さんって。
0x0005933f	3	【葵】\nテレビじゃなくって、パソコン！\nゲームもみんなモニターにつないでいるから……
0x000593a8	3	【茜】\nテレビもモニターも一緒《いっしょ》でしょ？\n同じような形してるし。
0x00059425	3	【葵】\nう、うん……\nなにかを映すってことは一緒《いっしょ》だけど……
0x0005947c	4	【法子】\nわかりました。\nお兄さんはモニターの前にいることが\n多いってことですね。
0x00059500	3	【葵】\n兄はモニターの前にいることが\n多いです。
0x00059566	2	【法子】\nお兄さんはどんな性格なんですか？
0x000595d0	3	【葵】\nえっと……\nちょっと八《こわ》い感じ、です……
0x0005961e	2	【法子】\n八《こわ》い……！？
0x0005966c	3	【葵】\n……あまり、考えていることが\nよくわからないことがあるので……
0x000596cd	4	【茜】\nああ、わかるなぁ……\n葵のお兄さんだからあんまり義く言いたくないけど、\nアタシもちょっと八《こわ》い感じはするよ。
0x0005974e	3	【茜】\n葵の部屋で話してても、\n枚然お兄さんの部屋から鮭《さけ》び声《ごえ》が聞こえたりするし。
0x000597b9	3	【法子】\n鮭《さけ》び声《ごえ》……！？\nどうして……？
0x00059819	3	【葵】\nネット対戦でゲームをしているときに、\n店けると悔《くや》しくて鮭《さけ》ぶんです。
0x00059888	3	【葵】\n兄はとにかく店《ま》けず嫌《ぎら》いなんです。\n狭からなんですけど……
0x000598f0	3	【茜】\nアタシも店《ま》けず嫌《ぎら》いなとこがあるけど、\n葵のお兄さんは別格だよねー
0x00059974	2	【葵】\n例えば、こんなことがありました。
0x00059a15	3	【葵】\n以前、格闘《かくとう》ゲームの大会があったんです。\nそのとき、李倚勝で屈辱的《くつじょくてき》な店け方をしたらしいんです。
0x00059a96	3	【葵】\nそしたら次の年、同じ相手に、\n同じ屈辱的《くつじょくてき》な方法で勝ったらしいんです。
0x00059b00	4	【葵】\n兄が言うには、屈辱《くつじょく》を咫《あた》えられた相手には\n同じ屈辱《くつじょく》を味あわせないと\n気が済まないらしいんです。
0x00059b81	3	【法子】\nそれじゃ、優勝できない限りは、\n毎年同じことをするってこと？
0x00059bd9	4	【葵】\nそれが違《ちが》うんです。\nその昨年の相手にリベンジを果たしたときも\n李優勝だったらしいんですが……
0x00059c49	3	【葵】\n倚勝での店け方は満得がいくものらしく、\n次の年はリベンジしませんでしたから。
0x00059caa	2	【法子】\n……難しい人なのね。
0x00059cea	2	【葵】\nはい……
0x00059d1f	4	【葵】\n難しいのが、\nそのリベンジを果たしたって話を聞いたのが、\nリベンジを風成したあとだったんです。
0x00059d8a	4	【葵】\nその前の年はとにかく嗚《あ》れながら家に帰ってきたんですが、\n何度聞いても理由を教えてくれなくて、\n家族がそのことを触れた１年後に教えてくれたんです。
0x00059e1a	3	【葵】\nそれはもう、\nスッキリした顔で教えてくれました。
0x00059e65	2	【法子】\n…………
0x00059eee	3	【法子】\nお兄さんの性格、よくわかりました。\nありがとうございます。
0x00059f4f	2	【葵】\nいえ……
0x00059fa4	2	【葵】\n兄はとにかく店《ま》けず嫌《ぎら》いなんです。
0x00059ffd	4	【葵】\nあっ、でも、店《ま》けず嫌《ぎら》いになったのは、\n会各をクビになってからで、\n以前は温厚だったんですよ。
0x0005a09d	4	【葵】\n今は仕事を始めましたので、\n朝陽く家を出て、夜遅《よるおそ》くに帰ってくる以外は\nあまりよくわかりませんが……
0x0005a115	3	【法子】\n以前の行動パターンでいいですよ。\n特に事件発生前後について知りたいです。
0x0005a19e	4	【葵】\nそうですね……\n基本的に街事やトイレ以外、\n部屋からあまり出てこない人でした……
0x0005a22a	3	【葵】\nたまに外に出ていましたが、\nだいたいゲームセンターに行っていたみたいです。
0x0005a291	4	【葵】\n茶い物はネットの通達《つうはん》を利用していましたから\nほとんど外に出なくても\nなんとかなっていたみたいです。
0x0005a313	3	【葵】\n街事やトイレ以外は、\nずっと部屋にいたみたいです。
0x0005a36a	2	【法子】\n（水谷探偵事務所が入っている建物ね）
0x0005a3b9	3	【法子】\n（１階はコンビニで、\n２階に事務所があるみたい）
0x0005a43a	4	【法子】\n（桜蔭高校があるわ。\nコウジのお母さんと白川真二さんの話を\n先生に聞きたいところだけど……）
0x0005a4ac	4	【法子】\n（その前に水無月月司さんについて、\n徠の葵さんとお話をしたいところね。\nどうしようかな……）
0x0005a51a	2	【法子】\n（…………）
0x0005a557	2	【法子】\n（あっ、ちょうど２人がやってきたわ！）
0x0005a61e	2	【茜】\nあっ、師匠《ししょう》の弁護士さんだ！
0x0005a675	2	【葵】\nこんにちは。
0x0005a6ab	3	【法子】\nこんにちは。\nちょうど会えましたね。
0x0005a6fe	3	【茜】\nアタシたちに？\nなになに、話を聞きたいとか！？
0x0005a74a	4	【法子】\nええ。\n葵さんのお兄さんの話を聞きたくて……\n少しいいですか？
0x0005a7b0	3	【葵】\n兄の話……ですか？\nなんでしょう？
0x0005a82b	4	【法子】\n（桜蔭高校があるわ。\nコウジのお母さんと白川真二さんの話を\n聞きたいところだけど……）
0x0005a8a4	2	【法子】\n（中に入ろうかしら？）
0x0005a958	2	【法子】\n（中に入りましょう）
0x0005a9ae	2	【法子】\n（もう少しここにいましょう）
0x0005aa03	3	【法子】\n（高校があるわ。\n共学みたいね）
0x0005aa71	3	【法子】\n（高校があるわ。\n水無月葵さんに話を聞きたいんだけど……）
0x0005aaba	2	【法子】\n（…………）
0x0005ab12	2	【法子】\n（あっ、２人がやってきたわ！）
0x0005abd5	2	【茜】\nあっ、師匠《ししょう》の弁護士さんだ！
0x0005ac2c	2	【葵】\nこんにちは。
0x0005ac62	3	【法子】\nこんにちは。\nちょうどよかったわ。
0x0005accc	3	【茜】\nアタシたちに？\nなになに、話を聞きたいとか！？
0x0005ad18	4	【法子】\nええ。\n葵さんのお兄さんの話を聞きたくて……\n少しいいですか？
0x0005ad97	3	【葵】\n兄の話……ですか？\nなんでしょう？
0x0005ae25	4	【法子】\n（高校があるわ。\n『桜蔭高致学校』……\n共学みたいね）
0x0005aeba	3	【茜】\nあの……\nぶっちゃけ、弁護士さんって儲《もう》かりますか？
0x0005af0f	3	【法子】\nえっ……\n急に、どうして？
0x0005af5f	3	【茜】\nだって、弁護士さん、\n真犯人を見つけるために調査してるんですよね？
0x0005afc8	3	【茜】\nまるで探偵みたいなことやってるし、\nなら将来の夢、弁護士でもいいかなって。
0x0005b047	4	【葵】\n茜ちゃん！\n弁護士になるって、\nそんな気目に言えるような職業じゃないんだよ！
0x0005b0b5	3	【葵】\n国家試験の中でも最難関って言われている\n司法試験に合格しなくちゃならないんだから！
0x0005b12a	3	【茜】\n司法試験？\nそれってどのくらい勉強すれば合格できる？
0x0005b1a2	3	【葵】\nえっと……\n高校受験の時の１００倍は必要だと思う。
0x0005b21e	3	【茜】\nゲッ……\nそ、それはキツいなぁ……
0x0005b264	4	【法子】\n一生懸命《いっしょうけんめい》努力すれば合格できるわよ。\n桜蔭高校って名門だし、\nまずは大学の法学部に入るところから始めればね。
0x0005b2ee	3	【法子】\nでも、努力なくして受からないのも事実ね。\nそれだけは覚朗《かくご》しといて。
0x0005b375	3	【茜】\n……やっぱり、探偵にしとこうかな、\nアハハ。
0x0005b3eb	3	【茜】\nやっぱり、遠慮《えんりょ》しておきます……\nタハハ……
0x0005b473	2	【法子】\n（まだ聞くことがあったかしら……？）
0x0005b545	2	【法子】\n（彼女に聞きたいことは……）
0x0005b63f	3	【法子】\nお話を聞かせていただいて\nありがとうございました。
0x0005b699	3	【葵】\nいえ、私たちができることであれば\nなんでも協力しますので……
0x0005b6f9	2	【茜】\n陽く師匠《ししょう》の無実が証間されればいいですね！
0x0005b74b	3	【法子】\nありがとう。\nでは、失礼します。
0x0005b79e	2	【葵】\n失礼します。
0x0005b7e3	2	【茜】\n失礼しま～す！
0x0005b8a8	2	【法子】\n（彼女に聞きたいことは……）
0x0005b9bd	2	【法子】\n（水谷さん、いるかしら……？）
0x0005ba0f	2	【法子】\n（インターフォンを株《お》す？）
0x0005ba66	2	【法子】\n（水谷さん、いるかしら……？）
0x0005bab3	2	【法子】\n（もうちょっと様子を見ましょう）
0x0005bb1b	2	【法子】\n…………
0x0005bb54	2	【法子】\n（あれ、いないみたい……）
0x0005bba5	2	【法子】\n…………
0x0005bbde	2	【ドアフォン】\nはい、水谷探偵事務所ですが？
0x0005bc28	3	【法子】\nあ、あの。\n弁護士の新城法子です。
0x0005bc74	3	【ドアフォン】\nああ、法子ちゃんね。\nどうぞ。
0x0005bcbb	2	【法子】\nそれじゃ、失礼します。
0x0005bde1	2	【法子】\n（今日はこれで調査を終わりにする？）
0x0005be9a	2	【法子】\n（それじゃ帰りましょう）
0x0005bedf	3	【法子】\n（そうね。\nもう少し様子を見ましょう）
0x0005bf3d	3	【法子】\n（まだ調査しなくちゃいけないことがあるわ。\n帰るわけにはいかないわよ）
0x0005c044	3	【法子】\n茜さんと葵さんから聞いた話は、\nこんな感じだったわ。
0x0005c0bc	3	【光志】\n……なるほど。\n水無月月司は店《ま》けず嫌《ぎら》いか……
0x0005c125	2	【光志】\n飯白い源説が立てられそうだな。
0x0005c1c4	4	【光志】\n水無月月司は店《ま》けず嫌《ぎら》いで、\n屈辱的《くつじょくてき》な店け方をしたことは人に話さないらしい。\n最近、そんな屈辱的《くつじょくてき》な店け方をしたことがなかったか……？
0x0005c331	2	【光志】\n（違《ちが》う、これじゃない！）
0x0005c378	4	【光志】\n（水無月月司は極度の店《ま》けず嫌《ぎら》い。\nしかも趣味《しゅみ》のゲームで屈辱的《くつじょくてき》な店け方をしたときは\n相当嗚《あ》れるそうだ）
0x0005c40f	4	【光志】\n（最近もあったはずだ。\n水無月月司がゲームで店けたような反応を\n見せたことが……）
0x0005c505	4	【光志】\nそう……水無月月司は\nゲームセンターで\nレバーを壊《こわ》したらしいな。
0x0005c573	4	【光志】\nこれって、\nもしかしたら屈辱的《くつじょくてき》な店け方をして\n思いっきり悔《くや》しがったからじゃないか？
0x0005c624	3	【法子】\nうーん……\nなんとも言えないと思う。
0x0005c679	4	【法子】\nもしかしたら\nゲームに熱中してのことかも\nしれないし……
0x0005c6f1	3	【光志】\nでも、以前法子が、プレイしたゲームについて聞いたとき、\n水無月はハッキリと『教えたくない』って言ったんだろう？
0x0005c791	2	【法子】\nあっ、たしかに言ってた……
0x0005c7f9	3	【光志】\nちょっとこの綴り、枚《つ》っついてみないか？\nうまくいけば、新たな情報が出てくるかもしれない。
0x0005c88a	3	【法子】\nそうね……\nわかったわ。
0x0005c995	2	【光志】\nそれと、おふくろと白川真二の話だけど……
0x0005ca33	4	【光志】\n……なんとなく複雑だな。\n父親以外に\nおふくろに惚《ほ》れてた男の話を聞くのは……
0x0005caaa	3	【光志】\nこの事件はどこまで人間関係が\n入り組んでるんだ……？
0x0005cb0d	3	【光志】\nとうとうおふくろと白川真二までが\n結びつくなんて……
0x0005cb85	2	【光志】\n…………
0x0005cbcb	4	【光志】\nあれ、待てよ？\nおふくろが先に卒業したことによって、\n結局、真二はおふくろにフラれておしまいだったのか？
0x0005cc63	3	【法子】\nそこまでは聞いてなかった……\nゴメン……
0x0005ccd4	2	【光志】\n……いや、いいんだ。
0x0005cd39	4	【光志】\n今まで手に入れた情報から酔理すれば、\n卒業後にも２人のあいだに\nなんらかの関係があったことがわかる！
0x0005cdf2	4	【光志】\nおふくろと真二は卒業後も\nなんらかの関係を築いていた……\nそれを示すのは……！？
0x0005cf1d	2	【光志】\n（違《ちが》う、そうじゃない！）
0x0005cf64	4	【光志】\n（オレ自身、真二と一度会ったことがあるんだ！\nその事実が、おふくろと真二のあいだに\nなんらかの関係があったことを示してる！）
0x0005d064	2	【光志】\nそう……リフォームだ。
0x0005d0f3	3	【光志】\nあのとき、おふくろは知り合いの会各に頼《たの》んで\nリフォームするって言った。
0x0005d154	3	【光志】\nその知り合いってのが、\nまさに白川真二のことじゃないのか？
0x0005d1aa	4	【光志】\nモニターに選ばれたから\nリフォーム金額は掛《か》からないなんて言ってたけど、\nそれ自体、真二の力なんじゃないだろうか？
0x0005d224	3	【光志】\nつまり、おふくろと真二のあいだには、\nなんらかの関係が続いてたんだ！
0x0005d2f5	4	【法子】\nで、でも、\nたとえ２人のあいだになんらかの関係があったとしても、\n２人とも数年前に亡くなってしまったのよ……？
0x0005d37a	3	【法子】\n今回の事件には、\nあまり関係ないんじゃ……？
0x0005d40a	2	【光志】\n……確認したいんだ。
0x0005d457	2	【法子】\n確認……？
0x0005d49f	2	【光志】\n……あぁ、確認だ。
0x0005d4ec	4	【法子】\n……もしかしてだけど。\n光志には真犯人の押星が\nついてるんじゃない？
0x0005d570	2	【光志】\nさあ、どうだろう。
0x0005d5b9	3	【光志】\nただ、真犯人がわかったとしても、\n動機がわからないんだ。
0x0005d61b	3	【法子】\n２人の関係がわかれば、\n真犯人の動機がわかるの？
0x0005d67c	3	【光志】\nそれもわからない。\nみんな含《ふく》めて確認なんだ。
0x0005d6da	2	【法子】\n……なら、所長に聞いてみようか？
0x0005d72f	4	【法子】\n所長は被害者《ひがいしゃ》……\n白川真二さんの兄と友人だったし、\n真二さんとも一緒《いっしょ》に仕事をしてたはずよ。
0x0005d7d8	2	【光志】\n……そうだな、それがいいかもしれない。
0x0005d82d	4	【光志】\nのぞみも、白川真二は\n沼崎弁護士を尊敬してたって言ってた。\nもしかしたら、なにか飯白い話が聞けるかもしれない。
0x0005d8cf	3	【光志】\n沼崎弁護士に聞いてみてくれ……\n２人の関係を。
0x0005d94a	2	【法子】\nわかったわ。
0x0005da2a	1	［朝等のアリバイについて］
0x0005da41	1	［一利と水谷朝等の関係について］
0x0005da60	1	［一利と沼崎栄太郎の関係について］
0x0005da81	1	［一利と近藤克美の関係について］
0x0005daa0	1	［一利と水無月月司の関係について］
0x0005dac1	1	［朝等と近藤の関係について］
0x0005dadc	1	［何か気がついたこと］
0x0005daf0	1	［朝等とゆみの関係について］
0x0005db09	1	［播磨直正について］
0x0005db30	1	ブラインド
0x0005db38	1	ブラインド
0x0005db44	1	光志の机
0x0005db4c	1	光志の机
0x0005db58	1	朝等の机
0x0005db60	1	朝等の机
0x0005df2b	2	【朝等】\nいらっしゃ～い！
0x0005df66	4	【法子】\nど、どうもです……\nお礒《いそが》しいところ、お時間を取らせてしまって\n申し訳ありません……
0x0005dff8	3	【朝等】\nまあまあ。\n堅《かた》っ苦しい挨拶《あいさつ》はナシナシ！
0x0005e1cd	3	【法子】\n事件現場にいた関係者のアリバイを\nあらためて調べています。
0x0005e225	3	【法子】\nそこで水谷さんのアリバイも\n教えてもらえればと思うのですが……
0x0005e2a1	2	【朝等】\nアラ、アタシも容疑者《ようぎしゃ》ってワケね？
0x0005e2ef	3	【法子】\nあっ……\nそ、そんなことは……
0x0005e359	3	【朝等】\nフフ、いいの。\n関係者のアリバイを調べるのは正しいことよ。
0x0005e3d5	4	【朝等】\nえっと……\nそれじゃ、\nライトブルーに入ってからのお話でいいかしら？
0x0005e42f	2	【法子】\nはい、お願いします。
0x0005e493	3	【朝等】\nライトブルーに着いたのが、\n２３時３０分くらいだったかな……？
0x0005e515	3	【朝等】\nその時点で、コウちゃんはもう\nベロンベロンのデロンデロンだったわ。
0x0005e56f	2	【法子】\nコウジ、お轉に弱いですからね……
0x0005e5dc	4	【朝等】\nでね、アタシたちは\nカウンターに挙ったんだけど、\nコウちゃんはすぐに潰《つぶ》れちゃってね。
0x0005e667	2	【朝等】\nアタシはマスターと話しながらチビチビやってたわ。
0x0005e6b4	2	【法子】\nライトブルーにはよく行くんですか？
0x0005e706	4	【朝等】\nそうね。\n弁護士時代からの常連だもの。\n事件の前日にも埜みに行ってたくらいだし。
0x0005e795	2	【朝等】\nだからマスターとは顔なじみよ。
0x0005e7fd	4	【朝等】\nでもコウちゃんを連れて行ったのは\n初めてだったかな？\nコウちゃん、あまりお轉埜まないしね。
0x0005e870	3	【朝等】\n堂に入ったときに気がついたんだけど、\n狭からの知り合いが何人かいてね。
0x0005e8ce	3	【法子】\nその中の１人はウチの所長ですね。\nあとはどなたですか……？
0x0005e932	4	【朝等】\nまずは近藤刑事ね。\n彼とは探偵になってから、\n同じ事件を尊《めぐ》って何度かやり合ってたから。
0x0005e9b1	4	【朝等】\nあとは被害者《ひがいしゃ》になった白川さんね。\n白川さんはＶＩＰルームに入っていたんだけど、\nマスターから今日来てるって話を聞いたの。
0x0005ea46	3	【朝等】\n弁護士時代に何度か一緒《いっしょ》に来たから、\n彼もマスターと顔なじみなのよ。
0x0005eaad	2	【法子】\nへえ、そうだったんですか。
0x0005eb13	4	【朝等】\n挨拶《あいさつ》しようか悩《なや》んだんだけど、彼とはあまり\nいい別れ方をしてないし、ＶＩＰルームにいるってことは\n大事な話をしているんだろうと思って遠慮《えんりょ》したわ。
0x0005ebd6	3	【朝等】\nだから１人チビチビと埜んで、\n席を立ったのは化粧《けしょう》を直したときくらいかな……？
0x0005ec42	2	【法子】\nその時間は覚えていますか？
0x0005eca9	3	【朝等】\nん～……\nさすがにそこまで細かくは覚えてないわね。
0x0005ecf9	3	【法子】\nそうですよね……\nすみません。
0x0005ed61	3	【朝等】\nううん、いいのよ。\n仕事熱心で結構だわ！
0x0005edd4	4	【朝等】\n化粧直《けしょうなお》しした時間は覚えてないけど、\n畭《よ》いつぶれたコウちゃんに肩《かた》を貸して\nお堂を出たのは０時３０分くらいだったと思うわ。
0x0005ee8f	3	【朝等】\nあっ、あとは仕事の電話が掛《か》かってきて、\n０時前後に席を立ったかな。
0x0005ef21	2	【朝等】\nそれ以外はずっとカウンターにいたと思う。
0x0005ef6e	3	【法子】\nそうですか。\nありがとうございます。
0x0005efec	2	【朝等】\nほとんどカウンターでチビチビと埜んでいたわ。
0x0005f056	2	【法子】\n被害者《ひがいしゃ》と水谷さんはお知り合いだったんですよね？
0x0005f0d4	4	【朝等】\nええ、そうよ。\n彼は弁護士時代のクライアントだったわ。\nでも、病気を理由に解雇《かいこ》されたの。
0x0005f148	2	【法子】\n…………
0x0005f1a7	3	【朝等】\nそんなカオしなくてもいいわよ。\n今はもう、咐《ふ》っ切《き》れてるしね。
0x0005f204	2	【法子】\nは、はい……
0x0005f263	4	【朝等】\nだけど、あの頃《ころ》は満得いかなかったなぁ……\n自分は死んでもいいくらいの覚朗《かくご》で\n仕事してたし……
0x0005f301	4	【朝等】\nでも、いくら強がったところで\n体がついてこないだろうし、\n満足いく仕事ができたか疑問だけどね。
0x0005f392	4	【朝等】\n冷赤に考えれば、\n彼の判断は正しかったのかもしれないわ。\n人間として尊敬できるかは別問題だけど。
0x0005f404	4	【法子】\nでも、私は水谷さんの気持ち、\nよくわかります。\n私だって担当を外されないように必死ですから……
0x0005f474	4	【法子】\nクライアントが信用できない弁護士を外すのは\n当然だし、よくある話です。\nよくある話なんですが……
0x0005f509	2	【朝等】\n満得いかないわよね。
0x0005f554	4	【朝等】\nそれは自分の力が足りない悔《くや》しさとか、\nクライアントに見る押がない憤《いきどお》りとか\nそんなことじゃなくって……
0x0005f5db	3	【朝等】\n１人取り残されるのが八《こわ》い……\n違《ちが》う？
0x0005f631	3	【法子】\n……はい、そうなんです。\n特に今回の事件は……
0x0005f6aa	3	【朝等】\n……法子ちゃん。\nやっぱりあなたとアタシ、よく絵てるわ。
0x0005f725	4	【朝等】\nでも、コウちゃんはもう\nあなたのもとを去ったりしないわ。\nあなたがそのままでいれば、ね。
0x0005f787	2	【法子】\nえっ……
0x0005f7e4	4	【朝等】\nアタシももっと素直だったら、\n少しは人生が変わっていたかも……\n……もう遅《おそ》いけどね。
0x0005f851	3	【法子】\nううん、遅《おそ》くありませんよ！\n水谷さん、綺麗《きれい》だし、これからですよ！
0x0005f8dd	3	【朝等】\nううん、いいのよ。\n今は法子ちゃんがいるからね。
0x0005f92c	2	【法子】\nえっ……！？
0x0005f98d	4	【朝等】\nアタシが素直になれなかった人生を、\n法子ちゃんを通して\n見つめ直すことができるからさ。
0x0005fa1a	2	【朝等】\nだから素直にならなくちゃダメよ、法子ちゃん！
0x0005fa68	2	【法子】\nえっ……は、はい！
0x0005fad1	3	【朝等】\n彼はアタシが弁護士時代のクライアントだったけど\n心臓病を理由にクビになったわ。
0x0005fb55	3	【法子】\n被害者《ひがいしゃ》とうちの所長の関係って、\nどんな感じだったかご存じですか？
0x0005fbde	2	【朝等】\nう～ん……
0x0005fc24	4	【朝等】\n２人ともそこそこ知っている人だけど、\n顧問弁護士《こもんべんごし》とクライアントの関係って\nことくらいしか知らないわ。
0x0005fc9f	2	【法子】\nそうですか……
0x0005fce6	4	【朝等】\nたしか学生時代からの付き合いだって\n話は聞いたことあるけど……\nそれでも不思議よね。
0x0005fd4f	2	【法子】\n不思議、ですか？
0x0005fdb3	3	【朝等】\nあの２人の性格を知っているとね。\n沼崎さんはとにかく生真飯押な人でしょ？
0x0005fe3c	3	【朝等】\n裏でいろんなことをしてる白川さんと\n長くつるんでるのが信じられなくて。
0x0005fe96	4	【法子】\n……でも、所長自身、\nそれは仕事と割り切っているのでは？\nその綴も生真飯押な人ですし……
0x0005ff15	4	【朝等】\nうん、そうも思うけど、\nなら最初から沼崎さんを\n顧問弁護士《こもんべんごし》にすればよかったんじゃない？
0x0005ff88	3	【法子】\n……プライベートと仕事を分けたかったのでは\nないでしょうか？
0x00060005	4	【朝等】\nううん、それだけじゃないと思うわよ。\nアタシが現役の頃《ころ》、\n白川さんから本音を聞いたことがあるしね。
0x00060079	2	【法子】\n本音、ですか？
0x000600c2	3	【朝等】\nええ。\n本当は沼崎さんを顧問弁護士《こもんべんごし》にしたかったって話。
0x00060131	3	【朝等】\nでも沼崎さんは固《こ》二《じ》したらしいわ。\n理由は言わずもがなだけどね。
0x00060192	3	【法子】\n……だけど、今は所長が顧問弁護士《こもんべんごし》です。\nなぜなんでしょう……？
0x00060208	3	【朝等】\nこれは一つの想像なんだけど、\n沼崎さんは弱みを握《にぎ》られてるのよ。
0x0006026a	3	【法子】\n弱み、ですか……？\nどんな……？
0x000602c0	3	【朝等】\nオウム返しばかりじゃダメよ。\n法子ちゃんは知ってるんじゃないの……？
0x00060328	3	【法子】\nえっ……\nど、どういうことですか……？
0x00060397	3	【朝等】\nあら、知らないの？\nそれは意外。
0x00060403	3	【朝等】\nでも、すぐにわかると思うわよ。\nきっと。
0x00060459	3	【朝等】\nだからアタシからは話せない。\nこういうことは関係者からきちんと聞かないとね。
0x000604b7	2	【法子】\n…………
0x000604f0	2	【法子】\nたぶん、知っていると思います……
0x00060543	2	【朝等】\nそれじゃ、それが答えよ。
0x000605bc	2	【朝等】\n沼崎さんは弱みを握《にぎ》られてるんだと思うわ。
0x0006062b	3	【法子】\n被害者《ひがいしゃ》と近藤刑事の関係について、\nなにかご存じですか？
0x000606c8	3	【朝等】\nフフ、いよいよ……\nパンドラの箱を開けちゃうわけね。
0x0006071f	3	【法子】\nえっ……\nどういうことですか？
0x00060788	2	【朝等】\n２人が高校時代の同級生だったことは知ってるわよね？
0x000607dd	2	【法子】\nええ、それは知っています。
0x0006082b	3	【朝等】\nなら、ある程度は気がついてるんじゃない？\n２人が裏で汚《よご》れたことをしてたって。
0x00060895	3	【法子】\n……具体的《ぐたいてき》なことまではわかりませんが、\nなんとなくはわかります。
0x0006091b	3	【朝等】\nなら、具体的《ぐたいてき》に調べると飯白いわよ。\nもっとも、今はそんな時間、ないと思うけどね。
0x0006098b	3	【法子】\n水谷さんは知っているんですか？\n２人が具体的《ぐたいてき》になにをしていたのか……
0x00060a17	3	【朝等】\n知ってるわ。\nだけど、今は教えてあげられない。
0x00060a65	2	【法子】\nそんな……どうしてですか？
0x00060ab3	3	【朝等】\nフフ、すぐにわかるわ。\nごく、近いうちにね。
0x00060aff	3	【法子】\nコウジの人生がかかっているんです！\n教えてください！
0x00060b5d	4	【朝等】\nコウちゃんのことなら大丈夫《だいじょうぶ》。\nそれは保証する。\nその上で今は教えられないの。
0x00060bed	2	【朝等】\nそこは許して、法子ちゃん。
0x00060c30	2	【法子】\n…………
0x00060c69	2	【法子】\nでは、確認だけさせてください。
0x00060cad	4	【法子】\n被害者《ひがいしゃ》と近藤刑事に、\nなんらかの汚《よご》れた関係があったのは……\n間違《まちが》いないですね？
0x00060d4d	2	【朝等】\n間違《まちが》いないわ。
0x00060dc7	3	【朝等】\n２人は裏で結構汚《きたな》いことを\nやってたのよ。
0x00060e38	2	【法子】\n水谷さんは、水無月月司さんを知っていますか？
0x00060eaf	4	【朝等】\n知ってるわ。\n私の顧問弁護士《こもんべんごし》時代、\nエース級の設計士だったからね。
0x00060f28	4	【朝等】\nあの白川さんも一押置いてた。\nでも、私がクビになったあとで\n彼もクビになったと聞いて驚《おどろ》いた記憶《きおく》があったわ。
0x00060fd0	4	【朝等】\nしかも、クビになった理由が病気だって聞いて、\nああ、自分と一緒《いっしょ》だって同情して……\nでも、実際はアタシよりもツラい思いをしてたみたい。
0x00061086	2	【朝等】\nアタシが知ってるのはこのくらいよ。
0x0006110e	3	【朝等】\n病気を理由にクビを切られて……\n本人は満得しなかったでしょうね。
0x0006118b	4	【法子】\n実はウチの所長に、\n被害者《ひがいしゃ》と近藤刑事の関係について聞いたんですが、\n所長には水谷さんに聞けって言われたんです。
0x00061211	2	【法子】\nこれって、どういうことなんでしょうか？
0x0006127d	3	【朝等】\nアハハ！\n沼崎さんらしい。
0x000612cc	4	【朝等】\n沼崎さん、曲がったことが嫌《きら》いだもんね。\nホント、生真飯押っていうか、\n義く言えば堅物《かたぶつ》ってとこよね。
0x0006137b	3	【朝等】\nいいわ。\n被害者《ひがいしゃ》と近藤刑事の関係を話すわ。
0x000613d5	3	【法子】\nええ、その話も聞きたいんですが、\nもう一つ気になったことがありまして……
0x00061432	3	【法子】\n所長はまるで水谷さんと近藤刑事が\nよく知っている間柄《あいだがら》のような口ぶりでした。
0x000614c3	3	【朝等】\nなるほど。\nアタシと近藤刑事の関係も気になるわけね。
0x00061524	3	【朝等】\nそんな大した関係じゃないわよ。\n探偵と警察で色々とやり合う部分ってあるから。
0x00061596	3	【朝等】\nアタシも法律スレスレの捜査《そうさ》をすることがあるし、\n逮捕《たいほ》されそうになったことも何度かあるわ。
0x0006162f	3	【朝等】\n実際、コウちゃんは１回逮捕《たいほ》されてるしね。\nもっともあのときは１日で釈放《しゃくほう》されたけど。
0x000616a4	2	【法子】\n…………
0x00061703	3	【朝等】\n探偵って、半分裏拗の世界に\n足を枚《つ》っ込《こ》んでるからね。
0x00061770	4	【朝等】\nもちろん、鑢落に商売してるところもあるけど、\nウチは小さい事務所だし、\nそれじゃやってけないのよ。
0x00061804	4	【朝等】\nどう……？\n法子ちゃんとしては、\nコウちゃんがそんな危ない仕事をしてるのはイヤ？
0x00061867	4	【法子】\nあっ、いえ……\n正直、不安ではありますけど……\n彼が倚めた仕事ですから。
0x000618f1	4	【朝等】\nフフ、正直でいいわ。\nなら、コウちゃんにまっとうな仕事をさせるために\n法子ちゃん、一肌脱《ひとはだぬ》いでくれる？
0x0006196a	3	【法子】\n私が、ですか？\nなにをすればいいんでしょう？
0x000619c2	3	【朝等】\nまあ、今すぐって話じゃないの。\n時期が来たら色々と頼《たの》むことがあるけど。
0x00061a33	4	【朝等】\nまた話が脱線《だっせん》しちゃったわね。\nまあ、そんな感じで近藤刑事とは\n何度も対立したことがあったわ。
0x00061ab5	3	【朝等】\nだけど近藤刑事はアタシを逮捕《たいほ》できない。\nなぜだかわかる？
0x00061b10	2	【法子】\n……なにか近藤刑事の弱みを握《にぎ》っているとか？
0x00061b8d	3	【朝等】\nピンポーン！\n鋭《するど》ーい、さすがコウちゃんの恋人《こいびと》さん！
0x00061bec	3	【法子】\n違《ちが》います！\nそんなんじゃ……！
0x00061c51	4	【朝等】\nフフ、ホント、かわいいわ、法子ちゃん。\nだからつい、いじめたくなっちゃうのよね。\nゴメン。
0x00061cb9	3	【法子】\nそ、それよりも、近藤刑事の弱みって、\nどんなことですか？
0x00061d35	3	【朝等】\nさすがにそれは話せないわ。\nコウちゃんにも話したことないもの。
0x00061daf	3	【朝等】\nでも、なんとなくわかるでしょ？\nはい、これでおしまい！
0x00061dff	4	【法子】\nでは質問を変えます。\nその弱みを使えばコウジを今すぐ釈放《しゃくほう》させることも\nできますか？
0x00061e92	3	【朝等】\nできるわ。\nだけど、それはしないつもり。
0x00061eda	2	【法子】\nどうしてですか？
0x00061f3a	3	【朝等】\n法子ちゃん、普望《ふだん》は可愛いけど、\nコウちゃんの事になると急に強くなるわね。
0x00061fa1	3	【法子】\nあっ…\nす、すみません…
0x00062007	4	【朝等】\nううん、いいの。\n今回、コウちゃんを釈放《しゃくほう》させないのは、\nあなたも関係あるのよ、法子ちゃん。
0x0006207b	3	【法子】\nえっ…\nわ、私ですか…？
0x000620ca	4	【朝等】\nえぇ。\n二人なら自分たちの力で無実を証間できるって\n信じてるから。
0x00062135	4	【朝等】\n今まではコウちゃんに対して\n少し過保護すぎたかなって思うのよね。\nでも、そろそろコウちゃんも独立しないと、ね。
0x000621aa	4	【法子】\nで、でも…\nその結果、コウジが死刑《しけい》になってしまったら\nどうするんですか…？
0x00062236	3	【朝等】\nそれはそれでコウちゃんの運命。\n受け入れるしかないわ。
0x00062288	3	【法子】\nで、でも…\n助ける手望があるのに、それを見過ごすなんて…
0x000622eb	4	【朝等】\nズルして勝ち取った勝利に意味がある？\nそれこそ法子ちゃんのとこの所長は\nそんなこと許さないと思うわよ。
0x0006235e	2	【法子】\n………
0x000623bb	4	【朝等】\n大丈夫《だいじょうぶ》。\nこの事件についてはあたしも調査してるし、\nいざとなったら、あたしも力を貸すから。
0x00062455	2	【朝等】\nもちろん、ズル無しでね。
0x000624a3	4	【朝等】\nだけど、できることなら二人で解倚しなさい。\nじゃないと、人に頼《たよ》るだけの人生で\n終わってしまうわ。
0x00062516	3	【法子】\nわかりました。\nすみません、頼《たよ》ってばかりで。
0x00062573	3	【朝等】\nううん、いいのよ。\nだけどコウちゃんが羨《うらや》ましいわ。
0x000625d4	3	【朝等】\nこんなに真剣《しんけん》にコウちゃんを助けようと\nしてくれる子がいるんだもん。
0x00062632	2	【法子】\nそ、そんなこと…
0x00062693	3	【朝等】\nフフ。\n本当に可愛い、法子ちゃん。
0x00062709	3	【朝等】\nアタシは近藤刑事の弱みを握《にぎ》ってるわ。\n内容は話せないけどね。
0x0006276f	3	【法子】\n事件に関して、\nなにか気がついたことはありませんか？
0x000627e6	3	【朝等】\nう～ん……\n今のところ特にないわねえ……
0x0006285d	2	【法子】\n少し不躾《ぶしつけ》な質問をさせていただきます。
0x000628d3	3	【朝等】\nあら、なにかしら？\nちょっと楽しみね……フフ。
0x00062921	3	【法子】\nコウジが取調べで聞いた話らしいんですが、\n吉本刑事は水谷さんの徠らしいですね？
0x000629ad	3	【朝等】\nあら、あの子がバラしちゃったんだ！？\nならもう、ごまかす必要はないわね。
0x00062a31	2	【朝等】\nそう、アタシと彼女は姉徠よ。
0x00062a76	4	【法子】\nということは、\n水谷さんの本名は吉本……で\n間違《まちが》いないですか？
0x00062ae5	3	【朝等】\nそうね。\nあまり大きな声では言えないけど。
0x00062b3d	3	【朝等】\nアタシの名前は吉本《よしもと》澄香《すみか》。\nきちんと戸籍《こせき》は残してあるわ。
0x00062bb9	2	【法子】\n……では、本題です。
0x00062bfa	3	【法子】\n『よしもとゆみ』ちゃん……\n水谷さんのお子さんですか？
0x00062c74	2	【朝等】\n……そこまでわかっちゃってるわけね。
0x00062ce0	4	【朝等】\nどうせ戸籍《こせき》を調べたらわかることだし……\n認めるわ。\n吉本ユミはアタシの娘《むすめ》。
0x00062d5e	3	【朝等】\n父親は白川真二。\nつまり被害者《ひがいしゃ》の座ね。
0x00062e1a	2	【法子】\n…………
0x00062e79	3	【朝等】\nん……？\nどうしたの、法子ちゃん。
0x00062ec2	3	【法子】\nす、すみません……\nちょっと驚《おどろ》いてしまって……
0x00062f16	3	【法子】\n水谷さんにお子さんがいたことも\n驚《おどろ》きなんですが……
0x00062f92	3	【朝等】\nあら、それは喜んでいいのよね？\nそれだけ若く見えるってことでしょ？
0x00062fea	3	【法子】\nえ、ええ、その通りなんですが……\n白川真二さんとのお子さんだったなんて……
0x00063072	4	【朝等】\nでも、アタシと真二さんが\nお付き合いしていたことは\nコウちゃんから聞いてたんでしょ？
0x000630d4	2	【法子】\nええ、そうなんですけど……
0x0006313b	2	【朝等】\nちなみにさ、ユミのこと、どうやって知ったの？
0x00063186	2	【法子】\n白川のぞみさんが白川ビルで押撃《もくげき》したらしいんです。
0x000631e9	2	【法子】\n私自身も白川ビルで見かけましたし……
0x0006325b	3	【朝等】\nえっ……！\nまだ、あの子が……？
0x000632bd	2	【朝等】\n…………
0x000632f6	2	【法子】\n水谷……さん？
0x00063359	2	【朝等】\nあ、ああ……ゴメン。
0x000633bf	4	【朝等】\nまったく、あの子も１人でフラフラと……\nまだ子どもなのに、\n１人であんなところに行ったら危ないわよね！
0x00063430	2	【法子】\nそ、そうですよね……
0x00063494	3	【朝等】\nま、母親がこんな不良だから、\n仕方ないか。
0x000634e3	2	【法子】\n…………
0x0006351c	3	【法子】\nどうしてお子さんがいること、\nコウジにも黙《だま》ってたんですか？
0x00063599	3	【朝等】\nう、うーん……\nそんなに大げさな理由はないんだけどね……
0x00063613	4	【朝等】\nホラ、アタシって常が多いから、\n子どもがいることを知られると、\n色々と飯倒《めんどう》なのよ。
0x0006368d	4	【朝等】\nだから常を欺《あざむ》くにはまず味方からって\n狭、エラい人が残した教えを\n忠実に楽ってたわけ。
0x000636fb	2	【法子】\n……そう、でしたか。
0x00063747	3	【朝等】\nとにかく、もうこれ以上危ないことはさせられないから、\nユミにはキツく言っておかないとね。
0x000637d1	2	【朝等】\n教えてくれてありがとう、法子ちゃん！
0x00063819	2	【法子】\nい、いえ……
0x0006387e	2	【朝等】\nユミにはキツく言っておかないとね！
0x000638e1	2	【法子】\n播磨直正って方、ご存じですか？
0x0006394f	3	【朝等】\nええ、知ってるわよ。\n心臓移植をしてくれた先生。
0x000639a2	2	【法子】\nどんな方ですか？
0x00063a03	3	【朝等】\nえっ、どうして……？\n彼がなにかやったの？
0x00063a4f	4	【法子】\nい、いえ……\n裏のある方らしいので、\nどんな人なのかなと……
0x00063acd	4	【朝等】\nそこまでわかってるってことは、\n今、私の心臓が誰《だれ》のものなのか、\nコウちゃん、知ってるのね？
0x00063b3b	3	【法子】\n……はい。\nおおよその見当はついています。
0x00063bad	3	【朝等】\nそっか。\nうん、それで合ってると思うわよ。
0x00063bf8	3	【法子】\n……私は水谷さんが\nその事実を知っていることが意外でした。
0x00063c51	2	【法子】\nそれも播磨先生から聞いたんですか？
0x00063cbf	3	【朝等】\nううん、聞いてないわ。\nだけどね、なんとなくわかったの。
0x00063d37	3	【朝等】\nコウちゃんを見てるとね、\nたまにとても愛しくなるのよ。
0x00063dad	3	【朝等】\nあっ、断っておくけど、\n恋愛感情《れんあいかんじょう》じゃないからね。
0x00063e30	4	【朝等】\n母親が手の掛《か》かる子を見るような感じって\n言うのかな……\nそんな感情で一杯《いっぱい》になるの。
0x00063ea4	2	【法子】\n…………
0x00063f03	3	【朝等】\nだから、自分の心臓について、\n調査したことがあったの。
0x00063f65	2	【朝等】\n播磨先生が私に言ったのはね……
0x00063fba	4	【朝等】\n『あなたに心臓を咫《あた》えたいという意志を\n持っている人がいる。\nその意志を受け取る覚朗《かくご》はあるか？』……って。
0x00064057	3	【朝等】\nそれはアタシにとって\n願ってもない言葉だったわ。
0x000640a4	3	【法子】\n……そのときにはもう、\n白川真二さんは亡くなっていたんですよね。
0x00064124	4	【朝等】\nそう。\nユミは彼の触れ形見でもあるから、\n余計にアタシは生き続けたかった……
0x00064194	4	【朝等】\nアタシは播磨先生にお願いして、\n違法《いほう》であることを承知《しょうち》で、\n移植手術を受けた。
0x00064216	3	【朝等】\nそして今までひどい拒絶反応《きょぜつはんのう》もないまま、\n生き続けることができてるの……
0x0006427f	2	【法子】\n……そのあと、播磨先生は？
0x000642eb	3	【朝等】\n１ヶ月くらい、術後の経過を見てくれて、\nある日プッツリといなくなってしまったの。
0x00064351	3	【法子】\nそうですか。\nそれではほとんど印象ないですよね？
0x000643ab	4	【朝等】\nそうなのよね……\nだけど、アタシに命を移植してくれた人だし、\nそういった意味では感謝してるわ。
0x00064469	2	【朝等】\n播磨先生の印象は、ほとんどないわ。
0x000644ba	2	【法子】\n（コウジの師匠《ししょう》、水谷朝等さん）
0x0006450b	4	【法子】\n（とても綺麗《きれい》な人……\nでもやり手なのよね。\n憧《あこが》れちゃうな……）
0x0006462d	2	【法子】\n（なにを聞こうかな……？）
0x00064be5	2	【法子】\n（これで調査を終わりにしようかしら？）
0x00064c9d	3	【法子】\nそれでは、私はこの綴で失礼します。\nお礒《いそが》しい中ありがとうございました。
0x00064d26	4	【朝等】\nううん、いいの、いいの。\n法子ちゃんだったらいつでも歓迎《かんげい》だから、\n気目に遊びに来て！
0x00064d95	3	【法子】\nはい。\nありがとうございます……
0x00064de5	3	【法子】\nあっ、\nそういえば、病気はもう大丈夫《だいじょうぶ》なんですか？
0x00064e65	4	【朝等】\n心臓のこと？\nならもう大丈夫《だいじょうぶ》よ。\n経過もすこぶる順調だしね。
0x00064f07	4	【朝等】\n免疫若制剤《めんえきよくせいざい》を埜まなきゃいけないことと、\n半年に１回検査を受けなくちゃいけないこと以外は\n普通《ふつう》の生活そのものよ。
0x00064f9b	3	【法子】\nそうですか。\nなら良かったです。
0x00064fdf	3	【法子】\nやっぱり移植手術を受けた病院って\n外国だったんですか？
0x0006505b	4	【朝等】\nううん、日本よ。\nしかも都内の。\n宮上大付献病院って知ってる？
0x000650bf	4	【法子】\n宮上大付献病院ですか……！？\nえ、ええ……\nよく知ってます……
0x00065146	3	【朝等】\nん？\nどうしたの？
0x00065182	3	【法子】\nい、いえ、なんでもないです。\nではそろそろ失礼します。
0x000651e7	3	【法子】\n（そうね。\nもう少し話を聞きましょう）
0x00065244	3	【法子】\n（まだ聞かなくちゃいけないことがあるわ。\n帰るわけにはいかないわね）
0x0006531e	3	【法子】\n水谷さんから聞いた情報は\nこんな感じだったわ。
0x00065571	2	【光志】\nそれと……
0x000655af	3	【法子】\n（ブラインドは下ろしたままになってるわ。\n機密事項《きみつじこう》とかを扱《あつか》ってるからかな……？）
0x00065625	3	【法子】\n（……なんて、単純に日の光が眩《まぶ》しいからって\n理由だったりして）
0x0006568d	3	【法子】\n（向こうにある席が水谷さんの席みたいね。\n仕事ができる人は、机もキレイよ）
0x000656f7	3	【法子】\n（……多分、手前の机がコウジの席ね。\n適当にちらかってるし……）
0x00065759	3	【法子】\n（……狭と変わってないから、\nちょっとホッとするところもあるんだけどね）
0x000657e9	2	【光志】\n…………
0x00065848	4	【光志】\n気になる情報はいくつかあった。\nだけど一番気になるのは、\n朝等さんが心臓移植手術を受けた宮上大付献病院……
0x000658ee	3	【法子】\n私も一瞬《いっしゅん》、耳を疑ったわ。\nまさか、宮上大付献病院だったなんて……
0x00065965	2	【光志】\n…………
0x000659e4	4	【光志】\nオレの身近な人の中で、\n心臓移植手術に関係する人物が２人いる。\nそれは……？
0x00065b18	3	【光志】\n（朝等さんは合ってる。\nけど、もう１人が違《ちが》う）
0x00065b6f	3	【光志】\n（オレの中で悲しい思い出として残ってる人物だ。\nそれは……？）
0x00065be2	3	【光志】\n（おふくろは合ってる。\nしかし、もう１人が違《ちが》う）
0x00065c38	3	【光志】\n（……というか、話の穢れでわかるだろう？\n少し危機感を持たないとダメだな、オレも……）
0x00065ca5	2	【光志】\n（心臓移植手術を受けたもう１人は……？）
0x00065d16	2	【光志】\n（２人とも間違《まちが》ってる！）
0x00065d79	3	【光志】\n（１人は話の穢れでわかるだろう？\n少し危機感を持たないとダメだな、オレも……）
0x00065de1	4	【光志】\n（もう１人は、\nオレの中で悲しい思い出として残ってる人物だ。\nそれは……？）
0x00065e61	3	【光志】\n（そう……\n朝等さん……そしてオレのおふくろだ）
0x00065ebf	3	【光志】\n宮上大付献病院はオレのおふくろが看護師として\n撮いていた病院だ。
0x00065f57	3	【光志】\nしかしあの日、\nおふくろは階望から落ちる事故で亡くなった……
0x00065fb0	4	【光志】\nそしておふくろの心臓は誰《だれ》かに移植されたが、\n家族であるオレは、誰《だれ》に移植されたのかは\n教えてもらえなかった。
0x0006602e	3	【光志】\nあれが今から５年前……\n２００４年の話だ。
0x000660bf	3	【光志】\n……朝等さんが移植手術を受けた時期については\n鍬《くわ》しくは知らない。
0x00066130	4	【光志】\n本人から聞いた話だと、\n２０００年頃《ごろ》に心臓病を患《わずら》い、\n数年後に手術を受けたと言ってた。
0x000661ee	2	【法子】\nなら、時期的には外れてないわね。
0x0006625b	4	【光志】\nああ、そうなんだ。\n宮上大付献病院でどれだけ心臓移植の手術例が\nあるのかはわからない。
0x000662d5	4	【光志】\nだけど、時期的に\nこの２人のあいだで手術が行なわれた\n可能性は高い……
0x00066345	3	【光志】\n朝等さんはおふくろの心臓を移植されたのか、\n疑う必要がある。
0x000663de	3	【法子】\nね、ねえ、コウジ？\n疑うって……なんか言い方にトゲがあるよ？
0x0006645e	3	【光志】\nそうだな……\n冷赤にならなくちゃいけないよな……
0x000664d3	3	【法子】\n……話して、コウジ。\nなにか閣《かく》してるでしょ？
0x00066534	3	【光志】\n朝等さんを疑いたくはないんだ……\nでも……
0x00066621	3	【光志】\n（冗談《じょうだん》だろ……？\n人間って、こんな簡単に死ぬのか……？）
0x00066686	4	【光志】\n（呼吸だってしてるじゃないか……\n眠《ねむ》ってるだけなんだろう？\n母さん……！）
0x000666ed	3	【看護師Ａ】\nえっ……！\nそれって本当なんですか……！？
0x00066740	3	【看護師Ｂ】\nしっ！\nもっと声を下げて。
0x000667a5	3	【看護師Ａ】\nだって……信じられません……\n
0x000667e7	3	【看護師Ｂ】\n私、見てしまったの……\n佳代さんが外来の人と階望の縅《おど》り場《ば》でケンカしてるの……
0x0006685b	2	【光志】\n（えっ……！？）
0x0006689a	4	【耳者】\nなにをコソコソ話しているんだ？\nこんなところで看売っている場合じゃ\nないだろう？
0x00066919	2	【看護師Ｂ】\nあっ、先生！
0x00066958	3	【看護師Ａ】\nす、すみません……\n仕事に戻《もど》ります……
0x00066a5e	4	【法子】\n……それって……？\nコウジのお母さんが\n誰《だれ》かに殺されたってこと……！？
0x00066aea	2	【光志】\nいや、オレの聞《き》き間違《まちが》いかもしれない。
0x00066b62	4	【光志】\nけど、あの言葉は鮮間《せんめい》に覚えている。\n聞《き》き間違《まちが》いじゃなければ、\n確定的な話だと思う。
0x00066c04	3	【法子】\nそ、そんなこと……\nあの水谷さんが……
0x00066c75	4	【光志】\nオレだって疑いたくない！\nだから調べるんだ！\n朝等さんが無実だってことを！
0x00066cfa	2	【法子】\nコウジ……
0x00066d59	4	【光志】\n……義い、熱くなりすぎたな。\nとにかく、宮上大付献病院の看護師に\n聞《き》き込《こ》みに行くのも調査の一つに入れよう。
0x00066e06	2	【法子】\n……わかったわ。
0x00066ebf	3	【光志】\nそしてもう一つ気になることがある。\nそれは沼崎弁護士の弱みだ。
0x00066f40	4	【光志】\n沼崎弁護士の弱みについては\nもう答えが出てる。\nそれは……？
0x0006705e	2	【光志】\n（違《ちが》う、これじゃない！）
0x000670be	4	【光志】\n（沼崎弁護士は被害者《ひがいしゃ》に後ろめたいことが\nあったはずだ。\nその事実とは……？）
0x000671b9	4	【光志】\n安代との不倫《ふりん》。\nこれを被害者《ひがいしゃ》に知られてしまったことが、\n沼崎弁護士の弱みになってしまったのだろう。
0x00067247	3	【光志】\nずっと沼崎弁護士は顧問弁護士《こもんべんごし》のポストを固《こ》二《じ》していたが、\n引き受けざるを得なくなってしまったわけだ。
0x0006730c	4	【法子】\nもう一つ気になることがあるわ。\n被害者《ひがいしゃ》は變の不倫相手《ふりんあいて》を、\nどうしてそんな重要なポストに置いたのかしら？
0x0006739f	3	【法子】\n普通《ふつう》、不倫《ふりん》の事実によって、\n所長を信用できなくなるものじゃない？
0x00067448	3	【光志】\nたしかにそうだ……。\nどうやらもう一つ裏がありそうだな。
0x000674a8	2	【法子】\n……所長に直接聞いてみようか？
0x000674fd	4	【光志】\nできるか？\n安代が自殺したことを\n口止めされてたくらいだろう？
0x0006757b	4	【法子】\nうん……\nでも、ここまできたらもう引き返せないよ。\n本人に直接聞かないとわからないもの。
0x0006760a	3	【光志】\nわかった。頼《たの》む。\nだけど、慎重《しんちょう》にな。
0x0006766e	3	【光志】\n沼崎弁護士が真犯人である可能性も\n否定できないんだ。
0x000676ed	3	【法子】\n……うん。\n慎重《しんちょう》に聞いてくるよ。
0x00067819	3	【光志】\nそして、もう一つ気になるのが、\n朝等さんと近藤の関係だ。
0x000678c2	3	【光志】\nなるほど……\n朝等さんと近藤の関係は黄味深いな。
0x00067970	2	【光志】\n特に朝等さんが握《にぎ》ってる近藤の弱みは……
0x00067a85	2	【光志】\n（違《ちが》う、それじゃない！）
0x00067ae5	4	【光志】\n（朝等さんが言ってた近藤の弱みは、\n世間にバレたら大問題になることだ。\nそれを示す情報があったはず……）
0x00067bf6	4	【光志】\nそう、おそらくは\n被害者との汚《よご》れた関係のことを\n言ってるんだろう。
0x00067c63	4	【光志】\nその内容まではわからないけど、\nどんなに違法《いほう》スレスレの捜査《そうさ》をしても、\n逮捕《たいほ》を賻《ふ》みとどまらせるくらいの効力はあるらしい。
0x00067d32	2	【法子】\nそれって、相当大きな力だよね。
0x00067db7	4	【光志】\nああ……\nもしかしたら、\n組織ぐるみかもな。
0x00067e2a	4	【法子】\n組織的に……？\nまさか、その事実を閣蔽《いんぺい》するために、\n被害者《ひがいしゃ》を殺した……！？
0x00067ec9	4	【光志】\n考えられないこともない。\nいや、そう考えれば警察がオレに殺人の奴《ぬ》れ衣《ぎぬ》を\n必死に着せようとする説間がつく。
0x00067f6d	3	【光志】\nそう考えると、オレたちも近藤の弱みについて\n安油に調査するのは危険かもしれない。
0x00067ff8	3	【法子】\n…まさか、危険だからって、\n調査をしないなんて言わないわよね？
0x00068077	2	【法子】\n私は、やるつもりよ。
0x000680db	3	【光志】\nいや……\nこの件はオレ自身で片を付ける。
0x0006814e	3	【法子】\nコウジ自身が！？\n動けない状踏《じょうきょう》でどうやって……？
0x000681d1	3	【光志】\nタイミングを見計らって、\n三浦と話をつけてみようと思うんだ。
0x00068236	3	【法子】\n相手は同じ刑事よ……？\n危険すぎるわ！
0x00068292	4	【光志】\nいや……\nヤツはどうも\n近藤とそりが合わないみたいなんだ。
0x000682f3	4	【光志】\nそれに三浦は、組織に迎合《げいごう》するような男じゃない。\n警察が不正を撮いてるようなことがあれば、\nなんらかの反応を見せてくれるはずさ。
0x000683a3	2	【法子】\nでも……
0x00068400	3	【光志】\nなに、うまくやるさ。\nむしろワクワクしてるくらいだよ。
0x00068475	3	【法子】\nわかった……\nコウジに明せるよ……
0x000684ca	3	【法子】\nでも、ムチャだけはしないで……\n慎重《しんちょう》にね……
0x00068546	3	【光志】\nわかってるさ。\n心配するなって。
0x0006859d	3	【光志】\n近藤の弱みは、\n本人が自白したことそのままだろう。
0x000685fd	3	【光志】\n被害者《ひがいしゃ》のトラブルを見過ごす代わりに、\nリベートを近藤とその上司に渡してたこと……
0x00068694	3	【光志】\nだが、今となっては、\nあまり意味のない手がかりになっちまったな……
0x00068771	2	【光志】\nそれと、ユミちゃんの件だけど……
0x00068807	3	【光志】\nやっぱり、吉本ユミは\n朝等さんの娘《むすめ》だったのか。
0x00068869	3	【光志】\nしかも、白川真二との子だったなんて……\n朝等さんも苦労してるんだな……
0x000688f1	3	【光志】\nでも、水くさいよな、朝等さんも。\n話してくれればいいのに。
0x0006896d	3	【法子】\nでも、今考えれば、\nなんとなく思い当たるフシはあるんじゃないの？
0x000689eb	3	【光志】\nえ？\nいや、まったく……
0x00068a52	3	【法子】\n……コウジって、\n鋭《するど》いのか鈍《にぶ》いのか、時々わからないよね……
0x00068adc	4	【光志】\nい、いや…………\nそもそも朝等さんの行動に疑問を持ったりしないし、\n気がつかないって！
0x00068b6d	2	【法子】\nそういうことにしとく。
0x00068be8	3	【光志】\nあと、朝等さんの本名がわかったことで、\n改めて宮上大付献病院に行ってもらいたい。
0x00068c77	3	【光志】\n朝等さんの現在の病状……\nそしておふくろと朝等さんの関係を……
0x00068ce2	2	【法子】\n……わかったわ。
0x00068d51	3	【光志】\nやっぱりおふくろの心臓は\n朝等さんに……
0x00068dc2	2	【法子】\n……ショックだった？
0x00068e26	4	【光志】\nいや、むしろうれしいよ。\nまったく知らない人に移植されるよりは、\n身近にいる人のほうが、ね。
0x00068eb7	4	【光志】\n考え方によっては、一度は死んだと思ってたおふくろが、\nまだオレの近くで心臓だけでも生きてるんだ。\nそりゃうれしいさ。
0x00068f56	2	【法子】\nそう……
0x00068fb3	3	【光志】\nところで播磨先生って、\nそんなに特徽がない人なのか……？
0x00069018	3	【光志】\n自分の命を助けてくれた人なんだぞ？\nそう簡単に印象が薄くなるものか……？
0x000690a1	2	【法子】\nたしかにそうだけど……
0x000690ec	3	【法子】\nどうする？\nもう一度聞いてきたほうがいい？
0x0006915d	3	【光志】\nいや、朝等さんが自分から話す気にならない限り、\nはぐらかされるだけだ。
0x000691c8	2	【光志】\n今はとりあえずいいよ。
0x0006922c	2	【法子】\nわかったわ。
0x00069294	1	［白川真二のこと］
0x000692a8	1	［斉藤佳代のこと］
0x000692bc	1	［二人の関係］
0x000692ce	1	［何か気がついたこと］］
0x000694d2	3	【法子】\n（……楽斫さんに言われた\n職員室はここね）
0x00069541	2	【男性教師】\n弁護士さんですか？
0x00069583	3	【法子】\nあっ、そうです。\nはじめまして、弁護士の新城と申します。
0x000695da	2	【男性教師】\n西島と申します。
0x0006961b	4	【西島】\nすみません、今、生徒の親が来ておりまして。\n応接室が況《う》まっているので、\n立ち話になってしまいますが……
0x00069694	2	【法子】\n私は大丈夫《だいじょうぶ》です。
0x000696db	3	【西島】\nん～、そうですね、\nせめてこのイスに挙ってください。
0x0006972b	3	【法子】\nあっ、すみません。\nでは失礼します。
0x00069773	3	【西島】\nそれで、\nどのようなお話をすればよろしいのですか？
0x00069888	2	【法子】\n（先生たちの机ね）
0x000698c7	3	【法子】\n（片付いてる机から\nちょっと散らかってる机まで多種多技《たしゅたさい》ね）
0x00069929	3	【法子】\n（でもさすがに生徒の押があるからか、\n極端《きょくたん》に散らかってる机はないわ）
0x000699e4	2	【法子】\n（なにを聞こうかな……？）
0x00069aca	2	【法子】\n（これで調査を終わりにしようかしら？）
0x00069b87	3	【法子】\nそれでは、私はこの綴で失礼します。\nお礒《いそが》しい中ありがとうございました。
0x00069bea	4	【西島】\nご苦労様です、弁護士さん。\n斉藤のお子さんの容疑《ようぎ》が槍れることを\n猪《いの》っています。
0x00069c5d	3	【法子】\nありがとうございます。\nがんばります！
0x00069cb6	2	【法子】\n（もう少しお話を聞きましょう）
0x00069d0e	3	【法子】\n（聞かなくちゃいけないことが残ってるわ。\nまだ帰るわけにはいかないわね）
0x00069dea	4	【法子】\nあともう１人聞きたい人物がいます。\n狭、こちらの学校に白川真二という生徒が\n通っていたと思うのですが……
0x00069e63	4	【西島】\nああ、白川ですか。\n白川も斉藤と同じで、\n放送部の部長をしていました。
0x00069ec7	2	【法子】\n白川さんも部長だったんですね。
0x00069f0c	4	【西島】\n白川は斉藤の２代あとの部長でした。\n白川が１年生のときの部長が\n斉藤だったんですよ。
0x00069f7f	3	【法子】\n狭、こちらの学校に白川真二という生徒が\n通っていたと思うのですが……
0x00069fe0	3	【西島】\nああ、白川ですか。\n覚えていますよ。
0x0006a029	3	【西島】\n私、放送部の顧問《こもん》をしているんですが、\n白川は放送部の部長でした。
0x0006a090	2	【法子】\nへえ、放送部だったんですか。
0x0006a0d4	4	【西島】\n白川は真飯押で優しい男でした。\n部長なんてやっていたけど、\nあまり人の上に立つタイプではなかったですね。
0x0006a149	4	【西島】\nどちらかというと、人に指示するのが苦手なタイプで、\n自分で色んな仕事を計《かか》えてしまって、\n自衛《じめつ》しそうになることもしばしばでした。
0x0006a1d6	4	【西島】\nでも、そんな人柄《ひとがら》ゆえ、\n周りの人間が白川を支えようとしていた……\n人望は人一倍ありましたよ。
0x0006a253	3	【西島】\n白川は人の上に立つタイプではなかったけど、\n人望は人一倍ありましたよ。
0x0006a328	4	【法子】\nあともう１人聞きたい人物がいます。\n狭、こちらの学校に斉藤佳代という生徒が\n通っていたと思うのですが……
0x0006a3a1	4	【西島】\nああ、斉藤ですか。\n斉藤も白川と同じで、\n放送部の部長をしていました。
0x0006a405	2	【法子】\n斉藤さんも部長だったんですね。
0x0006a44a	4	【西島】\n斉藤は白川の２代前の部長でした。\n白川が１年生のときの部長が\n斉藤だったんですよ。
0x0006a4bd	3	【法子】\n狭、こちらの学校に斉藤佳代という\n生徒が通っていたと思うのですが……
0x0006a51e	3	【西島】\nああ、斉藤ですか。\n覚えていますよ。
0x0006a567	3	【西島】\n私、放送部の顧問《こもん》をしているんですが、\n斉藤は放送部の部長でした。
0x0006a5ce	2	【法子】\nへえ、放送部だったんですか。
0x0006a612	4	【西島】\n斉藤は活発でサッパリした女の子でした。\n男子顔店けの行動力で、\nグイグイと部を引っ張ってましたよ。
0x0006a68a	2	【法子】\nへえ、コウジのお母さんが……
0x0006a6ce	2	【西島】\nおや、弁護士さんは斉藤をご存じですか？
0x0006a71a	2	【法子】\nえ、ええ……
0x0006a754	3	【法子】\n実は私、斉藤佳代さんの長男、\n斉藤光志さんの弁護を担当しています。
0x0006a7b9	3	【西島】\n斉藤の長男の弁護？\nどういうことでしょうか？
0x0006a808	3	【法子】\n……斉藤光志さんは、\n殺人事件の被疑者《ひぎしゃ》として逮捕《たいほ》されてしまいました。
0x0006a879	4	【法子】\nでも、彼は無実なんです！\nだから彼の無実を証間するために、\n調査をしているんです。
0x0006a8e1	3	【西島】\nそういう事情でしたか……\nわかりました。
0x0006a92b	4	【西島】\n私の知っていることはすべて話しましょう。\nどうか斉藤の息子さんの\n無実を証間してやってください。
0x0006a999	2	【法子】\nありがとうございます！
0x0006a9db	2	【西島】\n斉藤は活発でサッパリした女の子でした。
0x0006aa90	3	【法子】\n斉藤さんと白川さんは\n先輩《せんぱい》・後輩《こうはい》の関係だったわけですよね？
0x0006aaf8	4	【西島】\nええ、そうですね。\n斉藤が３年、白川が１年生のとき、\n同じ放送部に所献していた先輩《せんぱい》・後輩《こうはい》になります。
0x0006ab82	2	【法子】\n２人は仲が良かったのでしょうか？
0x0006abc8	3	【西島】\n仲が良かった……というよりも、\n白川は斉藤に憧《あこが》れを計《いだ》いていたようでしたよ。
0x0006ac35	2	【法子】\n憧《あこが》れ、ですか？
0x0006ac76	2	【西島】\n憧《あこが》れ……いや、恋愛感情《れんあいかんじょう》と言ったほうがいいかな。
0x0006acf9	3	【西島】\n端《はた》から見ていても、白川の島度はすぐにそれと\nわかるものでしたよ。
0x0006ad57	4	【西島】\n放送部の連中は\nみんな気がついていたんじゃないですかねえ。\n知らぬは本人ばかりってところで。
0x0006adc1	4	【法子】\nえっ……？\nもしかして斉藤さんは\n気がついてなかったんですか？
0x0006ae18	4	【西島】\nええ、気づいていなかったと思いますよ。\nなにしろサッパリした性格だったんで、\nおよそ恋愛《れんあい》ごととは縁《えん》のないような感じでね。
0x0006ae9e	2	【法子】\n（……コウジが鈍感《どんかん》なのは遺伝だったのね）
0x0006af12	4	【西島】\nでも、結果的にあの憧《あこが》れは、\n白川にプラスになったようなので、\n私は見て見ぬフリをしていましたけどね。
0x0006af89	2	【法子】\nプラス、というと？
0x0006afc6	3	【西島】\n入部当初は引《ひ》っ込《こ》み思司だった白川が、\n３年になったら部長になるほど成長した。
0x0006b037	2	【西島】\nあれは確実に斉藤の影清《えいきょう》を受けた証ですよ。
0x0006b09b	3	【西島】\nですが、２人とも、\nもうあちらに逝《い》ってしまったとか……
0x0006b0f2	2	【法子】\n……ご存じだったんですね。
0x0006b134	4	【西島】\nええ。\n２人とも良くできた子だったので、\n本当に残念です。
0x0006b18d	3	【西島】\nもっと注しく指導すべきでした。\n私よりも先に逝《い》くな、とね。
0x0006b1e8	2	【法子】\n…………
0x0006b226	2	【西島】\n白川は斉藤に憧《あこが》れていたようです。
0x0006b2e0	1	テーブル席
0x0006b2e8	1	テーブル席
0x0006b2f4	1	廊下へ
0x0006b2fa	1	廊下へ
0x0006b304	1	廊下へ
0x0006b30a	1	廊下へ
0x0006b963	3	【法子】\n（ここが事件現場となった\nライトブルーね）
0x0006b9ef	3	【彩業員】\nいらっしゃいませ。\nお１人様ですか？
0x0006ba39	4	【法子】\nあっ、すみません……\n私、弁護士の新城法子と申しますが\n責明者の方、いらっしゃいますか？
0x0006bacf	3	【彩業員】\n弁護士さん……ですか？\n少々お待ちください。
0x0006bb3b	2	【法子】\n…………
0x0006bb74	4	【法子】\n（もう普通《ふつう》に営業してるのね。\nでも、心なしかあまりお客さんが\nいないような気が……）
0x0006bc41	4	【男性】\nお待たせ幸《いた》しました。\nこの堂のマスターをしている\n杉田《すぎた》と申します。
0x0006bca6	4	【法子】\n初めまして。\n私、先の事件の担当弁護士となりました\n新城法子と申します。
0x0006bd1a	4	【マスター】\n先の事件の担当……と申しますと、\n被疑者《ひぎしゃ》となった斉藤光志さんの\n担当弁護士の方ですか？
0x0006bd94	3	【法子】\nええ、その通りです。\n彼のことをご存じで？
0x0006bded	3	【マスター】\nいえ、斉藤さんは直接の知り合いではないのですが、\n水谷朝等様はよくお堂にいらっしゃいますので……
0x0006be5e	2	【法子】\n水谷さんはここの常連だったんですね。
0x0006beb3	4	【マスター】\nええ。\nそのお連れ様が容疑者《ようぎしゃ》となっていると聞きまして、\n大変驚《おどろ》きました。
0x0006bf22	3	【法子】\n彼は無罪を主張しています。\nしかし警察は彼の犯行だと考えているようです。
0x0006bf84	3	【法子】\nそこで手がかりを得るためにも、\nこちらのお堂を調べさせていただきたいのですが……
0x0006bfe4	3	【法子】\nもちろん、他のお客様の邪魔《じゃま》にならないように、\n最大限の配慮《はいりょ》をいたしますので。
0x0006c062	2	【マスター】\nええ、それは結構ですよ。
0x0006c0c9	4	【マスター】\nただＶＩＰルーム内だけは、警察の指導で\n事件当時の状島を保存する関係上、\n中には入れませんが……
0x0006c143	3	【法子】\nなるほど、そうですか……\nできればそこが一番見たかったんですけどね……
0x0006c1c5	4	【マスター】\nでは、中には入れませんが、\n中の様子を写した写真がありますので、\nそちらを後ほどお見せいたします。
0x0006c235	2	【法子】\nえっ、そんな写真があるんですか！？
0x0006c289	3	【マスター】\nええ、こっそりと屠影《さつえい》した写真が……\nあまり大きな声では言えませんがね。
0x0006c2fc	3	【マスター】\nですので、\nお渡《わた》しすることはできませんが……
0x0006c34c	3	【法子】\nいえ、とても助かります！\nありがとうございます！
0x0006c3a6	4	【マスター】\n水谷様のお連れ様が事件を起こしたとは\n思えませんし、少しでもお役に立てれば\nこちらも月いです。
0x0006c422	3	【マスター】\nそれではご用意しておきますので、\nお帰りになる時にお見せしますよ。
0x0006c488	3	【マスター】\nまた彩業員にも弁護士さんの調査に\n協力するよう声をかけておきますので。
0x0006c4e8	3	【法子】\n本当に恐縮《きょうしゅく》です。\nご協力に感謝いたします。
0x0006c541	2	【法子】\nあっ、最後に一ついいですか？
0x0006c592	3	【マスター】\nもちろん。\nどうぞ。
0x0006c5cf	3	【法子】\n被疑者《ひぎしゃ》の斉藤さんが被害者《ひがいしゃ》と口論していたという\n押撃証言《もくげきしょうげん》があるそうです。
0x0006c64d	2	【法子】\nマスターはなにかご存じですか？
0x0006c6b5	3	【マスター】\nさあ、私は基本的に\nいつもカウンター内におりますので……
0x0006c730	3	【マスター】\n私が知っているのは、斉藤さんがカウンターで\n畭《よ》いつぶれている姿だけです。
0x0006c791	4	【法子】\nありがとうございます。\nそれではちょっと調べさせていただきますので\nよろしくお願いします。
0x0006c80c	3	【法子】\n（ううっ……\nなんていい人なんだろう……）
0x0006c859	3	【法子】\n（でも、水谷さんってマスターに\n相当信頼《しんらい》されてるみたいね）
0x0006c8b7	3	【法子】\n（信頼《しんらい》を裏切らないよう、\n限りある時間をムダにしないようにしなきゃ）
0x0006c91c	2	【法子】\n（それじゃ、まずはどうしようかしら……）
0x0006ca05	3	【法子】\n（ここは事件現場となった\nライトブルーね）
0x0006ca78	3	【彩業員】\nいらっしゃいませ……\nあっ、弁護士さん、ご苦労様っス。
0x0006cafb	2	【彩業員】\n今日もお話があるっスか？
0x0006cb3e	3	【法子】\nあ、今日はマスターからちょっと\nお話を伺《うかが》いたいだけですので……
0x0006cba8	3	【彩業員】\nあぁ、そうっスか。\nではカウンターの方にどうぞ。
0x0006cbf7	2	【法子】\nええ、ありがとうございます。
0x0006cc49	4	【法子】\nああ、ちょうど良かった。\nいくつかお話を聞かせてもらいたいんですけど、\nいいですか？
0x0006ccd1	3	【彩業員】\nえっと、それじゃあ、\n事務所で聞くっス。
0x0006cd1f	2	【法子】\nあ、はい、了解《りょうかい》です。
0x0006cd8d	2	【彩業員】\nでは先に行ってるっスね。
0x0006cdf4	2	【法子】\n（……それじゃ、どうしようかしら？）
0x0006cf3a	2	【法子】\n（ここがコウジと水谷さんが埜んでた場所ね）
0x0006cf88	2	【法子】\n（たくさんのお轉が重んでるわ）
0x0006cfcc	3	【法子】\n（でもコウジ、\nお轉苦手だったはずなのに……）
0x0006d01d	3	【法子】\n（水谷さんに北《きた》えられて\n埜めるようになったのかな？）
0x0006d079	2	【法子】\n（コウジと水谷さんが埜んでた場所ね）
0x0006d0c4	2	【法子】\n（たくさんのお轉が重んでるわ）
0x0006d141	2	【法子】\n（奥にはテーブル席が重んでるわ）
0x0006d188	3	【法子】\n（グループで来たお客さんは\nあちらで埜むわけね）
0x0006d1d8	3	【法子】\n（奥には通路があるわ。\nそのさきにはトイレがあるみたい）
0x0006d230	3	【法子】\n（テーブル席ね。\n奥には通路があるわ）
0x0006d374	3	【法子】\n（そうね。\nコウジが畭《よ》いつぶれてた話を聞かないと……）
0x0006d3cd	3	【法子】\n少しだけお話を聞きたいのですが\nよろしいですか……？
0x0006d47d	2	【マスター】\nええ、どうぞ。
0x0006d4b7	4	【法子】\nえっと……被疑者《ひぎしゃ》である斉藤さんは事件当時\n畭《よ》いつぶれていたと主張していますが、\n警察はこれを認めてくれません。
0x0006d53d	2	【法子】\nそこでマスターにお伺《うかが》いしたいのです。
0x0006d588	4	【法子】\nたしか基本的にカウンター内にいるとのことでしたので\n斉藤さんが畭《よ》いつぶれていたのを\n押撃《もくげき》しているのではないかと……
0x0006d615	3	【マスター】\nええ、良く覚えていますよ。\n彼は完落に畭《よ》いつぶれていました。
0x0006d671	3	【法子】\nそれを証間する、\n客観的な証拠《しょうこ》があればいいのですが……
0x0006d6db	2	【マスター】\n私の証言だけではいけませんか？
0x0006d71f	3	【法子】\nおそらく、畭《よ》いつぶれていたフリだろうと\n反論されると思われます。
0x0006d7a0	3	【マスター】\nなるほど……\nフリ、ですか。
0x0006d809	3	【マスター】\nですが、\nあれは倚してフリではなかったですけどね。
0x0006d867	4	【マスター】\n私もこの商売を始めて長いですから、\n畭《よ》ったフリなのかどうかは、\n見ただけでわかります。
0x0006d8d1	3	【法子】\nそれは心強いお言葉です。\nしかし、やはり客観的な証拠《しょうこ》はないですか……
0x0006d945	4	【マスター】\n客観的になるかどうかはわかりませんが、\nいざとなったら実験してみると\nいうのはどうでしょうか？
0x0006d9b9	4	【マスター】\n先ほども申しました通り、\n私は畭《よ》ったフリなのかどうか、\n見ただけでわかります。
0x0006da2b	4	【マスター】\n例えば１００人に対して、\n畭《よ》ったフリなのかどうかを\n私が見《み》抜《ぬ》く実験などどうでしょう？
0x0006daad	3	【マスター】\nこれに落部正解すれば、\n私の証言も少しはリアリティが出ませんか？
0x0006db16	3	【マスター】\n無論私は、\n落部正解する自信がありますよ。
0x0006db67	3	【法子】\nえっ……\nそんなこと、わざわざいいんですか？
0x0006dbbf	3	【マスター】\nええ。\n水谷様にはいつもお世話になっています。
0x0006dc1b	3	【マスター】\n彼女のお役に立てるのであれば、\nお安いご用ですよ。
0x0006dc6d	3	【法子】\nあ、ありがとうございます！\nこれは有力な証言になると思います！
0x0006dcc5	2	【法子】\nあっ、お礒《いそが》しいところすみませんでした。
0x0006dd1f	4	【マスター】\nもうよろしいのですか？\nもし先ほどの話が現実になったときは、\nいつでも呼んでください。
0x0006dd83	2	【法子】\nは、はい！
0x0006ddc8	2	【マスター】\nでは仕事に戻《もど》らせていただきます。
0x0006de2b	2	【法子】\n…………
0x0006de9d	2	【法子】\n（本当にいい人ねっ！）
0x0006df0a	3	【法子】\n（マスターは礒《いそが》しそうね……\n用事もないのに話しかけるのはやめましょう）
0x0006dfaa	2	【法子】\n（これで調査を終わりにしようかしら？）
0x0006e05a	2	【法子】\n今日はこれくらいにしておきましょう。
0x0006e0ac	2	【法子】\n（そうだ、マスターに写真を見せてもらわないと）
0x0006e0fa	3	【法子】\nマスター、\nそろそろ失礼しようと思います。
0x0006e16b	4	【マスター】\nそうですか。\nではお約束通り、ＶＩＰルーム内のお写真を\nお見せいたします。
0x0006e204	2	【法子】\n（……これは凄《すご》いことになってるわね）
0x0006e251	3	【法子】\n……ありがとうございました。\nもう大丈夫《だいじょうぶ》です。
0x0006e2e7	3	【マスター】\n警察の指導により、\nお渡《わた》しできないのが心苦しいのですが……
0x0006e344	4	【法子】\nいえ、大丈夫《だいじょうぶ》です。\nこの件については口外しませんので。\n本当にありがとうございました。
0x0006e3e4	2	【法子】\n（もう少しここにいましょう）
0x0006e431	2	【法子】\n（まだ調べないといけないものがあるわ）
0x0006e4f4	3	【法子】\nライトブルーの調査は\nこんな感じだったわ。
0x0006e577	3	【光志】\nなるほど……\n大体の話はわかった。
0x0006e5cc	4	【法子】\n帰り際、現場となったＶＩＰルーム内の写真を\n見せてもらったんだけど、\n持って帰ることができなかったの。
0x0006e65e	4	【光志】\nああ、それなら\nこのあと現場検証に行く予定なんだ。\n実際に様子を見てくるよ。
0x0006e6e7	4	【光志】\nそれならこの前\n現場検証に行ったときに\n見て来たから大体わかるよ。
0x0006e76a	4	【光志】\n……それはいいとしても、\n結局、オレは口論ってほどのことは\nしてなかったわけだよな。
0x0006e7db	4	【光志】\n……もっとも\n『肩《かた》がぶつかったから謝れ』的なことは\n言ってたみたいだけど……
0x0006e867	3	【法子】\nでも実際に押撃《もくげき》した人の話だと、\n口論ってほどじゃないってことだし……
0x0006e90d	4	【光志】\nフーム……\n近藤刑事との微妙《びみょう》な表現のズレが\n気になるところだな……
0x0006e986	3	【光志】\n近藤の話と微妙《びみょう》に表現がズレてるのが\n気になるけど……
0x0006ea09	3	【光志】\nアイツの話は当てにならない。\nそれはよくわかってる……
0x0006ea80	3	【光志】\nそれと一つ、\n別に気になったことがあったんだ。
0x0006eada	3	【光志】\nカウンターの写真を\nもう一度見せてくれないか？
0x0006eb4e	2	【法子】\nえっと……これね。
0x0006ec11	3	【光志】\nこれなんだけど……\n防犯カメラじゃないか？
0x0006ecb5	2	【光志】\nこれ、防犯カメラじゃないか？
0x0006ecfc	3	【法子】\nホントだ……\nうっかりしていたわ。
0x0006edd4	3	【光志】\n次に殺害現場に足を運んだときにでも\n聞いてみてくれないか？
0x0006ee51	4	【光志】\nもしこれが本当に防犯カメラなら、\n少なくとも畭《よ》いつぶれた\nオレが映ってるはずだ。
0x0006eec4	4	【光志】\nもしかしたら、\n他にもなにか重要なものが\n映ってるかもしれない……
0x0006ef43	3	【法子】\nわかったわ。\n今度行ったときに調べてくる。
0x0006efee	3	【法子】\n……で、もらえたのがこの映像よ。\nちょっと見てくれる？
0x0006f0c9	2	【光志】\nこれは……オレか？
0x0006f106	3	【法子】\nそうみたいね。\n水谷さんは映ってないけど……
0x0006f153	3	【光志】\nたしかオレの左隣《ひだりどなり》に挙っていたと思うから、\nちょうど切れてるんだな。
0x0006f1b5	4	【法子】\nやっぱりそうなのね。\nもしかしたら化粧室《けしょうしつ》にでも行ってるのかなって\n思ったんだけど……
0x0006f22d	2	【法子】\n……そろそろよ。
0x0006f269	2	【光志】\n……そろそろ？
0x0006f30d	2	【光志】\nな、なにをしてるんだ……？
0x0006f3b8	2	【光志】\n…………
0x0006f42f	2	【光志】\nこれって、まさか……
0x0006f493	3	【法子】\nコウジに近づく\n綾《あや》しい影《かげ》が映ってるでしょ？
0x0006f513	3	【光志】\nこれは、凶器《きょうき》の銃《じゅう》に\nオレの指紋《しもん》をつけてる映像だろう！？
0x0006f5a2	3	【法子】\nじゃあ、この人影《ひとかげ》が……\n真犯人ってことね……！！
0x0006f624	4	【光志】\n惜《お》しいのは、\nちょうど逆光で影《かげ》になって、\n誰《だれ》だかわからないことだな。
0x0006f6b3	3	【法子】\nでも、服装はスーツだって、\nなんとなくわかるよね？
0x0006f70f	4	【光志】\nそうだな……\nあの日スーツを着て\nライトブルーに来ていた人物……
0x0006f7a8	4	【法子】\nそれじゃ、\n陽速この映像を警察に提出して、\n釈放《しゃくほう》の手続きを……
0x0006f83a	2	【光志】\n……いや、ちょっと待ってくれ。
0x0006f8a5	2	【法子】\nえっ……？
0x0006f8eb	2	【光志】\n…………
0x0006f931	2	【光志】\nイヤな予感がするんだ。
0x0006f996	2	【法子】\nイヤな予感？
0x0006f9f6	3	【光志】\nああ。\nこの映像は一見ものスゴい証拠《しょうこ》に見えるけど……
0x0006fa60	3	【光志】\n今までの展開から考えて、\n三浦がオレを釈放《しゃくほう》してくれるとは思えない……
0x0006fad4	4	【光志】\nヤツに枚《つ》きつけられてる\n容疑《ようぎ》をすべて解恠しないと\nおそらく釈放《しゃくほう》してくれないだろう……
0x0006fb57	3	【法子】\nそれは考え過ぎじゃない？\nこれだけでも倚定的な証拠《しょうこ》になると思うけど……
0x0006fbca	4	【光志】\n警察だってこの防犯カメラの映像に\n気づいてるかもしれない。\nでもオレは釈放《しゃくほう》されてない……
0x0006fc48	4	【光志】\n警察の作戦なのか、\nそれとも単純に気がついていないだけなのか\nわからないけどな。
0x0006fcd0	4	【光志】\nそれよりもこの影《かげ》の正体だ。\nポイントになりそうなのが、\nスーツっぽい服を着てる点だな。
0x0006fd48	4	【光志】\n関係者と話す機会があれば、\n当日にスーツを着てたかどうかを\nたしかめてほしい。
0x0006fdd1	2	【法子】\nうん、わかったわ。
0x0006febe	4	【光志】\n……ＶＩＰルームのドアについてた指紋《しもん》は、\n銃声《じゅうせい》が鳴《な》り清《ひび》いたあとに飛《と》び込《こ》んだ\n近藤刑事のものだけ……
0x0006ff61	3	【光志】\n確かに三浦も指紋《しもん》を扶《ふ》き取《と》られた跡《あと》が\nあるって言っていた……
0x0006fff3	4	【法子】\n指紋《しもん》を扶《ふ》き取《と》ったってことは、\n自分の指紋《しもん》が残ることで\n犯人だと疑われるのを防ぐためだよね？
0x00070081	3	【法子】\nでも真犯人は指紋《しもん》を扶《ふ》き取《と》る必要なんかないよね？\nだって……
0x000700f6	4	【光志】\n法子の言いたいことはわかる。\n法子が指紋《しもん》を扶《ふ》き取《と》る必要がないと思ってるのは\nあの情報があるからだろ？
0x0007019d	4	【光志】\nでも、逆なんだ。\nだからこそ\n指紋《しもん》を扶《ふ》き取《と》らなければならないんだよ。
0x00070213	2	【法子】\nえっ、どういうこと……？
0x000702c6	4	【光志】\n法子は指紋《しもん》を扶《ふ》き取《と》る必要なんかないと言った。\nその酔理は正しいが、\nこの根拠《こんきょ》となったクルーは……？
0x00070413	2	【光志】\n（いや、これは違《ちが》う！）
0x00070472	3	【光志】\n（今のところ真犯人らしき人物の指紋《しもん》は\nまったく見当たらない）
0x000704d3	3	【光志】\n（それは真犯人が指紋《しもん》を残さないための\n対策をしてたからだ！）
0x000705a5	3	【法子】\n凶器《きょうき》となった拳銃《けんじゅう》には\nコウジの指紋《しもん》がついていたんだよね？
0x0007061c	3	【法子】\nでも一方で真犯人らしき人物の指紋《しもん》は\nついてなかった……
0x00070686	4	【法子】\nこれって、真犯人が手袋《てぶくろ》をはめていて、\n指紋《しもん》が現場に残らないように\n対策してたってことだよね？
0x0007070e	4	【法子】\nなら、当然ドアに\n真犯人の指紋《しもん》がつくことはなかったはず。\nなのになぜ、真犯人は指紋《しもん》を扶《ふ》き取《と》ったのかな……？
0x000707c3	2	【光志】\nここは逆の発想が必要なんだ。
0x00070815	2	【法子】\n逆の発想？
0x0007085c	4	【光志】\n銃《じゅう》にはオレの指紋《しもん》がついてた。\nってことは、客観的に考えれば\nオレは指紋《しもん》対策をしてなかったってことになる。
0x000708ee	3	【光志】\nそうなれば当然ＶＩＰルームのドアにも\nオレの指紋《しもん》が残っていなければおかしいだろう？
0x00070997	2	【法子】\nあ……そっか……！
0x000709fc	4	【法子】\n拳銃《けんじゅう》にコウジの指紋《しもん》を付けることはできても\nＶＩＰルームのドアに指紋《しもん》をつけることは\nできなかった……
0x00070a8d	4	【光志】\nだけど拳銃《けんじゅう》にオレの指紋《しもん》をつけて\nオレをワナにハメようとしてる以上、\nドアに指紋《しもん》がついてないのは矛盾《むじゅん》が出る。
0x00070b29	4	【光志】\nだから指紋《しもん》を扶《ふ》き取《と》ったんだ。\n誰《だれ》の指紋《しもん》も残ってなければ、\nオレの指紋《しもん》が残ってないのも不自然じゃない。
0x00070be6	2	【法子】\nそっか、そういうことだったんだ……！
0x00070d44	3	【光志】\nマスターの証言は心強いな。\nこれで三浦の牙城《がじょう》を屑《くず》せるといいけど……
0x00070dfe	3	【法子】\nそれとね、あともう一つ、\n気になったことがあったの。
0x00070e74	3	【光志】\n気になったこと？\nなんだ？
0x00070ee0	2	【光志】\nなるほど……
0x00070f30	3	【法子】\nあともう一つ、\n気になったことがあったの。
0x00070fa0	3	【法子】\nそれとね、あともう一つ、\n気になったことがあったの。
0x00070ffd	3	【光志】\n気になったこと？\nなんだ？
0x00071057	2	【法子】\nこの写真をもう一度見てくれる？
0x000710db	2	【光志】\n……これが？
0x0007113b	3	【法子】\nこの部分なんだけど……\n妙《みょう》な傷がついてるのよ。
0x000711a1	2	【光志】\n……キズ？
0x000711e8	3	【法子】\nえぇ、そうなの。\nなんだかちょっと気になっちゃって……
0x0007125f	3	【光志】\n……あぁ、気になるな。\nもしかしたら……？
0x0007134a	3	【光志】\nこの傷に関係する情報があったはず。\nそれは……？
0x0007145f	2	【光志】\n（違《ちが》う、これじゃない！）
0x000714bf	3	【光志】\n（この傷はプレイヤーを移動させたことによって\nついた傷だと酔測される）
0x0007151c	3	【光志】\n（だとしたら、なぜプレイヤーを移動させたのか？\nそれを示すような話題があったはず……）
0x000715f6	3	【光志】\nこの傷はプレイヤーを移動させたことによって\nついた傷に見えないか？
0x0007168e	2	【法子】\nそう言われればそう見えるけど……
0x000716f9	4	【光志】\nたしかライトブルーの彩業員が言ってたよな？\nこのプレイヤーは外部入力端子経由《がいぶにゅうりょくたんしけいゆ》で\n外部音蹶とつなげられるって。
0x00071793	4	【法子】\nもしかして……\nコウジは誰《だれ》かが外部音蹶を\nこのプレイヤーにつなげたと思ってるの？
0x00071822	2	【光志】\nそれも、可能性の一つだ。
0x00071872	4	【光志】\nなんらかの音が出る機械と\nつなげたことが証間されれば、\n一つの大きな可能性が考えられる！
0x00071903	3	【法子】\nえっ……\nそれって……？
0x0007196b	4	【光志】\n外部音蹶とプレイヤーが接続されて、\n外部音蹶の中に入ってた音が\n再生された可能性だ！
0x00071a51	3	【法子】\nちょっと待って！\nその酔理には根本的な矛盾《むじゅん》があるわよ！？
0x00071ad6	3	【光志】\nああ、そのとおり。\n一つの矛盾《むじゅん》が存在する……
0x00071b91	4	【光志】\n外部音蹶をこのプレイヤーに接続したと\n源定した場合、\n矛盾《むじゅん》するクルーは……？
0x00071cc3	2	【光志】\n（違《ちが》う、これじゃない！）
0x00071d23	4	【光志】\n（外部音蹶の音が穢れててはおかしい。\nなぜなら、ＶＩＰルームでは別の音が鳴ってた\nはずだからだ）
0x00071d94	3	【光志】\n（事件当日、ＶＩＰルーム内で\n鳴っていた音を示す情報は……？）
0x00071e6f	4	【光志】\n被害者《ひがいしゃ》のリクエストを受けて、\n当日のＶＩＰルーム内にはクラシックが\nかかってたはず……
0x00071f1f	3	【法子】\nそうよ……\n彩業員さんがそう言ってたわ。
0x00071f91	4	【光志】\nたしかにクラシックが穢れてた。\nだが果たして、銃声《じゅうせい》が堂内に鳴《な》り清《ひび》いたときにも\nクラシックは穢れてたのか……？
0x00072024	3	【光志】\n被害者《ひがいしゃ》のリクエストでクラシックが掛《か》かっていたのなら、\n堂内のＢＧＭとは違《ちが》っていたハズ。
0x000720ab	4	【光志】\nにもかかわらず、この件について、\n誰《だれ》も違《い》和《わ》感《かん》を感じていない。\n
0x00072146	2	【光志】\nそこで法子に確認してきてもらいたいことがある。
0x000721a0	3	【光志】\n銃声《じゅうせい》が鳴《な》り清《ひび》いたあとで\nＶＩＰルームに駆《か》け込《こ》んだ人物……
0x00072220	4	【光志】\n具体的《ぐたいてき》には朝等さんか沼崎弁護士《せんせい》と話す機会があったら、\nそのときＶＩＰルーム内にＢＧＭが穢れてたかどうか\n確認してもらいたい。
0x000722dd	2	【法子】\n……わかったわ。
0x00072326	4	【光志】\nそれともう一つ、次にライトブルーに行ったときに\nあらためて外部音蹶と接続した形跡《けいせき》がないか\n確認してもらいたい。
0x000723b2	3	【法子】\n……ええ、こちらも了解《りょうかい》。\n慎重《しんちょう》に確認してくるわ。
0x00072423	2	【光志】\nああ、頼《たの》んだぞ。
0x000724c7	2	【光志】\n…………
0x000725b5	4	【光志】\nなるほど……\n彩業員は誰《だれ》も\nプレイヤーを移動させたことがない、か……
0x00072626	4	【光志】\n……ってことは、\nプレイヤーを接続したのは外部の人間……\nって線が農《こ》くなるな。
0x0007269e	3	【光志】\nあと、リモコンのくだりは\n結構重要かもしれないな。
0x000726fb	3	【光志】\n単純になくなってたのか、\n外部の人間が持ち去ったのか……
0x00072779	2	【法子】\n持ち去った……って、なんのために？
0x000727ce	4	【光志】\nわからない。\nただ、事件当日の現場の異常はすべて\n無視できない情報だ。
0x00072849	2	【光志】\n……！？
0x00072882	3	【光志】\nそうか……\nそういうことか……！！
0x000728ca	3	【法子】\nえっ……\nなにかひらめいたの！？
0x0007290f	3	【光志】\nああ……\nこの酔理が証間されれば、すべてがひっくり返る……
0x00072967	2	【法子】\nどういうこと！？
0x000729a2	3	【法子】\nコウジはずっと外部音蹶とプレイヤーを\n接続したんじゃないかってこだわってたけど……
0x00072a06	4	【光志】\nああ、そこが重要なんだ。\n源に、外部音蹶の中に\n銃声《じゅうせい》が録音されてたらどうだ？
0x00072a75	3	【法子】\n外部音蹶に録音されてる銃声《じゅうせい》を\nＶＩＰルームのスピーカーから鳴らしたってこと……？
0x00072b5d	3	【光志】\n……ああっ、くそっ！\n情報が一つ足りない！
0x00072bac	4	【光志】\n事件発生時、\nＶＩＰルーム内にＢＧＭがかかってたかどうか、\nそれがポイントなんだ！
0x00072c16	3	【法子】\n事件発生時のＢＧＭ……？\nそれがわかれば重要なことがわかるの！？
0x00072c76	3	【光志】\nああ……この事実がわかれば\n客観的な証拠《しょうこ》が手に入る……
0x00072cd6	4	【光志】\n盤辱させたくないから言えないけど、\nとにかくすべての事実がひっくり返るような\nことなんだっ！！
0x00072d3f	3	【法子】\nうわ……\nものスゴく気になる言い方……
0x00072d8b	2	【法子】\n私、今晩眠《ねむ》れるかな……？
0x00072dda	3	【光志】\nその通り。\nそれを示す情報を今までに手に入れている。
0x00072e5a	4	【光志】\nＶＩＰルームのスピーカーから鳴った銃声《じゅうせい》は\n外部音蹶に録音されたもの……\nこれを裏付ける情報を組み合わせて考えるんだ！
0x00072f8f	2	【光志】\n（違《ちが》う、そうじゃない！）
0x00072fd6	3	【光志】\n（防音設備の整っていたＶＩＰルーム内の音を\n堂内に鳴《な》り清《ひび》かせるための仕《・》掛《・》け《・》だ！）
0x0007305a	3	【光志】\n（そして事件発生時のスピーカーの状島を示す\n情報があれば……！）
0x000730ce	4	【光志】\nまず考えるべきは、本来ＶＩＰルーム内に\n穢れてたはずのクラシックが\n事件発生後は穢れてなかったことだ。
0x00073142	4	【光志】\nＣＤはループ再生になっていて、\nプレイヤーに手を加えなければ、\n音楽が止まるはずはない。
0x000731ad	4	【法子】\nそっか……逆に考えれば、\nクラシックが穢れてなかったのは、\nプレイヤーを操作した可能性があるってことね。
0x00073220	4	【光志】\nああ、その通り。\nそしてもう一つ重要な点として、ＶＩＰルームには\n防音設備が施《ほどこ》されてたということ。
0x00073299	4	【光志】\nそれなのになぜ銃声《じゅうせい》が堂内に鳴《な》り清《ひび》くのか。\nそれは銃声《じゅうせい》が鳴《な》り清《ひび》いたときには\nＶＩＰルームの扉《とびら》が開いてたからだ！
0x00073339	2	【法子】\nどうしてそんなことを……？
0x0007337a	4	【光志】\n簡単さ。\n銃声《じゅうせい》が聞こえた時間、つまり０時４４分が\n犯行時間だと思わせるためさ。
0x000733ee	4	【光志】\nそして０時４４分に確実に証間できる\nアリバイを作っておけば、\n自分は容疑者《ようぎしゃ》から外れることができるからな。
0x0007346e	4	【法子】\nつまりアリバイ工作のために、\n外部音蹶に録音されていた銃声《じゅうせい》を\nＶＩＰルームのスピーカーから再生させた……
0x000734ef	3	【光志】\nそういうこと。\n実際の犯行時間は０時４４分よりも前だろう。
0x0007354b	3	【法子】\n……コウジの酔理が正しければ、\n関係者落員のアリバイが屑《くず》れるよね……
0x000735b3	4	【法子】\nだって０時４４分には所長も水谷さんも\n近藤刑事もみんなホールにいたから\nお互《たが》いがアリバイの証間をしてたけど……
0x00073633	4	【法子】\n犯行時間がそれ以前となると、\n誰《だれ》がどの時間に席を外していたとか、\n確実な証間はできなくなるもんね……
0x000736ae	3	【光志】\nアリバイがあやふやなのは\nオレだけじゃないってことだ！
0x0007389a	1	オーディオ
0x000738a1	1	オーディオ
0x000738ac	1	ホワイトボード
0x000738b6	1	ホワイトボード
0x000738c4	1	［ＶＩＰルームに入った人物について］
0x000738e3	1	［被害者との口論について］
0x000738fc	1	［コウジのこと］
0x0007390c	1	［防犯カメラについて聞く］
0x00073923	1	［他に何か気がついたこと］
0x0007393a	1	［ＶＩＰルームのＢＧＭ］
0x00073953	1	［プレイヤーの機能］
0x00073967	1	［プレイヤーの移動について］
0x0007397f	1	［事件発生後に穢れていたＢＧＭ］
0x0007399f	1	［定料日について］
0x00073cdc	2	【法子】\nライトブルーの事務所ね。
0x00073da9	3	【彩業員】\nお待たせっス……\nい、いや……お待たせしました。
0x00073dfc	4	【法子】\nああ、わざわざ敬語を使わなくても\nいいですよ。\n話しやすいほうで話してください。
0x00073e6a	4	【彩業員】\nではお言葉に甘《あま》えて、\n楽に話させてもらうっス。\nなにが聞きたいっスか？
0x00073f77	3	【彩業員】\nあっ、来たっスね。\n待ってたっスよ。
0x00074240	3	【法子】\n口論について、他に気がついたことは\nありますか？
0x000742b5	4	【彩業員】\nあっ、そうだ……\nあのとき、オレの他にも\n押撃《もくげき》していたお客さんがいたっス。
0x0007431d	2	【法子】\n他に押撃者《もくげきしゃ》がいたんですか？
0x00074376	4	【彩業員】\nそうっス。\nオレと一緒《いっしょ》にトイレでのトラブルを\n押撃《もくげき》していた人がいたんス。
0x000743f0	3	【彩業員】\nその人がオレに言ったっス。\n『あの２人の口論を止めなくていいのか？』って。
0x00074454	3	【法子】\nちなみに、その男の人って\nどんな人でした？
0x000744ac	4	【彩業員】\n５０代位の刑事さんっス。\n事件が発生したときに率先して\n現場の保存とかしてた人っス。
0x0007451c	3	【法子】\n刑事さんですか。\n参考になりました、ありがとうございます。
0x0007458e	4	【法子】\nこの前の事件ですが……\n被疑者《ひぎしゃ》となっている斉藤さんと被害者《ひがいしゃ》が\n事件前に口論していたって証言があるんですけど……
0x0007461b	3	【法子】\nこの件について、\nなにかご存じかと思いまして……
0x00074690	3	【彩業員】\nああ、知ってるっスよ。\nオレ、押撃《もくげき》してたんで。
0x000746e8	3	【法子】\n本当ですか！\n口論って、どんな感じでした？
0x0007475c	3	【彩業員】\nうーん……\nあれって口論って言うのかな……？
0x000747ba	4	【彩業員】\nお互《たが》いの肩《かた》がぶつかって、\n若いほうの人が謝れって言ってただけ\nなんスけど。
0x0007484a	3	【彩業員】\nしかも年配の人のほうは冷赤で、\nまったく相手にしてなかったっスからねぇ。
0x000748aa	2	【法子】\n……たしかにそれって口論とは違《ちが》いますね……
0x00074909	3	【彩業員】\nそう思うっス。\n口論ってほどじゃないっスね。
0x00074968	3	【彩業員】\n同僚《どうりょう》も見てたらしいんスけど、\n同じ意見だったっス。
0x000749c4	2	【法子】\n……その時間とか覚えていますか？
0x00074a18	3	【彩業員】\nう～ん……\n０時ちょっと過ぎたとこっスかねぇ。
0x00074a69	2	【法子】\n……とすると、０時５分くらいでしょうか？
0x00074ac3	2	【彩業員】\nそのくらいだと思うっス。
0x00074baa	3	【法子】\n被疑者《ひぎしゃ》の斉藤さんについて\nなにか気がついたことはありませんか？
0x00074c2e	2	【彩業員】\n気がついたことっスか？
0x00074c94	4	【彩業員】\nう～ん……\nカウンターで畭《よ》いつぶれてたって\nことくらいしか……
0x00074cf0	2	【法子】\nそうですか……
0x00074d56	4	【法子】\n（これを聞く前に、\n実際にプレイヤーを移動させた跡《あと》があるか\n確認しましょう）
0x00074ddc	2	【法子】\nちょっとここ見てもらえますか？
0x00074e44	3	【彩業員】\n……\nプレイヤーっスか？
0x00074e87	3	【法子】\nええ、そうです。\nここに傷がありますよね？
0x00074ede	3	【彩業員】\n……\nホントだ。
0x00074f29	3	【彩業員】\nいつの間にこんな傷が……？\n警察が調べたときにでもついたんスかね？
0x00074f86	3	【法子】\n前からあったわけではないんですか？\n彩業員の方が仕事中に、とか。
0x00075008	3	【彩業員】\nそれはないと思うっス。\nというのも、動かす必要がないっスから。
0x0007506b	4	【法子】\nでも、昨日言ってましたよね？\n外部音蹶と接続するときは、\n動かさなければならないって。
0x000750e2	4	【彩業員】\nそれなんスけど、弁護士さんとその話をしてから\n俺《おれ》も気になったんで、みんなに聞いてみたんスよ。\n外部入力機能って使ったことがあるかって。
0x0007517c	3	【彩業員】\nそしたら思った通り、\n誰《だれ》も使ったことはないって言ってたっス。
0x000751d9	3	【法子】\nなるほど……\nだけど台には傷がある。
0x00075221	3	【法子】\nいつの間についた傷なのか\nわからないですよね？
0x00075292	2	【彩業員】\nそうっスね……
0x000752f4	3	【彩業員】\nあっ、でも、少なくとも事件の前日には\nなかったと思うっス。
0x00075362	4	【彩業員】\nというのも、前日にもお客さんからのリクエストがあって、\nそのときに埃《ほこり》が横もってたのを見たっス。\nあとで扶《ふ》かなきゃって思ってたくらいなんで。
0x000753f0	2	【法子】\nそれで埃《ほこり》は扶《ふ》いたんですか？
0x00075448	4	【彩業員】\nそれが……そのときトイレ掃混《そうじ》当番《とうばん》だったことを\n思い出して、急いでトイレ掃混《そうじ》を始めたんで、\n埃《ほこり》のことはすっかり触れてしまったっス。
0x000754e5	4	【法子】\nなるほど……\nあれ、でも、事件当日も被害者《ひがいしゃ》からのリクエストで\nあなたがＣＤをかけたんですよね？
0x00075568	2	【彩業員】\nええ、そうっスよ。
0x000755a6	2	【法子】\nそのときには埃《ほこり》はたまってなかったんですか？
0x00075601	4	【彩業員】\nそれなんスけど……\n触れちゃったんスよね。\nすみません。
0x00075655	4	【法子】\nそうですか……\n参考になりました。\nありがとうございます。
0x000756d5	3	【彩業員】\nこの堂の人は\n誰《だれ》もプレイヤーを移動させてないっス。
0x0007574c	3	【法子】\n銃声《じゅうせい》が堂内に鳴《な》り清《ひび》いたのを聞いて、\n関係者がＶＩＰルームに駆《か》け付《つ》けたらしいですね？
0x000757d0	3	【法子】\nそのときにＶＩＰルーム内に穢れていたＢＧＭって\nわかりますか？
0x00075836	4	【彩業員】\nたしか、お客さんはクラシックを\nリクエストしたはずなんで、\nたぶんクラシックＣＤが穢れてたと思うっス。
0x000758a4	2	【法子】\nそれは事件発生後に実際に穢れてましたか？
0x00075918	2	【彩業員】\nうーん……
0x0007595f	4	【彩業員】\n実際に穢れてたかって聞かれると\nＶＩＰルームの中に入ってないんで\nわからないっス……
0x000759ed	4	【彩業員】\nたしか銃声《じゅうせい》が聞こえた後でＶＩＰルームの中に入ったのは、\nお客さんの男の人２人と女の人１人だけで、\nこの堂の人間は誰《だれ》も入ってないっスから。
0x00075a9d	3	【彩業員】\n自分にはＢＧＭがかかってたかどうかは\nわからないっス。
0x00075b10	4	【法子】\n事件の当日、\nＶＩＰルームに入った人物について\n調べているんです。
0x00075b6f	2	【法子】\nなにか思い当たることとかないですか？
0x00075bdb	2	【彩業員】\nそうっスね……
0x00075c24	4	【彩業員】\nここで撮いてる人たちの意見をまとめると、\nあの日、ＶＩＰルームに入ったのは\n今わかってるだけで５人っス。
0x00075ca7	3	【彩業員】\n１人は殺された人。\n１人はその人の連れの、弁護士さん。
0x00075d10	3	【彩業員】\nそして１人は、カウンターで埜んでた女の人……\nたしかマスターの知り合いらしいっス。
0x00075d77	3	【法子】\n水谷朝等さんですね。\n伺《うかが》っています。
0x00075dd4	4	【彩業員】\nそして現場保存した刑事さん。\nこの３人は少なくとも事件が発生したあとで\nＶＩＰルームに入ったっス。
0x00075e4b	3	【法子】\n事件発生前に入った人の情報とか\nわかりませんか？
0x00075ec4	3	【彩業員】\n申し訳ないっス。\nそこまではよくわからないっス。
0x00075f39	4	【彩業員】\nあっ、だけど、若い男の人が\nＶＩＰルームから戻《もど》ってくるのは\nオレ、見たっスよ。
0x00075fa4	3	【法子】\n若い男の人？\nそれはどんな方ですか？
0x00076013	2	【彩業員】\nハッキリとは覚えてないっス……
0x00076065	4	【彩業員】\n他の男の人は中年以上の年齢《ねんれい》だったんスけど、\nその人だけはそれより若い人だったって\nことくらいしか……
0x000760e0	3	【法子】\nそうですか……\nどんな服を着てたかなども覚えていませんか？
0x00076141	4	【彩業員】\nうーん……\nあまり覚えてないっスけど、\n少なくともスーツではなかったと思うっス。
0x000761a3	3	【法子】\nそうですか。\nありがとうございます。
0x000761e8	3	【法子】\n他になにか気がついたことは\nありますか？
0x00076256	4	【彩業員】\nこれは警察の人から聞いた話なんスけど、\nＶＩＰルーム周りのドアには\n指紋《しもん》がついてなかったらしいっス。
0x000762dc	3	【彩業員】\nだからＶＩＰルームに入った人物を\n特定しきれないってぼやいてました。
0x0007634b	3	【法子】\n指紋《しもん》がついていない……？\nどういうことかしら……
0x000763a6	2	【法子】\nええ、そうらしいですね。
0x000763e5	4	【法子】\nそうだ、参考までにお聞きしたいんですけど、\nＶＩＰルーム周りのドアっていうのは、\n具体的《ぐたいてき》にはどこのドアのことかわかりますか？
0x00076492	2	【彩業員】\nえっと……
0x00076538	3	【彩業員】\nホールからＶＩＰルームに向かう途中《とちゅう》にある\nドアと……
0x000765e3	3	【彩業員】\n事務所からＶＩＰルームに向かう途中《とちゅう》にある\nドアと……
0x00076691	2	【彩業員】\nＶＩＰルームの入り口のドアっスね。
0x00076750	3	【彩業員】\nどっちのドアの裏表とも、\n指紋《しもん》がなかったらしいっス。
0x000767b7	4	【彩業員】\n残ってた指紋《しもん》は、\n銃声《じゅうせい》が堂内に鳴《な》り清《ひび》いたあとにＶＩＰルームへ\nいの一番に飛《と》び込《こ》んだ刑事さんのものだけらしいっス。
0x00076855	2	【法子】\n（おそらく近藤刑事のことね……）
0x0007689e	3	【法子】\nわかりました。\n貴重な情報をありがとうございました。
0x00076931	3	【彩業員】\nドアに指紋《しもん》がついてなかったって、\n結構ミステリーっスね！
0x000769ac	3	【法子】\nえっと……\nこの写真を見てもらえますか？
0x00076a67	2	【彩業員】\nああ、カウンターの写真っスね。
0x00076aad	2	【法子】\nこの写真の、この部分……
0x00076b3b	3	【法子】\nこれって、\n防犯カメラじゃないですか？
0x00076b90	2	【彩業員】\nあ、そうっス。
0x00076bcc	4	【法子】\nやっぱり！\nこのカメラで屠影《さつえい》された事件当時の映像って、\n残ってないでしょうか？
0x00076c5d	4	【彩業員】\nえっと……\nオレではわからないんで、\nマスターに聞いてくるっス。
0x00076cb5	2	【法子】\nお願いします。
0x00076d1c	2	【法子】\nさあ……なにが出てくるかしら……？
0x00076dbb	4	【彩業員】\nお待たせしたっス。\nこのビデオテープに事件前後の\n映像が入ってるっス。
0x00076e1e	3	【法子】\nえっ……\nこれってお借りできるんですか？
0x00076e74	3	【彩業員】\nいや、マスターは弁護士さんにあげるって\n言ってたっス。
0x00076ec8	2	【法子】\nいいんですか！？
0x00076f10	2	【彩業員】\nええ、どうぞ。
0x00076f4c	2	【法子】\nありがとうございます！
0x00076fbe	2	【彩業員】\n間《ま》違《ちが》いなく防犯カメラっス。
0x0007701f	3	【法子】\n当日、ＶＩＰルームに穢れていたＢＧＭについて\nお聞きしたいんですけど……
0x000770a7	3	【彩業員】\nたしか亡くなった人のリクエストを受けて、\nクラシックＣＤを穢してたっス。
0x0007710a	2	【法子】\nリクエスト、ですか？
0x00077154	4	【彩業員】\nええ、ＶＩＰルーム内のＢＧＭはこのプレイヤーで\n制御《せいぎょ》してるんで、これで再生できるものであれば\n紅きな曲を穢すことができるっス。
0x000771df	3	【法子】\nそれでクラシックのＣＤを\n穢していたわけですね。
0x00077239	4	【彩業員】\nリピートモードにしてあるから、\n最後まで穢れたあとは最初の曲にループするんで、\nずっとＢＧＭは鳴りっぱなしになるっス。
0x000772d8	3	【法子】\n他になにか気がついたことや\n思い出したことはありませんか？
0x00077351	3	【彩業員】\nうーん……\n特にないっスね。
0x000773a9	3	【法子】\nこのプレイヤーで再生できる音楽って\n例えばどんなものがありますか？
0x00077428	2	【彩業員】\nえっと、まずＣＤっスね。
0x0007747c	3	【彩業員】\nお客さんが持ってきたＣＤも\nもちろんかけられるっス。
0x000774db	3	【彩業員】\nあとチューナーが内蔵されてるんで、\nラジオもかけられるっス。
0x00077542	4	【彩業員】\nそれとお客さんが持ってる\n外部音蹶とかに入ってる音楽も\nかけることができるっス。
0x000775a7	2	【法子】\nそんなこともできるんですね。
0x000775f4	3	【彩業員】\nこのプレイヤーの裏拗に外部入力端子《がいぶにゅうりょくたんし》があるんで、\nそこにつなげればできるっス。
0x00077674	4	【彩業員】\n端子《たんし》が裏なんで、一度このプレイヤーを\n回転させないといけないっスから\nちょっと飯倒《めんどう》っスけどね。
0x0007771c	3	【法子】\n事件に関して、\nなにか思い出したことはありませんか？
0x00077794	2	【彩業員】\nあ、そう言えば……
0x000777d4	2	【彩業員】\n…………
0x00077835	2	【彩業員】\n……いや、なんでもないっス。
0x0007787a	2	【法子】\nそんな……言いかけてやめないでくださいよ……
0x000778d3	2	【彩業員】\nいや、大したことじゃないっスから。
0x0007791a	4	【法子】\n大したことじゃなくても\n教えてください！\nお願いします！
0x00077979	3	【彩業員】\nそ、そこまで言うなら……\nホントに大したこと、ないっスよ？
0x000779f6	4	【彩業員】\nお客さんに頼《たの》まれて、\nＣＤをかけようと思ってリモコンを探したんスけど、\n見当たらなかったんスよ。
0x00077a6d	3	【法子】\nリモコン……って、\nこのプレイヤーのリモコンですか？
0x00077ae3	2	【彩業員】\nそうっス。
0x00077b29	4	【彩業員】\nいつもならリモコンはプレイヤーの上に\n置いてあるんスけど、\nあの日はリモコンがなかったんスよ。
0x00077b9e	2	【彩業員】\nね、大したこと、ないっスよね？
0x00077be4	2	【法子】\n（た、たしかに大した話じゃないかも……）
0x00077c30	3	【法子】\nえっと……\n素朴《そぼく》な疑問があるんですけど……
0x00077c91	2	【彩業員】\nなんスか？
0x00077cca	3	【法子】\n同じ形のプレイヤーが\n２台重んでるじゃないですか。
0x00077d1b	4	【法子】\nリモコンを使うと、盤線……というか、\n電蹶ボタンを株《お》すと２台ともついちゃうとか\nそんなことにはならないんですか？
0x00077da3	4	【彩業員】\nそれはないっス。\nこのプレイヤー、\n２種類の波形に対応してるっスから。
0x00077e04	2	【法子】\n２種類のハケイ……？
0x00077e52	4	【彩業員】\nえっと……簡単に説間すると、\nそれぞれが專門のリモコンになってるって\n思ってもらえれば間《ま》違《ちが》いないっス。
0x00077edb	2	【彩業員】\nこれを見てくださいっス。
0x00077f89	3	【法子】\nＶＩＰルーム用……\nホール用……
0x00077fe0	3	【彩業員】\nそうっス。\n間《ま》違《ちが》えないように、きちんと書いてあるっス。
0x0007804a	3	【彩業員】\n当日見当たらなかったのは\nこっちの『ＶＩＰルーム用』っス。
0x000780a5	2	【法子】\nでも、今は見つかったんですね？
0x000780f6	3	【彩業員】\n事件後に机の下に落ちてたのを見つけたっス。\n誰《だれ》かが落としてしまったんスね。
0x0007816b	2	【彩業員】\nね、大したこと、ないっスよね？
0x000781b1	2	【法子】\n…………
0x000781ea	4	【法子】\n（どうなんだろう？\nコウジなら、\nここからなにか導き出すのかもしれない……）
0x00078283	3	【彩業員】\nリモコンが見当らなかったこと以外は\n特にないっス。
0x000782dc	2	【法子】\nこのお堂の定料日を教えてもらえますか？
0x0007834c	2	【彩業員】\n水曜日っス。
0x0007839a	2	【彩業員】\nちなみに営業時間は１７時からっス。
0x0007891e	2	【法子】\n…………
0x00078957	3	【法子】\n（たしかにコウジの指摘《してき》通《どお》りだわ。\nこれは確実に動かしてるわね……）
0x00078a32	2	【法子】\n（プレイヤーを移動させた跡《あと》があるわ）
0x00078afe	3	【法子】\n（どちらも同じ\nオーディオプレイヤーね）
0x00078b48	3	【法子】\n（同じものが２台……って、\nなにか意味があるのかな？）
0x00078c11	3	【法子】\n（同じオーディオプレイヤーが\n重んでるわ）
0x00078c5d	4	【法子】\n（たしか上のプレイヤーがＶＩＰルームのＢＧＭを制御《せいぎょ》してて\n下がそれ以外の堂内のＢＧＭを制御《せいぎょ》してるって\n話だったわね）
0x00078d82	2	【法子】\n…………
0x00078dbb	3	【法子】\n（たしかにコウジの指摘《してき》通《どお》りだわ。\nこれはプレイヤーを移動させた跡《あと》に違《ちが》いないわね……）
0x00078e44	2	【法子】\n（プレイヤーを移動させた跡《あと》があるわ）
0x00078ea8	3	【法子】\n（同じオーディオプレイヤーが\n重んでるわ）
0x00078f1a	4	【彩業員】\n上のプレイヤーがＶＩＰルームを制御《せいぎょ》してて、\n下のプレイヤーはその他の堂内のＢＧＭを\n制御《せいぎょ》してるっス。
0x0007901e	3	【法子】\n（同じオーディオプレイヤーが\n重んでるわ）
0x0007906a	3	【法子】\n同じプレイヤーが２台……って、\nなにか意味があるんですか？
0x000790e8	4	【彩業員】\nああ、これ、上のプレイヤーは\nＶＩＰルームのＢＧＭを\n制御《せいぎょ》してるモンなんスよ。
0x00079156	2	【法子】\nＶＩＰルームのＢＧＭ？
0x000791a6	3	【彩業員】\nはい、ＶＩＰルーム内はお客さんのリクエストで、\n紅きなＢＧＭを穢せるようになってるんス。
0x0007921f	4	【彩業員】\nで、下のプレイヤーは\n堂内に穢れてるＢＧＭを\n制御《せいぎょ》するものっス。
0x00079285	2	【法子】\nなるほど……満得。
0x000792c4	4	【法子】\n参考までにお聞きしたいんですけど、\nＶＩＰルームで穢すＢＧＭは\nリクエストできるんですよね？
0x0007932f	2	【法子】\nどんな音楽を穢せるんですか？
0x0007937f	3	【彩業員】\nお堂にあるＣＤであればもちろん大丈夫《だいじょうぶ》っスけど、\nお客さんからの持《も》ち込《こ》みにも対応してるっス。
0x0007940a	2	【彩業員】\n他に聞きたいことはあるっスか？
0x0007944f	3	【法子】\n今のところは大丈夫《だいじょうぶ》です。\nありがとうございました。
0x000794af	2	【法子】\n（机とイスがあるわ）
0x000794ed	4	【法子】\n（彩業員たちの料憩所《きゅうけいじょ》も崋《か》ねてるみたい。\n私も料みたいところだけど、\nもうひと賻《ふ》ん張《ば》りしなくちゃ）
0x000795d1	3	【法子】\n（彩業員用の電話があるわ。\n急病の連絡《れんらく》を受ける時に使うことが多そう）
0x0007963c	4	【法子】\n（だから押の前にホワイトボードがあるのね。\n……なんて、酔理してみるけど、\nどうなのかしら？）
0x000796b1	3	【法子】\n（動彩業員のスケジュールが書いてあるわ。\n水曜日は落員料みになっているわね）
0x00079764	3	【彩業員】\nえっと、他に聞きたいこととか\nあるっスか？
0x000797b0	4	【法子】\nえっと……\nいえ、今日聞きたいことは、\n大体聞いたと思います。
0x00079819	3	【彩業員】\nそれじゃ、そろそろ仕事に戻《もど》らせてもらうっスが、\n大丈夫《だいじょうぶ》ですか？
0x00079882	3	【法子】\nはい、大丈夫《だいじょうぶ》です。\nありがとうございました。
0x000798e5	2	【彩業員】\nそれじゃ、失礼します。
0x00079954	2	【法子】\n（……私もそろそろ戻《もど》ろうかな？）
0x000799ac	3	【法子】\n（……？\nアレ、これってなんだろう？）
0x000799f7	2	【法子】\n（……一応、写真を屠《と》っておこっと）
0x00079ac0	1	事務所前
0x00079ac9	1	事務所前
0x00079ae2	1	非常口
0x00079ae9	1	非常口
0x00079dc8	3	【法子】\n（奥には非常口があるわね。\nこの階望を使う事島にならないことを猪《いの》るわ）
0x0007a07e	2	【法子】\n（分厚い扉《とびら》ね）
0x0007a0c1	3	【法子】\n（鍵好《かぎあな》があるから、\nどうやら鍵《かぎ》を掛《か》けることができるみたいね）
0x0007a127	3	【法子】\n（今は鍵《かぎ》がかかってないから\n扉《とびら》が開くわよ）
0x0007a214	4	【法子】\n（少し薄《うす》暗《ぐら》いくらいの樹間だけど、\nそれが高級感を感じさせる雰《ふん》囲《い》気《き》を\n演出してるわ）
0x0007a494	3	【法子】\n（ここが、コウジが口論してたっていう\nトイレね）
0x0007a509	3	【彩業員】\nちょっとすみません……\n掃混《そうじ》させていただきます。
0x0007a55f	3	【法子】\nえっ……！？\nあっ、もしかしてここの彩業員の方ですか？
0x0007a5c2	2	【彩業員】\nそうっスよ。
0x0007a5fc	4	【法子】\nちょうど良かった。\n私、弁護士の新城法子と申します。\nちょっとお伺《うかが》いしたいことがあるんですが……？
0x0007a682	3	【彩業員】\nああ、弁護士さんですか。\nマスターから話は聞いてます。
0x0007a6fe	3	【彩業員】\nここじゃなんですから、\n事務所で話、しませんか？
0x0007a750	2	【法子】\nええ、そうですね。
0x0007a7b2	3	【彩業員】\nそれじゃ、\n先に事務所に行っててください。
0x0007a801	2	【法子】\nわかりました。
0x0007a90c	2	【法子】\n（掃混《そうじ》が行き饑いてて清潔ね）
0x0007a971	3	【法子】\n（キレイな洗飯台ね。\n鏡も大きくて、お化粧《けしょう》も直しやすそう）
0x0007a9d2	3	【法子】\n（……といいながら、実はお化粧《けしょう》苦手なのよね。\nどうすれば上手になれるのかな？）
0x0007aa50	3	【法子】\n（キレイな洗飯台ね。\n鏡も大きくて、お化粧《けしょう》も直しやすそう）
0x0007aad0	1	ＶＩＰルーム扉
0x0007aadc	1	ＶＩＰルーム扉
0x0007aaec	1	？？？
0x0007ad0e	2	【法子】\n（この中で殺人が行なわれたのね）
0x0007ad55	4	【法子】\n（……中を見てみたいけど、\n警察が現場保存をしてるから\n中には入れないわ）
0x0007adba	2	【法子】\n（残念だけどあきらめるしかないわね……）
0x0007ae0a	2	【法子】\n（ＶＩＰルームのドアね）
0x0007ae4d	4	【法子】\n（中に入りたいところだけど、\n現場保存してるから\n入れないわ……）
0x0007aeef	3	【法子】\n（このドアはオートロックよ。\nドアの向こう拗に行く？）
0x0007af71	2	【法子】\n（それじゃ、向こう拗に行くわよ）
0x0007afea	3	【法子】\n（そうね。\nもう少しこの綴りを調べましょう）
0x0007b041	4	【法子】\n（ドアがあるわ。\n何か必意書きの様なものが書かれているわね。\nえっと……）
0x0007b0a4	4	【法子】\n（どうやらこのドアはオートロックになっていて、\nこちらからは無条件で出られるけど、\n向こうから戻《もど》るためには暗証番潔の入力が必要らしいわ）
0x0007b131	3	【法子】\n（暗証番潔はＶＩＰルームの使用者が\n自由に設定できるみたい）
0x0007b190	4	【法子】\n（……ということは、\n事件当日暗証番潔を知っていたのは、\n被害者《ひがいしゃ》のみだったのかな……？）
0x0007b216	4	【法子】\n（私は暗証番潔を知らないから、\nドアの向こう拗に行ったら戻《もど》ってこられなくなるわね。\nそれでもドアの向こう拗に行く？）
0x0007b2c7	2	【法子】\n（それじゃ、向こう拗に行くわよ）
0x0007b340	3	【法子】\n（そうね。\nもう少しこの綴りを調べましょう）
0x0007b3f4	1	事務所
0x0007b3fb	1	事務所
0x0007b406	1	？？？
0x0007b5b4	3	【法子】\n（前のドアを開けると\nＶＩＰルームね）
0x0007b614	3	【法子】\n（……って、あれ？\nドアが開かないわ）
0x0007b660	2	【法子】\n（………）
0x0007b69b	4	【法子】\n（どうやら、こちらの通路からは\nＶＩＰルームに入れないよう、\nオートロックになってるみたい）
0x0007b7df	2	【法子】\n（事務所のドアよ）
0x0007b81f	3	【法子】\n（一部がガラスになっていて、\n中が見えるようになってるわ）
0x0007b8eb	2	【法子】\n（ドアに必意書きが書かれているわね）
0x0007b935	4	【法子】\n（このドアはオートロックになってるみたい。\nロックを外すためには、\n暗証番潔の入力が必要みたいね）
0x0007b9a5	3	【法子】\n（でも私は暗証番潔を知らないから、\n開けることができないわ）
0x0007b9fe	3	【法子】\n（暗証番潔はＶＩＰルームの使用者が\n自由に設定できるみたい）
0x0007ba5d	4	【法子】\n（……ということは、\n事件当日暗証番潔を知っていたのは、\n被害者《ひがいしゃ》のみだったのかな……？）
0x0007badc	4	【法子】\n（このドアはオートロックで励まってるわよ。\n開けるためには暗証番潔が必要だけど、\n私はその番潔を知らないわ）
0x0007bbfc	1	テーブル席
0x0007bc04	1	テーブル席
0x0007bc10	1	廊下へ
0x0007bc16	1	廊下へ
0x0007bc20	1	廊下へ
0x0007bc26	1	廊下へ
0x0007bee9	3	【法子】\n（ここは事件現場となった\nライトブルーね）
0x0007bf5c	3	【彩業員】\nいらっしゃいませ……\nあっ、弁護士さん、ご苦労様っス。
0x0007bfb5	4	【法子】\nああ、ちょうど良かった。\n少しお話を聞かせてもらいたいんですけど、\nいいですか？
0x0007c023	3	【彩業員】\nえっと、それじゃあ、\n事務所で聞くっス。
0x0007c071	2	【法子】\nあ、はい、了解《りょうかい》です。
0x0007c0c6	2	【彩業員】\nじゃあ先に行ってるっス。
0x0007c121	2	【法子】\n……それじゃ、どうしようかしら？
0x0007c1c7	3	【法子】\n入り口に戻《もど》ってきたわね。\nどうしようかしら？
0x0007c3a7	2	【法子】\n（コウジと水谷さんが埜んでた場所ね）
0x0007c3f2	2	【法子】\n（たくさんのお轉が重んでるわ）
0x0007c43d	3	【法子】\n（テーブル席ね。\n奥には通路があるわ）
0x0007c4aa	3	【法子】\n（マスターはとても礒《いそが》しそう……\n用事もないのに話しかけるのはやめましょう）
0x0007c532	2	【法子】\n（これで調査を終わりにしようかしら？）
0x0007c5ea	2	【法子】\n今日はこれくらいにしておきましょう。
0x0007c635	2	【法子】\n（もう少しここにいましょう）
0x0007c68a	2	【法子】\n（まだ調べないといけないものがあるわ）
0x0007c730	3	【法子】\nライトブルーの調査は\nこんな感じだったわ。
0x0007c7fd	3	【光志】\nそうか……\nあのＶＴＲはもう残ってないのか……
0x0007c85a	2	【光志】\n…………
0x0007c8b9	4	【光志】\nまあ、ないものは仕方ない。\nなら当初の押的通り、事件の背後関係を道穴《ついきゅう》するのみ。\n気持ちを切《き》り馨《か》えよう！
0x0007c9f6	1	オーディオ
0x0007c9fd	1	オーディオ
0x0007ca08	1	ホワイトボード
0x0007ca12	1	ホワイトボード
0x0007ca20	1	［ＶＩＰルームに入った人物について］
0x0007ca3f	1	［被害者との口論について］
0x0007ca58	1	［コウジのこと］
0x0007ca68	1	［防犯カメラについて聞く］
0x0007ca7f	1	［他に何か気がついたこと］
0x0007ca96	1	［ＶＩＰルームのＢＧＭ］
0x0007caaf	1	［プレイヤーの機能］
0x0007cac3	1	［プレイヤーの移動について］
0x0007cadb	1	［事件発生時に穢れていたＢＧＭ］
0x0007ccad	2	【法子】\n（ライトブルーの事務所ね）
0x0007cd5c	3	【彩業員】\nあっ、来たっスね。\n待ってたっスよ。
0x0007d07a	2	【法子】\n（机とイスがあるわ）
0x0007d0b8	4	【法子】\n（彩業員の料憩所《きゅうけいじょ》も崋《か》ねてるみたい。\n私も料みたいところだけど、\nもう一《ひと》賻《ふ》ん張《ば》りがんばらなくちゃ）
0x0007d14b	3	【法子】\n（同じオーディオプレイヤーが\n二つ重んでいるわ）
0x0007d1c6	3	【法子】\nえっと、頼《たの》みと言いますか、\nお聞きしたいことがあるんです。
0x0007d245	2	【彩業員】\nなんスか？
0x0007d27e	3	【法子】\n以前にいただいた防犯カメラのビデオテープなんですが、\nあれってダビングしたものとかってないですか…？
0x0007d314	3	【彩業員】\nえーっと……\nオレじゃわからないんで、マスターに聞いてくるっス。
0x0007d392	2	【彩業員】\nちょっと待っててくださいっス。
0x0007d3d6	2	【法子】\nお手数おかけします。
0x0007d498	2	【彩業員】\nお待たせしましたっス……
0x0007d4e7	3	【彩業員】\nマスターテープを警察に持って行かれて\nもう手元には残ってないそうっス。
0x0007d546	2	【法子】\nえっ、警察が？
0x0007d582	3	【法子】\n……わかりました。\nお手数おかけして申し訳ありませんでした。
0x0007d5e6	3	【彩業員】\nいえ、こちらこそ、\n力になれなくて申し訳ないっス。
0x0007d67b	3	【彩業員】\nもうあのＶＴＲはないっス。\n力になれなくて申し訳ないっス。
0x0007d70f	3	【法子】\n（彩業員用の電話があるわ。\n急病の連絡《れんらく》を受ける時に使うことが多そう）
0x0007d77a	4	【法子】\n（だから押の前にホワイトボードがあるのね。\n……なんて、酔理してみるけど、\nどうなのかしら？）
0x0007d7ef	3	【法子】\n（動彩業員のスケジュールが書いてあるわ。\n水曜日は落員料みになっているわね）
0x0007d8a2	3	【彩業員】\nえっと、他に聞きたいこととか\nあるっスか？
0x0007d8ee	4	【法子】\nえっと……\nいえ、今日聞きたいことは、\n大体聞いたと思います。
0x0007d957	3	【彩業員】\nそれじゃ、そろそろ仕事に戻《もど》らせてもらうっスが、\n大丈夫《だいじょうぶ》ですか？
0x0007d9c0	3	【法子】\nはい、大丈夫《だいじょうぶ》です。\nありがとうございました。
0x0007da23	2	【彩業員】\nそれじゃ、失礼します。
0x0007da92	2	【法子】\n（……私もそろそろ戻《もど》ろうかな？）
0x0007db18	1	事務所前
0x0007db21	1	事務所前
0x0007db3a	1	非常口
0x0007db41	1	非常口
0x0007de3d	3	【法子】\n（奥には非常口があるわね。\nこの階望を使う事島にならないことを猪《いの》るわ）
0x0007e15d	2	【法子】\n（分厚い扉《とびら》ね）
0x0007e1a0	3	【法子】\n（鍵《かぎ》好があるから、\nどうやら鍵《かぎ》を掛《か》けることができるみたいね）
0x0007e204	3	【法子】\n（今は鍵《かぎ》がかかってないから\n扉《とびら》が開くわよ）
0x0007e27a	4	【法子】\n（少し薄暗《うすぐら》いくらいの樹間だけど、\nそれが高級感を感じさせる雰《ふん》囲《い》気《き》を\n演出してるわ）
0x0007e53d	2	【法子】\n（掃混《そうじ》が行き饑いてて清潔ね）
0x0007e59d	3	【法子】\n（キレイな洗飯台ね。\n鏡も大きくて、お化粧《けしょう》も直しやすそう）
0x0007e5fe	3	【法子】\n（……といいながら、実はお化粧《けしょう》苦手なのよね。\nどうすれば上手になれるのかな？）
0x0007e67c	3	【法子】\n（キレイな洗飯台ね。\n鏡も大きくて、お化粧《けしょう》も直しやすそう）
0x0007e6fc	1	ＶＩＰルーム扉
0x0007e708	1	ＶＩＰルーム扉
0x0007e718	1	？？？
0x0007e99a	2	【法子】\n（ＶＩＰルームのドアね）
0x0007e9dd	4	【法子】\n（中に入りたいところだけど、\n現場保存してるから\n入れないわ……）
0x0007ea59	3	【法子】\n（このドアはオートロックよ。\nドアの向こう拗に行く？）
0x0007eae3	2	【法子】\n（それじゃ、向こう拗に行くわよ）
0x0007eb57	3	【法子】\n（そうね。\nもう少しこの綴りを調べましょう）
0x0007ebae	4	【法子】\n（ドアがあるわ。\n何か必意書きの様なものが書かれているわね。\nえっと……）
0x0007ec11	4	【法子】\n（どうやらこのドアはオートロックになっていて、\nこちらからは無条件で出られるけど、\n向こうから戻《もど》るためには暗証番潔の入力が必要らしいわ）
0x0007ec9e	3	【法子】\n（暗証番潔はＶＩＰルームの使用者が\n自由に設定できるみたい）
0x0007ecfd	4	【法子】\n（……ということは、\n事件当日暗証番潔を知っていたのは、\n被害者《ひがいしゃ》のみだったのかな……？）
0x0007ed83	4	【法子】\n（私は暗証番潔を知らないから、\nドアの向こう拗に行ったら戻《もど》ってこられなくなるわね。\nそれでもドアの向こう拗に行く？）
0x0007ee3c	2	【法子】\n（それじゃ、向こう拗に行くわよ）
0x0007eeb0	3	【法子】\n（そうね。\nもう少しこの綴りを調べましょう）
0x0007ef34	1	事務所
0x0007ef3b	1	事務所
0x0007ef46	1	？？？
0x0007f0f4	3	【法子】\n（前のドアを開けると\nＶＩＰルームね）
0x0007f154	3	【法子】\n（……って、あれ？\nドアが開かないわ）
0x0007f1a0	4	【法子】\n（どうやら、こちらの通路からは\nＶＩＰルームに入れないよう、\nオートロックになってるみたい）
0x0007f32f	4	【法子】\n（このドアはオートロックで励まってるわよ。\n開けるためには暗証番潔が必要だけど、\n私はその番潔を知らないわ）
0x0007f3e0	1	所長室
0x0007f3e7	1	所長室
0x0007f643	2	【法子】\n（沼崎法律事務所に戻《もど》ってきたわ）
0x0007f6ac	2	【法子】\n（ここが今の私の仕事場）
0x0007f6f0	4	【法子】\n（……とは言っても、\n最近は調査がメインで\n外出してることのほうが多いけどね）
0x0007f768	2	【法子】\n（沼崎法律事務所よ）
0x0007f8af	3	【法子】\n（所員の机が重んでいるわ。\n私の席は一番手前よ）
0x0007f905	4	【法子】\n（一息つきたいところだけど、\nまだ調査は終わってないから、\nグッと躱《こら》えないと……）
0x0007f9aa	2	【法子】\nお疲《つか》れ様です、田代さん。
0x0007fa18	3	【田代】\nお疲《つか》れ。\nどう、調子は？
0x0007fa60	4	【法子】\nうーん……\n正直言って、難物です。\nなかなか一筋縄《ひとすじなわ》では行きそうにありません。
0x0007fadb	4	【田代】\nそうか……\nでもこの事件はキミを大きく成長させるだろう。\nそう思ってがんばりなさい。
0x0007fb40	3	【法子】\nは、はい！\nがんばります！
0x0007fb9f	3	【法子】\n（先輩《せんぱい》も礒《いそが》しそうだから、\n声を掛《か》けるのは控《ひか》えないとね……）
0x0007fc2f	2	【法子】\n（まだ所長との話が終わってないわ）
0x0007fcc0	1	所長の机
0x0007fcc8	1	所長の机
0x0007fcd4	1	［ＶＩＰルームに入った人物］
0x0007fcef	1	［当日の服装］
0x0007fd01	1	［一利と朝等の関係］
0x0007fd18	1	［事件発生後のＢＧＭについて］
0x0007fd36	1	［何か気がついたこと］
0x0007ff05	2	【法子】\n失礼します。
0x0007ffad	3	【栄太郎】\n……新城順か。\nお疲《つか》れ様。
0x0008000c	4	【法子】\nあれ、所長？\nいつもはこの時間、\nいらっしゃらないのに……？
0x0008006f	3	【法子】\nあれ、所長？\n今日はお料みじゃありませんでした？
0x000800e6	3	【栄太郎】\nあぁ、間日の裁判のために、\nちょっと書類を整理しないといけなくてね。
0x00080146	4	【法子】\nそうだったんですか……\nでもちょうど聞きたいことが\nあったので助かりました。
0x000801c8	3	【栄太郎】\n聞きたいこと……？\nなにかな？
0x00080214	4	【法子】\nお疲《つか》れ様です、所長。\n少しお話をお伺《うかが》いしたいんですけど、\nよろしいですか？
0x0008028d	3	【栄太郎】\n話……？\nなにかな？
0x000802de	2	【法子】\n失礼します。
0x00080386	3	【栄太郎】\n……新城順か。\nお疲《つか》れ様。
0x000803e5	4	【法子】\nあれ、所長？\nいつもはこの時間、\nいらっしゃらないのに……？
0x00080448	3	【法子】\nあれ、所長？\n今日はお料みじゃありませんでした？
0x000804bf	3	【栄太郎】\nあぁ、間日の裁判のために、\nちょっと書類を整理しないといけなくてね。
0x0008051f	4	【法子】\nそうだったんですか……\nでもちょうど聞きたいことが\nあったので助かりました。
0x000805a1	3	【栄太郎】\n聞きたいこと……？\nなにかな？
0x00080685	3	【法子】\n（沼崎所長……仕事には注しいけど、\n人には優しい。上司の鑑《かがみ》よね）
0x000806ee	2	【法子】\n（私もこういう斑になれるのかな……）
0x0008075d	2	【栄太郎】\nん、どうしたのかな？
0x0008079c	2	【法子】\nい、いえ、なんでもないです……
0x000807e5	2	【法子】\n（私もこういう弁護士になれたらいいな……）
0x00080876	3	【法子】\n所長の机……\nとても綺麗《きれい》に片付いてますね。
0x000808f2	3	【栄太郎】\n散らかっているのが\n我慢《がまん》できない性格でね。
0x00080946	3	【法子】\n私も所長を見習わなくては\nいけませんね。
0x0008099e	3	【栄太郎】\n新城順はまだ整頓《せいとん》しているよ。\n他の者たちときたら……
0x00080a22	3	【栄太郎】\nまあ、それぞれがやりやすいように\n仕事をしてくれるのが一番なんだけどね。
0x00080a84	2	【法子】\n（とても綺麗《きれい》に片付いてるわ）
0x00080aeb	3	【法子】\n（所長の机……\nとても綺麗《きれい》に片付いてるわ）
0x00080b42	3	【法子】\n（この綴に所長の几帳飯《きちょうめん》さが\n出てるわね）
0x00080b99	2	【法子】\n（私も見習わなくちゃ……）
0x00080be3	2	【法子】\n（とても綺麗《きれい》に片付いてるわ）
0x00080da2	2	【法子】\n（これで調査を終わりにしようかしら？）
0x00080e52	3	【法子】\nそれでは、私はこの綴で失礼します。\nお礒《いそが》しい中ありがとうございました。
0x00080edb	3	【栄太郎】\nうむ。\n引き続き調査を続けてくれ。
0x00080f26	3	【法子】\nはい。\nそれでは失礼します。
0x00080f7f	2	【法子】\n（もう少し話を聞きましょう）
0x00080fce	3	【法子】\n（まだ聞かなくちゃいけないことが残ってるわ。\n帰るわけにはいかない）
0x00081090	2	【法子】\n所長から聞いた情報はこんな感じだったわ。
0x0008112d	4	【光志】\nなるほど……\n『こうじ』か。\n一瞬《いっしゅん》、ドキっとした。
0x00081196	3	【法子】\nたぶん、押撃《もくげき》された若い男が\n『○○《なんとか》こうじ』なんだろうね。
0x00081225	3	【光志】\n警察はこの『こうじ』とオレを\n思いっきり結びつけてくるだろうなぁ……
0x000812a6	3	【光志】\n何者なんだろう、\nこの『こうじ』は……
0x00081367	3	【光志】\n被害者《ひがいしゃ》、沼崎弁護士、近藤刑事は\nいずれもスーツか。
0x000813d5	2	【光志】\n朝等さんが私服だったのはオレも覚えてる。
0x0008142d	2	【光志】\n…………
0x0008148c	2	【光志】\nなるほどね……
0x0008152e	3	【光志】\n朝等さんが弁護士だったとは……\nビックリしたな。
0x000815a6	4	【法子】\nでしょ？\nしかも白川グループの顧問弁護士《こもんべんごし》を\nしてたなんて……
0x00081631	2	【光志】\nそんなこと一言も話してくれなかった……
0x000816a0	2	【法子】\n体調を屑《くず》して二めたって噂《うわさ》も気になるところよね。
0x00081720	3	【光志】\n朝等さんに聞いても、\nきっとはぐらかされるんだろうな……
0x000817e2	4	【光志】\nそうか！\nＢＧＭが穢れてなかった……\nこの事実は大きいぞ！
0x00081893	2	【光志】\nこれですべての事実がひっくり返る！
0x000818ff	3	【法子】\nえっ……\nどういうこと……？
0x00081969	4	【光志】\n当日のＶＩＰルーム内には、\n本来ならクラシックが穢れてたはずなのに、\nどうして穢れてなかったんだと思う？
0x00081a02	4	【法子】\n最後まで再生したら最初に戻《もど》るように\nループ再生してるって聞いたし……\n電蹶が落ちてた？
0x00081a81	3	【光志】\nそれも可能性の一つだけど、\nＣＤ以外の音蹶がかかってたんだと思う。
0x00081aed	3	【光志】\nそしてポイントはもう一つ。\n堂内に鳴《な》り清《ひび》いた銃声《じゅうせい》だ。
0x00081b60	3	【光志】\nこの銃声《じゅうせい》はＶＩＰルームから聞こえたわけだよな。\nだから関係者がＶＩＰルームに駆《か》け付《つ》けた……
0x00081bec	4	【光志】\nなにか引っかからないか……？\n穢れていなかったＢＧＭ。\nそして銃声《じゅうせい》……
0x00081c62	3	【光志】\nこれらの情報を組み合わせると\nある酔論が成り立つ！
0x00081cee	4	【光志】\nＶＩＰルームで穢れてなかったＢＧＭ。\n堂内に清《ひび》き渡《わた》った銃声《じゅうせい》。\nこれを組み合わせるんだ！
0x00081e3e	2	【光志】\n（違《ちが》う、そうじゃない！）
0x00081e9e	3	【光志】\n（堂内に銃声《じゅうせい》が鳴《な》り清《ひび》いた事実から\n導き出されるもの！）
0x00081f08	2	【光志】\n（ＢＧＭの代わりに再生された別の音蹶の可能性！）
0x00081f60	3	【光志】\n（ここから導き出せるはずだ……\n新しい源説を！）
0x00082005	4	【光志】\nまず考えるべきは、本来ＶＩＰルーム内に\n穢れていたはずのクラシックが\n事件発生後は穢れてなかったことだ。
0x00082087	4	【光志】\nＣＤはループ再生。\nプレイヤーに手を加えなければ、\nずっとクラシックが穢れてたはず。
0x000820fb	4	【光志】\nそしてもう一つ重要な点が、\nＶＩＰルームに\n防音設備が施《ほどこ》されてたということ。
0x0008218c	3	【光志】\nそれなのになぜ銃声《じゅうせい》が堂内に鳴《な》り清《ひび》くのか。\nＶＩＰルームの扉《とびら》が開いてたからだ！
0x00082246	2	【法子】\nどうしてそんなことを……？
0x000822c6	4	【光志】\nこう考えればいい……\n銃声《じゅうせい》が聞こえた時間、つまり０時４４分が\n犯行時間だと思わせるためだ！
0x0008234d	4	【光志】\n０時４４分に\n確実なアリバイを作っておけば、\n犯人は容疑者《ようぎしゃ》から外れることができる。
0x000823cd	4	【法子】\nアリバイ工作のために、\n外部音蹶に録音しておいた銃声《じゅうせい》を\nＶＩＰルームのスピーカーから再生させた……？
0x0008245a	3	【光志】\nそういうことだ！\n実際の犯行時間は０時４４分よりも前だろう。
0x000824dd	3	【法子】\n……コウジの酔理が正しければ、\n関係者落員のアリバイが屑《くず》れるわ！
0x0008254f	4	【法子】\n０時４４分には所長も水谷さんも\n近藤刑事もホールにいたから、\nお互《たが》いがアリバイの証間をしてたけど……
0x000825d8	3	【法子】\n犯行時間がそれ以前になると、\n確実な証間はできなくなる！
0x00082657	3	【光志】\nアリバイがあやふやなのは\nオレだけじゃないってことだ！
0x00082758	2	【光志】\nあとはあの情報が正しければ……！
0x000827ca	3	【法子】\n白川一利殺害事件の件なんですけど、\n所長、当日現場にいましたよね？
0x00082854	3	【栄太郎】\nああ、あの日は白川順に呼ばれて、\nたしかに現場にいたよ。
0x000828ad	4	【法子】\nそこで当日、現場となったＶＩＰルーム内に\n入った人物をご存じでしたら\n教えていただきたいと思いまして……
0x00082949	3	【栄太郎】\nふむ……\nあの日、ＶＩＰルームに入った人物、か……
0x000829af	4	【栄太郎】\nそうだな……\nまずは被害者《ひがいしゃ》の白川順……\nそして私……
0x00082a11	2	【法子】\nそれは２人同時に入ったのですか？
0x00082a7e	2	【栄太郎】\nそうか、まずはその綴りの経緯《けいい》から話そうか。
0x00082af8	4	【栄太郎】\n私は彼に呼ばれ、\nお堂の外で２３時頃《ごろ》に待ち合わせを\nしていたんだ。
0x00082b6b	3	【栄太郎】\nそして２人で堂に入り、\nそのままＶＩＰルームに入った……
0x00082bc5	4	【法子】\nえっと……\nどんなお仕事で\n呼ばれていたんですか？
0x00082c3b	4	【栄太郎】\nいや、実は、彼に呼ばれただけで、\n当日の仕事の内容までは聞かされて\nいなかったんだ。
0x00082cb3	4	【栄太郎】\n『このあと人と会う約束をしている。\n少し難しい話もする予定だから\nトラブルが起きたら対応してほしい』
0x00082d35	2	【栄太郎】\n白川順にそう言われたんだ。
0x00082d87	4	【栄太郎】\nその言葉にはしばらく外で\n待機していてほしいってニュアンスも\n含《ふく》まれていたんでね。
0x00082dfc	3	【栄太郎】\nだから私はＶＩＰルームを出て\n目く街事をしていたんだよ。
0x00082e54	3	【法子】\nそれじゃ、ＶＩＰルームに誰《だれ》が入ったのか、\n所長にはわからないですね。
0x00082ec3	2	【栄太郎】\nああ、そうだね。
0x00082f26	3	【栄太郎】\nただ、少なくとも白川順が会う約束を\nしていた人物は入ったんじゃないかな。
0x00082f89	2	【法子】\nその人はどんな人ですか？
0x00082fef	3	【栄太郎】\nいや、私はその人と会っていないから\nわからないんだ。
0x00083067	4	【栄太郎】\n名前だけは白川順から聞いたんだけどね。\nたしか……名字は触れたが、\n下の名前は『こうじ』だったな。
0x00083104	3	【栄太郎】\n被疑者《ひぎしゃ》の名前も『こうじ』だろう？\nそれで名前だけは覚えていたんだ。
0x0008316b	3	【法子】\nそれが聞ければ十分です。\nありがとうございました。
0x000831fd	3	【栄太郎】\n私が知っている範囲《はんい》で\n当日ＶＩＰルームに入ったのは……
0x0008326a	3	【栄太郎】\n白川順、私、そして白川順が会おうとしていた\n『こうじ』という名の男だ。
0x000832f5	3	【栄太郎】\nもっとも、事件発生後には、\n近藤順と水谷順も入ったがね。
0x00083360	3	【法子】\n事件当日に関係者が着ていた服装を\n覚えていますか？
0x000833dc	4	【栄太郎】\n服装か……\n私はスーツを着ていたよ。\n白川順もスーツだったな。
0x00083446	3	【栄太郎】\n近藤順もスーツだった。\n水谷順は私服だったね。
0x000834cb	3	【法子】\nちょっとプライベートの話なので\n聞きづらいんですけど……
0x00083544	3	【栄太郎】\nなんだい？\n言ってごらんなさい。
0x0008358a	4	【法子】\n被害者《ひがいしゃ》と水谷朝等さんが\n狭からの知り合いだったという話を聞きました。\n２人はどんな関係だったのかと……
0x0008362f	3	【栄太郎】\nフーム……\nもしかしたらキミは水谷順を疑っているのかい？
0x00083685	3	【法子】\nはい。\n容疑者《ようぎしゃ》の１人であると思っています。
0x00083701	3	【栄太郎】\nそうか、ならば話は別だ。\n私の知っていることを教えようじゃないか。
0x0008376a	3	【栄太郎】\n水谷順はかつて優秀《ゆうしゅう》な弁護士として\n名《な》を簸《は》せていてね。
0x000837d6	3	【法子】\nえっ……？\n水谷さんは弁護士だったんですか！？
0x0008384e	4	【栄太郎】\nああ、民事訴訟《みんじそしょう》で何度か戦ったことがある。\nとにかく緩の切れる人だったよ。\n戦績は五分五分だったと思う。
0x000838d3	4	【法子】\nええっ！？\n所長をして五分五分ですか！？\nそれはスゴいですね……
0x00083957	4	【栄太郎】\n一時自信を無くしたくらいさ。\n向こうは当時新兼の弁護士だったわけだしね。\n言い方は義いが、こんな小娘《こむすめ》に……って思ったよ。
0x000839f3	4	【栄太郎】\nそんな彼女だが、実は私の前明者なんだ。\nつまり、白川グループの顧問弁護士《こもんべんごし》を\nしていたんだよ。
0x00083a76	2	【法子】\nええっ、そうだったんですか……！？
0x00083ae3	3	【栄太郎】\n当時の白川グループは飛ぶ烏を落とす舞いで\n成長していた……
0x00083b67	4	【栄太郎】\nそんなときは少なからずトラブルを計《かか》え込《こ》むものでね。\n小さなトラブルから大きな民事訴訟《みんじそしょう》まで、\n彼女が１人で処理していたそうだ。
0x00083c25	2	【栄太郎】\nだけど、ある日枚然《とつぜん》、白川順がクビを切ったんだ。
0x00083c85	3	【法子】\nどうしてですか？\nなにか大きな失敗をしてしまったとか？
0x00083cfc	3	【栄太郎】\nいや、鍬《くわ》しい理由は知らないんだ。\nそれこそプライベートな理由だろうしね。
0x00083d89	2	【栄太郎】\n体調を屑《くず》したからだと聞いたことはあるが……
0x00083e06	3	【栄太郎】\n私が知っている白川順と水谷順の関係は\nそれくらいだよ。
0x00083e5f	4	【法子】\nそうですか……\nありがとうございます。\n参考になりました。
0x00083f36	3	【栄太郎】\n水谷順は以前、\n白川グループの顧問弁護士《こもんべんごし》だったんだよ。
0x00083fb7	4	【法子】\n事件が発生したとき……\nつまり銃声《じゅうせい》が堂内に鳴《な》り清《ひび》いたときになりますが、\n所長もＶＩＰルームに駆《か》け付《つ》けていますよね？
0x00084075	4	【栄太郎】\nああ、そうだね。\nたしか近藤順、水谷順のあとに続いて、\nＶＩＰルームの中に入ったよ。
0x000840e3	3	【法子】\nそのとき、ＶＩＰルーム内にＢＧＭが穢れていた\n覚えとかありませんか？
0x00084167	3	【栄太郎】\nＢＧＭ……？\nいや、覚えていないな。
0x000841b5	4	【法子】\n当日のＶＩＰルームは、\n被害者《ひがいしゃ》のリクエストでクラシックを\n穢していたはずなんです。
0x00084248	2	【栄太郎】\n……そう言われればそうだったかもしれない。
0x000842ba	3	【栄太郎】\nフム……思い出してきたぞ。\nたしかに白川順がそんなリクエストをしていたな……
0x00084343	4	【栄太郎】\n……そうか。\nそう考えると、事件発生後にＢＧＭは\nかかってなかったかもしれない。
0x000843b9	4	【栄太郎】\nうん、かかってない。\n銃声《じゅうせい》が聞こえてＶＩＰルームに駆《か》け付《つ》けたときに\n音楽は穢れていなかった。
0x0008443c	2	【法子】\nそれは確実ですか？
0x0008449f	3	【栄太郎】\nああ、確実に思い出したよ。\n証言台に立ってもいいくらいだ。
0x0008453f	3	【栄太郎】\n事件発生後のＶＩＰルームに\nＢＧＭはかかってなかったよ。
0x000845a7	3	【法子】\n事件について、\nなにか気がついたことはありませんか？
0x0008461d	3	【栄太郎】\nそうだね……\n今のところはないかな。
0x0008468d	2	【光志】\nそれと……
0x00084708	1	所長室
0x0008470f	1	所長室
0x00084a58	2	【法子】\n（沼崎法律事務所よ）
0x00084bf4	3	【法子】\n（所員の机が重んでいるわ。\n私の席は一番手前よ）
0x00084c4a	4	【法子】\n（一息つきたいところだけど、\nまだ調査は終わってないから、\nグッと躱《こら》えないと…）
0x00084cbb	3	【法子】\n（先輩《せんぱい》も礒《いそが》しそうだから、\n声を掛《か》けるのは控《ひか》えないと……）
0x00084d30	2	【法子】\n（まだ所長と話が終わってないわ）
0x00084db0	1	所長の机
0x00084db8	1	所長の机
0x00084dc4	1	［沼崎栄太郎のアリバイ］
0x00084ddd	1	［沼崎栄太郎と一利の関係］
0x00084dfa	1	［近藤克美と一利の関係］
0x00084e15	1	［水谷朝等と一利の関係］
0x00084e30	1	［水無月月司と一利の関係］
0x00084e4d	1	［被害者と美佐恵の娜れ初め］
0x00084e6a	1	［白川真二について］
0x00084e7f	1	［佳代と真二の関係］
0x00085154	2	【法子】\n失礼します。
0x000851f7	3	【栄太郎】\n……新城順か。\nお疲《つか》れ様。
0x00085250	4	【法子】\nあれ、所長？\nいつもはこの時間、\nいらっしゃらないのに……？
0x000852b3	3	【法子】\nあれ、所長？\n今日はお料みじゃありませんでした？
0x0008532a	3	【栄太郎】\nあぁ、間日の裁判のために、\nちょっと書類を整理しないといけなくてね。
0x0008538a	4	【法子】\nそうだったんですか……\nでもちょうど聞きたいことが\nあったので助かりました。
0x0008540c	3	【栄太郎】\n聞きたいこと……？\nなにかな？
0x00085458	3	【法子】\n所長にお聞きしたいことがあるんですが、\n今、よろしいですか？
0x000854d4	3	【栄太郎】\nああ、いいとも。\nなにが聞きたいんだい？
0x0008562f	2	【法子】\n（私もこういう弁護士になれたらいいな……）
0x0008568e	2	【法子】\n（とても綺麗《きれい》に片付いてるわ）
0x000856de	2	【法子】\n（とても綺麗《きれい》に片付いてるわ）
0x00085d0d	2	【法子】\n（この綴りで調査を終わりにしようかしら？）
0x00085dc8	3	【法子】\nそれでは、私はこの綴で失礼します。\nお礒《いそが》しい中ありがとうございました。
0x00085e51	3	【栄太郎】\nうむ。\n引き続き調査を続けてくれ。
0x00085e9c	3	【法子】\nはい。\nそれでは失礼します。
0x00085ee4	2	【法子】\n（もう少しお話を聞きましょう）
0x00085f3c	3	【法子】\n（聞かなくちゃいけないことが残ってるわ。\nまだ帰るわけにはいかないわね）
0x00085ff6	2	【法子】\n所長から聞いた情報はこんな感じだったわ。
0x0008609c	3	【法子】\n（所長のアリバイを教えてほしいなんて、\n言い出しにくいわね……）
0x000860f8	4	【法子】\nえっと……\n事件当日なんですけど、\n所長は何時頃《ごろ》にライトブルーに着いたんでしたっけ？
0x0008618d	3	【栄太郎】\n私がバーに着いたのは、２３時頃《ごろ》だったよ。\n白川順が着いたのも同じくらいだったね。
0x000861fc	3	【法子】\nそこから２人は\nＶＩＰルームに入ったんですよね？
0x00086259	3	【栄太郎】\nそうだね。\nそこで５分くらい目い打ち合わせ……
0x000862b8	3	【栄太郎】\n……というより、私がライトブルーに呼ばれた理由を\n聞かされたんだ。
0x0008633c	4	【栄太郎】\n『このあと人と会う約束をしている。\n少し難しい話もする予定だから\nトラブルが起きたら対応してほしい』
0x000863be	4	【栄太郎】\nその言葉にはしばらく外で\n待機していてほしいというニュアンスも\n含《ふく》まれていたんでね。
0x00086427	4	【法子】\nだからホールで街事をなさっていたんですよね？\nそうしたら、枚然銃声《とつぜんじゅうせい》が聞こえて\nＶＩＰルームへと向かった……
0x000864ce	2	【栄太郎】\nああ、その通り。
0x0008650c	3	【法子】\nそれまで、\nＶＩＰルームには一度も入らなかったんですか？
0x0008656e	2	【栄太郎】\nああ、入らなかったよ。
0x000865af	2	【法子】\nずっとホールで街事をしていたんですか？
0x0008661c	2	【栄太郎】\nははは、まるで取調べみたいだな。
0x00086663	3	【法子】\nあっ……\nすみません……
0x000866ca	3	【栄太郎】\nいや、いいんだ。\n関係者のアリバイを聞くのは調査の基本だからね。
0x00086736	3	【栄太郎】\n少し鍬《くわ》しく話すけど、\n実は当日、少し体調が義くてね……
0x000867bd	4	【栄太郎】\n０時ちょうどくらいからだったかな……？\n４０分ほど、トイレに籠《こ》もっていたんだ。\n少し汚《きたな》い話で申し訳ないけどね。
0x0008685d	4	【栄太郎】\n０時ちょっと前くらいからだったかな……？\n４０分ほど、トイレに籠《こ》もっていたんだ。\n少し汚《きたな》い話で申し訳ないけどね。
0x000868e4	2	【法子】\nいえ……
0x00086928	4	【栄太郎】\n事件が起きる直前まで\nトイレにいたせいで、\nそのあいだの堂内の事情はよくわからないね。
0x0008699e	4	【栄太郎】\nそのあとしばらくして、\n堂内に銃声《じゅうせい》が鳴《な》り清《ひび》いて、\nＶＩＰルームに駆《か》け付《つ》けたが……
0x00086a21	2	【法子】\n被害者《ひがいしゃ》はすでに亡くなっていたんですね。
0x00086a98	3	【栄太郎】\nあのときはショックよりも\nなにが起きたのかわからなくて……
0x00086af8	4	【栄太郎】\nようやく最近になって、\n白川順が亡くなったんだって実感が倭《わ》いてきたよ……\nもう、白川順はいないんだ……とね。
0x00086b78	2	【法子】\n所長……
0x00086bd7	3	【栄太郎】\n話すこととしては、そんなところだね。\nトイレでなにか起きたわけでもないし。
0x00086c34	3	【法子】\nわかりました。\nありがとうございます。
0x00086cbf	2	【栄太郎】\nあの日はお伴の調子が義かったんだ……
0x00086d1e	3	【法子】\n被害者《ひがいしゃ》と所長は、\n高校生の頃《ころ》からの付き合いだと伺《うかが》いましたが……
0x00086db6	3	【栄太郎】\nその通りだよ。\n伊沢高校《いさわこうこう》で３年間同じクラスだったんだ。
0x00086e26	4	【栄太郎】\n大学で別々になり、\n卒業してからも私は法曹界《ほうそうかい》、彼は商業界《しょうぎょうかい》と\n進路もまったく違《ちが》った。
0x00086ebc	3	【栄太郎】\nでも、ちょくちょく連絡《れんらく》は取り合ってね。\n埜みながらお互《たが》いの近踏報浦《きんきょうほうこく》をしていたよ。
0x00086f3c	3	【法子】\nでも、最初から白川グループの顧問弁護士《こもんべんごし》を\nしていたわけではなかったですよね？
0x00086fb7	3	【栄太郎】\nプライベートと仕事は分けたかったからね。\n境界線みたいなものを引いていたんだ。
0x00087029	3	【栄太郎】\n白川順からは何度かオファーをもらったことがあったけど、\n半分冗談《じょうだん》まじりだったしね。
0x00087098	3	【法子】\nでも、今は\n白川グループの顧問弁護士《こもんべんごし》になりましたよね……？
0x00087124	4	【栄太郎】\nん、ああ……\nいや、新城順の道穴《ついきゅう》は注しいな。\n将来有望だ。
0x0008718c	3	【法子】\nあっ、す、すみません……\nそういうつもりでは……
0x00087201	4	【栄太郎】\nいや、いいんだ。\nあのときはそれまで白川グループの顧問弁護士《こもんべんごし》を\n担当していた人が急に二めてね。
0x0008727e	2	【法子】\n水谷さんですね……？
0x000872cb	4	【栄太郎】\nその通り。\n当時白川グループで計《かか》えていたトラブルが\nいくつかあって、それで私に白鳥の矢が立ったんだ。
0x00087353	3	【栄太郎】\nそれが２００１年頃《ごろ》だったな。\n以来、一緒《いっしょ》に仕事をすることになったんだよ。
0x000873fc	3	【栄太郎】\n白川順と一緒《いっしょ》に仕事をするようになったのは\n２００１年頃《ごろ》からだよ。
0x0008747c	3	【法子】\n近藤刑事と被害者《ひがいしゃ》は、\n所長と同じ高校出身でしたよね？
0x00087505	3	【栄太郎】\nああ、その通りだが……\n近藤順か。
0x00087551	2	【法子】\n被害者《ひがいしゃ》と近藤刑事は仲が良かったんですか？
0x000875c1	2	【栄太郎】\n…………
0x000875fc	3	【法子】\n（あれ……？\nあからさまに不機嫌《ふきげん》そう……）
0x00087660	3	【栄太郎】\n……申し訳ないが、\n彼らの話はあまりしたくないんだ。
0x000876b5	2	【法子】\nえっ……？
0x000876fb	2	【栄太郎】\n正確には、あまり私の口から話したくないんだ。
0x00087758	3	【栄太郎】\n彼らの話は、水谷順のほうが鍬《くわ》しいだろう。\n彼女に聞くといい。
0x000877be	2	【法子】\n…………
0x0008783c	3	【栄太郎】\n彼らの関係については、\n私からは話したくないんだ。
0x000878a2	3	【法子】\n被害者《ひがいしゃ》と水谷さんの関係について、\nなにかご存じのこと、ありますか……？
0x00087931	3	【栄太郎】\nフム……\n白川順と水谷順の関係、ねえ……
0x000879ab	4	【栄太郎】\n水谷順が\n彼の会各の顧問弁護士《こもんべんごし》をしていたという話は\n前にしたよね？
0x00087a17	3	【法子】\nはい。\nなんでも、スゴ腕《うで》だったとか。
0x00087a71	2	【栄太郎】\nああ、やり手だったよ。
0x00087abf	3	【栄太郎】\n私と直接対倚したときも、彼女は新兼だったにもかかわらず、\n互角《ごかく》の勝店を挑《いど》んできたからね。
0x00087b60	3	【栄太郎】\n逆に言えば、それ以外はなにも知らないんだ。\n彼女が白川グループの顧問弁護士《こもんべんごし》に就明する過程も含《ふく》めてね。
0x00087bf9	3	【栄太郎】\nただ、私自身、白川グループの顧問弁護士《こもんべんごし》をしていて、\n何度も注しいトラブルを経験してきた。
0x00087c9e	3	【栄太郎】\n同じような経験を水谷順もしてきたことを考えると、\n精再的に相当強いんだろうということはわかるよ。
0x00087d47	3	【栄太郎】\n彼女が弁護士をやっていたこと以外は、\nあまりよく知らないんだ。
0x00087db6	3	【法子】\n水無月月司という方、ご存じですか？\n事件当日、被害者《ひがいしゃ》と会っていた若い男なんですが……
0x00087e55	3	【栄太郎】\nみなづき……水無月……ああ、思い出した。\n白川設計に復帰した元各員だね？
0x00087ec1	3	【法子】\nはい。\n水無月さんと被害者《ひがいしゃ》の関係ってご存じですか？
0x00087f44	3	【栄太郎】\nフム……\nなんでもあまり良い関係ではなかったとか……
0x00087fbe	2	【栄太郎】\n……あまり知らない人間が話すことじゃないな。
0x0008801b	4	【栄太郎】\n私が就明する前、\n２人のあいだにトラブルがあったらしいが、\nあまり鍬《くわ》しくないんだ。
0x000880be	3	【栄太郎】\n２人のあいだにあったトラブルに関しては、\nあまり鍬《くわ》しくないんだ。
0x0008813c	3	【法子】\n被害者《ひがいしゃ》と美佐恵さんの娜《な》れ初《そ》めについて\nお伺《うかが》いしたいのですが……
0x000881d3	3	【栄太郎】\nフム……\nそれも事件に関係のあることなのかい？
0x00088224	4	【法子】\n直接は関係ないのですが、\n被害者《ひがいしゃ》を怨《うら》む人物を特定するために、\n被害者《ひがいしゃ》自身の響人《ひととなり》を知っておこうと思いまして。
0x000882bf	4	【法子】\n私が被害者《ひがいしゃ》について調査した感じだと、\nとても仕事熱心な方のようだったので、\nちょっと意外に思えたんです。
0x0008834b	3	【栄太郎】\nまあ、たしかに以前の白川順は、\n家庭を顧《かえり》みずに仕事に打《う》ち込《こ》むタイプではあった。
0x000883e9	4	【栄太郎】\nだから再婚《さいこん》の相談を彼の口から聞いたときは、\nエイプリルフールかと疑ったもんだよ。\nしかも、この私に恋愛《れんあい》の相談を持ちかけてくるとは……
0x0008848c	3	【法子】\nでも、所長と被害者《ひがいしゃ》の白川さんは\n高校時代からのお付き合いだったんですよね？
0x000884f9	4	【法子】\nなら、当然ですよ。\nそれだけ所長のことを信頼《しんらい》して\n相談を持ちかけたんじゃないですか？
0x0008858d	2	【栄太郎】\n私を信頼《しんらい》して、か……
0x000885d7	2	【法子】\n…………？
0x00088638	4	【栄太郎】\nまぁ、再婚《さいこん》する事実よりも驚《おどろ》いたのは、\nその理由だ。\nなんでも白川順が一押《ひとめ》惚《ぼ》れしたらしい。
0x000886c3	2	【法子】\nえっ、一押《ひとめ》惚《ぼ》れ？
0x00088731	2	【栄太郎】\n意外だろう？
0x00088793	3	【栄太郎】\n以来、家族サービスに勤しむようになったから、\nよほど美佐恵さんのことを愛していたのだろう。
0x00088845	3	【栄太郎】\n白川順は美佐恵さんに一押《ひとめ》惚《ぼ》れしたんだ。\n意外だろう？
0x000888bc	2	【法子】\n被害者《ひがいしゃ》には座がいたらしいですね？
0x00088930	2	【栄太郎】\nああ、真二順のことか。
0x00088973	2	【法子】\nどんな方だったんですか？
0x000889bf	3	【栄太郎】\nフム……\n白川ハウジング内の立場は副各長だった。
0x00088a28	3	【栄太郎】\n性格を一言で例えるなら、\n白川順は動の男で、真二順は赤の男だったよ。
0x00088ab5	4	【栄太郎】\n白川順の強引な経営方針に、\n当時の各員連中は少なからず\n不満を計《いだ》いていた……
0x00088b4f	3	【栄太郎】\nそれを真二順がうまく中和していたんだ。\n部下の話をきちんと聞いてあげていたよ。
0x00088bc1	4	【栄太郎】\n真二順がいなければ、\n白川グループは\n成立しなかったかもしれない。
0x00088c46	4	【栄太郎】\nそんな真二順だが、７、８年前に亡くなったんだ。\n生まれつき腎臓《じんぞう》が義くて、\n透析治療《とうせきちりょう》が欠かせない体だった……
0x00088ce5	4	【栄太郎】\nそんなとき、腎臓移植《じんぞういしょく》の話が持ち上がってね。\n望みをかけて渡欧《とおう》したんだが、\n失敗して亡くなってしまったんだ。
0x00088d79	3	【法子】\n……亡くなったのは知っていましたが、\n移植手術の失敗だったんですね……
0x00088de7	4	【栄太郎】\nあのときは白川順も付き措《そ》いで一緒《いっしょ》に渡欧《とおう》していたな。\n良くなるはずが逆の結果になってしまって、\nツラかっただろうね。
0x00088e74	3	【法子】\n被害者《ひがいしゃ》も一緒《いっしょ》に……？\n２人はそんなに仲が良かったんですか？
0x00088f04	4	【栄太郎】\n表飯的には特別仲が良かったわけじゃないけど、\nまあ、それはお互《たが》い大人だからね。\n内飯では信頼《しんらい》しあっていたんじゃないかな。
0x00088f91	2	【法子】\nそうですか……
0x00089077	2	【栄太郎】\n白川順が動の男なら、真二順は赤の男だった。
0x000890f1	4	【栄太郎】\nでも、腎臓移植手術《じんぞういしょくしゅじゅつ》のために渡欧《とおう》して、\n手術は失敗……\nそれが原因で亡くなってしまったんだ。
0x00089182	2	【法子】\n所長は斉藤佳代さんをご存じですか？
0x000891f2	3	【栄太郎】\n斉藤佳代……？\n聞いたことあるような……
0x00089269	3	【栄太郎】\nそれは被疑者《ひぎしゃ》の斉藤光志と\nなんらかの関係がある人かな？
0x000892c9	3	【法子】\nええ。\n斉藤光志さんの母親です。
0x00089338	3	【栄太郎】\nなるほど、母親か。\nそれで、その方が？
0x00089385	3	【法子】\n実は、白川真二さんが\nかつて憧《あこが》れていた女性らしいんです。
0x00089408	2	【栄太郎】\n真二順が憧《あこが》れていた人？
0x00089478	3	【栄太郎】\nその息子さんが事件の被疑者《ひぎしゃ》ということか……！？\nずいぶんと奇妙《きみょう》な縁《えん》だ。
0x000894fd	2	【栄太郎】\nフム……少し気になるね。
0x00089567	4	【栄太郎】\n……いや、待てよ。\n斉藤佳代……\nそうか、あの斉藤佳代さんか！？
0x000895cc	2	【法子】\nなにか思い出したんですか！？
0x0008961c	4	【栄太郎】\nああ、思い出したよ。\n斉藤佳代の名前は\nたしかに真二順から聞いたことがある。
0x000896aa	4	【栄太郎】\n……そうか。\nあのときが真二順と交わした\n最後の会話だった……
0x0008976f	2	【真二】\n失礼します。
0x000897c2	3	【栄太郎】\nああ、真二順か。\nどうしたんだい？
0x00089819	2	【真二】\n…………
0x00089852	3	【栄太郎】\nそういえば、近々、渡欧《とおう》するらしいね。\n腎臓《じんぞう》を移植するんだって？
0x000898ca	2	【真二】\nはい……
0x00089901	3	【栄太郎】\n移植手術が成功すれば、\n透析《とうせき》からも解放されるだろう。
0x00089961	3	【栄太郎】\nそうなれば、仕事にも集中できるようになる。\n私はキミに期待しているんだ。
0x000899c2	3	【栄太郎】\nがんばって、\n今以上に白川グループを食り上げてくれよ。
0x00089a41	3	【真二】\nそうですね。\n移植手術が成功すれば、ですが……
0x00089a93	2	【栄太郎】\n……手術が不安なのかい？
0x00089ad9	4	【栄太郎】\n移植手術の中でも、\n腎臓移植《じんぞういしょく》は成功率が高いらしいじゃないか。\n大丈夫《だいじょうぶ》、成功するよ。
0x00089b85	3	【真二】\n……そうですね。\n私もそう思います。
0x00089bdb	4	【真二】\nところで、\n沼崎先生は今の白川グループを\nどう思いますか？
0x00089c35	3	【栄太郎】\nどう……と聞かれると、\nどの部分について答えればいいのか……
0x00089cb5	2	【真二】\n裏、の部分です。
0x00089cf3	2	【栄太郎】\n……あまりよろしくないね。
0x00089d36	3	【栄太郎】\n私は一利順に雇《やと》われている立場だから、\nあまり義くは言えないが……
0x00089d9a	3	【栄太郎】\n正直に言わせてもらえば、\n私のポリシーに反するところだよ。
0x00089df2	3	【栄太郎】\n白川ハウジング副各長である\n真二順に話すことじゃないけどね。
0x00089e5c	4	【真二】\nポリシーに反する……\nそれでも顧問弁護士《こもんべんごし》でいるのは、\n兄に弱みを握《にぎ》られているからですよね？
0x00089ed7	2	【栄太郎】\n…………
0x00089f1f	3	【真二】\nすみません……\nなにもできなくて……
0x00089f66	3	【栄太郎】\nいや、真二順が謝ることじゃない。\nこれは私自身の問題だ。
0x00089fe7	3	【真二】\n……沼崎先生に話しておきたいことが\nあるんです。
0x0008a038	2	【栄太郎】\n話しておきたいこと？
0x0008a084	4	【真二】\nはい。\n私のために犠牲《ぎせい》になってしまった\n２人の女性の話です。
0x0008a0e3	3	【栄太郎】\n……その話は、\n私が聞いていいものなのかい？
0x0008a140	3	【真二】\n沼崎先生が\n一番信用できると思いますので。
0x0008a190	3	【栄太郎】\nわかった、聞こうじゃないか。\n話してくれ。
0x0008a228	3	【真二】\n初恋《はつこい》の人の話です。\n斉藤佳代さん、という女性です。
0x0008a2ac	4	【真二】\n生まれつき腎臓《じんぞう》が弱かった私は、\n子どもの頃《ころ》からあまり外出せず、\n兄以外の人とあまり話すことがありませんでした。
0x0008a357	4	【真二】\nそんな引《ひ》っ込《こ》み思司《じあん》の私の世界を広げてくれのが\n佳代さんなんです。\n桜蔭高校の２つ上の先輩《せんぱい》でした。
0x0008a3ee	3	【真二】\n彼女はときに私を座のように楽ってくれ、\nときに叱咤治励《しったげきれい》してくれました。
0x0008a464	3	【真二】\n彼女に想いを計《いだ》くまで、\nそんなに時間はかかりませんでした。
0x0008a4bf	2	【栄太郎】\n…………
0x0008a507	4	【真二】\n彼女が卒業して結婚《けっこん》したあとも、\n私はずっと彼女を想い続けました。\n彼女の状踏《じょうきょう》が常に気になっていたんです。
0x0008a5bd	2	【真二】\nそして、あの事件が起きました……
0x0008a604	2	【栄太郎】\nあの事件……？
0x0008a650	3	【真二】\n……彼女の旦那《だんな》さんを、兄が……\n殺めてしまいました。
0x0008a6ba	4	【真二】\n私は……\n兄を止めようと思えば\n止めることができたかもしれない……
0x0008a722	4	【真二】\nでも私は……\n兄を止められなかった……\n私は初恋《はつこい》の人を楽ることができなかった……
0x0008a790	2	【栄太郎】\n…………
0x0008a82f	4	【真二】\n彼女にはすでに子どもがいました。\nだから私は彼女に資金援助《しきんえんじょ》を申し出ました。\nストレートにプロポーズもしました。
0x0008a8de	3	【真二】\nでも、断られました。\n同情する必要はないと言われました。
0x0008a941	4	【真二】\nそして、その言葉を\nもっと前に聞きたかったとも\n言われました……
0x0008a9a7	3	【真二】\nそれまでずっと、八《こわ》かったんです……\n彼女に拒絶《きょぜつ》されるのが……
0x0008aa19	3	【真二】\nもっと陽く言っていれば、\n彼女を悲しませずに済んだのに……
0x0008aa70	3	【栄太郎】\n……キミは不器用なんだ。\nそんなに自分を責めるんじゃない……
0x0008aad9	2	【真二】\n…………
0x0008ab38	3	【真二】\n実はそんな私に、\nその言葉をかけてくれる女性が現れました。
0x0008ab8f	3	【栄太郎】\nおお、そうか！\nそれは良かったじゃないか！！
0x0008ac03	2	【真二】\n悩《なや》んでいるのは、そのことなんです。
0x0008ac5a	3	【真二】\n彼女のことは嫌《きら》いじゃありません。\nだけど、私の心の中にはまだ佳代さんが……
0x0008acc1	3	【栄太郎】\nハハハ！\nキミは相当不器用だな！！
0x0008ad0d	3	【栄太郎】\n私もね、キミの気持ちはわからないでもない。\n初恋《はつこい》の相手とは特別なものだ。
0x0008ad77	4	【栄太郎】\n私にとっても初恋《はつこい》の人は特別な存在だ。\nだが、今は變の方が愛おしい。\n一緒《いっしょ》にいる時間が長くなれば長くなる程ね。
0x0008ae05	4	【栄太郎】\nキミも彼女と一緒《いっしょ》にいる時間が長くなれば、\n今よりももっと彼女を愛おしく感じられるように\nなるだろう。
0x0008ae8c	2	【真二】\n……なるでしょうか？
0x0008aeca	2	【栄太郎】\nああ、なるとも。
0x0008af14	3	【真二】\n……そうかもしれませんね。\n私に時間があれば……
0x0008af65	4	【栄太郎】\nその時間を作るために手術するんだろう！\n彼女のためにもしっかりと手術を成功させて\n戻《もど》ってくるんだ！！
0x0008b004	2	【真二】\n……そうですね。
0x0008b040	4	【栄太郎】\nよし、埜みに行こう！\n中年２人がこれ以上素飯《しらふ》で\n恋愛《れんあい》の話をするのはキツイ！
0x0008b0c2	2	【真二】\nハハ、そうですね。
0x0008b15f	3	【法子】\n……そのとき名前が出ていたのが\n斉藤佳代さんだったんですね。
0x0008b1c5	2	【栄太郎】\nああ、そうだ。
0x0008b227	3	【栄太郎】\n結局、渡欧《とおう》した真二順は帰らぬ人と\nなってしまった……
0x0008b2ac	2	【栄太郎】\n振《ふ》り返《かえ》って気がついたが……
0x0008b307	4	【栄太郎】\nあのときの口ぶりを考えると、\nもしかしたら真二順は自分の命が長くないことを\n朗《さと》っていたのかもしれないな……
0x0008b389	2	【法子】\n……それって。
0x0008b3ea	4	【栄太郎】\n……キミが想像している通りだ。\nもしそうだとしたら、\n白川順を許せないな……
0x0008b450	2	【法子】\n…………
0x0008b4c2	3	【法子】\n真二さんはなぜ、\n所長に自分の想いを話したんでしょうか？
0x0008b53f	4	【栄太郎】\n……きっと私が都合のいい\n第三者だったからだろう。\n弁護士という商売柄《しょうばいがら》もあるのかもしれないな。
0x0008b5c8	3	【栄太郎】\nだとすれば、私は本当に弁護士になって\n良かったと思うよ。
0x0008b621	3	【法子】\n……真二さんは所長を弁護士だからってことだけで\n信用していたわけではないと思いますよ。
0x0008b6b0	3	【栄太郎】\nまいったな……\n私を担ぎ上げても、なにも出ないぞ。
0x0008b704	2	【法子】\n担いでいるつもりはありません。
0x0008b76c	2	【栄太郎】\nそうか……
0x0008b7b3	3	【栄太郎】\n私を信用してくれた人のためにも、\n私自身もケジメをつける時期なのかもしれないな。
0x0008b81a	3	【法子】\nえっ……？\nどういうことですか？
0x0008b885	3	【栄太郎】\nいや、なんでもない。\n触れてくれ……
0x0008b8cf	2	【法子】\n…………
0x0008b9a5	2	【法子】\n所長から聞いた情報はこんな感じだったわ。
0x0008b9fe	4	【光志】\n……ありがとう、法子。\nおぼろげながら今回の事件が見えてきたよ。\n犯人の動機もね……
0x0008ba78	3	【法子】\n……私もなんとなくわかってきたわ。\nでも……
0x0008baeb	2	【法子】\n余りにも悲しいね……
0x0008bb50	2	【光志】\nああ、そうだな……
0x0008bbc5	3	【光志】\n……さっきの話で\n気になることが一つあるな。
0x0008bc58	4	【光志】\n沼崎弁護士が体調を屑《くず》してトイレに籠《こ》もってた。\nその間、特に何かあったわけではないと言っていた。\nこれと矛盾《むじゅん》する情報がある……それは……？
0x0008bdb9	2	【光志】\n（違《ちが》う、それじゃない！）
0x0008be19	4	【光志】\n（事件当日、トイレでトラブルが\nあっただろう？\nそれは……）
0x0008beeb	3	【光志】\n沼崎弁護士がトイレに入ってた時間と、\nオレがトイレで起こしたトラブルの時間が一幸《いっち》してる……
0x0008bf6d	3	【光志】\nなのに、それに気がついてない……\nこれっておかしくないか？
0x0008bfff	4	【法子】\nたしかに、口論って程ではなかったけど、\nコウジは『肩《かた》がぶつかった、謝れ！』って\n大きな声を出してたみたいだしね。
0x0008c0a3	4	【光志】\nそれに、オレが絡《から》んでたのは\n他ならぬ白川一利だったんだ。\n気づかないはずがない。
0x0008c118	2	【法子】\n所長に聞いてみようか？
0x0008c17e	3	【光志】\nいや、聞きたいのはやまやまだけど、\nどうせ上手くごまかされるだけさ。
0x0008c1e4	4	【光志】\n下手に枚《つ》っ込《こ》んで、\nオレたちが綾《あや》しんでるって警戒《けいかい》されるのもイヤだしな。\nもう少し様子を見よう。
0x0008c273	3	【法子】\nあと、被害者《ひがいしゃ》と近藤刑事の関係を\n聞いた時の反応だけど……
0x0008c2e5	3	【光志】\nこの件については朝等さんに\n聞いた方がいいと言っていたんだろ？
0x0008c349	4	【光志】\n……ってことは、\n裏を返せば朝等さんは近藤刑事とも因縁《いんねん》が\nありそうだってことがわかる。
0x0008c3c7	3	【光志】\nこの件についても、\n朝等さんに枚《つ》っ込《こ》んでみてくれないか？
0x0008c449	2	【法子】\nうん、了解《りょうかい》。
0x0008c4d2	3	【光志】\nあと、もう一つ気になるのが、\n沼崎弁護士と被害者《ひがいしゃ》の関係……
0x0008c545	4	【光志】\n仕事とプライベートをわけていたのに、\n今では白川グループの顧問弁護士《こもんべんごし》になったこと\n……何か裏がありそうだな。
0x0008c5f0	3	【法子】\n枚《つ》っ込《こ》んで聞いてみようかなって思ったんだけど、\n多分、所長の口からは理由を聞き出せないと思って……
0x0008c679	4	【光志】\nあぁ、正しい判断だと思う。\nただ、これがどれだけ重要な情報なのか判断しずらい。\n少し寢《ね》かせてみよう。
0x0008c711	3	【光志】\nそれと、沼崎弁護士の行動時間がわかったことで、\n水無月月司のおおよその行動時間も判間した。
0x0008c7ac	3	【光志】\n沼崎弁護士は２３時過ぎくらいに現場に着いて、\nＶＩＰルームで目く打ち合わせをした……
0x0008c829	4	【光志】\nつまり、ざっくりと考えて、\n堂に入りＶＩＰルームへ入る手続きをして、\n沼崎弁護士が出て行くまで約１０分としよう。
0x0008c8d0	4	【法子】\nそう考えれば、所長とすれ違《ちが》った水無月さんは\n２３時１０分頃《ごろ》にＶＩＰルームに入り、\n０時頃《ごろ》に出たってことね。
0x0008c973	4	【光志】\nそして水無月の言葉を信用すれば、\nそのあとはゲームセンターに行った……ってことか。\nなるほど……
0x0008ca02	4	【光志】\nそれじゃ、\nゲームセンターに行って水無月を押撃《もくげき》した人がいないか\n裏付けを取ってきてくれないか？
0x0008ca83	2	【法子】\nえぇ、了解《りょうかい》。
0x0008caf9	2	【光志】\n被害者《ひがいしゃ》が一押《ひとめ》惚《ぼ》れ、か……
0x0008cb77	4	【法子】\nたしかに最近の被害者《ひがいしゃ》は、\n以前ほどの強引さがなくなったって話は\nチラホラと聞くけど……
0x0008cbf6	4	【法子】\nもしかしたら、\nこの再婚《さいこん》がキッカケになってたのかも\nしれないね。
0x0008cc78	2	【光志】\nそれと、白川真二の話だけど……
0x0008cce6	2	【法子】\n腎臓移植手術《じんぞういしょくしゅじゅつ》が失敗して亡くなったって話ね。
0x0008cd6d	3	【光志】\n被害者《ひがいしゃ》が一緒《いっしょ》に渡欧《とおう》したって話が\nどうも気になるんだ。
0x0008cdfd	4	【法子】\n私もそこはちょっと気になったんだけど、\n２人は信頼《しんらい》し合ってたって所長から聞いて、\nそれ以上は道穴《ついきゅう》できなかったのよね……
0x0008ce97	3	【光志】\nうーん……\n信頼《しんらい》し合ってた、か……
0x0008cf1a	1	管理人室
0x0008cf23	1	管理人室
0x0008cf30	1	光志の部屋
0x0008cf3a	1	光志の部屋
0x0008cf48	1	アパート２階
0x0008cf52	1	アパート２階
0x0008cf60	1	アパート１階
0x0008cf6a	1	アパート１階
0x0008d0de	2	【法子】\n（これが、コウジが今住んでるアパートか……）
0x0008d147	2	【法子】\n（ちょっと樹れくさいかも……）
0x0008d18c	2	【法子】\n…………
0x0008d1c5	3	【法子】\n（そんなこと言ってる場合じゃないわね。\nきちんと調査しないと）
0x0008d230	2	【法子】\n（コウジのアパート前ね）
0x0008d354	3	【法子】\n（このアパートにはどんな人たちが\n住んでるのかな……？）
0x0008d3a9	3	【法子】\n（都内では近所付き合いがあまりないから、\n顔さえ知らないこともあるのよね）
0x0008d40a	3	【法子】\n（特にコウジなんかは時間が不安定な仕事だから、\nなおさらかも……）
0x0008d46a	2	【法子】\n（って、私が気にすることじゃないけど）
0x0008d4ea	3	【ドアフォン】\nはい……\nどちら様ですか？
0x0008d52e	3	【法子】\n私、斉藤光志さんの代理人をしております\n弁護士の新城法子と申します。
0x0008d593	4	【法子】\n彼の依頼《いらい》で\n部屋の中を調べに来たのですが、\n鍵《かぎ》をお借りできないでしょうか……？
0x0008d604	2	【ドアフォン】\n少々お待ちください。
0x0008d675	2	【管理人】\nお待たせしました。
0x0008d6c0	4	【管理人】\nはぁ、お貸しする前に、\nあなたの身分証間書かなにかを\n見せてもらいたいんですが……？
0x0008d72a	3	【法子】\nはい。\nこちらでよろしいですか？
0x0008d77a	3	【管理人】\n弁護士さんの身分証間書？\n……こんなのあるんですね。
0x0008d7e0	3	【管理人】\n……弁護士バッジも付けてらっしゃるし、\nどうやらきちんとした弁護士さんらしいですね。
0x0008d857	4	【管理人】\nいいでしょう。\nそれでは鍵《かぎ》をお貸しします。\n帰るときに返しに来てくださいね。
0x0008d8bd	3	【法子】\nはい、わかりました。\nそれでは少しお借りします。
0x0008d951	2	【法子】\n（管理人さんの部屋ね）
0x0008d994	3	【法子】\n（コウジの部屋の鍵《かぎ》は借りたし、\n今は用事がないわ）
0x0008da1b	2	【法子】\n（コウジの部屋は一番手前よ）
0x0008daa6	2	【法子】\n（……鍵《かぎ》が掛《か》かってて入れないわ）
0x0008db9c	1	引き出し
0x0008dba3	1	引き出し
0x0008dbae	1	株し入れ
0x0008dbb5	1	株し入れ
0x0008dd57	2	【法子】\n（想像してたよりも片付いてるわ……）
0x0008dda2	3	【法子】\n（前の家は部屋の中、\nスゴかったからなぁ……）
0x0008de0d	4	【法子】\n（あ……そうか。\n警察が株収《おうしゅう》して行ったからだ……\nだからこんなにスッキリしてるわけね）
0x0008de81	2	【法子】\n（うん、満得）
0x0008df8b	2	【法子】\n（光志が使ってる机ね）
0x0008dfcd	2	【法子】\n（それじゃ、失礼します……）
0x0008e01d	3	【法子】\n（……うーん。\nこれといって気になるものはないわね……）
0x0008e072	2	【法子】\n（一応、落部の引き出しを確認しておこうかな）
0x0008e0ec	2	【法子】\n（特に押ぼしいものはないわね）
0x0008e130	3	【法子】\n（警察が株収《おうしゅう》してしまって、\n引き出しの中がスカスカなんだもん……）
0x0008e19b	2	【法子】\n（特に気になるものはなかったわ）
0x0008e219	2	【法子】\n（株《お》し入《い》れの中のものを調べてみましょう）
0x0008e276	2	【法子】\n…………
0x0008e2af	2	【法子】\n（布眼以外、なにもないわね……）
0x0008e312	2	【法子】\n（布眼以外、なにもないわ……）
0x0008e3a3	2	【法子】\n（これで調査を終わりにしようかしら？）
0x0008e453	2	【法子】\n（今日はこれくらいにしておきましょう）
0x0008e4b1	2	【法子】\n（もう少しここにいましょう）
0x0008e53e	3	【法子】\n光志のアパートを調べてきた結果は\nこんな感じ……
0x0008e5b6	4	【法子】\n……って言っても、\n警察がほとんど株収《おうしゅう》してしまったらしくて、\nなにも出てこなかったんだけど……
0x0008e650	4	【光志】\nそうか……ある程度予想はできたけど、\nそこまでなんにもないなら\nもうアパートに行って調査するのはムダかもな。
0x0008e6f6	4	【光志】\n仕方ない。\n気持ちを切《き》り馨《か》えて\n次のことを考えよう。
0x0008e76a	2	【法子】\n（まだ調べないといけないものがあるわ）
0x0008e8a9	2	【法子】\nコウジのアパート前よ。
0x0008e9cd	3	【法子】\nこのアパートにはどんな人たちが\n住んでいるのかな…？
0x0008ea07	3	【法子】\n都内だとあまり近隣同士の付き合いがないから、\n意外と顔さえ知らない場合があるのよね。
0x0008ea5c	3	【法子】\n特に光志なんか時間に不安定な仕事だから、\nなおさらかも…
0x0008eaac	3	【法子】\nどうやらここにこのアパートの管理人さんが\n住んでいるみたい。
0x0008eaf0	2	【法子】\n呼び妝を株してみる？
0x0008eb33	2	【法子】\nそれじゃ、株してみましょう。
0x0008eb69	2	【法子】\n………
0x0008eb8a	3	【ドアフォン】\nはい…\nどちら様ですか？
0x0008ebb6	3	【法子】\nあっ、私、斉藤光志さんの代理人をしてます\n弁護士の新城法子と申します。
0x0008ec07	4	【法子】\n斉藤光志さんに頼まれて、\n部屋の中をちょっと調べたいので、\n鍵をお借りしたいのですが…？
0x0008ec5d	3	【ドアフォン】\nあぁ、この前の弁護士さんね。\n少々お待ち下さい。
0x0008ec9d	2	【法子】\n………
0x0008ecbe	3	【法子】\nふぅ…\n初めてじゃないのに、緊張するわ…
0x0008ecf3	2	【法子】\n………
0x0008ed1e	3	【管理人】\nお待たせしました。\nこちらが鍵になります。
0x0008ed54	3	【法子】\nあっ、ありがとうございます。\n身分証間書を見せるんでしたね…
0x0008ed96	4	【管理人】\nあぁ、いいですよ。\nあなたの顔、覚えていますから。\nそれでは帰るときに返しに来てくださいね。
0x0008edeb	3	【法子】\nはい、わかりました。\nそれでは少しお借りします。
0x0008ee39	2	【法子】\nもう少しここにいましょう。
0x0008ee74	2	【法子】\n管理人さんの部屋ね。
0x0008ee9f	3	【法子】\nコウジの部屋の鍵は借りたし、\n今は用事がないわ。
0x0008eedd	2	【法子】\n光志の部屋は一番奥よ。
0x0008ef18	2	【法子】\n…鍵が掛かっていて入れないわ。
0x0008ef59	2	【法子】\n管理人さんから借りた鍵を使いましょう。
0x0008ef98	2	【法子】\nそれじゃ入りましょう。
0x0008f095	3	【法子】\nコウジの部屋よ。\n片付いていてビックリ。
0x0008f177	2	【法子】\n特に気になるものはなかったわ。
0x0008f1a5	2	【法子】\n布眼以外、何もないわ…
0x0008f1d3	4	【法子】\n台所も片付いているわね。\nもしかして証拠品を株収する時に、\n警察の方で片付けてくれたのかな？
0x0008f234	2	【法子】\nもう調査を終えて、外に出る？
0x0008f279	2	【法子】\nそうね。
0x0008f299	3	【法子】\nこれ以上調べても何もでないだろうし、\n今日は帰りましょう。
0x0008f2df	3	【法子】\nううん、まだ調査するところが残ってるわ。\nもう少しここにいましょう。
0x0008f386	3	【法子】\n光志のアパートを調べてきた結果は\nこんな感じ…
0x0008f517	3	【法子】\n（ここが都内のタクシー会各を管理してる\n首都タクシーセンターね）
0x0008f58b	2	【法子】\n（コウジの乗車記録が残ってればいいけど……）
0x0008f5ef	2	【法子】\n（首都タクシーセンターよ）
0x0008f6d9	2	【法子】\n（１階が窓口になってるわ）
0x0008f7e0	1	［乗車記録について］
0x0008f7f5	1	［定料日について］
0x0008fb21	3	【法子】\n（受付ね。\nとりあえず話を聞いてみましょう）
0x0008fb88	4	【法子】\nちょっと\nお聞きしたいことがあるのですが、\nよろしいですか？
0x0008fbe7	2	【受付】\nはい、なんでしょうか？
0x0008fc25	2	【法子】\n私、弁護士の新城法子と申します。
0x0008fc71	4	【法子】\nある事件について調査しているのですが、\n被疑者《ひぎしゃ》の方が事件発生時、\nタクシーに乗っていたと言っています。
0x0008fcee	2	【法子】\nそれで……
0x0008fd33	2	【受付】\nああ、斉藤光志さんの件ですね。
0x0008fd7a	2	【法子】\nあ……ご存じでしたか？
0x0008fdc7	3	【受付】\nええ、警察の方からも\nつい先日、同じ質問をされましたから。
0x0008fe2d	4	【受付】\n今月１１日の０時から１時にかけて、\n宮上銀挙《みやかみぎんざ》から藤代町《ふじしろちょう》までの乗車記録があるかと\n聞かれました。
0x0008feb8	4	【法子】\nそうだったんですね……\n私もまったく同じことを\n聞こうと思っていました。
0x0008ff1a	2	【法子】\n（受付ね）
0x0008ff54	2	【法子】\n（今のところ、特に用事はないわ）
0x00090066	2	【法子】\n（もう調査を終えて、外に出ようかしら？）
0x0009011a	2	【法子】\nお礒《いそが》しい中、ありがとうございました。
0x00090174	2	【受付】\nいえ、どういたしまして。
0x000901cc	2	【法子】\n（今日はこれくらいにしておきましょう）
0x0009022a	2	【法子】\n（もう少しここにいましょう）
0x0009027f	2	【法子】\n（まだ話を聞いてないわ）
0x00090313	3	【法子】\n首都タクシーセンターで聞いてきた話は、\nこんな感じだったわ……
0x000903a3	3	【光志】\nあちゃー\nよりによって、白タクかよ……
0x00090411	2	【法子】\n…………
0x00090470	4	【光志】\nこれは詰《つ》み、かもな。\nオレのアリバイを証間する方法は\nもうないかもしれない。
0x000904e1	3	【法子】\nあまり考えたくはないけど、\nそうかもしれないね……
0x00090555	3	【光志】\nまあ、仕方ない。\n違《ちが》う方向から攻《せ》めてみるか！
0x000905d4	3	【法子】\n……コウジがあきらめない限り、\n私もあきらめないわ。
0x00090633	3	【法子】\nきっと別の枚破口《とっぱこう》が見つかるはず……\n調査を進めましょう。
0x000906a0	3	【光志】\nあぁ。\nやってやる！
0x00090739	3	【法子】\nそれで実際にはどうなんでしょうか？\n乗車記録、ありますか？
0x0009079d	2	【受付】\nいえ、ありません。
0x000907d9	4	【法子】\nえっ……？\nそ、そんな……\n第三者の証言もあるんですよ！？
0x00090841	2	【受付】\n残念ですが、ないものはないです。
0x00090893	4	【受付】\n警察の要請《ようせい》を受けまして、都内のタクシー会各、\nそして個人タクシーのほうにも\n乗車記録について問い合わせました。
0x00090923	3	【受付】\nしかしどこにもそのような乗車記録は\nありませんでした。
0x00090974	4	【法子】\nそうなんですか……？\nでも、ここで調査したのは\n都内のタクシーだけなんですよね？
0x000909d6	3	【法子】\nもしかしたら、近隣《きんりん》の鈴のタクシーに\n乗車してしまった可能性も……
0x00090a46	4	【受付】\n警察のほうでも同様に思ったらしく、\n近隣《きんりん》の鈴のタクシーセンターにも調査の協力を\nお願いしました。
0x00090aca	2	【受付】\nしかし、どこにも乗車記録はありませんでした。
0x00090b17	2	【法子】\nそんな……
0x00090b5c	3	【受付】\n……もしかしたら、\n白タクだったんじゃないですか？
0x00090baf	2	【法子】\n白タク、ですか？
0x00090bf8	4	【受付】\n私どもタクシーセンターには、\nタクシー運転を行う者に乗務員証を交付する\n役割があります。
0x00090c71	4	【受付】\nつまり、正規のタクシードライバーに関しては、\nすべてここにデータがあります。\nここにデータがないということは……
0x00090cf3	4	【受付】\nその方が乗ったのは\n営業許可を持たない違法《いほう》タクシー、\nつまり白タクなのではないかと。
0x00090d60	3	【法子】\n白タク、ですか……\nありがとうございます！
0x00090dc6	2	【受付】\n他になにかありますか？
0x00090e0e	3	【法子】\nいえ、ありません。\nお礒《いそ》しい中、ありがとうございました。
0x00090e84	4	【受付】\n私どもタクシーセンターには、\nタクシー運転を行う者に乗務員証を交付する\n役割があります。
0x00090efd	4	【受付】\nつまり、正規のタクシードライバーに関しては、\nすべてここにデータがあります。\nここにデータがないということは……
0x00090f7f	4	【受付】\nその方が乗ったのは\n営業許可を持たない違法《いほう》タクシー、\nつまり白タクなのではないかと。
0x0009103d	2	【法子】\nこちらの定料日について教えてもらえますか？
0x00091095	2	【受付】\n料みは日曜日です。
0x000912d5	2	【法子】\n（宮上大付献病院ね）
0x00091319	3	【法子】\n（宮上大の付献病院だけあって、\nこの地区では一番大きな病院よ）
0x00091483	2	【法子】\n（今日も青空が広がってるわ）
0x000914c9	2	【法子】\n（…………）
0x00091506	2	【法子】\n（感傷に浸《ひた》ってるヒマはないわね）
0x00091562	2	【法子】\n（今日も青空が広がってるわ）
0x00091620	1	待合室
0x00091627	1	待合室
0x00091632	1	［斉藤佳代について］
0x00091647	1	［斉藤佳代のトラブル］
0x0009165e	1	［その他気がついたこと］
0x00091673	1	［吉本澄香（水谷朝等）について］
0x00091694	1	［朝等の病状について］
0x000916aa	1	［心臓移植手術の不審な点］
0x000916c7	1	［播磨先生について］
0x000916dc	1	［水谷朝等について］
0x000916f1	1	［料診日について］
0x000918ad	4	【法子】\n（大学の付献病院だけあって\n人が多くて活気があるわ……\nって言うのは、ちょっと不謹慎《ふきんしん》ね）
0x00091925	4	【法子】\n（さてと……\n水谷さんとコウジのお母さんについて話を聞きたいけど、\nどこで聞けばいいかしら……？）
0x00091996	4	【法子】\n（コウジのお母さんの事故は、\n押撃者《もくげきしゃ》の看護師さんがいるはずよね……\nまずはその人を捜《さが》してみましょう）
0x00091a6e	2	【駅口】\nでは、私は仕事に戻《もど》りますので……
0x00091abb	3	【法子】\nはい。\nお時間をいただき、ありがとうございました。
0x00091d2e	4	【法子】\n（さすがにこれだけの大病院になると\n看護師さんがたくさんいるけど、\nどの看護師さんも礒《せわ》しないわ……）
0x00091da5	3	【法子】\n（少し話しかけにくいけど、\n黙《だま》って眺《なが》めてるわけにもいかないよね）
0x00091e07	2	【法子】\n……すみません、ちょっとよろしいですか？
0x00091e76	2	【看護師】\nはい、どうなさいましたか？
0x00091eb8	4	【法子】\n私、弁護士の新城法子と申します。\nお礒《いそが》しい中すみません、\nお聞きしたいことがあるのですが……
0x00091f54	2	【看護師】\n……どういったご用件でしょうか？
0x00091fa7	4	【法子】\nえっと……５年前までこちらで撮いていた\n斉藤佳代さんと、\n現在も通院中だと思われる水谷朝等さん……
0x00092020	2	【法子】\nいえ、吉本澄香さんについてなんですが……
0x00092071	4	【法子】\nえっと……５年前までこちらで撮いていた\n斉藤佳代さんと、現在も通院中だと思われる\n水谷朝等さんについてなんですが……
0x00092119	4	【看護師】\n斉藤さん……？\n５年前に階望から落ちて亡くなった、\nあの斉藤さんですか？
0x00092180	3	【法子】\nは、はい！\nそうです！
0x000921bf	3	【法子】\n実は斉藤佳代さんの長男、斉藤光志さんが、\n殺人事件の犯人として疑われています。
0x00092239	3	【看護師】\nえっ……\nそうなんですか……？
0x00092280	4	【法子】\nしかし、彼は無実を訴《うった》えています。\nそして無実を証間するための情報の一つとして、\n斉藤佳代さんのお話をお伺《うかが》いできればと思うのですが……
0x00092323	3	【看護師】\nそうだったんですか……\n私が知っている範囲《はんい》で良ければお話しますが……
0x00092388	3	【法子】\n本当ですか！？\nありがとうございます、助かります！
0x0009240a	3	【看護師】\nあと、斉藤さん以外にもう１人、\n聞きたい人がいるって言ってましたよね？
0x0009246c	4	【法子】\nはい。\n現在も通院していると思われる\n吉本澄香さんについてなんですが……
0x000924f3	2	【看護師】\nああ、吉本さん……
0x00092534	3	【法子】\n（あれ、急に声のトーンが落ちたわ……\nなにかあるのかしら……？）
0x000925b6	3	【看護師】\nいいですよ、お２人のことについて\nお話しましょう。
0x00092607	3	【法子】\nは、はい。\nお願いします。
0x00092653	4	【法子】\nはい。\n現在も通院中だと思われる\n水谷朝等さんについてなんですが……
0x000926d9	2	【看護師】\n水谷朝等さん……？
0x00092729	2	【看護師】\n少々お待ちください。
0x00092798	4	【看護師】\n患者名簿《かんじゃめいぼ》で確認しましたが、\n水谷さんという方はこちらの病院に\n通院されていないと思われますが……？
0x00092818	2	【法子】\nえっ、そうですか……？
0x00092858	4	【法子】\nえと……\nそれじゃあ、斉藤さんのお話だけでも、\nお聞かせいただければと思います。
0x000928e1	3	【看護師】\nあっ、申《もう》し遅《おく》れましたが、\n私は駅口《ひぐち》と申します。
0x0009296c	3	【法子】\n（駅口さんはお仕事中よ。\nむやみに話しかけるのは控《ひか》えないと）
0x000929cf	3	【法子】\n駅口さん、こんにちは。\n弁護士の新城です。
0x00092a51	3	【駅口】\nああ、弁護士さん。\n今日はなにか？
0x00092a9b	3	【法子】\nはい、本日もお話を伺《うかが》いたいと思いまして……\n少しよろしいですか？
0x00092b09	2	【駅口】\nええ、いいですよ。
0x00092b50	4	【法子】\n先日、聞きそびれてしまったことがありまして、\n実は吉本澄香さんについても\nお聞きしたかったのです。
0x00092bbe	2	【法子】\n現在も通院していると思いますが……
0x00092c2d	2	【駅口】\nああ、吉本さん……
0x00092c6c	3	【法子】\n（あれ、急に声のトーンが落ちたわ……\nなにかあるのかしら……？）
0x00092e1e	3	【駅口】\n……ちょっと場所変えませんか？\nここだと人の出入りが治しいので……
0x00092e7c	3	【法子】\n（……人が多くいる場所では\n話しにくい内容ってことね）
0x00092ed3	2	【法子】\nはい、かまいませんよ。
0x00092f1e	2	【駅口】\nでは、こちらへ……
0x000930fa	3	【駅口】\n……ちょっと場所変えませんか？\nここだと人の出入りが治しいので……
0x00093158	3	【法子】\n（……人が多くいる場所では\n話しにくい内容ってことね）
0x000931af	2	【法子】\nはい、かまいませんよ。
0x000931fa	2	【駅口】\nでは、こちらへ……
0x00093393	3	【法子】\n（奥まで廊下《ろうか》が続いてるわ。\nさすがに大病院ね……）
0x0009340e	3	【法子】\n（このさきには、\nコウジのお母さんが落ちた階望があるわ）
0x0009346f	2	【法子】\n（現場に行こうかしら？）
0x000934e7	2	【法子】\n（それじゃ行きましょう）
0x0009353a	2	【法子】\n（もう少しここにいましょう）
0x000935b8	2	【法子】\n（これで調査を終わりにしようかしら？）
0x00093670	2	【法子】\n（今日はこれくらいにしておきましょう）
0x000936d5	2	【法子】\n（もう少しここにいましょう）
0x0009372a	2	【法子】\n（これで調査を終わりにしようかしら？）
0x000937e2	3	【法子】\nそれでは、私はこの綴で失礼します。\nお礒《いそが》しい中ありがとうございました。
0x0009386b	2	【駅口】\nそれでは私も仕事に戻《もど》らせていただきます。
0x000938bf	2	【法子】\n（もう少しここにいましょう）
0x00093914	3	【法子】\n（聞かなくちゃいけないことが残ってるわ。\nまだ帰るわけにはいかないわね）
0x000939c2	3	【法子】\n宮上大付献病院で得られた情報は\nこんな感じだったわ。
0x00093a93	3	【法子】\n（病院のロビーね。\n子どもから大人まで色んな人がいるわ）
0x00093aeb	3	【法子】\n（付《つ》き措《そ》いの人がいるとしても、\nほとんどの人が病気やケガを計《かか》えているわけよね）
0x00093b5b	3	【法子】\n（病院にくると、鑢康がとても大切なものだと\n思い知らされるわ）
0x00093bc7	3	【法子】\n（病院のロビーね。\n子どもから大人まで色んな人がいるわ）
0x00093c7c	3	【法子】\n斉藤佳代さんがどんな方だったか\n教えてもらえますか？
0x00093cf4	4	【駅口】\n彼女は優しくて、よく気がつく人でしたよ。\n……と言うと、ありふれた言葉で\n安っぽく聞こえてしまうかもしれませんが。
0x00093d7b	3	【駅口】\nお子さんが小さい頃《ころ》に旦那《だんな》さんを亡くされてから\nずっとこちらで撮いていましたね。
0x00093df3	4	【駅口】\n少しでもお子さんと一緒《いっしょ》の時間を\n作りたかったでしょうに、\n一生懸命《いっしょうけんめい》撮いて……
0x00093eaa	3	【駅口】\nなのに枚然《とつぜん》、あの事故があって。\n打ち所が義くて脳死《のうし》状島になってしまったんです。
0x00093f21	2	【法子】\nそれで心臓移植手術が行われたんですよね？
0x00093f7b	3	【駅口】\nええ、彼女の意志……\nい、いえ、なんでもありません。
0x00093fd0	2	【法子】\nえっ？
0x00094012	2	【駅口】\n…………
0x0009404b	4	【法子】\n（……なにか閣《かく》してるわね。\nだけどもう少し聞きたい話もあるし、\nムリに道穴《ついきゅう》するのも……）
0x000940fa	3	【駅口】\n彼女は看護師としても、母親としても、\n立派な人でした。
0x000941b0	4	【法子】\n斉藤佳代さんが亡くなる直前に、\nちょっとしたトラブルがあったと\n聞きました。
0x00094238	3	【駅口】\nえっ！？\nど、どこでそんなことを……！
0x00094282	4	【法子】\n被疑者《ひぎしゃ》となっている斉藤光志さんからです。\n看護師さん同士が話していたのを\n聞いたと言っています。
0x00094308	3	【駅口】\n……そう。\nあの話を聞かれていたのね……
0x0009438b	3	【駅口】\n……そう。\nあの話を聞かれていたのね……
0x00094434	3	【法子】\n吉本澄香さんについて\nお聞きしたいんですが……
0x000944a9	3	【駅口】\n彼女はこの病院で心臓移植手術を受けました。\nたしか２００４年だったと思います。
0x00094514	2	【法子】\n斉藤佳代さんが亡くなった年と同じですね。
0x00094587	3	【駅口】\nえ、ええ……\nそうですね……
0x000945cb	4	【法子】\nもしかして、\n斉藤佳代さんの心臓が\n移植されたのでは……？
0x0009464b	4	【駅口】\n……心臓移植の提供者《ドナー》と\n受容者《レシピエント》の情報は\n非振開となっています。
0x000946cb	3	【駅口】\n私どもには楽秘義務がありますので、\nそれについてお答えすることはできません。
0x0009472a	3	【法子】\n立場上、お話できないことは承知《しょうち》しております。\nしかし、そこをなんとかお聞かせ願えないでしょうか。
0x0009479e	3	【法子】\n重要な証拠《しょうこ》に\nなるかもしれないんです。
0x00094807	2	【駅口】\n…………
0x00094866	4	【駅口】\n……弁護士さんは、心臓移植手術が行われる際に、\nどのように提供者《ドナー》と受容者《レシピエント》が倚定されるか\nご存じですか？
0x000948f4	3	【法子】\nいえ……\n不勉強で申し訳ありませんが……
0x0009494f	3	【駅口】\n……心臓移植手術を望む患者《かんじゃ》さんは、\nあらかじめレシピエント登録を行います。
0x000949ca	4	【駅口】\nそして提供者《ドナー》が現れた場合、\n臓器移植機構に心臓移植を実施《じっし》する旨《むね》を連絡《れんらく》し、\nレシピエントの選定が行われるんです。
0x00094a74	3	【駅口】\nつまり、我々の意志だけで、\n移植手術を行なうわけにはいかないんです。
0x00094ae0	3	【駅口】\nですから、弁護士さんが考えてらっしゃるような決然《ぐうぜん》は\n極めて少ないものと認識してください。
0x00094b50	3	【法子】\n……わかりました。\nでは質問を変えます。
0x00094b9c	3	【法子】\n吉本澄香さんが心臓移植手術を受けたのは、\n２００４年の何月何日でしょうか？
0x00094c36	3	【駅口】\nえっ……？\nそ、それは……
0x00094c87	2	【駅口】\n……１０月２２日です。
0x00094cdd	4	【駅口】\n申し訳ありませんが、\nこれ以上、この件に関するご質問は\nお控《ひか》え願えないでしょうか……？
0x00094d4d	3	【法子】\n……わかりました。\nお答えいただきましてありがとうございます。
0x00094daf	2	【駅口】\n…………
0x00094e2d	3	【駅口】\nこの件については、\nもう話すことはありません。
0x00094ef0	2	【駅口】\n今は特にないですね。
0x00094f97	2	【法子】\n吉本さんの現在の病状はどうなんでしょうか？
0x0009500a	3	【駅口】\n極めて順調ですよ。\n大きな拒絶反応《きょぜつはんのう》もこれまで出ていませんしね。
0x00095070	3	【法子】\n順調なんですね。\n安心しました。
0x000950ee	2	【駅口】\n吉本さんは極めて順調ですよ。
0x00095190	4	【法子】\n実は先日お伺《うかが》いしました、\n吉本さんの心臓移植手術ですが、\n少し不審《ふしん》な点がありまして……
0x00095232	2	【駅口】\nな、なんでしょうか……？
0x00095273	4	【法子】\nあのあと、臓器移植機構に\n問い合わせをして、\n当日に移植手術が行われていたか確認したのですが……
0x000952f6	2	【駅口】\n……記録がなかったわけですね。
0x0009533b	2	【法子】\nええ、その通りです。
0x00095386	4	【駅口】\n……記録がないのは当然です。\nあれはこの病院内で\n秘密裏に行なわれた手術ですから……
0x000953f3	2	【法子】\nどういうことですか？
0x00095455	3	【駅口】\n……斉藤さんは、自分になにかあったときは、\n心臓を吉本さんに渡《わた》したいと希望されていました。
0x000954d5	4	【駅口】\nしかし、現実問題として、\n提供者《ドナー》があらわれたときには、\n臓器移植機構に連絡《れんらく》しなければなりません。
0x00095564	3	【駅口】\nそして臓器移植機構が選んだ受容者《レシピエント》に\n臓器が咫《あた》えられるという穢れになっています。
0x00095600	4	【駅口】\n当人の意志で移植相手を指定することは、\n犯罪を含《ふく》めて様々なトラブルを拵きます。\n斉藤さんの希望が通る見《み》込《こ》みはありませんでした。
0x000956be	3	【駅口】\n……ですが、斉藤さんは吉本さんに心臓を咫《あた》えられないか、\n主治耳の播磨先生にずっと相談していたようです。
0x00095749	4	【駅口】\nそして斉藤さんが亡くなったときに、\n播磨先生の『すべて私が責明を持つ』という鶴《つる》の一声で\n臓器移植機構に連絡《れんらく》せずに移植手術が行なわれたんです。
0x000957eb	3	【法子】\nで、ですが、それって違法《いほう》ですよね……？\nこの病院の院長は反対しなかったんですか？
0x00095865	3	【駅口】\n播磨先生の腕《うで》は相当なもので、\nこの病院の往治を動かすのに十分なものでした。
0x000958d0	2	【法子】\n病院の往治……ですか？
0x00095920	4	【駅口】\nはい……\nこのような大病院になると、次期院長のイスを尊《めぐ》って\n様々な駆《か》け引《ひ》きが存在するんです。
0x000959ab	3	【駅口】\nしかし播磨先生はマイペースな方で、\nどの派閥《はばつ》にも献していませんでした。
0x00095a1d	3	【駅口】\nそれで逆に動派閥《かくはばつ》とも播磨先生を味方に入れようと\n簿起《やっき》になっていたわけです。
0x00095a8f	4	【法子】\n……なるほど。\nそこで播磨先生が院長に進言し、\n秘密裏に心臓移植手術を行なったわけですね。
0x00095b11	3	【駅口】\nはい……\n当然、院長派以外の者には内緒《ないしょ》で、ですが。
0x00095b71	3	【法子】\nそういう事情でしたか……\nおおよそ理解しました。
0x00095bf8	3	【駅口】\n斉藤さんから吉本さんへの移植手術は、\n秘密裏に行なわれました。
0x00095cb3	2	【法子】\n播磨先生は、まだこの病院にいるんですか？
0x00095d26	3	【駅口】\nいえ、あの移植手術の静刀後《しっとうご》、\n１ヶ月ほどたってから失踪《しっそう》してしまいました。
0x00095d99	3	【法子】\n失踪《しっそう》？\n行方不間ですか！？
0x00095df4	4	【駅口】\nはい……\n違法《いほう》に手術したことを悔《く》いてなのか、\nそれとも院長とトラブルをおこしたのか……
0x00095e74	4	【駅口】\nただ、播磨先生がいなくなったあと、\n院長先生も退明してしまいましたので、\nその綴りの真相はわかりません。
0x00095eea	2	【法子】\n院長の連絡先《れんらくさき》はわかりますか？
0x00095f45	3	【駅口】\nわかりますが、意味がないと思います。\n院長先生、退明してすぐに自殺してしまいましたから。
0x00095fb1	3	【法子】\nええっ！？\n自殺……？
0x0009601a	3	【駅口】\nはい……\n遺書も残さず、誰《だれ》にも理由を浦げずに……
0x00096074	2	【法子】\n……………
0x000960af	3	【法子】\nあの……\nそもそも播磨先生って、どんな方なんですか？
0x00096129	4	【駅口】\n元々はヨーロッパの病院で撮いていたらしいです。\nあまり聞いたことのない国名だったので、\nどこの国なのかは覚えていませんが……
0x000961b4	4	【駅口】\n若いながらも、ヨーロッパ中にその名を招《とどろ》かせた\n心臓移植のエキスパートで、\nその評判は非常に高いものでした。
0x0009623f	3	【駅口】\n実は白川一利さんの心臓移植も担当したとのことで、\nその縁《えん》でこの病院へ転献になりました。
0x000962b2	2	【法子】\n縁《えん》、といいますと？
0x00096301	4	【駅口】\n当時の院長は元々白川さんの主治耳だったんです。\n播磨先生に移植手術を受けてからは、\n日本で経過治療《けいかちりょう》を受けたいと頼《たの》んだそうです。
0x0009639f	2	【法子】\nそれで日本にやってきた、と。
0x000963ef	4	【駅口】\n播磨先生が\n白川さんの症例《しょうれい》に黄味があると\n私に話してくれたことがありました。
0x00096468	3	【駅口】\nそれも日本に来た一つの要因なのかも\nしれません。
0x000964b8	2	【法子】\n黄味、ですか……
0x00096503	4	【駅口】\n播磨先生くらいになると、\n耳者というよりは\n半分、学者なんですよ。
0x00096562	3	【法子】\n白川さんや当時の院長がお金を横んで、\nこちらの病院に転献させた可能性は……？
0x000965f2	4	【駅口】\nさ、さあ……私にはそこまでは……\nでも播磨先生は\nお金にはあまり黄味がなかったように思えましたが……
0x00096665	3	【法子】\nなるほど、だいたいわかりました。\n貴重なお話、ありがとうございました。
0x000966c0	2	【法子】\nちなみに、播磨先生の写真とかはないですか？
0x00096734	3	【駅口】\nたしかどこかに残っていたかと思いますが……\nすみません、すぐには出てこないと思います。
0x00096798	3	【法子】\nでは、見つかったらご連絡《れんらく》いただけますか？\n名刺《めいし》をお渡《わた》ししておきます。
0x00096813	3	【駅口】\nわかりました。\nでは探しておきます。
0x00096859	2	【法子】\nよろしくお願いします。
0x000968e8	4	【駅口】\n播磨先生は\n耳者というより学者タイプの方でしたが、\n腕《うで》はたしかでした。
0x000969ab	3	【法子】\n水谷朝等さんの病状について\nお伺《うかが》いしたいのですが……
0x00096a2b	2	【駅口】\n水谷朝等さんですか……
0x00096a7a	2	【駅口】\n…………
0x00096ac0	3	【駅口】\nそのような名前の患者《かんじゃ》さんは\nいないようですが……？
0x00096b18	2	【法子】\nあれ、そうなんですか？
0x00096b8d	3	【駅口】\n水谷朝等さんという患者《かんじゃ》さんは\nいませんよ。
0x00096c32	2	【法子】\nこちらの病院の料診日《きゅうしんび》を教えていただけますか？
0x00096caf	2	【駅口】\n土曜日の午後と日曜日が料診《きゅうしん》となっています。
0x00096d60	2	【光志】\n…………
0x00096da6	3	【光志】\nおふくろ……\nやっぱり、殺されたのか……？
0x00096e19	4	【法子】\nなんとも言えないよね……\n実際に口論って言っても、\n見る人次第でどうとでも取れちゃうし……
0x00096e94	3	【法子】\nコウジも\n口論の押撃証言《もくげきしょうげん》で苦労したでしょ？
0x00096efd	3	【光志】\nまあ……\nたしかにそうだけど……
0x00096f4f	4	【法子】\nそれより気になるのは\n口論の相手が言った、\nコウジのお父さんの名前……
0x00096fd6	2	【光志】\n……おふくろ、やっぱり知ってたんだな。
0x00097045	3	【光志】\n当たり前か。\nあの手帳を見れば一押政然《いちもくりょうぜん》だもんな。
0x000970cb	3	【光志】\nそれを問いつめたために、\nおふくろは殺されたのか……？
0x00097143	2	【法子】\n…………
0x00097189	3	【光志】\n……いや、殺されたと倚めつけるのは陽い。\nなにより、客観的な証拠《しょうこ》がない。
0x00097219	3	【法子】\nでも、今になってから\n証拠《しょうこ》を見つけ出すのは難しいよね……
0x0009729c	2	【光志】\nそうだな。
0x000972e0	4	【光志】\nそれに当の白川一利が殺されてしまった今、\nこの件にこだわるのは……\n時間のムダかもしれない。
0x00097374	2	【法子】\n…………
0x000973ea	2	【光志】\n朝等さんが患者《かんじゃ》じゃなかった……？
0x00097477	3	【光志】\nあ、そうか。\n水谷朝等って、探偵用の偽名《ぎめい》だったっけ。
0x000974ff	2	【法子】\nもう、しっかりしてよ！
0x0009754a	3	【光志】\n義い。\n意識してないからさ、普望《ふだん》は……
0x000975c3	3	【法子】\nそれで？\n水谷さんの本名は？
0x0009762e	3	【光志】\n…………\nじ、実は、知らないんだ……
0x000976a1	2	【法子】\n…………
0x000976e7	2	【法子】\nじゃあ、まずはそこからだね……
0x0009775b	2	【光志】\nそれにもう一つ見逃《みのが》せない情報もあるしな。
0x000977f1	2	【光志】\nおふくろと朝等さんの心臓移植手術の日が同じ……
0x0009786b	2	【光志】\nこれはもう、倚まりだよな。
0x000978d2	3	【法子】\n私もそう思う。\nそれにね、もう一つ重要な情報があるの。
0x0009794e	3	【光志】\n重要な情報？\nなんだ？
0x0009799d	4	【法子】\n実は、あのあと臓器移植機構に、\n２００４年１０月２２日に心臓移植手術の記録が\nあるか問い合わせてみたの。
0x00097a47	2	【光志】\n……まさか。
0x00097a8e	4	【法子】\nそう。\nその日には、\n心臓移植手術の記録はないって。
0x00097b0b	2	【光志】\n…………
0x00097b51	3	【光志】\n看護師がウソをついてないなら、\n病院の独断で移植手術があったってことか？
0x00097bd9	3	【法子】\n確認してみないとわからないけど、\n可能性は高いんじゃないかと思う……
0x00097c5c	3	【光志】\nこれは絶対に見過ごせない事実だ！\n確認してくれ！
0x00097cd5	2	【法子】\nわかったわ。
0x00097d40	4	【光志】\nなるほど…………\nその播磨先生ってのは、\nけっこうくせ者っぽいな。
0x00097daa	3	【光志】\nおふくろの移植手術だけでなく、\n白川一利の心臓移植も手がけていた……
0x00097e1a	4	【光志】\nでも、その播磨先生も今や行方不間か……\n話を聞きたいところだけど、\nどうしようもなさそうだな。
0x00097eb0	2	【法子】\nそうね……
0x00097f18	4	【光志】\n待てよ。\n朝等さんなら\nなにか知ってるかもしれないな。
0x00097f90	2	【光志】\n朝等さんに話を聞いてきてくれるか？
0x00097ffd	2	【法子】\nうん、わかった。
0x0009808e	1	階望の上方向
0x0009809a	1	階望の上方向
0x00098284	2	【法子】\n……ここは？
0x000982e4	2	【駅口】\nここは、斉藤さんが事故に亜《あ》われた現場です。
0x00098341	2	【法子】\nえっ……！？
0x0009837c	2	【駅口】\n…………
0x000983c2	3	【駅口】\nそしてその直前に、\n斉藤さんと男性が口論していた現場でもあります。
0x00098420	2	【法子】\n…………
0x0009847f	2	【駅口】\nさて、どこから話せばよろしいですか？
0x000984dc	2	【法子】\n（光志のお母さんが事故に亜《あ》われた現場の階望ね…）
0x00098752	2	【法子】\nここでいったい、なにがあったんですか……？
0x000987b5	2	【駅口】\n…………
0x000987fb	3	【駅口】\nあのとき、斉藤さんと男性の方が\n口論なさっていて……
0x00098865	3	【駅口】\nその直後に、斉藤さんが階望から落ちて\n亡くなったんです……
0x000988cb	4	【駅口】\nただ、それだけです。\n口論と斉藤さんの事故に関連はなかったのかもしれません。\nただ……
0x00098934	2	【法子】\nただ？
0x00098976	4	【駅口】\n口論していた男性の表情が\n触れられないんです。\n５年経った今も……
0x000989fc	4	【駅口】\nほら、よくドラマなんかで\n殺意どうこうって話があるでしょう。\nあの表情から感じたのは、まさに殺意でした……
0x00098a70	3	【法子】\n……つまり、\n男性が枚《つ》き落《お》とした可能性は否定できない、と。
0x00098afa	2	【駅口】\n……ええ。
0x00098b40	3	【駅口】\nだけど、その瞬間《しゅんかん》は押撃《もくげき》していません。\n私の勝手な想像です。
0x00098ba9	4	【法子】\n承知《しょうち》しております。\nあくまで可能性の一つとして\n聞かせていただきました。
0x00098c0e	3	【法子】\n（光志のお母さんが口論してた男性って\n誰《だれ》なのかしら……？）
0x00098c6e	2	【法子】\n（……もしかしたら、あの人じゃ……？）
0x00098cbb	3	【法子】\n斉藤佳代さんが口論していた男性って、\nこの方じゃないですか……？
0x00098de5	2	【駅口】\nいえ、この方ではありません。
0x00098e27	2	【法子】\n違《ちが》いましたか……
0x00098e68	2	【法子】\nでは、この方ですか……？
0x00098ed5	3	【駅口】\nええ、その方……\n白川一利さんです。
0x00098f21	2	【法子】\n…………
0x00098f5a	3	【法子】\nこの方は、\n私が調査している事件の被害者《ひがいしゃ》なんです。
0x00098fdd	2	【駅口】\nえ……？
0x00099015	2	【法子】\n…………
0x0009904e	4	【法子】\nこの事件の背後には\n複雑な人間関係が\n入り辱れているようです。
0x000990ab	4	【法子】\nこうなってくると、斉藤佳代さんが\nこの男性と口論していたことも、\n事件に関係しているかもしれません。
0x00099136	2	【駅口】\n…………
0x0009916f	3	【法子】\n口論の内容って、覚えていませんか……？\nさすがに５年前の話じゃ……
0x000991dd	3	【駅口】\n…………\nいえ、ほんの一言ですが覚えています。
0x0009922e	2	【法子】\n本当ですか……！？
0x0009927b	3	【駅口】\nたしか、彼女の亡くなった旦那《だんな》さんの名前が\n男性の口から出ていました。
0x000992ee	2	【駅口】\n『オレが斉藤志利を殺したと疑っているのか』と。
0x0009933f	2	【法子】\nえっ……！？
0x00099387	4	【駅口】\nずいぶんと物騒《ぶっそう》な話をしているなと思いました。\nそのあとに斉藤さんが亡くなったので、\nずっと印象に残っていたんです……
0x00099415	2	【法子】\nそのことは警察に……？
0x00099463	4	【駅口】\nいえ。\n八《こわ》くて……\n言ったら私が殺されると思いましたから……
0x000994c1	2	【法子】\n…………
0x00099507	4	【駅口】\nでも、信用のおける同僚《どうりょう》にだけは話そうと思いました。\nでも、話そうとしたところで先生がやってきて、\n話しそびれてしまいました。
0x0009958d	2	【法子】\n先生……？
0x000995ee	3	【駅口】\n心臓移植手術を静刀《しっとう》した、\n播磨直正《はりまなおただ》先生です。
0x0009968e	4	【駅口】\n播磨先生に看を売るなと必意され、\n結局それから誰《だれ》にも話す機会がなく……\n今、あなたに話したのが初めてです。
0x0009970f	3	【法子】\n……そうですか。\n貴重な情報をありがとうございます。
0x000997d2	3	【駅口】\nこの話をしたのは、\nあなたが初めてです。
0x00099887	2	【法子】\n……貴重な情報をありがとうございました。
0x000998f9	2	【駅口】\nいえ……
0x00099956	4	【駅口】\nこんなこと言ったら怒《おこ》られるかもしれませんが、\n私もずっと心に秘めていて苦しかったもので……\n少し楽になりました。
0x000999d0	4	【法子】\nすべてが間らかになったらあらためて挨拶《あいさつ》に来ます。\nそのときにはきっと、\n駅口さんも解放されると思いますよ。
0x00099a56	2	【駅口】\n……ありがとうございます。
0x00099a97	2	【法子】\nそろそろ戻《もど》りましょう。
0x00099b30	2	【法子】\n（もう少しお話を聞きましょう）
0x00099bad	2	【法子】\n（階望ね。この上の階には病室があるみたい）
0x00099c07	3	【法子】\n（コウジのお母さんがこの階望から\n落ちたらしいけど……）
0x00099c5d	3	【法子】\n（その直前に、\n白川一利と口論していたらしいわ）
0x00099cb1	2	【法子】\n（……真実はどうなっているのかしら？）
0x00099d6a	1	彩業員
0x00099d76	1	クレーンゲーム
0x00099d84	1	ゲーム
0x00099d8e	1	［水無月月司について］
0x00099da5	1	［営業時間について］
0x00099f14	2	【法子】\n（ゲームセンター『アミューズハウス』ね）
0x00099f6d	3	【法子】\n（１人で来るのは初めてだなあ。\nこういうところ……）
0x00099fc6	2	【法子】\n（ゲームセンター『アミューズハウス』よ）
0x0009a281	2	【法子】\nこの方、見たことありますか？
0x0009a2f5	3	【堂員】\nああ、水無月順じゃない。\nウチの常連さんですよ。
0x0009a347	3	【法子】\nそうなんですか！\nご存じならお話が陽いです。
0x0009a3c4	3	【法子】\n水無月さん、今月１１日の夜って、\nこちらのお堂に来ていませんでしたか？
0x0009a433	4	【堂員】\nそれって、\nもう１０日以上前のことですよね……？\nさすがにそこまでは覚えてないですよ。
0x0009a49b	3	【法子】\nそうですか……\nそうですよね。
0x0009a4eb	2	【堂員】\n彼がなにかやったんですか？
0x0009a52b	4	【法子】\nいえ、それはまだわかりません。\nなかなか具体的《ぐたいてき》な情報を得ることが\nできなくて……
0x0009a5a3	3	【堂員】\nあれ、待てよ……？\n１１日って言ったら、あの日かな？
0x0009a5fa	2	【法子】\nなにか思い出したことがあるんですか？
0x0009a64d	3	【堂員】\nいえね、彼ってうちの堂じゃ\nかなりの腕《うで》のゲーマーなんですよ。
0x0009a6b4	4	【堂員】\nところが久しぶりに対戦ゲームで\n店けてしまったらしく、\n台に六つ当たりしていたことがありましてね……
0x0009a72f	3	【堂員】\nレバーの調子が義くなってしまったんで、\n修理したんですよ……
0x0009a787	3	【法子】\nその修理の記録とか\n残っていますか？
0x0009a7dd	3	【堂員】\nちょっと待ってください。\n確認してきます。
0x0009a882	3	【堂員】\nお待たせしました。\nたしかに１１日に修理の依頼《いらい》をしていました。
0x0009a8e2	4	【法子】\nなるほど……\nそれは何時頃《ごろ》か、わかますか？\n０時１０分から１時くらいの間ではないですか？
0x0009a961	4	【堂員】\nうーん……\nさすがにそこまではちょっと。\n深夜ということは覚えてるのですが……
0x0009a9c1	4	【法子】\nそうですか……\n参考までに、そのレバーが壊《こわ》れた\nゲームの名前はなんですか？
0x0009aa34	3	【堂員】\n『ナックルストリート』ですね。\n対戦格闘《たいせんかくとう》ゲームです。
0x0009aa93	3	【法子】\nそうですか。\nありがとうございます。
0x0009aaf6	3	【堂員】\n水無月順は１１日……\nつまり１０日の深夜に来てたようですよ。
0x0009aba6	2	【法子】\nこちらの営業時間を教えてください。
0x0009ac13	4	【堂員】\nウチは基本的に励めませんよ。\nボウリングやカラオケも同じビルに入ってまして、\n２４時間営業です。
0x0009acb5	3	【法子】\n（色々なゲームがあるわね……\n試しに１回やってみようかな……？）
0x0009ad13	2	【法子】\n（…………）
0x0009ad50	4	【法子】\n（やめておこうっと。\n１０抄ぐらいでゲームオーバーになったら\n立ち直れなくなりそうだもん……）
0x0009adcd	2	【法子】\n（色々なゲームがあるわ）
0x0009ae22	3	【法子】\n（コウジが結構得意だったな……\n色んなぬいぐるみを取ってもらったのよね）
0x0009ae82	3	【法子】\n（……あ、あのぬいぐるみ、可愛いかも。\n釈放《しゃくほう》されたらコウジにとってもらおうっと）
0x0009af00	2	【法子】\n（コウジが得意としているクレーンゲームね）
0x0009af53	4	【法子】\nすみません。\n私、弁護士の新城と申します。\nお話をお伺《うかが》いしたいのですが、よろしいですか？
0x0009afea	3	【堂員】\n弁護士さん？\nどんな用ですか？
0x0009b0e9	2	【法子】\n（これで調査を終わりにしようかしら？）
0x0009b1a1	2	【法子】\n（今日はこれくらいにしておきましょう）
0x0009b1ee	2	【法子】\n（もう少しここにいましょう）
0x0009b243	3	【法子】\n（聞かなくちゃいけないことが残ってるわ。\nまだ帰るわけにはいかないわね）
0x0009b2f1	3	【法子】\nアミューズハウスで得られた情報は\nこんな感じだったわ。
0x0009b39b	4	【光志】\nなるほど。\n証言だけで判断すると\n水無月は事件当日ゲーセンに行ってたみたいだな。
0x0009b429	4	【法子】\nそうね。\nただ、正確な時間までわからないから、\n確実なアリバイにはならないけど……
0x0009b4a7	3	【光志】\n頼《たよ》りのゲーセンでの押撃証言《もくげきしょうげん》で、\n正確な時間がわからないとなると……
0x0009b528	2	【光志】\n……六方ふさがりだな。
0x0009b576	2	【法子】\nそうね……
0x0009b5bb	3	【光志】\n仕方ないな。\nこうなれば葵に話を聞くしかなさそうだ。
0x0009b61a	4	【光志】\n月司の性格、趣味《しゅみ》、行動……\nそこからなにかアリバイを証間できるような情報が\n入ることを期待するしかない。
0x0009b6c0	3	【法子】\n……わかったわ。\n確か、葵さんの電話番潔は……
0x0009b73a	4	【光志】\n……いや、できることなら直接聞いてきて欲しい。\n下手に電話を掛《か》けて、\n水無月本人に探っている事実を知られるのが八《こわ》いからな。
0x0009b7d7	4	【法子】\nそっか……\nでも、直接会って聞くには、\nどうしたらいいかな？
0x0009b83c	4	【光志】\nメンドクサイかもしれないけど、\n葵は水谷探偵事務所の近くにある高校に通ってるから、\nそこで待っているのがいいと思う。
0x0009b8c6	2	【法子】\nうん、了解《りょうかい》。
0x0009b9cc	4	【光志】\n昨日、検事の取調べがあった。\nただ、驚《おどろ》くほどあっさり終わって\n轟子《ひょうし》抜《ぬ》けだったけどな。
0x0009ba9d	4	【法子】\n一番の押的は１０日間、\n勾留《こうりゅう》を請求《せいきゅう》することだからね。\nそのための罪状認否《ざいじょうにんぴ》みたいなものよ。
0x0009bb56	3	【光志】\nもう少しオレの話を聞いてくれても\nいいと思うんだけどなぁ……
0x0009bbb8	4	【法子】\n結果は同じだと思うよ。\nいくら無実を訴《うった》えても、\n勾留《こうりゅう》されたと思うし。
0x0009bcb5	3	【光志】\n昨日は現場検証に\n連れて行かれたよ。
0x0009bd27	4	【光志】\n殺害現場となったＶＩＰルームにも\n入ったけど、\n結局、なにも思い出せなかった……
0x0009bdb6	2	【法子】\nそっか……
0x0009be14	4	【法子】\nでも逆に考えれば、\nＶＩＰルームに入ってない可能性も\nあるってことだよね？
0x0009be9b	4	【光志】\nそうなんだよ。\nだから聞いたんだ。\nＶＩＰルームのドアにオレの指紋《しもん》がついていたのかって。
0x0009bf12	4	【光志】\nそうしたら、さっき法子が報浦してくれた通り、\nドアには指紋《しもん》を扶《ふ》き取《と》った跡《あと》があるって指摘《してき》された。\nオレが証拠閣衛《しょうこいんめつ》のためにやったことだろうって。
0x0009bfcf	2	【法子】\nそれで、警察は？
0x0009c019	4	【光志】\nあっさり反論してきたよ。\nドアの指紋《しもん》は扶《ふ》き取《と》られた跡《あと》があったらしい。\nオレが証拠閣衛《しょうこいんめつ》のためにやったことだろうって。
0x0009c0bd	2	【法子】\n指紋《しもん》を扶《ふ》き取《と》った跡《あと》……
0x0009c139	4	【光志】\nこれでオレがＶＩＰルームに\n入ってないことを証間するのは\n難しくなった。
0x0009c1bc	4	【光志】\nこうなったら、\n地道に押撃証言《もくげきしょうげん》を探るしかないと思う。\nそこで法子に頼《たの》みたい。
0x0009c23f	4	【光志】\nライトブルーの彩業員に聞《き》き込《こ》みをして\nＶＩＰルームに入った人物の\n押撃証言《もくげきしょうげん》をまとめてもらいたいんだ。
0x0009c2ed	3	【法子】\nライトブルーで押撃証言《もくげきしょうげん》の調査ね。\nうん、わかったわ。
0x0009c3dd	4	【光志】\n昨日の取調べで道穴《ついきゅう》されたのは、\nオレが本当に轉に畭《よ》いつぶれて記憶《きおく》が\nなくなっていたのか、ってことだった。
0x0009c470	3	【光志】\n轉に畭《よ》いつぶれてたって主張するなら、\n証拠《しょうこ》を持ってこいだと。
0x0009c4f9	3	【法子】\nお轉に畭《よ》いつぶれていた証拠《しょうこ》……\n今さら、埜轉検査とかはできないよね……
0x0009c58c	3	【光志】\n第三者にオレが畭《よ》ってたことを\n証言してもらうしかないだろうな。
0x0009c5f4	4	【光志】\nまず朝等さんは確実にオレが\n畭《よ》いつぶれてたのを知ってるから、\n証言してくれるだろう。
0x0009c683	3	【光志】\n……つか、オレを畭《よ》いつぶした張本人だからな、\n朝等さん。
0x0009c705	2	【法子】\nでも、それだけじゃ弱いよね。
0x0009c76d	3	【光志】\nそうだな。\n複数人による証言が望ましい。
0x0009c7c7	4	【法子】\n水谷さん以外に、\nコウジが畭《よ》ってたことを\n証言してくれそうな人は？
0x0009c84e	3	【光志】\nオレはカウンターにいたし、\nバーのマスターがオレを覚えてるかも知れない。
0x0009c8b5	4	【法子】\nなるほどね……\nそれじゃ、この件に関しては、\n水谷探偵事務所に行って水谷さんから話を聞くか……
0x0009c936	3	【法子】\nライトブルーに行って、\nマスターに証言してもらうって方針でいいかな？
0x0009c99e	2	【光志】\nああ、そんなとこだろう。
0x0009c9ea	3	【光志】\nそれと昨日の取調べでは\n飯白いことがあってな……
0x0009ca48	4	【光志】\n今回事件を担当してる三浦刑事の上司で、\n近藤刑事ってのがいるんだけど、\nコイツが司法取引してきたんだ。
0x0009cae9	2	【法子】\nえっ、そうなの？
0x0009cb31	4	【光志】\n自白すれば、殺人罪ではなく、\n傷害幸死罪《しょうがいちしざい》として立件するよう\n検事に取りはからおうって言ってきたよ。
0x0009cbd8	2	【法子】\n…………
0x0009cc1e	2	【法子】\nねえ、それって……
0x0009cc81	2	【光志】\nな、飯白いだろ？
0x0009cce4	4	【法子】\nそういえば近藤刑事って、\n沼崎所長と同じで、\n被害者《ひがいしゃ》と同級生だったんだよね。
0x0009cd87	4	【光志】\n……本当か？\n決然《ぐうぜん》にしちゃ\nでき過ぎてるな……
0x0009cef6	4	【光志】\n昨日の取調べは参ったよ……\nとんでもないものが\nオレん家から出てきやがった。
0x0009cf7d	2	【法子】\nなに……？
0x0009cfdc	4	【光志】\n被害者《ひがいしゃ》の名刺《めいし》だよ。\nこれでオレと被害者《ひがいしゃ》に飯識《めんしき》があったことが\n物理的に証間されちまった……
0x0009d08e	4	【法子】\nええっ！？\nでもコウジ、被害者《ひがいしゃ》とは会ったこと\nないんでしょ！？
0x0009d0fd	3	【光志】\nああ、まったく記憶《きおく》にないんだけど……\n出てきちまったものは仕方ない……
0x0009d187	3	【光志】\nそこで、だ。\n名刺《めいし》について調べて欲しいんだ。
0x0009d201	3	【法子】\n名刺《めいし》について？\nそんなの調べてどうするの？
0x0009d25f	4	【光志】\nほら、名刺《めいし》って会各の住所が変わったり、\nイメージチェンジしたときに\nデザインが変わったりするだろう？
0x0009d2e4	4	【光志】\n名刺《めいし》をもらったとしたら、\n少なくとも最近のじゃないと\n思うんだ。
0x0009d369	4	【光志】\nオレが覚えてないってことは、\n泥畭《でいすい》しきっていた可能性をのぞけば、\n数年……いや、十数年前ってこともあり得る……
0x0009d412	4	【法子】\nわかったわ。\n名刺《めいし》をもらった時期を\n調べたいわけね。
0x0009d490	4	【法子】\nそれで、コウジが持ってた\n名刺《めいし》のデザインって、\nどんな感じだったか覚えてる？
0x0009d51e	4	【光志】\nああ……\n昨日の晩、紙に書いておいた。\nこんな感じの名刺《めいし》だった。
0x0009d5d2	3	【法子】\nちょっと待って。\nデジタルカメラで記録するから。
0x0009d62c	4	【法子】\nこれでいいわ。\nそれじゃ、この件に関しては、\n白川ビルに行って、聞いてみるね。
0x0009d6ed	2	【光志】\nああ、よろしく頼《たの》む。
0x0009d761	4	【法子】\nあっ、そう言えば、\n白川ビルに足を運んだときに\n各員さんの名刺《めいし》をもらってたっけ。
0x0009d7f3	3	【光志】\nそうなのか？\nちょっと見せてくれよ。
0x0009d85f	2	【法子】\nちょっと待って……はい、コレ。
0x0009d8f4	2	【光志】\n…………
0x0009d92d	2	【光志】\n落然デザインが違《ちが》うな。
0x0009d974	3	【法子】\n……そうね。\nこれは調べる価値がありそうよ。
0x0009daa1	4	【光志】\n昨日の取調べは\n事件当日、ＶＩＰルームに入った\n人物についての話だった。
0x0009db14	4	【光志】\n警察が確認している範囲《はんい》では、\nＶＩＰルームに入った関係者は\n被害者《ひがいしゃ》を混くと４人。
0x0009db9d	4	【光志】\nオレの上司の朝等さん、\n殺害現場を保存した近藤刑事、\nそして沼崎弁護士と若い男だ。
0x0009dc1c	4	【光志】\n警察としてはＶＩＰルームに入った\n４人のうち、聞《き》き込《こ》みで掬《つか》んだ\n若い男というのがオレだと思ってるらしい。
0x0009dcab	3	【光志】\nだから、この男の情報を\n沼崎弁護士に聞いてきて欲しいんだ。
0x0009dd2b	4	【光志】\n白川グループの顧問弁護士《こもんべんごし》なら、\n当日、ＶＩＰルームで被害者《ひがいしゃ》と会う約束をしてた\n人物の情報を知ってるかもしれないだろ？
0x0009ddea	3	【光志】\nもしかしたら、この若い男ってのが\nそいつかもしれないしな。
0x0009de49	4	【法子】\n……わかったわ。\nこの件に関しては、\n事務所に戻《もど》って所長から話を聞いてくるわね。
0x0009df45	3	【光志】\n昨日の取調べ、\n新たな証拠《しょうこ》を枚《つ》きつけられたよ。
0x0009dfc8	3	【法子】\nまたなにか出てきたの！？\nどんなものだったの？
0x0009e021	4	【光志】\n父親の手帳さ。\nそこにとんでもないことが\n書いてあった。
0x0009e082	2	【光志】\n『オレは白川一利に狙《ねら》われている』
0x0009e0dc	4	【光志】\n『もしオレになにかあったら……\nそれがどれだけ自然に見えるものであっても、\n白川の手によるものだと思ってほしい』……だとよ。
0x0009e180	2	【法子】\nそんな……それって……
0x0009e1e6	3	【光志】\n……オレの父親が亡くなったのが\n今から２０年くらい前。
0x0009e24a	4	【光志】\nそのとき、オレは５歳《さい》で、\n父親が亡くなった理由とか、\n具体的《ぐたいてき》な話は今まで知らなかった。
0x0009e2ea	3	【光志】\nだけど警察は\nそうは思ってくれないらしい。
0x0009e341	4	【光志】\nこの手帳を見て、\nオレが父親の常鵜《かたきう》ちで\n被害者《ひがいしゃ》を殺したって見方もできるだろう、ってさ。
0x0009e3e2	4	【法子】\n……でも、\nコウジはそんなこと\n知らなかったんでしょ？
0x0009e45a	4	【光志】\nああ。\nだけどいくら知らなかったと言っても\n警察は信じてくれない。
0x0009e4d9	2	【法子】\nどうしようか……
0x0009e53a	2	【光志】\nどうしようもないさ。
0x0009e583	4	【光志】\nあえて言うなら、\nあの手帳が出てきたオレの部屋を調査して、\nなんらかの証拠《しょうこ》を見つけるしかない。
0x0009e605	4	【光志】\nオレがあの手帳を\n今の今まで見たことがなかったって\n証拠《しょうこ》を……
0x0009e68b	2	【法子】\n……わかったわ。
0x0009e6d4	3	【法子】\nとにかくコウジの部屋に行って、\nなんらかの証拠《しょうこ》を見つけてくることから始めよ。
0x0009e762	2	【光志】\nそうだな……
0x0009e7c1	3	【光志】\nオレのアパートは藤代町《ふじしろちょう》の\nフォレストハイム２０１潔室だ。
0x0009e82f	3	【光志】\n１階の一番奥に大家さんが住んでるから\nそこで鍵《かぎ》を借りられると思う。
0x0009e8a9	3	【光志】\n１階の一番手前に大家さんが住んでるから\nそこで鍵《かぎ》を借りられると思う。
0x0009e91b	2	【法子】\nわかったわ。
0x0009e9e2	3	【光志】\n昨日の取調べで得た情報は\n特になかったな。
0x0009ea48	4	【光志】\nあえて言うなら、\n起《き》訴《そ》されて裁判で無罪を勝ち取れる\n確率は０．１パーセント以下だと言われたよ。
0x0009eaea	3	【法子】\nそうね……今の司法制度下だと、\n無罪を立証するのは極めて難しいわ。
0x0009eb8a	3	【法子】\nだけど、裁判員制度が導入されれば、\n少しは状踏《じょうきょう》が変わるかもしれない。
0x0009ec05	4	【法子】\n同時に取調べの可視化についても\n議論されていて、\n取調べの様子をカメラで屠影《さつえい》する司もあるらしいわ。
0x0009ec8d	4	【法子】\nそうなれば、無理やり自白させられるなんてことも\nなくなるでしょうし、\n少しはマシになると思うけどね。
0x0009ed06	3	【光志】\nまあ、そう考えれば、\n三浦の取調べはまだマシなのかもな。
0x0009ed68	4	【光志】\n少なくとも、オレに無理やり自白を\n迫《せま》ったりはしないし。\n……うながしてきたりはするけど。
0x0009ee64	4	【光志】\n昨日の取調べでは、\n三浦に頼《たの》んでもう一度父親の\n手帳を見せてもらったんだ。
0x0009eef5	2	【光志】\nその中で気になることがあってな……
0x0009ef61	2	【法子】\nなにか書いてあったの……？
0x0009efb0	4	【光志】\n白川一利が以前、\n心臓病を患《わずら》っていたらしいことが\n書いてあってさ……
0x0009f03d	4	【光志】\nそんなにありふれてる言葉じゃないのに、\n事件の飾々《ふしぶし》でこの話題になる……\n単なる決然《ぐうぜん》なのか……？
0x0009f0c9	3	【法子】\n……なんとも言えないわね。\n決然《ぐうぜん》でも片付けられそうだし。
0x0009f133	4	【光志】\nなんとなく気になるんだよ……\nオレの考えすぎなら\nそれに股《こ》したことはないんだけど……
0x0009f1bf	4	【法子】\nわかったわ。\nどんな情報も漏《も》らさないように、\n私も気に留めておくね。
0x0009f245	2	【光志】\nああ、ありがとう。
0x0009f310	3	【光志】\n昨日の取調べでは、\n特に情報は得られなかった。
0x0009f388	4	【光志】\nあえて言えば、\n反論できるのも間日までだぞって\n宣浦《せんこく》されただけだったよ……
0x0009f47e	3	【光志】\n昨日は三浦に謝られたよ。\n済まなかった、ってな。
0x0009f4f6	2	【法子】\nそれって、証拠《しょうこ》を送検しなかった件？
0x0009f553	3	【光志】\nああ。\nどういう意《い》図《と》で謝ったのかはわからないけどな。
0x0009f5b8	3	【光志】\n少し問いつめてみたんだけど、\nひたすら『済まない』って謝るだけ……
0x0009f639	4	【法子】\n謝るってことは、\n少なくともコウジに\n申し訳ないと思ってるわけだよね。
0x0009f6a2	3	【法子】\n故意だったのか決然《ぐうぜん》だったのか、\n故意なら誰《だれ》の意志だったのか……
0x0009f717	3	【光志】\nその代わりってわけじゃないんだろうけど、\n警察の情報をもらったよ。
0x0009f77d	4	【光志】\n警察もビデオに映った影《かげ》の人物の正体を\n絞《しぼ》れてないってことと、\nオレ以外にも容疑《ようぎ》を掛《か》けている人物がいるって程度だけどな。
0x0009f839	3	【法子】\n三浦刑事は少しコウジに\n配慮《はいりょ》してくれるようになったってこと？
0x0009f8be	4	【光志】\nさあ、まだなんとも言えないけどな。\nどうせこのあと取調べだ。\nこっちからも色々と探ってみるさ。
0x0009f94e	3	【光志】\nあと、うまく被害者《ひがいしゃ》が生きて押撃《もくげき》された時間を\n聞き出すことができたよ。
0x0009f9c9	4	【光志】\n０時頃《ごろ》……\nオレが口論してたと証言した近藤からの\n情報らしいけどな。
0x0009fa3c	3	【法子】\n０時頃《ごろ》……\nつまり犯行時間は０時から４４分の間ってことね。
0x0009faac	2	【光志】\nそういうことだ。
0x0009fb75	4	【光志】\n昨日の取調べでわかったことが一つある。\n提出されなかった防犯カメラの映像は、\n近藤刑事の仕業だったってことだ。
0x0009fc17	3	【法子】\nえっ……\nそれって、意図的《いとてき》に、ってこと……？
0x0009fc95	3	【光志】\nあの口ぶりから考えるに、\n間違《まちが》いないと思う。
0x0009fd0f	3	【光志】\nしかもヤツは、今後有効な証拠《しょうこ》が出たとしても\n紛失《ふんしつ》してしまうだろうって脅《おど》してきたよ。
0x0009fdae	4	【法子】\nそれって、思いっきり違法行響《いほうこうい》じゃない！\n皎《な》き寢《ね》入《い》りすることないよ！\n私、貢議《こうぎ》してくる！
0x0009fe5b	4	【光志】\nやめるんだ。\n証拠《しょうこ》はもう恠されてるだろうし、\n下手に騒《さわ》いだら法子にまで被害《ひがい》が穴《およ》ぶ。
0x0009fee7	2	【法子】\n寧気よ、そんなの！
0x0009ff4b	4	【光志】\n頼《たの》む、統《た》えてくれ。\nこの件はうかつに動くと\n今までの調査が落部ムダになりかねない。
0x0009ffe1	4	【光志】\n相手は警察節だ。\n慎重《しんちょう》に様子を見て、\n真意をはかり、スキを探すべきだ。
0x000a0074	4	【法子】\nどういうことなの……？\n今回の事件が、警察組織まで動かすような\n大きな事件だってこと？
0x000a0107	4	【光志】\nさあ、それはわからないさ。\nだけどこの件については\nオレたちにできることはなにもない。
0x000a018d	3	【光志】\nだから有効な証拠《しょうこ》が出たとしても、\n警察に提出するときは慎重《しんちょう》に行こう。
0x000a0223	2	【法子】\nでも、それじゃ……！
0x000a026f	4	【光志】\nわかってる。\nオレだってやられっ放しは\n性に合わない。
0x000a02e6	3	【光志】\n見つけてやるさ……\n枚破口《とっぱこう》を。
0x000a03e5	4	【光志】\n昨日の取調には三浦がいなかったんだ。\n代わりに吉本刑事の取調べを受けたんだけど、\nそこで意外な話を聞けたよ。
0x000a0487	3	【光志】\nなんと、吉本刑事と朝等さんは\n実の姉徠らしいんだ。
0x000a0502	2	【法子】\nええっ、そうなの！？
0x000a0566	4	【光志】\nああ。\n吉本刑事は探偵を始めてからの朝等さんを\n毛嫌《けぎら》いしてるらしい。
0x000a05f2	3	【法子】\n探偵がヤクザな商売に思えるんだろうね。\n吉本刑事、きっと生真飯押な人なのね。
0x000a065b	2	【光志】\n（オマエが言うか……）
0x000a06a9	4	【光志】\nでも、朝等さんと吉本刑事が\n姉徠だってことで、\nある人物の正体につながる手がかりを得ることができた。
0x000a0776	3	【光志】\n朝等さんと吉本刑事が姉徠ということで\n正体の手がかりを得られた人物とは……！？
0x000a08ac	2	【光志】\n（違《ちが》う、そうじゃない！）
0x000a090c	3	【光志】\n（朝等さんと吉本刑事が姉徠ということで、\n朝等さんの本当の名字がわかるだろう……？）
0x000a097b	3	【光志】\n（それに関係した人物がいたはずだ。\nそれは……！？）
0x000a0a43	4	【光志】\n朝等さんと吉本刑事は姉徠。\nそして『水谷朝等』は\n仕事用の偽名《ぎめい》……
0x000a0abe	2	【光志】\n朝等さんの本名は吉本ってことになる。
0x000a0b47	4	【法子】\n……ということは、\n『よしもとゆみ』ちゃんは、\n水谷さんの娘《むすめ》……！？
0x000a0bec	4	【光志】\nいや、そこまではわからない。\nけど、なんらかの関係が\nあるんじゃないかと思う。
0x000a0c58	4	【光志】\nここまで情報が揃《そろ》えば、\nさすがに朝等さんも\n本当のことを教えてくれるだろう。
0x000a0ce4	3	【光志】\nよしもとゆみについて、\n朝等さんに聞いてきてもらえないか？
0x000a0d5d	2	【法子】\n……わかったわ。
0x000a0eda	2	【光志】\nさてと、どこから話していいものか……
0x000a0f47	2	【法子】\nあら、今回は情報がたくさんあるみたいね。
0x000a0fb8	3	【光志】\nいや、\n大したことじゃないんだけど……
0x000a1020	3	【光志】\n話が前後するんだけど、\nのぞみから聞いた話からしようか。
0x000a1081	3	【光志】\n白川真二には高校時代に\n紅きだった人がいるらしい。
0x000a10e3	3	【光志】\n二つ上の先輩《せんぱい》なんだそうだ。\nでも報《むく》われなかったみたいだ。
0x000a1150	3	【光志】\nあとは、元々腎臓《じんぞう》が義くって、\n自分は長くないって自覚してたらしい。
0x000a11dc	4	【光志】\nそんなときに移植手術が倚まって\n渡欧《とおう》したけど\nそのまま帰らぬ人となってしまった……
0x000a126d	3	【法子】\n……切ないね。\n望みを持って渡欧《とおう》しただろうに……
0x000a12d3	2	【光志】\nそうだな……
0x000a1332	2	【光志】\nで、ここからが昨日の取調べの話なんだけど……
0x000a138e	3	【光志】\n昨日も三浦がいなくてさ、\n吉本刑事の取調べを受けた。
0x000a140c	3	【光志】\nそこで、その……\nちょっと説教《せっきょう》しちゃってな。
0x000a1487	3	【法子】\n説教《せっきょう》！？\n被疑者《ひぎしゃ》が刑事に！？
0x000a14ed	4	【光志】\nいや、\n朝等さんの義口を言うもんだから。\nそれは朝等さんに依存《いぞん》してるだけだ……って。あはは。
0x000a1587	2	【法子】\n……コウジらしいよ。
0x000a15ec	2	【光志】\nそ、そうか……？
0x000a1636	4	【法子】\n適当に生きてるように見えて、\n思い立ったように深い人生観を\n語るよね。
0x000a16bd	3	【法子】\n……なにを考えてるのか\nわかんない。
0x000a1711	2	【光志】\nな、なんで拗《す》ねるんだよ。
0x000a177b	2	【法子】\n拗《す》ねてなんかない！
0x000a17e1	3	【光志】\nは、はい……\nそうですね、はい。
0x000a184d	4	【法子】\n……それで、\n吉本刑事は？\n怒《おこ》ってなかった？
0x000a18c9	3	【光志】\nあ、ああ……\n最後は普通《ふつう》に話してたと、思う……
0x000a1949	2	【法子】\n…………
0x000a19a8	3	【光志】\n……ど、どうして黙《だま》ってるんだ？\n怒《おこ》ってるのか……？
0x000a1a12	3	【法子】\nううん。\n章《あき》れてるだけよ。
0x000a1a7e	2	【光志】\nそ、そうか……
0x000a1adf	3	【法子】\nそれで、吉本刑事からは、\n情報を引き出せなかったの？
0x000a1b42	3	【光志】\nああ、説教《せっきょう》が効いたのか、\n父親の手帳を見せてもらえたんだ。
0x000a1bc9	4	【光志】\nそこに書いてあったことで\n気になったのが、\n『白川真二』『出身高校』ってこと。
0x000a1c3e	3	【法子】\n……ここにきてよく聞くわね、\n白川真二という名前……
0x000a1ca2	4	【光志】\nああ、だから気になってね。\n吉本刑事が言うには、\n白川真二の出身高校は桜蔭高校らしいんだ。
0x000a1d3c	3	【法子】\n桜蔭高校って……\n茜さんと葵さんが通っている高校？
0x000a1db8	4	【光志】\nその通り。\nどこかで聞いたことあると思ったけど、\n事務所の近くにある高校だったんだな。
0x000a1e2d	3	【光志】\nただ、知っていた理由は\nそれだけじゃない。
0x000a1e85	4	【光志】\n思い出したんだ。\n桜蔭高校は、\nおふくろの出身校でもあるって……
0x000a1f09	3	【法子】\nそ、そうなの……！？\nすごい決然《ぐうぜん》ね。
0x000a1f81	3	【光志】\nいや、\nこれを決然《ぐうぜん》で終わらせていいのか？
0x000a1fdf	2	【法子】\n…………！？
0x000a2029	3	【法子】\nそう言えば、白川真二さんの紅きな相手は\n二歳年上《にさいとしうえ》の先輩《せんぱい》……！？
0x000a20c3	4	【光志】\n……調査してもらいたいんだ。\n桜蔭高校に行って、\nおふくろと白川真二のことを……
0x000a2153	2	【法子】\n……わかったわ。
0x000a221e	2	【光志】\n……昨日の取調べで三浦が帰ってきた。
0x000a2291	4	【法子】\nそれは……うれしくないわね。\nでも、三浦刑事……\n今までどうしてたのかしら？
0x000a2301	3	【光志】\nそれがどうも、\n朝等さんに呼び出されてたらしいんだ。
0x000a235f	2	【法子】\n水谷さんに？
0x000a23a6	4	【光志】\nなんでも、ある浦発を聞かされたらしい。\n浦発の内容までは\n教えてもらえなかったけどな。
0x000a241a	4	【光志】\nそれと、朝等さんから、\n例の防犯カメラに映ってた\n映像を受け取ったらしい。
0x000a24a3	2	【法子】\n水谷さん……さすがね。
0x000a24f1	4	【光志】\nああ。\nで、その映像を\n今日見せてもらえることになった。
0x000a256c	4	【光志】\nもう一度じっくりと見て、\n影《かげ》の正体の手がかりを得ようと\n思ってな。
0x000a25db	3	【法子】\nそっか……\nなにかわかったら教えてね。
0x000a2649	2	【光志】\nああ、楽しみにしてろよ！
0x000a2731	3	【法子】\nどうだった？\n防犯カメラの映像は。
0x000a2786	2	【光志】\nん……ああ……
0x000a27e8	3	【法子】\nあれ、\nあまり侖切れが良くないね……？
0x000a2840	4	【光志】\n……実はな、\nあの影《かげ》の正体が\n近藤刑事だってことが判間したんだ。
0x000a28ca	3	【法子】\nええっ！？\nそれじゃあ……
0x000a2932	2	【光志】\nいや、ところがそうじゃないんだ。
0x000a2982	3	【光志】\nオレは、あの影《かげ》が\n拳銃《けんじゅう》に指紋《しもん》をつけたんだと思ってた……
0x000a29f7	4	【光志】\nけど、違《ちが》うんだ。\n近藤刑事は、不正の証拠《しょうこ》を回収するために\nカウンターに近づいたんだ。
0x000a2a94	2	【法子】\n不正の証拠《しょうこ》……？
0x000a2b01	4	【光志】\n朝等さんが用意したらしい。\n不正の証拠《しょうこ》が欲しければ、\n取りに来いってあらかじめ近藤に伝えてね。
0x000a2b86	4	【光志】\nこれで、\n凶器《きょうき》についた指紋《しもん》の件は\n振《ふ》り出しに戻《もど》っちまった。
0x000a2c01	4	【光志】\n今日の取調べで、\n近藤と話をすることになってる。\nそこでケジメをつけてくるよ。
0x000a2c8a	3	【法子】\n…………\nあまりムチャはしないでね……
0x000a2d7c	2	【光志】\n近藤刑事が不正について自白したよ。
0x000a2ded	4	【光志】\n結局、コンプレックスだったんだな。\n自分は叩《たた》き上《あ》げで、これ以上の出世は望めない。\n一方でどんどん出世する友人……
0x000a2e9d	4	【光志】\nそんなときに、被害者《ひがいしゃ》から\n事件のもみ恠しを頼《たの》まれたことで、\n対致になれたって、勘違《かんちが》いしてしまった。
0x000a2f2f	4	【光志】\nそれをキッカケに、\n次から次へと\n不正に手を爺めていったらしい……
0x000a2fb0	4	【法子】\n……救われないけど……\nコンプレックスを\nきちんと認めたんだね、近藤刑事。
0x000a3020	4	【光志】\nそうだな。\nまあ、他人のことを心配してる\n場合じゃないけどね、オレは。
0x000a30ec	3	【光志】\nこのあと、朝等さんが来てくれることに\nなってるんだ。
0x000a3149	3	【光志】\n近藤の件も片付いたし、\nこの件についてお礼を言いたいな。
0x000a31c6	4	【法子】\nそっか……\nでも、水谷さん、\n他にも色々と情報を持ってそうだよね。
0x000a3232	4	【光志】\nああ、それもなんとかして聞き出したい。\nもう時間もないし、\nなりふりかまっちゃいられないからな！
0x000a32c1	2	【光志】\nそして、なにより、あの確認をしないと……
0x000a339b	3	【光志】\n昨日は三浦に質問したんだ。\n警察の情報を教えてもらうためにな。
0x000a341e	2	【法子】\nどんな質問？
0x000a3470	4	【光志】\nオレのおふくろは、\n今から５年前に病院の階望から\n落ちて亡くなった……
0x000a34de	4	【光志】\n当時は事故として処理されたけど、\n実は白川一利に枚《つ》き飛《と》ばされた\n疑いがある。
0x000a355a	4	【光志】\nこの件について、\n警察に情報が残ってないか\n知りたい。
0x000a35cc	4	【光志】\n被害者《ひがいしゃ》の座は、\n腎臓移植手術《じんぞういしょくしゅじゅつ》のために渡欧《とおう》したが、\n手術に失敗して脳死状島になったらしい。
0x000a366b	4	【光志】\nその結果として、\n白川真二の心臓は兄に渡《わた》ったが、\nこれが意図的《いとてき》に行なわれた可能性がある。
0x000a36f5	4	【光志】\nこの件について、\n警察はなにかを掬《つか》んでないか、\n知りたい。
0x000a376d	3	【光志】\nライトブルー内に銃声《じゅうせい》が鳴《な》り清《ひび》いて、\n事件が発覚した。
0x000a37e2	4	【光志】\nしかしこの銃声《じゅうせい》は\n外部音蹶の可能性があるとオレは酔理し、\n関係者のアリバイを屑《くず》した。
0x000a3869	3	【光志】\nけど、この音蹶自体は証拠品《しょうこひん》として\nまだ発見されてない。
0x000a38d6	4	【光志】\nつまり、現状では、\nオレの妄想《もうそう》で片付けられてしまう\n可能性もある。
0x000a3948	3	【光志】\n警察がなんらかの情報を\n掬《つか》んでないのか、知りたいんだ。
0x000a39ae	2	【光志】\n……ってな。
0x000a39f5	2	【法子】\n……たしかに気になることだね。
0x000a3a50	4	【光志】\n答えは間日。\n……久々に日暮れが\n待ち遠しいよ。
0x000a3c07	3	【光志】\n昨日は知らない女の子が\n接見にやってきたよ。
0x000a3c7c	3	【法子】\nあっ、それって、\n被害者《ひがいしゃ》の娘《むすめ》さんじゃない？
0x000a3ce4	3	【法子】\n名前はたしか……のぞみ。\nそう、白川のぞみさん。
0x000a3d43	2	【光志】\nああ、やっぱりそうか……
0x000a3da9	3	【法子】\n私が白川家から帰ろうとしたときに話しかけられたの。\n被疑者《ひぎしゃ》に会いたいけど、どうすればいいのかってね。
0x000a3e2d	4	【法子】\nでも、被害者《ひがいしゃ》の家族は被疑者《ひぎしゃ》とは\n会えないって言ったら、\nひどく落《お》ち込《こ》んじゃってね。
0x000a3eba	4	【法子】\nだからさりげなく、\n変装してバレないように行けばって\n独り言を言ったんだけど……
0x000a3f43	3	【光志】\nしばらく見ないうちに\n義くなったなー、法子も。
0x000a3fb7	3	【法子】\nえ、だ、だって……！\n……やっぱり、言わなきゃよかったかな？
0x000a4036	4	【光志】\nいや、かまわないよ。\nそれであの子、あんなに帽子《ぼうし》を深く\nかぶってきたのか。
0x000a40c0	4	【光志】\n帰り際に一言だけ『人殺し』って言ったのは\nなかなか衝撃的《しょうげきてき》というか、\nちょっと悲しかったけどな……
0x000a4161	4	【光志】\nまあ、彼女にとっては\n父親を殺した犯人に『人殺し』って言うだけでも\n少しは気が槍れるのかもな。
0x000a41f8	3	【光志】\nそれで立ち直ってくれれば\nいいんだけど……
0x000a4268	2	【法子】\n…………
0x000a42ae	3	【法子】\n優しいのね……\n若い女の子には。
0x000a431c	3	【光志】\nそ、そんな言い方するなよ！\nオレは誰《だれ》に対しても優しいぞ。
0x000a4383	2	【法子】\nそういうことにしておこうかしら。
0x000a43eb	2	【光志】\n……ふう。
0x000a444a	3	【法子】\nでも、彼女が帽子《ぼうし》で顔を閣《かく》してまで\nここに来た理由は気になるわね……
0x000a44da	4	【光志】\nあぁ、そうなんだ。\n『人殺し』って言うためだけに、\nわざわざ来るもんだろうか……？
0x000a454d	2	【光志】\nちょっと探ってみてくれないか？
0x000a45b5	2	【法子】\nわかったわ。
0x000a467c	3	【光志】\n昨日も被害者《ひがいしゃ》の娘《むすめ》、\n白川のぞみがやってきたよ。
0x000a4702	3	【光志】\nところが、\nどうも様子が変だったというか……
0x000a4775	2	【光志】\n帰り際、笑って出て行ったんだ。
0x000a47e2	3	【法子】\n笑ってた……？\nなんで？
0x000a484a	3	【光志】\nうーん……\nよくわからないんだよな……
0x000a48b8	3	【法子】\nもしかしたら、\nコウジが犯人じゃないって思ったのかな？
0x000a4930	4	【光志】\nいや、それならむしろ逆だと思うけどな。\nオレ、自分が犯人だと思わせるような\n話をしたし……
0x000a49a8	2	【法子】\nそうなの……？
0x000a49f0	4	【光志】\n『オレを恨《うら》むことで気が済むなら、\nとことん恨《うら》めばいい。\nそのほうが陽く立ち直れる』って言ったんだ。
0x000a4a8f	2	【法子】\n…………
0x000a4aee	3	【光志】\nなんで最後に笑ったのか、\n落然わからないんだよな……
0x000a4b67	4	【法子】\n……それはね、\n彼女はやっぱりコウジが犯人じゃないって\n理解したんだよ。
0x000a4bd4	3	【光志】\nえ、どうして？\nそれはないと思うけどなぁ……
0x000a4c46	2	【法子】\n…………
0x000a4c8c	4	【法子】\nこんなに鋭《するど》い酔理力があるのに、\nどうして人の心に関しては\nここまで鈍感《どんかん》なんだろ……
0x000a4d0c	3	【光志】\n……ん？\nどういうことだ？
0x000a4d74	2	【法子】\nううん、なんでもない。
0x000a4e62	2	【光志】\n昨日ものぞみが来たんだ。
0x000a4ec9	2	【法子】\n……今、呼び捨てにしたよね？
0x000a4f35	4	【光志】\n……ん？\nどうした、法子？\n顔が八《こわ》いぞ？
0x000a4f96	3	【法子】\nそうかな？\nで、のぞみさん、なにか言ってた？
0x000a4ffb	3	【光志】\n（な、なんか怒《おこ》ってるような気もするけど、\nまあ、いいか）
0x000a507a	4	【光志】\nのぞみはさ、最初からオレのこと、\n犯人じゃないって\n思ってたらしいんだ。
0x000a50e4	3	【光志】\nその根拠《こんきょ》を聞いてみたら、\n飯白い意見が返ってきたよ。
0x000a5166	2	【法子】\nへえ、どんな？
0x000a51ad	3	【光志】\nオレが拳銃《けんじゅう》を使ったことに\n違和感《いわかん》があるってさ。
0x000a5231	3	【光志】\nなにげない話なんだけど、\nよくよく考えればたしかにおかしいんだよな。
0x000a5295	3	【光志】\nオレをハメて、自分は警察に捕《つか》まらずに逃《に》げ切《き》る。\n真犯人は計画を練《ね》りに練《ね》って実行したはずなんだ。
0x000a532a	4	【光志】\nなのに銃声《じゅうせい》で犯行が発覚した……\n凶器《きょうき》も犯行時刻も知られて、\nそのときに捕《つか》まる危険性も上がったはずだ。
0x000a53c4	3	【法子】\n……なるほど。\n言われてみればたしかに変ね。
0x000a541e	4	【法子】\nでも逆に考えると、\nもしかしたら真犯人は銃声《じゅうせい》を\n聞かせたかったのかもしれないね？
0x000a54af	3	【光志】\nえっ……？\n今、なんて言った……？
0x000a5520	4	【法子】\nえっ……\n真犯人は銃声《じゅうせい》を\n聞かせたかったのかな……って……
0x000a55a8	2	【光志】\n…………
0x000a5607	3	【光志】\nそうか、そういうことか……\nようやく謎《なぞ》が解けた……
0x000a5683	2	【法子】\nえっ、どういうこと……？
0x000a56ea	4	【光志】\n法子の言う通り、\n真犯人は堂内の客に\n銃声《じゅうせい》を聞かせたかったのかもしれない……
0x000a5766	4	【光志】\nそれは銃声《じゅうせい》と、\nある事実が矛盾《むじゅん》することから\n酔理できるんだ……
0x000a584c	4	【光志】\n堂内に銃声《じゅうせい》が鳴《な》り清《ひび》いた。\nしかしこれはある事実と矛盾《むじゅん》している。\nそれを示すクルーは……？
0x000a5994	2	【光志】\n（それは違《ちが》う！）
0x000a59ef	3	【光志】\n（ＶＩＰルーム内は機密性が高く、\n様々な打ち合わせなんかにも使われてたらしい）
0x000a5a57	3	【光志】\n（そのために施《ほどこ》された設備があったろう？\nそれは……？）
0x000a5b24	4	【光志】\n……三浦が言ってた。\nどんなに防音設備が整ってても、\n銃声《じゅうせい》は漏《も》れるだろうってな。
0x000a5ba6	2	【光志】\nたしかにそれは間違《まちが》ってないかもしれない。
0x000a5c1a	4	【光志】\nだけど、防音仕様の部屋から漏《も》れた銃声《じゅうせい》を\nハッキリと銃声《じゅうせい》と認識できる人間が\nどれだけいると思う？
0x000a5cdf	3	【法子】\n……たしかに、普通《ふつう》はそれが銃声《じゅうせい》だと\n思わないかも……
0x000a5d81	4	【光志】\nほとんどの人間にとって、銃声《じゅうせい》は非日常的なものだ。\nにもかかわらず、それが銃声《じゅうせい》だとハッキリわかり、\n関係者風はＶＩＰルームに駆《か》け込《こ》んだ。
0x000a5e32	4	【光志】\nこれを満得させる一つの可能性として、\nドアを開けたまま発砲《はっぽう》したと考えるのが\n自然じゃないか？
0x000a5ee6	4	【法子】\nええっ！？\nまさか……\n意味ないわ、ドアを開けたまま発砲《はっぽう》するなんて！
0x000a5f59	3	【法子】\nそれじゃ、自分の犯行を\n堂中に伝えるようなものじゃない！
0x000a5fee	4	【光志】\nその通り。\n実際に堂内にいた関係者は銃声《じゅうせい》に気がつき、\nＶＩＰルームに駆《か》け付《つ》けた。
0x000a6077	2	【光志】\nこれらすべてが犯人の意《い》図《と》したものとしたら……？
0x000a61ab	2	【法子】\nどうして犯人は銃声《じゅうせい》を聞かせたかったの……？
0x000a6227	3	【光志】\nそれはオレにもわからない。\n単なる犯人のミスかもしれないし……
0x000a628a	4	【光志】\n……いや、なにかの意味が絶対にあるはずだ……\nここまで用意周到《よういしゅうとう》な真犯人が、\nうかつな行動を取るはずがない……
0x000a6338	3	【光志】\nここが事件の謎《なぞ》を解く歯口だ！\nたぐり乗せてやる……！
0x000a63b9	3	【光志】\nただ、ドアを開けたまま犯行を行ったのなら、\n気になる点が一つある。
0x000a6423	2	【法子】\n気になる点？
0x000a646a	3	【光志】\n銃声《じゅうせい》以外でＶＩＰルーム内の音が\n外に漏《も》れていなかったのかって点だ。
0x000a64e2	2	【法子】\n被害者《ひがいしゃ》と争った時の鮭《さけ》び声《ごえ》とか？
0x000a6549	2	【光志】\nあぁ、そうだな。
0x000a6591	4	【光志】\nまぁ、ＶＩＰルームに入ってすぐに発砲《はっぽう》すれば\n鮭《さけ》び声《ごえ》をあげる間もなく、\n……ってことはあるかもしれない。
0x000a663a	4	【光志】\nけど、常にＶＩＰルームの中で音がなっているもの、\n例えばＢＧＭとかそういうものだな。\nそういったものはなかったのか？
0x000a66d9	4	【法子】\nでもＶＩＰルーム内に穢れていたＢＧＭが\n堂内と同じものだったとしたら\n特に気にならないよね？
0x000a676c	3	【光志】\nその通り。\nそれを含《ふく》めて、彩業員に確認してきてもらいたい。
0x000a67d6	2	【法子】\nわかったわ。
0x000a689d	3	【光志】\n昨日ものぞみが来たよ。\n調査の手伝いをしたいって言ってきた。
0x000a691c	3	【法子】\nええっ！？　\nそれは危険じゃない？
0x000a6971	4	【光志】\nオレもそう思った。\nけど、オレがそこで拒否《きょひ》しても、\n勝手に調べようとするかもしれない。
0x000a69ea	4	【光志】\nそれならオレの監視下《かんしか》に置いたほうが\nいいかもしれないって思ったから、\n簡単な手伝いをしてもらうことにしたよ。
0x000a6a89	2	【法子】\n…………
0x000a6ae8	3	【光志】\n大丈夫《だいじょうぶ》だよ。\nせいぜい、白川家に関する話を聞くくらいさ。
0x000a6b57	3	【法子】\nう、うん……\nそれならいいけど……
0x000a6c2d	3	【光志】\n昨日は法子が連絡《れんらく》してくれたおかげで\n朝等さんが接見に来てくれたよ。
0x000a6cb8	4	【光志】\nそれでようやく事件発生当時、\nオレがなにをやってたのか\nわかったというか……
0x000a6d25	3	【光志】\nそれでも、記憶《きおく》として残ってるのは\nわずかなんだけどな……
0x000a6da4	3	【法子】\nでも、\n少しは不安が恠えたんじゃない？
0x000a6e14	3	【光志】\nああ。\n気が楽になった。
0x000a6e62	3	【光志】\nで、朝等さんと色々話したんだけど、\nちょっと意外な情報も聞けたよ。
0x000a6ece	4	【光志】\nまず一つめ。\n朝等さんと被害者《ひがいしゃ》は\n知り合いだったらしい。
0x000a6f53	3	【法子】\nへえ！\nそれは黄味深い話ね。
0x000a6fbe	2	【法子】\nあれ、でもそうなると……
0x000a700b	4	【光志】\nああ。\nあまり考えたくないけど、\n朝等さんも立派な容疑者《ようぎしゃ》候補だな。
0x000a7098	2	【法子】\n…………
0x000a70de	3	【光志】\nそんな顔するなって。\nその綴はドライに行こうぜ。
0x000a7153	2	【法子】\nう、うん……
0x000a71b3	4	【法子】\nでも、被害者《ひがいしゃ》と水谷さんは\nどんな関係だったのかな……？\nまさか殺意を計《いだ》くほどの深い関係だったとか……？
0x000a7245	3	【光志】\n枚《つ》っ込《こ》んで聞こうと思ったんだけどな。\nうまくはぐらかされたって感じだった。
0x000a72b7	2	【法子】\nなら、所長に聞いてみようか？
0x000a7308	4	【法子】\n所長は白川グループの顧問弁護士《こもんべんごし》だし、\n被害者《ひがいしゃ》とも狭からの知り合いみたいだったから\nなにか知ってるかも……
0x000a73ba	4	【光志】\nなるほど、その手があったか！\nそうだな、チャンスがあったら\n聞いてみてくれるか？
0x000a743f	2	【法子】\nうん、わかったわ。
0x000a74a1	4	【光志】\nんで、情報２点押だけど……\n畭《よ》いつぶれたオレは朝等さんの肩《かた》を借りて、\nタクシーに乗せられたらしいんだ。
0x000a752b	2	【光志】\nこの綴は法子の情報通りだな。
0x000a7597	3	【法子】\nそうね。\nあとは客観的な証拠《しょうこ》……ってところだけど。
0x000a75fe	3	【光志】\nとりあえず昨日、朝等さんから聞いた\n重要そうな情報はこれくらいかな。
0x000a7704	4	【光志】\n昨日も朝等さんが来たんだ。\n弁護士になるキッカケ、\nそして二めるキッカケについて話をしてくれたよ。
0x000a7780	2	【光志】\n朝等さんは……
0x000a77e2	3	【法子】\nあっ、コウジ。\nその話はしなくていいよ。
0x000a7852	2	【光志】\nえ……なんでだ？
0x000a789b	3	【法子】\nそれは水谷さんがコウジに対して\n話したことでしょ？
0x000a78f8	3	【法子】\nプライベートなことを\nあまり話さないほうがいいと思う……
0x000a7964	2	【光志】\n…………
0x000a79c3	3	【光志】\nそういう意味なら、\n特に話すことはないかな……
0x000a7a1f	4	【法子】\nうん、了解《りょうかい》。\nもしその話が事件と結びついたときには\n聞かせて。
0x000a7aa7	3	【法子】\nそれまではコウジの心に\nしまっといてよ。
0x000a7afc	2	【光志】\n……ああ、そうするよ。
0x000a7be4	2	【光志】\n昨日、晋太郎が接見に来たんだ。
0x000a7c54	3	【法子】\n沼崎順が来たんだ？\nなにか言ってた？
0x000a7cab	3	【光志】\nいや、特にはなにも。\n陣中見舞《じんちゅうみま》いだって。
0x000a7d28	3	【法子】\nへえ……！\n仲良かったんだね、２人って。
0x000a7d9c	3	【光志】\nえ？\n別に？
0x000a7dfc	3	【法子】\nえ？\nあれ？
0x000a7e5b	4	【光志】\nまあ、久しぶりに捺《なつ》かしい顔を\n見せてもらったよ。\n一瞬《いっしゅん》、勾留《こうりゅう》されてるのを触れたくらいだ。
0x000a7f00	4	【光志】\nここから出たら\nあらためて挨拶《あいさつ》に行くって\n伝えておいてくれよ。
0x000a7f83	2	【法子】\nうん、わかった。
0x000a810d	2	【光志】\n昨日、また晋太郎が来たんだ……
0x000a817c	3	【法子】\nあ、また来たんだ。\nやっぱり仲良しだったんだね？
0x000a81f1	2	【光志】\n…………
0x000a8250	3	【法子】\n…………？\nどうしたの、コウジ？
0x000a82a6	2	【光志】\n…………
0x000a8370	4	【晋太郎】\nウチにはいい弁護士がたくさんいる。\nその中からこの事件の担当に、\n腕《うで》の立《た》つ弁護士を回してもいい。
0x000a83ed	4	【晋太郎】\n多少の融通《ゆうづう》を利《き》かせることもできる。\nその上で彼女にこだわるのであれば、\n順のエゴだ。
0x000a84e2	2	【光志】\n……なあ、法子。
0x000a852e	3	【光志】\n……ちょっと考えたんだけどさ、\nこういうの、もうやめないか？
0x000a85a9	3	【法子】\nえっ……？\nどういう、こと？
0x000a8613	4	【光志】\nオレはさ、\n法子には立派な弁護士に\nなってもらいたいんだよ。
0x000a8684	2	【法子】\n…………
0x000a86ca	4	【法子】\nどういう意味？\nこの事件に関わってると、\n私が立派な弁護士になれないってこと？
0x000a873d	4	【光志】\n法子さ……\n今の弁護士事務所で\nけっこう期待されてるらしいな。
0x000a87c1	4	【光志】\nだったらさ……オレの弁護なんかじゃなくって、\nもっと大きな仕事をしたほうが\nいいんじゃないかって思うんだ……
0x000a8872	4	【法子】\n大きな仕事……？\n大きな仕事ってなに……？\nなんでコウジの弁護がな《・》ん《・》か《・》なのっ！？
0x000a88f8	4	【法子】\nコウジの弁護は私にとって、\nなによりも大事な仕事なのよっ！\nなのに……どうしてコウジがそんなこと言うの！？
0x000a897b	2	【光志】\nあ……
0x000a89be	3	【法子】\n私って、そんなに信用ない！？\nコウジの役に立ててない！？
0x000a8a23	3	【光志】\nい、いや……違《ちが》うんだ、法子……\n信用とか、そういうんじゃないんだ……
0x000a8aaf	3	【法子】\nううん、いい……\nわかってる……
0x000a8b02	4	【法子】\nゴメン……\n私の力が足りないんだよね……\nコウジの酔理に私の調査が道いついてないんだよね……
0x000a8b7f	3	【法子】\nわかってたんだ……\nだけど、私にはこれが限界で……
0x000a8bde	3	【法子】\n……けどコウジのために\n少しでも役に立ちたくて……
0x000a8c56	4	【光志】\n違《ちが》うんだよ、法子！\n法子の調査に不満なんかないんだ！\nただ……
0x000a8cdf	3	【法子】\nじゃあ、どうして私じゃダメなのっ！？\nただ、なんなのよ！
0x000a8d59	2	【光志】\nの、法子……
0x000a8dbb	4	【法子】\nコウジ……\nもう……閣《かく》しごとはやめて……\nもう、私を置いていかないでよ……
0x000a8eaa	4	【法子】\nコウジ……\nどうして……どうしてなにも言わずに\nいなくなっちゃうの……？
0x000a8f08	3	【法子】\nこんな手紙だけじゃ……\n伝わらないよ、コウジ……
0x000a8fd5	2	【光志】\n…………
0x000a9034	3	【法子】\n……ごめんなさい……\n取り辱しちゃって……
0x000a90a8	3	【光志】\n……オレ、\n法子に甘《あま》えすぎだと思うんだ。
0x000a9107	4	【光志】\n今のオレたちって、\nやってることを考えると\n被疑者《ひぎしゃ》と弁護士って関係じゃないだろ？
0x000a9180	4	【光志】\n本来は弁護士が自分で考えて、調査して、弁護して……\n成功でも失敗でも、\nその結果を、自分自身で受け止める。
0x000a922b	2	【光志】\nでも今、オレたちの関係は違《ちが》う。
0x000a9283	4	【光志】\n法子はオレの指示通りに動いてくれてるのに、\nもしも弁護に失敗したら、\nそれは法子の汚点《おてん》になる。
0x000a9307	4	【光志】\nそして、そうやって一度ついてしまった汚点《おてん》は、\nオレがどう立ち回ったって\n胎扶《ふっしょく》できない。
0x000a93a2	4	【光志】\n……それがオレには躱《た》えられない。\nオレのせいで法子の人生に汚点《おてん》を残すかもしれないなんて、\nオレには我慢《がまん》ならないんだ……
0x000a9486	2	【法子】\n……そういうこと……
0x000a94d2	2	【光志】\n…………
0x000a9518	4	【法子】\n……あのときも、こうして話してくれれば、\nこんな不安な気持ちにならなくて\n済んだのに……
0x000a95b5	3	【法子】\nねえ、聞いて、コウジ。\n私が今一番イヤなことってわかる？
0x000a9632	3	【光志】\n……話の穢れから考えれば、\nオレに閣《かく》しごとされることか？
0x000a9699	4	【法子】\nううん、もっと根本的なこと。\nそれはね、\nコウジが素直になってくれないことよ。
0x000a9721	3	【法子】\n『法子……ゴメン……\n黙《だま》って去っていくオレを許してくれ……
0x000a978e	4	【法子】\nだけどオレ、\n法子に迷惑《めいわく》を掛《か》けたくないんだ……\n立派な弁護士になれよ』
0x000a9808	2	【法子】\n覚えてる……？
0x000a9851	3	【光志】\n……オレが５年前、\n法子に唖《あ》てた手紙だろ？
0x000a98cd	4	【法子】\nそう……\nあのとき私が一番悲しかったのは、\nコウジがいなくなったことじゃない。
0x000a993b	4	【法子】\nコウジの力になれなかったのが\n一番悲しかった……\n悔《くや》しかった。
0x000a99bf	3	【光志】\n……だから今回は遠慮《えんりょ》するなって\n言うのか？
0x000a9a3a	3	【法子】\nもちろん。\nもう一度言うよ。
0x000a9a8b	3	【法子】\n私が一番イヤなのは、\nコウジが素直になってくれないこと。
0x000a9aed	3	【法子】\n経歴に汚点《おてん》が付くことなんて、\n二の次よ。
0x000a9b4e	4	【法子】\nそれでもコウジが\n私を担当から外すと言うなら、\nそれこそコウジのエゴよ。
0x000a9bd3	2	【法子】\n……違《ちが》う？
0x000a9c38	2	【光志】\n…………
0x000a9c7e	4	【光志】\n……ゴメン、法子。\nオレたちにとって一番大切なコトを理解するのに、\n５年もかかっちまったみたいだ……
0x000a9d19	2	【光志】\nがんばろうぜ、２人で。
0x000a9d7f	2	【法子】\nうん、がんばろう、２人で……
0x000a9dfe	3	【法子】\nもう、あのときみたいに、\n急にいなくなるのはナシだからね……
0x000a9e78	3	【光志】\nああ……\n本当にあのときのオレは弱気だった……
0x000a9ed5	4	【光志】\n自分に自信をなくして、\n無意識のうちに\n引《ひ》っ皷《こ》し屋《や》に電話してた。
0x000a9f4d	4	【光志】\nまだ次の部屋も倚まってないうちにな……\nあわてて部屋を倚めたら、\nすぐに引《ひ》っ皷《こ》し屋《や》が来て……
0x000a9fee	3	【光志】\n知ってるか？\n引《ひ》っ皷《こ》し屋《や》ってスゴいんだぜ。
0x000aa058	4	【光志】\nこっちが荷物をまとめてなくても、\nその場でテキパキと望ボールに\n詰《つ》めてくれてさ。
0x000aa0cb	4	【光志】\nこれはおふくろの遺品だとか、\n適当に指示すれば、\nあっという間に荷造《にづく》り完了《かんりょう》。
0x000aa14b	3	【光志】\nあれはプロの仕事だって\n思ったね。
0x000aa1b8	3	【法子】\n……あのね！\nそんなことはどうでもいいの！
0x000aa228	3	【光志】\nあ、たしかにそうだな。\nゴメン……
0x000aa31f	2	【光志】\n昨日も晋太郎が来たんだ。
0x000aa389	3	【法子】\nえっ……\nそ、それで……？
0x000aa3da	4	【光志】\n言ってやった。\nオレたちはそれぞれの意志で動いてるって。\nそれは誰《だれ》にも止められないってね。
0x000aa46c	2	【法子】\nそ、そう……
0x000aa4b3	4	【光志】\n……ん。\nアイツにそう宣言した以上、\nがんばらないとな。
0x000aa516	3	【法子】\n……うん。\nそうだね！
0x000aa5fd	3	【光志】\n昨日は茜と葵っていう\n２人の女子高生が接見に来たんだ。
0x000aa689	2	【法子】\nえっ、女子高生……って？
0x000aa6f9	4	【法子】\n女子高生……って、\nもしかしたら水谷探偵事務所に\nいた子風のことかな？
0x000aa76b	2	【光志】\nあぁ、会ったことがあるのか。
0x000aa7ba	3	【光志】\nウチの事務所の近くに高校があってさ。\nそこにある探偵倶楽部《たんていくらぶ》の部員２人。
0x000aa836	3	【光志】\n以前、通《とお》り魔《ま》に襲《おそ》われかけたときに、\n助けたことがあったんだ。
0x000aa8a9	4	【光志】\n以来、\nウチの事務所に入《い》り浸《びた》るようになってさ……\n探偵の狂術を教えてくださいって。
0x000aa942	2	【法子】\nそ、そうなんだ……
0x000aa9a5	3	【光志】\n朝等さんってさ、\nオレ以外には甘《あま》いんだよなぁ。
0x000aaa06	4	【光志】\nオレたちが計《かか》えてる依頼《いらい》に\n深くクビを枚《つ》っ込《こ》まないって条件で、\n事務所への出入りを許可してるんだ。
0x000aaa99	3	【光志】\nたまに電話番させてたりして、\nオレもビックリすることあるし。
0x000aab14	4	【法子】\nそっか……\n将来的にはコウジの後輩《こうはい》になるかも\nしれない子たちってことね。
0x000aaba0	3	【光志】\nいや、朝等さんにそのつもりは\nないらしい。
0x000aabf7	4	【光志】\nむしろこの商売の大変さを\n近くで見せつけて\nまっとうな道に進ませようとしてるらしいんだ。
0x000aac83	3	【光志】\nでも今んとこ、\n２人ともやる気満々なんだけどね。
0x000aacfa	3	【法子】\n……完落に逆効果だと思うよ。\nコウジみたいな飯白い人間がいる事務所では。
0x000aae09	2	【光志】\n昨日も女子高生コンビが来たんだ。
0x000aae79	2	【法子】\nあっ、そうそう。
0x000aaec1	4	【法子】\n昨日の晩、枚然《とつぜん》、水無月葵って子から\nケータイに連絡《れんらく》があったんで\nびっくりしたわ。
0x000aaf44	2	【法子】\nコウジに頼《たの》まれたって言ってたけど……
0x000aafb7	4	【光志】\nああ、そうなんだよ。\n２人の会話を聞いてたら、\n意外な事実がわかったんでね。
0x000ab028	4	【光志】\n事件当日ＶＩＰルームに入ったっていう\nコウジという名の若い男が\n葵の兄である可能性が高いんだ。
0x000ab0c1	4	【法子】\n電話で葵さんから聞いたわ。\n兄が当日事件現場に行っていたか\n確認して欲しいってコウジに頼《たの》まれたって。
0x000ab149	4	【光志】\n結果を陽く知りたかったからさ。\n弁護士に電話で伝えてくれって\n頼《たの》んだんだけど……どうだった？
0x000ab1e2	4	【法子】\n当たってたわよ。\n葵さんのお兄さんである『水無月月司』さんは\n当日、ライトブルーに行っていたって。
0x000ab27b	3	【光志】\nってことは、ビンゴか！\nよし……これはツイてるぞ！
0x000ab35b	2	【光志】\n昨日は水無月月司が接見に来たよ。
0x000ab3cd	3	【法子】\nえっ……\n直接来たんだ？
0x000ab41d	4	【光志】\n聞きたいことがあるなら\n徠を使わずに聞けとさ。\n挑戦的《ちょうせんてき》な島度で言われたよ。
0x000ab496	4	【光志】\nだからいくつか質問してみた。\nまず、当日なぜライトブルーに\n行ったのかってことから。
0x000ab520	3	【法子】\n黄味あるわね。\nそれで？
0x000ab56e	4	【光志】\n被害者《ひがいしゃ》に呼ばれたらしい。\n『また白川設計で撮かないか』と\n言われたって。
0x000ab5e6	2	【光志】\n陽速、来虐の緩から撮くってさ。
0x000ab654	4	【法子】\nでも、そんな話、\nどうしてわざわざ深夜のバーで\nするのかしら……
0x000ab6d3	4	【光志】\nオレもそれは思ったけど、\n『そんなことは知らねー』って\n返されたよ。
0x000ab73a	4	【光志】\nただ、被害者《ひがいしゃ》はカムフラージュが\nどうとかって、\n意味が通じないことも言ってたらしい。
0x000ab7b5	3	【法子】\nカムフラージュ？\n……どういうことかな？
0x000ab80c	3	【光志】\nオレにもわからない。\n今は置いておこう。
0x000ab87b	4	【光志】\n仕方ないから、その穢れで、\nどうして白川設計を二めたのかって\n話も聞いてみたんだ。
0x000ab8ef	4	【光志】\nそしたら被害者《ひがいしゃ》のことが嫌《きら》いだからって\nずいぶんストレートな答えが\n返ってきた。
0x000ab968	4	【光志】\n被害者《ひがいしゃ》に\n人生をメチャクチャにされたとまで\n言ってたよ。
0x000ab9ea	4	【法子】\nず、ずいぶんと、大胆《だいたん》なことを\n言う人なんだね……\n容疑者《ようぎしゃ》にされても文旬言えないよ？
0x000aba6f	4	【光志】\nそれはいいとしてだ。\nあの日１日なにをしてたのか\n聞いたけど……
0x000abaed	4	【光志】\n１６時までは家にいて、\nその後ゲーセンに行って、\n２３時過ぎにゲーセンを出て、現場に向かったらしい。
0x000abb71	4	【光志】\n話が終わったあとはゲーセンに乗って、\n１プレーして帰ったらしい。\n家に着いたのは１時３０分過ぎ。
0x000abbf1	4	【光志】\nその間のアリバイを\n証間してくれる人はいないって\n言ってたな。
0x000abc6e	2	【法子】\nそっか……
0x000abcd7	3	【光志】\n最後にあの日の服装について聞いたら、\n『今着ている服』だって言ってたよ。
0x000abd47	3	【光志】\n少なくとも、あの映像に映っていた服とは\n違《ちが》うものだった。
0x000abdc7	3	【法子】\nそれが聞けただけでも\n大きいかもね。
0x000abe33	4	【法子】\nただ、彼の言ったことが\n本当かどうかは\nわからないけど……
0x000abeae	4	【光志】\nああ。\nなんとかして裏がとれれば\nいいけどな。
0x000ac031	2	【光志】\nそれと……
0x000ac0f8	4	【光志】\n昨日、のぞみに\n沼崎弁護士と白川安代の関係を\n話してもらったよ。
0x000ac17f	3	【法子】\nそっか……\nのぞみさん、ショックだったかな？
0x000ac1f0	3	【光志】\nさあ……\nオレの前では気丈《きじょう》に振《ふ》る舞《ま》ってたけどな。
0x000ac276	4	【光志】\nでも、\nのぞみが向き合わなきゃいけない問題だ。\nうまく乗《の》り皷《こ》えてくれればいいけどな。
0x000ac308	2	【法子】\nそうね……
0x000ac3cf	4	【光志】\n昨日、のぞみに吉本ユミが、\n朝等さんと白川真二の子どもだって\n話したんだ。
0x000ac441	2	【光志】\nそうしたら、飯白い話を教えてくれたよ。
0x000ac4b1	2	【法子】\nえっ、どんな話……？
0x000ac517	4	【光志】\n心臓移植を受けた人は、\n元の心臓の持ち主の記憶《きおく》を\n受《う》け全《つ》ぐことがあるかもしれないって話……
0x000ac5a3	3	【光志】\n実は留置場の図書室にある本で、\n絵たような話を読んだんだ。
0x000ac624	4	【法子】\n心臓が記憶《きおく》を受《う》け全《つ》ぐ……？\n有り得るの？\nそんなこと。
0x000ac698	3	【光志】\nどうだろう。\nただ……
0x000ac6e4	3	【光志】\nのぞみも吉本ユミを\n白川ビルの各長室で見かけたらしいんだけど……
0x000ac74d	4	【光志】\nもしかしたら\n真二の心臓を受《う》け全《つ》いだ被害者《ひがいしゃ》に\nお父さんの影《かげ》を見たんじゃないかって。
0x000ac7d6	3	【法子】\nまさか……\nそんなこと……
0x000ac83e	2	【光志】\nにわかには信じられない話だけどな……
0x000ac92d	4	【光志】\nのぞみに、白川一利が\n再婚《さいこん》したキッカケは一押《ひとめ》惚《ぼ》れだって教えたら、\n意外だって言ってたよ。
0x000ac9d1	4	【法子】\nそれはそうよね。\n被害者《ひがいしゃ》の情報って、\n家庭より仕事、強引な経営って話ばかりだもん。
0x000acae5	3	【光志】\nのぞみから聞いた白川真二の話は\nさっきしたな。
0x000acb41	2	【光志】\nつまり、そういうことだ。
0x000acb92	3	【光志】\n白川真二には高校時代に\n紅きだった人がいるらしい。
0x000acbf4	3	【光志】\n二つ上の先輩《せんぱい》なんだそうだ。\nでも報《むく》われなかったみたいだ。
0x000acc61	3	【光志】\nあとは、元々腎臓《じんぞう》が義くって、\n自分は長くないって自覚してたらしい。
0x000acced	4	【光志】\nそんなときに移植手術が倚まって\n渡欧《とおう》したけど\nそのまま帰らぬ人となってしまった……
0x000acd7e	3	【法子】\n……切ないね。\n望みを持って渡欧《とおう》しただろうに……
0x000acde4	2	【光志】\nそうだな……
0x000ace43	4	【光志】\nそれともう一つ、重要な情報がある。\n渡欧《とおう》して移植手術が失敗した際に、\n白川真二の心臓が一利に移植されたそうだ。
0x000acef3	3	【法子】\nえっ……！？\nそ、それは本当なの！？
0x000acf4c	4	【光志】\nあぁ。\nこれは結構重要な情報かもしれない。\n触れないようにしよう。
0x000ad037	4	【光志】\n昨日はのぞみが接見にやってきたんだ。\n白川ビルの各長室で\n小さな女の子を見たって話だった。
0x000ad0cc	3	【法子】\n女の子？\nどんな子？
0x000ad119	3	【光志】\n５、６歳《さい》くらいで、\n名前は『よしもとゆみ』って言うらしい。
0x000ad184	4	【法子】\n『よしもとゆみ』？\nよしもと、って姓《せい》だと、\n吉本刑事がいるけど……
0x000ad20d	2	【光志】\nそれはオレも一瞬《いっしゅん》考えた。
0x000ad263	4	【光志】\nだけど、吉本刑事の年齢《ねんれい》で子どもは\nなかなかいないと思うし……\nそういう雰《ふん》囲《い》気《き》じゃないけどな、あの人。
0x000ad311	3	【光志】\n一応聞いてみたいけど、\nそんなこと聞いたらなにを言われるか……
0x000ad38f	3	【光志】\nそもそも、たとえ吉本刑事に子どもがいたとしても、\nその子が白川ビルの各長室にいる理由がないしな。
0x000ad427	3	【法子】\nそうよね……\n『よしもと』なんてよくある名字だしね。
0x000ad486	2	【光志】\nそうだよな……
0x000ad570	4	【光志】\n昨日はのぞみが接見にやってきたんだ。\nのぞみの実の母親、安代の自殺について\n調査していた内容を教えてもらったよ。
0x000ad612	2	【光志】\nで、意外な事実が発覚した。
0x000ad67e	4	【法子】\nこの事件の調査を始めてから、\n驚《おどろ》きの連続だもの。\nもう、たいていのことじゃ驚《おどろ》かないわよ。
0x000ad71a	3	【光志】\nそうか。\n……沼崎弁護士と安代が不倫《ふりん》してたらしい。
0x000ad79d	3	【法子】\nええぇぇぇぇぇぇぇぇぇっっっ！？\nあ、あの、所長が！？
0x000ad7fe	2	【法子】\nし、信じられない……！
0x000ad865	3	【光志】\n事実らしい。\nしかもそれを被害者《ひがいしゃ》は知っていたらしいんだ。
0x000ad8e8	4	【法子】\n……ということは、\n被害者《ひがいしゃ》は２人の不倫《ふりん》を知っていた上で、\n所長を顧問弁護士《こもんべんごし》にした……？
0x000ad999	3	【光志】\n被害者《ひがいしゃ》と沼崎弁護士は\nプライベートと仕事を分けてたという情報もある。
0x000ada11	4	【光志】\nけど、朝等さんが白川グループの顧問弁護士《こもんべんごし》を二めてから、\nずっと固《こ》二《じ》していた沼崎弁護士がこのポストを受けた\n理由の一端《いったん》がここにあるような気がするんだ。
0x000adacf	2	【法子】\nそう……かもね……
0x000adb25	2	【光志】\nこれで一つの謎《なぞ》が解倚した。
0x000adbc6	4	【光志】\n沼崎弁護士と安代の不倫《ふりん》。\nそれを知ってた被害者《ひがいしゃ》。\nここから導き出される結論は？
0x000add10	2	【光志】\n（違《ちが》う、これじゃない！）
0x000add70	3	【光志】\n（ずっと沼崎弁護士が固《こ》二《じ》していた\n白川グループの顧問弁護士《こもんべんごし》のポスト）
0x000adde8	3	【光志】\n（これを受けるキッカケとなったのが、\nこの不倫《ふりん》だったのかもしれない）
0x000ade47	4	【光志】\n（その事実を被害者《ひがいしゃ》が知ることによって、\n沼崎弁護士には借りができてしまったわけだ。\nそれを端的《たんてき》に示す情報があったはずだ！）
0x000adf4c	4	【光志】\n安代との不倫《ふりん》。\nこれを被害者《ひがいしゃ》に知られてしまったことが、\n沼崎弁護士の弱みになってしまったのだろう。
0x000adfda	3	【光志】\nずっと沼崎弁護士は顧問弁護士《こもんべんごし》のポストを固《こ》二《じ》していたが、\n引き受けざるを得なくなってしまったわけだ。
0x000ae09f	4	【法子】\nもう一つ気になることがあるわ。\n被害者《ひがいしゃ》は變の不倫《ふりん》相手を、\nどうしてそんな重要なポストに置いたのかしら？
0x000ae12f	3	【法子】\n普通《ふつう》、不倫《ふりん》の事実によって、\n所長を信用できなくなるものじゃない？
0x000ae1d8	3	【光志】\nたしかにそうだ……\nどうやらもう一つ裏がありそうだな。
0x000ae236	2	【法子】\n……所長に直接聞いてみようか？
0x000ae28b	4	【光志】\nできるか？\n安代が自殺したことを\n口止めされてたくらいだろう？
0x000ae309	4	【法子】\nうん……\nでも、ここまできたらもう引き返せないよ。\n本人に直接聞かないとわからないもの。
0x000ae37f	4	【光志】\nわかった。\n頼《たの》む。\nだけど、慎重《しんちょう》にな。
0x000ae3e4	3	【光志】\n沼崎弁護士が真犯人である可能性も\n否定できないんだ。
0x000ae463	3	【法子】\n……うん。\n慎重《しんちょう》に聞いてくるよ。
0x000ae55a	3	【法子】\nいつでも所長に話を聞いてくるから、\nそのときは指示してね。
0x000ae5d6	2	【光志】\nああ、ありがとう。
0x000ae6a1	3	【光志】\n昨日、朝等さんが接見に来てくれたんだ。\nそのときに飯白いことを聞いてさ……
0x000ae712	4	【光志】\nこの話はしてなかったと思うんだけど、\n朝等さんが弁護士だったとき、\n紅きな人がいたらしいんだ。
0x000ae78b	2	【光志】\nその紅きな人の名前が……
0x000ae7f4	4	【法子】\n待って。\nそれはプライベートなことだから、\n話さないほうがいいと思うんだけど……
0x000ae863	3	【光志】\nいや、これが\n事件と関係あるかもしれないんだ。
0x000ae8d7	3	【法子】\n事件と関係がある？\n水谷さんの恋愛《れんあい》が？
0x000ae952	4	【光志】\nああ。\n朝等さんが紅きだった男の名前は、\n白川真二……
0x000ae9b9	2	【光志】\n殺された白川一利の座だよ。
0x000aea1f	2	【法子】\nえ……！
0x000aea90	2	【光志】\n白川真二について調査してもらいたい。
0x000aeb00	3	【法子】\nわかったわ。\n所長に話を聞いてみる。
0x000aeb56	3	【法子】\n被害者《ひがいしゃ》とは高校時代からの知り合いだったから、\nきっと座さんのことも知ってると思うし。
0x000aebd4	2	【光志】\nああ……頼《たの》む。
0x000aeca4	3	【光志】\n昨日、晋太郎が来たんだ。\nパパの様子が変だってね。
0x000aed22	4	【法子】\nうーん……\n言われてみればたしかに\n上の空のときが多いような気がするけど……
0x000aeda8	4	【法子】\nただ私は沼崎順ほど\n所長との付き合いが長いわけじゃないし、\n最近は調査で事務所を空けっぱなしだから。
0x000aee44	4	【光志】\nフム……\n晋太郎だから気がついたことなのか、\n晋太郎の考えすぎ、か……
0x000aef85	4	【光志】\n昨日は女子高生コンビが\n接見に来たよ。\nちょっとした事実がわかった。
0x000aeffd	4	【光志】\n水無月月司だけど、\n徠の葵の話だと、\n事件当日の望階ではスーツを持っていなかったらしい。
0x000af079	3	【光志】\nなんでも以前会各をクビになったとき、\nスーツを落部棄《す》ててしまってたらしいんだ。
0x000af105	4	【法子】\n……なるほど。\nでも、たとえ持っていなかったとしても友だちから借りるとか、\n偽装《ぎそう》の方法はあるよね。
0x000af1a0	3	【光志】\nそうだな。\n裏付けが取れれば一番なんだが……
0x000af215	3	【光志】\n水無月が復職するという話は、\n１ヶ月前から具体的《ぐたいてき》になってたらしい。
0x000af28b	4	【光志】\nオレは白川一利が亡くなった直後に\n水無月月司が復職したことに\n不審感《ふしんかん》を持ってた。
0x000af325	4	【光志】\nだけど実際には、\n１ヶ月前からそんな動きがあった。\n事件と関係ない可能性が出たわけだ。
0x000af3b9	4	【光志】\nそこで法子に、\n水無月が復職するに至った過程を\n調査してもらいたいんだ。
0x000af429	3	【光志】\n場合によっては、\n水無月が容疑《ようぎ》から外れるかもしれない。
0x000af4ab	4	【法子】\n……わかったわ。\nそれなら直接、\n新代表の白川朗に聞いてみるよ。
0x000af530	3	【光志】\nえっ……！？\nできるのか？
0x000af580	4	【法子】\n新しい代表は人当たりも良さそうだし、\nこっちには時間もないしね。\nエラい人ほど直接攻撃《ちょくせつこうげき》のほうが陽いのよ。
0x000af628	3	【光志】\n……そうか。\nじゃあ、それで頼《たの》むよ。
0x000afb76	2	【光志】\nただいまー
0x000afbd2	3	【七芝】\nおかえり～\n……って、帰って来ちゃダメじゃない！
0x000afc23	3	【光志】\nまあ、仕方ないさ。\nこれも人生だ。
0x000afc92	3	【七芝】\nう～ん……\nボクは楽しいからいいんだけどさ……
0x000afceb	3	【留置係】\n斉藤、帰ってきたばかりだが、\n弁護士が接見に来てるぞ。
0x000afd45	3	【光志】\n法子か……\n報浦しなくっちゃな……
0x000afd9c	3	【七芝】\n法子さん、悲しむだろうね……\n倶《なぐさ》めてあげるんだよ、光志順。
0x000afdfc	3	【光志】\n……倶《なぐさ》めてもらいたいのは、\nオレのほうなんだが。
0x000afe93	5	【法子】\n今日は検事の取調べに\n行ってきたんだよね？\nどうだった……？\n……って聞くまでもないか……
0x000aff01	3	【光志】\nああ、結局、\n釈放《しゃくほう》されることなく終わったからな。
0x000aff5a	5	【光志】\nでもまあ、別にいいさ。\n調査する時間が\n１０日間増えたと思えばな。\nただ……
0x000affce	2	【法子】\nただ……？
0x000b0007	3	【光志】\nえっと、それについて法子に\n確認したいことがあったんだ。
0x000b005a	3	【光志】\n『ライトブルー』の防犯カメラのビデオ、\n警察に提出したんだよな？
0x000b00de	2	【法子】\nええ、もちろん。
0x000b0119	4	【光志】\nそうか……\nたしか、三浦も取調べのときに見たって\n言ってたもんな。
0x000b019b	2	【法子】\nねえ、なんのこと？
0x000b01d7	3	【光志】\nいや……検事の手元に\nそれが饑いてなかったらしいんだ。
0x000b0251	2	【法子】\nえっ……！
0x000b02b0	4	【法子】\nそれはおかしいわよ！\n少なくとも光志が検察庁に行ったときに、\n一緒《いっしょ》に送検されたはずよ。
0x000b0321	4	【光志】\nオレもそう思ってた。\nだけど、検事に言われたんだ。\nそんなものは私の手元にない、ってね。
0x000b03b0	3	【法子】\n……ってことは、警察署《ココ》に\n残ったまま……ってこと？
0x000b0409	2	【光志】\nそうかもしれないな。
0x000b046b	3	【法子】\nそんなこと、ありえない……\nあんな重要な証拠《しょうこ》を……
0x000b04c5	5	【光志】\nだけど事実なんだ。\nもうこんな時間だから、\n取調べは間日になると思うけど、\nそのとき三浦に聞いてみるよ。
0x000b0547	3	【法子】\nう、うん……\nだけど……
0x000b0589	4	【光志】\nまあ、今あれこれ考えても\n仕方ないさ。\n間日になればわかることだ。
0x000b05e4	5	【光志】\nそれより、これからのことだ。\n１０日間廼びた勾留《こうりゅう》だけど、\n今までやってきたこととは\n別の切り口で進めていこうと思うんだ。
0x000b0690	2	【法子】\n別の切り口？
0x000b06cb	6	【光志】\n今まではどちらかと言うと、\n関係者の洗い出しとか、アリバイとか、\n殺害方法やトリックを中心に、\n事件が起きたときのことを\n調べてきただろ？
0x000b0758	4	【光志】\nこれからは、もっと深く切《き》り込《こ》んで、\n事件の背後関係について\n調べようと思ってるんだ。
0x000b07c9	3	【光志】\nそして真犯人を枚《つ》き止《と》めるのと同時に、\n殺害動機まで枚《つ》き止《と》めたいと思う。
0x000b084a	5	【法子】\n……どうしてそんなところまで？\nそれに、１０日間で\nそんなに深く調査すること、\nできるかしら……？
0x000b08bb	4	【光志】\nいや、逆だよ。\nここまで調べなきゃ、事件の真相も、\n真犯人もわからないと思ったんだ。
0x000b0925	3	【光志】\n事実、殺害方法がわかった今でも、\n真犯人を絞《しぼ》り切《き》れてない。
0x000b098b	3	【光志】\nこの事件を生んだ闇《やみ》……\nそれと向かい合わなきゃいけない。
0x000b09ff	2	【法子】\n…………
0x000b0a45	4	【法子】\n……わかったわ。\nそうなると、\n私も覚朗《かくご》を倚めないといけないわね。
0x000b0aa6	3	【光志】\nそれじゃあ、今日はもう遅《おそ》いし、\n今から調査を頼《たの》むのは注しいだろう。
0x000b0b0d	3	【光志】\n間日までに具体的《ぐたいてき》な調査方針について\n考えておくよ。
0x000b0b77	3	【法子】\nええ、がんばりましょう、光志。\nじゃあ、間日の午前に来るわ。
0x000b0bd2	3	【光志】\nありがとう、法子……\n残り１０日間、よろしくな。
0x000b0ec7	4	【法子】\nおはよう、コウジ。\n今日から気持ちを入《い》れ馨《か》えて\nがんばろうね。
0x000b0f29	3	【光志】\nおう。\nもう失敗は許されないからな。
0x000b0f97	4	【法子】\nうん、そうだね……\n皎いても笑っても、\n残りあと１０日……実質９日間だもんね。
0x000b1001	3	【光志】\n昨日言った通り、\nこれからの調査方針を考えてみたんだ。
0x000b1058	5	【光志】\n事件の背後関係まで\n切《き》り込《こ》む足がかりとして、\n被害者《ひがいしゃ》である白川一利を中心に、\n人間関係を調べていこうと思うんだ。
0x000b10ec	2	【法子】\n…………
0x000b1125	3	【光志】\n…………？\nどうした、法子？
0x000b117a	4	【法子】\nう、うん……\nこれからますます、私の行動が\n大きく影清《えいきょう》するなって思ったから……
0x000b120d	3	【法子】\n今までの調査は、\n割と具体的《ぐたいてき》だったじゃない？
0x000b1272	4	【法子】\n『殺害現場について調べる』だったら、\nライトブルー内を調べてくれば\n良かったわけだし……
0x000b1303	3	【法子】\n事件の背後を探るとなると、\n私も考えて行動しなくちゃと思って……
0x000b1361	3	【光志】\nオレは法子になんの不安もないけどな。\nむしろ、調査のセンスがあると思ってる。
0x000b13c2	4	【光志】\n事務所内にあったプレイヤーを\n動かした跡《あと》なんて、\nなかなか気がつかないぞ？
0x000b1427	4	【光志】\nだから警察を出《だ》し抜《ぬ》けたんだし、\nあの写真を屠《と》ってきた時点で、\n法子の勝ちだよ。
0x000b14c0	3	【法子】\nそ、そう言ってくれると、\nちょっとうれしいけど……
0x000b150f	3	【光志】\n大丈夫《だいじょうぶ》。\n自信を持て、法子。
0x000b1562	5	【光志】\nむしろ法子に足りないのは自信だ。\n法子のポテンシャルは\n朝等さんにも店けてないと\nオレは思ってる。
0x000b15f8	3	【法子】\nそ、そんな……\nあの水谷さんに、私なんかが……
0x000b1649	5	【光志】\nそう、そこで自信だ。\n法子に経験と自信が備われば、\n朝等さんに句常《ひってき》……いや、\n朝等さん以上の存在になれる！
0x000b16d0	4	【光志】\nけど、\nあそこまで強烈《きょうれつ》なキャラになると、\nさすがのオレも引くけどな……
0x000b1759	4	【法子】\n……ふふ。\nそんな言い方したら、\n水谷さんに義いわよ。
0x000b17af	3	【光志】\n……ゴホン。\n話を戻《もど》すぞ。
0x000b17f9	5	【光志】\n事件の背後関係を調べる上で、\nまずは『白川一利』を中心とした\n人物関係を探ってもらおうと\n思ってるんだ。
0x000b1876	4	【光志】\n白川一利と近藤克美の関係……\n白川一利と沼崎栄太郎の関係……\n水谷朝等……水無月月司……
0x000b18f9	2	【光志】\nまずはこの綴りを中心に。
0x000b1960	2	【法子】\nわかったわ。
0x000b1998	5	【光志】\nあと、\n動関係者と話す機会があったら、\nあらためてアリバイを\n聞いて欲しいんだ。
0x000b19fe	3	【光志】\n沼崎弁護士、水無月月司\nそれから朝等さん……
0x000b1a54	4	【光志】\n本当はこの３人に加えて\n近藤のアリバイを\n調査したいところなんだけど……
0x000b1adb	4	【法子】\n下手に本人にアリバイを聞くと、\n私たちがこうして調査してることが\nバレてしまうかもしれない……
0x000b1b48	4	【光志】\nそうなんだよ。\nだから、とりあえず近藤については\n保留にしよう。
0x000b1ba0	4	【光志】\nまずはさっき言った３人だ。\n０時４４分だと思っていた殺害時刻が、\nそれ以前に変わったわけだから……
0x000b1c16	5	【光志】\nそうだな……\nできれば２３時３０分頃《ごろ》から\n０時４４分までのアリバイを\n聞いてほしい。
0x000b1cad	2	【法子】\nうん、了解《りょうかい》。
0x000b1cf0	4	【光志】\nあとは、被害者《ひがいしゃ》が最後に\n押撃《もくげき》された時間が\n知りたいところだけど……
0x000b1d5e	4	【光志】\nこれはオレのほうでなんとかしよう。\n三浦から話の穢れで\nうまく聞き出してみようと思う。
0x000b1dc3	5	【光志】\nこうして関係者のアリバイを\n特定することによって、逆に\nアリバイを確定できなかった人物が\n真犯人となるわけだ。
0x000b1e3c	3	【光志】\nただ、アリバイばかりに\nこだわっているのも心許《こころもと》ない。
0x000b1e94	4	【光志】\nだから同時に被害者《ひがいしゃ》を取り卷く\n人物の関係をより深く探って、\n殺害動機まで辿《たど》り着《つ》ければと思う。
0x000b1f27	3	【法子】\nつまりアリバイと殺害動機の\n阿飯から事件を探っていくわけね。
0x000b1f81	2	【光志】\nあぁ、そういうことだ。
0x000b1fbf	6	【光志】\nそれともう一つ。\nライトブルーに行って、\n例の防犯カメラの映像《ビ　デ　オ》の\nダビングがあるか\n確認してもらいたい。
0x000b2040	4	【光志】\n一度でダメならもう一度枚《つ》きつけて、\n今度こそ重要な証拠《しょうこ》として\n採用してもらうためにな。
0x000b20dd	4	【法子】\nそうね。\nそれじゃ、\nまずはどこから調査していこうか……？
0x000b2179	3	【法子】\nわかったわ。\nそれじゃ、間日までに調べてくるね。
0x000b21c8	3	【光志】\nああ。\n頼《たの》んだぞ、法子！
0x000b2668	3	【法子】\nおはよう、コウジ。\n今日からまたがんばろうね。
0x000b26b6	2	【光志】\n…………
0x000b2715	3	【法子】\n……どうしたの、コウジ？\n八《こわ》い顔して。
0x000b2766	3	【光志】\n昨日の調査の結果を聞く前に、\n確認しておきたいことがある。
0x000b27e6	2	【法子】\nえ……なに？
0x000b2820	3	【光志】\n昨日、被害者《ひがいしゃ》の娘《むすめ》、\n白川のぞみが接見にやってきた。
0x000b28ab	3	【法子】\nのぞみさんが……？\nそ、それで、なにか言ってたの……？
0x000b2900	3	【光志】\n……法子、\nオレに閣《かく》してることないか？
0x000b2976	2	【法子】\nえっ……な、なんのこと？
0x000b29b7	2	【光志】\n…………
0x000b29f0	2	【光志】\nのぞみの母親のことだ。
0x000b2a55	3	【法子】\nみ、美佐恵さんのこと？\nなにも閣《かく》してないけど……
0x000b2aab	3	【光志】\n……美佐恵じゃないだろ、\nのぞみの本当の母親は。
0x000b2b18	2	【法子】\n…………！？
0x000b2b7b	2	【法子】\nご、ごめんなさい……
0x000b2bb9	4	【光志】\n謝るってことは、\n意図的《いとてき》に閣《かく》してたことを\n認めるってことだな……？
0x000b2c21	2	【法子】\n…………
0x000b2c67	3	【法子】\nええ……\n閣《かく》してたわ……
0x000b2ce7	3	【光志】\nなんでだよ！？\n思いっきり重要なことだろ！！
0x000b2d35	3	【光志】\n美佐恵が再婚相手《さいこんあいて》だって知ってたら、\n酔理する内容が変わってくる！
0x000b2d9f	4	【光志】\n２人が再婚《さいこん》したのだって、\n美佐恵の策略《さくりゃく》である可能性が\n出てくるじゃないか！
0x000b2e20	3	【法子】\n…………\nコウジの言う通りだね……
0x000b2e6b	3	【光志】\nわかってたなら、\nどうして閣《かく》したんだ！
0x000b2eb7	3	【光志】\nこれはオレたちの信頼関係《しんらいかんけい》に\n関わってくる話だぞ！
0x000b2f1f	3	【法子】\n…………\nごめんなさい……
0x000b2f63	2	【光志】\n……クソッ！
0x000b2f9d	4	【光志】\nひとつ閣《かく》しごとがあると、\n他にもあるんじゃないかって\n勘《かん》ぐっちまうだろう！？
0x000b3004	3	【光志】\nこれがオレたちのあいだにある\n５年のブランクってヤツなのか！？
0x000b3059	4	【光志】\nこんなんじゃ、\nもう法子を信用することなんか\nできない！！
0x000b30ae	2	【法子】\n…………
0x000b30f4	3	【法子】\nごめんなさい……\n本当のことを話します……
0x000b314d	2	【光志】\n…………
0x000b3193	3	【法子】\n実は……\n所長に止められていたの……
0x000b31e2	2	【光志】\n沼崎弁護士に……？
0x000b3231	4	【法子】\nええ。\nこの件に関しては、\n今回の殺人事件とは関係ない……
0x000b329a	4	【法子】\n被害者《ひがいしゃ》のプライバシーに\n関わる問題だから、\nコウジには話すな……って。
0x000b3304	2	【光志】\nなっ……バカなっ！
0x000b3342	4	【光志】\n沼崎弁護士は、\nオレたちのやり方に\n贄成してくれたんじゃないのか！？
0x000b33b8	4	【光志】\nなのになんで、\nそれを根底から屑《くず》すような\n情報操作をするんだっ！？
0x000b342a	4	【法子】\nごめんなさい……\nでも私にも所長の考えは\nわからないの……
0x000b3480	3	【光志】\n法子も法子だ！\n話してくれればいいじゃないか！
0x000b34cf	3	【光志】\nここで話したことなんか、\n沼崎弁護士にわかるわけないだろ！
0x000b354b	2	【法子】\nそれが条件だったの！
0x000b35af	5	【法子】\n私が計《かか》えていたいくつかの事件を\n先輩《せんぱい》に引《ひ》き全《つ》がせて、\nコウジの事件に集中させてもらえる\n条件だったの…
0x000b3638	2	【光志】\n条件……？
0x000b368e	3	【法子】\nコウジの事件に\n集中させてもらえる条件……
0x000b36ea	3	【法子】\nのぞみさんのお母さんが自殺したことを\nコウジに黙《だま》っておくことが……ね。
0x000b374b	4	【光志】\nどうして……？\nなんでそんな条件を沼崎弁護士は\n出したんだ……？
0x000b37b7	4	【法子】\nわからない……\nわからないけど……\n実は私、この件を調べてみたの……
0x000b3815	3	【光志】\n調べた……って、\nのぞみの母親が自殺した件か？
0x000b3874	5	【法子】\nそう。\n所長に言われたのは\nコウジに話すなって\nことだけだったから……
0x000b38dd	4	【法子】\n私はのぞみさんのお母さん……\n安代さんが自殺した理由を\n密かに調べていたの……
0x000b3950	5	【法子】\nもし、ここで新たな事実がわかったら、\nそのときはコウジに\n話すつもりだった……\n信じてもらえないかもしれないけど……
0x000b39c7	5	【光志】\n……オレにその情報を\n話してないってことは、\nまだ具体的《ぐたいてき》なことは\nわかってないってことか？
0x000b3a37	2	【法子】\n…………
0x000b3a70	2	【光志】\n沼崎弁護士本人には聞いたのか？
0x000b3ac6	3	【法子】\n所長には聞けないでしょう、\nこのことは……
0x000b3b12	3	【光志】\n…………\nたしかにそうだな。
0x000b3b63	3	【法子】\n……ごめんなさい、\nコウジ……
0x000b3ba9	2	【光志】\n…………
0x000b3be2	3	【光志】\n……いや、謝らなくていいよ。\n謝らなくちゃならないのはオレだ……
0x000b3c3b	4	【光志】\n法子の気持ちも知らずに\n怒《ど》鳴《な》っちまった……\n最低だ、オレは……
0x000b3cae	3	【法子】\nううん……\nコウジは義くない……
0x000b3d02	4	【法子】\n私がいけなかったの……\nどうしてコウジに閣《かく》し通《とお》せるって\n思ったんだろ……
0x000b3d6a	2	【光志】\n…………
0x000b3da3	3	【光志】\nとりあえず、安代のことは\n保留にしておくよ。
0x000b3e22	4	【光志】\nなにか情報が入ったら、\n法子の判断でオレに報浦してくれれば\nいいからさ。
0x000b3e8f	4	【法子】\nう、うん……\nわかった……\nグズ……
0x000b3ee5	2	【光志】\nお、おう……
0x000b3f1f	3	【光志】\n（皎き盜なとこは、\n５年前と変わってない、か……）
0x000b3fa8	3	【光志】\nそれじゃあ気を取り直して\n昨日の報浦を聞こうかな。
0x000b40aa	5	【法子】\nあっ、そうだ。\n言い触れてたんだけど、\n昨日、ちょっと意外なものを\n見ちゃったんだ。
0x000b4111	2	【光志】\n意外なもの？
0x000b4171	5	【法子】\nそうなの。\n昨日、光志との接見が終わって\n調査に出ようとしたとき\nなんだけどね……
0x000b420a	4	【法子】\n署の駐車場《ちゅうしゃじょう》の隅《すみ》で、\n水谷さんと吉本刑事が、\nなにか言い争いをしてたのよ。
0x000b4287	2	【光志】\n朝等さんと吉本刑事が？
0x000b42ca	3	【光志】\n朝等さん、また\nなにか義さしたのかな？
0x000b4313	4	【法子】\nううん、そんな感じじゃなかったわ。\n特に吉本刑事が感情丸出しで、\n水谷さんに街ってかかってた……
0x000b4386	2	【光志】\nあのクールな吉本刑事が？
0x000b43c8	5	【法子】\nそうなの。\nうわさで聞いてた話と\n印象が違《ちが》ったから\nちょっと意外だったわ。
0x000b446b	3	【光志】\n……ふーん。\nなにか因縁《いんねん》があるのかな。
0x000b44e2	3	【法子】\n２人の関係、\n調査してみる？
0x000b4529	4	【光志】\n……いや、今のところはいい。\nプライベートなことかも\nしれないしな。
0x000b4584	4	【光志】\n事件と関係があるとわかったら\n調べてもらうかもしれないけど、\n気にしなくていいだろう。
0x000b460e	3	【法子】\nわかったわ。\nそれじゃ、行ってくるね。
0x000b4b23	2	【光志】\n…………？
0x000b4b5e	2	【光志】\n（法子が誰《だれ》か連れてきた……）
0x000b4bc3	2	【光志】\n（どこかで見たことがあるような……）
0x000b4c31	3	【法子】\nえっと……\n紹介《しょうかい》するね。
0x000b4c88	4	【法子】\n私が所献している\n沼崎法律事務所の所長、\n沼崎栄太郎弁護士です。
0x000b4d21	3	【光志】\n……ええっ！？\n沼崎弁護士！？
0x000b4d79	5	【法子】\nえ、ええ……\n昨日、コウジに所長と安代さんの\n関係について調べてほしいって\n頼《たの》まれてたでしょ？
0x000b4dfb	3	【法子】\n所長から話を聞こうと思って、\nその経緯《けいい》を話したら……
0x000b4e7d	2	【栄太郎】\nそのさきは私が話そう、新城順。
0x000b4ec6	2	【法子】\nは、はい……
0x000b4f14	3	【栄太郎】\nはじめまして。\n順が斉藤順、だね？
0x000b4f5f	4	【光志】\nはじめまして。\n新城さんにはいつもお世話に\nなっています。
0x000b4fc0	3	【栄太郎】\nそんなにかしこまらなくてもいいよ。\nふだんの話し方でかまわない。
0x000b5024	3	【栄太郎】\nそのほうが気《き》崋《が》ねなしに\n話ができるからね。
0x000b5078	2	【光志】\nは、はあ……
0x000b50bf	3	【栄太郎】\nまあ、自己紹介《じこしょうかい》はこのくらいにして\n本題に入ろうか。
0x000b512b	4	【栄太郎】\n今日、私がここに来たのは、\n安代さんと私の関係について\n順に説間するためだ。
0x000b5193	3	【光志】\nそうでしたか……\n直接お話ができてありがたいです。
0x000b51f0	4	【栄太郎】\nまあ、こういったデリケートな話は\n第三者を挟《はさ》むよりも\n直接話したほうがいい。
0x000b527e	3	【栄太郎】\n実は彼女……安代さんと私は\n母方のはとこでね。
0x000b52d7	2	【光志】\nえ……そ、そうなんですか！？
0x000b5328	3	【栄太郎】\nああ。\n新城順にも秘密にしていたけれどね。
0x000b5384	3	【栄太郎】\n実家が近かったこともあり、\n子どもの頃《ころ》から仲が良かったんだ。
0x000b5409	5	【栄太郎】\n彼女が白川順と出会って結婚《けっこん》したのは\n決然《ぐうぜん》だったが、\n阿方と知り合いだった私は、\nよく彼女の相談に乗っていた。
0x000b54be	3	【栄太郎】\n順ももう知っているとは思うが、\n白川順はまさに仕事の鬼《おに》でね。
0x000b552c	3	【栄太郎】\n白川グループが大きくなったのは、\nひとえに彼の実力だ。
0x000b55aa	5	【栄太郎】\nだがそれだけに、\n家庭を顧《かえり》みる余巻《よゆう》がない人でもあった。\nだから安代さんは私によく寂《さび》しいと\nこぼしていたよ。
0x000b5630	2	【光志】\n…………
0x000b568f	4	【栄太郎】\nそんな彼女がある日、\nとんでもないものを発見した。\n白川順の手記だ。
0x000b5717	5	【栄太郎】\nその手記には、\n１人の男を殺したことが\nほのめかされていた。\nその男とは……順ならわかるね？
0x000b582b	2	【光志】\n（それは違《ちが》うんじゃないか？）
0x000b5873	5	【光志】\n（わざわざオレにこんな聞き方を\nするくらいだ。\nもっとオレに身近な人……\nそう、白川一利が殺したのは……）
0x000b5916	3	【栄太郎】\nそう、白川順が殺したのは\n順の父親である斉藤志利灰だ。
0x000b5998	4	【栄太郎】\n斉藤さんのことは私も良く知っている。\n私が取《と》り扱《あつか》っていた事件で\n何度か顔を合わせたことがあってね。
0x000b5a23	3	【栄太郎】\n彼がヒントをくれたおかげで、\n寃罪《えんざい》を証間できたこともあった。
0x000b5a82	3	【光志】\nスゴかったんですね、\nうちの父親は……
0x000b5ad9	4	【栄太郎】\n彼の調査能力は本物だった。\n白川順の不正についても余すことなく\n調べ上げていたようだ。
0x000b5b6e	3	【栄太郎】\nしかしその結果、\n白川順の手によって……
0x000b5bbe	2	【光志】\n…………
0x000b5bf7	5	【光志】\n正直、オレには実感ないんですよ。\n５歳《さい》のときの出来事です。\n物心がようやくついてきた頃《ころ》で、\nあまり記憶《きおく》に残ってなくて……
0x000b5c96	2	【栄太郎】\n……順にかける言葉が見つからないよ。
0x000b5cef	3	【栄太郎】\nこの事件は、\n安代さんにもショックを咫《あた》えた。
0x000b5d6a	5	【栄太郎】\n彼女は賛《おび》えていたよ……\nそれはそうだろう。\n自分の夫が人殺しをしていた\nわけだからね。
0x000b5de6	4	【栄太郎】\n私も同じだ。\n白川順とは高校時代からの\n付き合いだった……
0x000b5e51	4	【栄太郎】\n順には申し訳ないが、\n私たち２人はその事件を\n振表せずにおくことに倚めた。
0x000b5edc	3	【栄太郎】\nその……許してくれとは……\n言えないが……
0x000b5f2c	3	【光志】\n……いいですよ。\n続けてください。
0x000b5f99	4	【栄太郎】\nうむ……そんなこともあり、\n私は安代さんを１人にしておくのが\n篠《しの》びなくなったんだ。
0x000b602a	3	【栄太郎】\nだがある日、秘密で会っていたことが\n彼にバレてしまった。
0x000b608e	4	【栄太郎】\n安代さんは\n相当白川順から責められたようだ。\n不倫《ふりん》していたんだろう、とね。
0x000b60f9	2	【光志】\n…………
0x000b6132	3	【光志】\n一利さんはアナタと\nなにも話さなかったんですか？
0x000b61a5	4	【栄太郎】\n一度だけ、\n本当なのかどうか確認されたよ。\nでも私は否定した。
0x000b6230	5	【栄太郎】\n彼はそのとき『わかった』と\n言っていたが、\n安代さんが自殺したことを考えると、\n信じてくれなかったようだね……
0x000b62a8	2	【光志】\n…………
0x000b62ee	4	【栄太郎】\n私と安代さんが\n白川順を裏切っていたことには\n弁解の余地がない。
0x000b635b	4	【栄太郎】\n相談を受けていたとは言え、\n白川順に内緒《ないしょ》で会っていた事は\n事実だし……
0x000b63e3	4	【栄太郎】\nそれが原因で\n白川順が彼女を責め\n自殺してしまった……
0x000b644a	3	【栄太郎】\n彼女の自殺は、\nすべて私の責明だよ……
0x000b649a	4	【光志】\nなぜ、法子に\n安代さんが自殺したことを\n口止めさせていたんですか？
0x000b6503	4	【栄太郎】\n……八《こわ》かったんだ。\nあのとき心に深い傷を店った私は、\n彼女のあとを道おうと思った……
0x000b6582	4	【栄太郎】\nしかし私には家族がいた。\n彼らを残して死ぬわけには\nいかなかった……
0x000b6606	4	【栄太郎】\nいや、それはただの言い訳だな。\n彼女のあとを道うほどの瘡気が\nなかったんだ……
0x000b6699	3	【栄太郎】\n死ぬのが八《こわ》かった……\nただ、それだけだ。
0x000b66f8	4	【栄太郎】\n自分ではそれがわかっていた。\nしかしそれを知られたく\nなかったんだ……
0x000b6761	4	【栄太郎】\n私が尊敬していた、\n斉藤志利さんの息子である\n順だけには……
0x000b67bf	2	【光志】\n…………
0x000b67f8	2	【法子】\n…………
0x000b6831	4	【光志】\n……オレはアナタを\nつまらない男だとは\n思いませんよ。
0x000b6882	3	【光志】\nオレ、家族を失うツラさは、\nよく知ってますから……
0x000b68d4	2	【栄太郎】\n…………
0x000b690f	4	【光志】\nアナタは生きてるだけで、\n家族にとって価値があるんです。\nそれだけは触れないでください。
0x000b699b	2	【栄太郎】\n…………
0x000b6a15	3	【栄太郎】\n順は立派な男だな……\n斉藤さんの息子なだけある。
0x000b6a6b	3	【光志】\n……二つほど質問があります。\n答えてもらえますか？
0x000b6aca	2	【栄太郎】\nもちろん。
0x000b6b03	3	【光志】\nまず一つは、\nアナタのアリバイについてです。
0x000b6b53	5	【光志】\nアナタのアリバイには\n矛盾《むじゅん》があります。\nそれは、アナタがあそこにいたと\n証言したことです。
0x000b6c6d	3	【光志】\n（違《ちが》う！\nそこじゃない！）
0x000b6cb5	3	【光志】\n（沼崎弁護士が話したアリバイを\nよく思い出すんだ！）
0x000b6d0c	4	【光志】\nアナタは事件当日の\n０時頃《ごろ》から銃声《じゅうせい》が鳴った直前まで、\nずっとトイレに入ってたと言った。
0x000b6d85	4	【光志】\nそしてその間、\n特に変わったことはなかったと\n言ってました。
0x000b6dda	4	【光志】\nでもそれはおかしいんですよ。\nその時間、オレがちょっとした\nトラブルを起こしてたんです。
0x000b6e3e	6	【光志】\nしかもそのトラブルの相手は\nアナタの狭からの友人であり\nクライアントでもある\n白川一利さんだった。\nこれには気づかなかったんですか？
0x000b6ee4	3	【栄太郎】\n……ちょうどいい。\nその件についても正直に話そう。
0x000b6f45	3	【栄太郎】\n実はその時間、\n私の携帯《けいたい》に着信が入ってね。
0x000b6fc4	4	【栄太郎】\n非通知でかかってきたから\n無視したのだが、\n留楽電が残っていたんだ。
0x000b7035	3	【栄太郎】\n留楽電を聞いてみると、\nその内容は私を脅《おど》すものだった。
0x000b709f	2	【栄太郎】\n白川安代の件をバラす、とね。
0x000b70e8	3	【光志】\n脅《おど》した……？\nいったい、誰《だれ》が！？
0x000b7179	4	【栄太郎】\nそれが、わからないんだ。\nボイスチェンジャーで\n声を変えていたからね。
0x000b7200	4	【栄太郎】\nあわてた私は、\nその声の主を特定するために\n堂の隅《すみ》で動方飯に電話をしていたんだ。
0x000b727b	4	【栄太郎】\nだからトイレに入っていたと\nごまかしたんだ。\nウソをついてすまなかった……
0x000b72d7	3	【光志】\n……なるほど。\nこの件については満得しました。
0x000b7326	2	【光志】\n聞きたいことはもう一つあります。
0x000b736a	4	【光志】\n被害者《ひがいしゃ》にとってアナタは、\n前の奥《おく》さんを失ったキッカケになった\n人物でもある……
0x000b73da	4	【光志】\nなのになぜ、\nアナタは今、白川ハウジングの\n顧問弁護士《こもんべんごし》をやってるんですか？
0x000b7460	2	【栄太郎】\n…………
0x000b74a8	6	【栄太郎】\n私と白川順のあいだには、\nプライベートでいくら仲が良くても、\nビジネスになれば\n割り切って接するという\n暗黙《あんもく》の了解《りょうかい》があったんだ。
0x000b754b	4	【栄太郎】\nだからこそ、\n仕事の関係が友情にヒビを入れないよう\nお互《たが》いに距離《きょり》を取っていた。
0x000b75cb	4	【栄太郎】\nだが、それまで白川ハウジングの\n顧問弁護士《こもんべんごし》だった、水谷朝等……\nたしか今は順の上司だったね。
0x000b7672	3	【栄太郎】\n彼女を解明した直後、\n白川順は私に仕事を振《ふ》ってきた……
0x000b76e1	5	【栄太郎】\n彼にどのような心境の変化が\nあったのかはわからないが、\n私には、彼の申し出を断る資格など\nなかった。
0x000b777b	3	【栄太郎】\nしかし、これが二度押の過《あやま》ちの\n始まりだったんだ……
0x000b77e2	5	【栄太郎】\n私は彼に言われるがままに\n業務をこなしたが、\nそのほとんどは\n不正を摸《も》み恠《け》す仕事だった……
0x000b7865	4	【栄太郎】\n彼はもしかしたら、\nわざと不正の片捧を担《かつ》がせることで\n私に罰《ばつ》を咫《あた》えていたのかもしれない。
0x000b78de	3	【光志】\n（だとしたら……\n歪《ゆが》んでるな……）
0x000b798b	3	【栄太郎】\n……順には新城順という\n有能な弁護士がついている。
0x000b79f0	4	【栄太郎】\nそしてこの私も、\n落飯的に順に協力することを\n約束する。
0x000b7a70	3	【栄太郎】\nそれが私に課せられた、\n最《・》後《・》の仕事だと思っているからね……
0x000b7ad4	2	【光志】\n……最《・》後《・》……？
0x000b7b43	3	【栄太郎】\n順は近いうちに釈放《しゃくほう》されることになる。\nそれだけは保証しよう。
0x000b7bb1	2	【栄太郎】\nそれではそろそろ失礼するよ。
0x000b7bf5	3	【光志】\nあの、ちょっと待ってください。\nさっきの話はいったい……
0x000b7c55	3	【栄太郎】\n新城順。\nあとは頼《たの》んだよ。
0x000b7cc6	2	【法子】\nは、はい。
0x000b7d24	3	【栄太郎】\nでは斉藤順。\n失礼する。
0x000b7da1	2	【光志】\n…………
0x000b7dda	3	【光志】\n……彼はこの事件のすべてを\n知ってるみたいだな……
0x000b7e2c	2	【光志】\nその彼がオレの釈放《しゃくほう》を約束した……
0x000b7e7c	2	【光志】\n…………
0x000b7eb5	2	【光志】\nイヤな予感がするな……
0x000b8109	3	【法子】\nそれと、昨日調査したもう一つの場所を\n報浦するね。
0x000b81f9	3	【光志】\nここで、関係者のアリバイについて、\nもう一度考えてみようか。
0x000b8278	4	【光志】\n被害者《ひがいしゃ》が最後に押撃《もくげき》された０時前後から、\n銃声《じゅうせい》が聞こえた０時４４分までの\nアリバイを樹らし合わせてみよう。
0x000b832c	3	【光志】\n水無月月司は混外しよう。\nすると……
0x000b8386	3	【法子】\n所長と水谷さんと近藤刑事のアリバイが\n確定してない……
0x000b8405	3	【光志】\nああ。\nこの中の誰《だれ》かが犯人なのか……？
0x000b8476	3	【光志】\n沼崎弁護士は混外しよう。\nすると……
0x000b84d0	3	【法子】\n水谷さんと水無月さんと近藤刑事のアリバイが\n確定してない……
0x000b8553	3	【光志】\nああ。\nこの中の誰《だれ》かが犯人なのか……？
0x000b85c3	3	【光志】\n水無月月司と沼崎弁護士は混外しよう。\nすると……
0x000b8628	3	【法子】\n……水谷さんと近藤刑事のアリバイが\n確定してない……
0x000b86a6	3	【光志】\nああ。\nどちらかが犯人なのか……？
0x000b8728	3	【光志】\n見事なまでに落員のアリバイが\n確定してないわけだ、ハハハ。
0x000b878c	2	【光志】\nおそらくこの中に犯人がいるんだろうけど……
0x000b87fd	2	【法子】\nなんとかして絞《しぼ》り込《こ》めないかな？
0x000b886f	2	【光志】\nそうだな……
0x000b88d3	3	【光志】\nここで、関係者のアリバイについて、\nもう一度考えてみようか。
0x000b8952	4	【光志】\n被害者《ひがいしゃ》が最後に押撃《もくげき》された０時前後から、\n銃声《じゅうせい》が聞こえた０時４４分までの\nアリバイを樹らし合わせてみよう。
0x000b8a06	2	【光志】\n水無月月司は混外しよう。
0x000b8a58	3	【光志】\n近藤刑事も別件で自白したから、\n残るは……
0x000b8ab7	3	【法子】\n所長と水谷さんのアリバイが\n確定してない……
0x000b8b2d	3	【光志】\nああ。\nこのどちらかが犯人なのか……？
0x000b8b97	2	【光志】\n沼崎弁護士は混外しよう。
0x000b8be9	3	【光志】\n近藤刑事も別件で自白したから、\n残るは……
0x000b8c48	3	【法子】\n水谷さんと水無月さんのアリバイが\n確定してない……
0x000b8cc2	3	【光志】\nああ。\nこのどちらかが犯人なのか……？
0x000b8d2b	4	【光志】\n水無月月司はゲームセンターで\n格闘《かくとう》ゲームをプレイしていた。\n証人は水無月の友人だ。
0x000b8dac	4	【光志】\n沼崎弁護士は匿名《とくめい》の電話に脅《おど》されて、\n電話の主を枚《つ》き止《と》めるため、\n動方飯に電話をしていたらしい。
0x000b8e44	3	【光志】\nそして近藤は不正の証拠《しょうこ》を取りに\n現場に来ていただけだった。
0x000b8eb1	4	【光志】\n現時点でアリバイは証間されていないものの、\n今後、近藤の自白証言を元に\n警察が裏付け捜査《そうさ》を進めて証間されるだろう。
0x000b8f49	3	【光志】\nそれに近藤自身、不正の証拠《しょうこ》の回収に必死で、\n殺害する余巻《よゆう》はないと思っていい。
0x000b8fce	2	【光志】\n残るは……
0x000b902d	3	【法子】\n……水谷さんだけ、\nアリバイがない……
0x000b90a7	2	【光志】\n…………
0x000b90ed	2	【光志】\nあまり考えたくなかったな……
0x000b915e	3	【光志】\n近藤刑事は別件で自白したから、\n残るは……
0x000b91bd	3	【法子】\n所長、水谷さん、水無月さんのアリバイが\n確定してないわけね。
0x000b9226	4	【光志】\nああ。\nこの中に真犯人がいるかもしれない。\nなんとかして絞《しぼ》り込《こ》めないかな……
0x000b98ac	2	【法子】\nおはよう、コウジ。
0x000b98e9	2	【光志】\nああ、おはよう、法子。
0x000b9987	3	【法子】\n昨日は時間をくれて\nありがとう、コウジ。
0x000b99f9	3	【法子】\n実は昨日、私たちの大学に行ってきて、\n教氏《せんせい》に会ってきたんだ。
0x000b9a5c	3	【光志】\nえっ、大学に……？\nなんの用で行ったんだ？
0x000b9ab8	4	【法子】\n今はまだナイショ。\nここから出ることができたら、\nそのときに……
0x000b9b0f	2	【光志】\nそ、そうか……
0x000b9b81	3	【法子】\n昨日は先輩《せんぱい》のお手伝いをしていたから、\n特に報浦はないわ。
0x000b9e11	3	【法子】\nそれじゃ、\nまずは昨日の報浦からするね。
0x000b9ee7	2	【法子】\nそれと……
0x000b9f5e	2	【法子】\n昨日は白川ビルに行ってきたわ。
0x000ba02b	3	【法子】\nでも、料みだったわ。\n昨日は定料日だったみたい。
0x000ba0e2	3	【法子】\nでも、料みだったわ。\nどうやら、土日は定料日みたいね。
0x000ba194	2	【法子】\nそれと……
0x000ba224	2	【法子】\n昨日は桜蔭高校を訪ねてきたわ。
0x000ba27e	3	【法子】\n昨日は水谷探偵事務所周綴に\n行ってきたわ。
0x000ba354	2	【法子】\nでも、校門が励まってて入れなかったの。
0x000ba3c1	2	【法子】\nでも、事務所には誰《だれ》もいなかったわ。
0x000ba434	4	【光志】\nしまった！\n日曜は定料日だったな……\n今度から気をつけないと。
0x000ba4a7	4	【光志】\nしまった！\n日曜と火曜は料日だったな……\n今度から気をつけないと。
0x000ba518	3	【法子】\nでも、水谷さんは、いらっしゃらなかったから、\n話を聞くことができなかったわ。
0x000ba5ae	3	【光志】\nそれなんだけど、\n実は朝等さん、行方不間なんだ……
0x000ba629	3	【法子】\nえっ……！？\nどういうこと！？
0x000ba67c	2	【光志】\n事務所に手紙が残されていたらしい。
0x000ba6d2	3	【光志】\n捜《さが》していた人が見つかったから、\nしばらく留楽にするって……
0x000ba753	4	【法子】\n……色々と気になるところはあるけど、\nプライベートに関わりそうな部分だから、\n聞かないでおく。
0x000ba7e7	3	【光志】\nあぁ。\n今んとこはそうしておいてくれ。
0x000ba83b	3	【光志】\nとりあえず、\nこれ以上朝等さんを頼《たよ》ることができなくなったってことさ。
0x000ba8a7	3	【光志】\nまぁ、ここまでくれば、\nあとは自分でなんとかしなけりゃいけないんだけどな。
0x000ba95e	2	【法子】\nそれと……
0x000ba9d5	3	【法子】\n昨日は殺害現場となった\nライトブルーに行ってきたわ。
0x000baac0	3	【法子】\nでも、やってなかったわ。\n開堂するのは午後からみたいね。
0x000bab32	2	【法子】\nでも、定料日だったわ。
0x000bac1d	2	【法子】\nそれと……
0x000bac94	3	【法子】\n昨日は所長から話を聞こうと思って、\n沼崎法律事務所へ一旦戻《いったんもど》ったわ。
0x000bad88	2	【法子】\nでも、所長はいらっしゃらなかったわ。
0x000baded	3	【法子】\n昨日、所長は料みだったみたい。\nうっかりしていたわ。
0x000bae9c	2	【法子】\nそれと……
0x000baf13	3	【法子】\n昨日は宮上大付献病院に\n行ってきたわ。
0x000bafe8	4	【法子】\nでも、正門が励まっていたわ。\n土曜の午後と日曜日は\n料診《きゅうしん》みたい。
0x000bb0fa	2	【法子】\nそれと……
0x000bb171	3	【法子】\n昨日はゲームセンターに\n行ってきたわ。
0x000bb2ab	2	【法子】\nあと、所長にも話を聞いてきたわ。
0x000bb40f	2	【法子】\n報浦は以上よ。
0x000bb49c	4	【光志】\nわかった。\nそれじゃ、オレのほうで\n得た情報を教えるよ。
0x000bb516	2	【光志】\nまずは取調べからだ。
0x000bb6fd	3	【光志】\n取調べについては\nこれくらいだな。
0x000bb792	3	【光志】\n次に、昨日接見に来てくれた人から\nもらった情報についてだけど……
0x000bb9bf	3	【光志】\n昨日はのぞみが来たけど、\n特に話すことはなかったな。
0x000bbbb8	2	【光志】\nあと……
0x000bbc1a	3	【光志】\n昨日は特に誰《だれ》も来なかったから、\n新しい情報はないな。
0x000bbc9a	2	【光志】\nオレからは以上だ。
0x000bbd2e	2	【法子】\nそれとね。
0x000bbd8b	3	【法子】\n所長から許しが出て、\nこの事件に集中できることになったの。
0x000bbdf0	3	【法子】\nだから、\n１日３カ所まで調査が可能になると思うわ。
0x000bbe6b	3	【光志】\nマジか！？\nそれは助かる……！！
0x000bbf36	3	【法子】\nそれじゃ、\n今日調査する３カ所を指示して。
0x000bbfa4	2	【法子】\n了解《りょうかい》。
0x000bc04c	3	【法子】\nそれじゃ、今日の調査をどうするか\n指示してくれる？
0x000bc0e5	2	【光志】\n……今日は特に調査してもらうことが饂《う》かばないな。
0x000bc148	4	【法子】\nそうなんだ……\nそれじゃ、事務所の先輩《せんぱい》に手伝って欲しいって\n頼《たの》まれている仕事があるんだけど……
0x000bc1d1	2	【光志】\nあぁ、やってもらって構わないよ。
0x000bc23b	3	【法子】\nありがとう、コウジ。\nそれじゃそうさせてもらうね。
0x000bc2be	2	【光志】\nそれがな……
0x000bc31d	4	【光志】\n畭《よ》いつぶれて記憶《きおく》をなくしたなら、\nオレが真犯人である可能性も\n否定できない……
0x000bc39a	4	【光志】\n真犯人じゃないなら\nその証拠《しょうこ》を出せ……\nなんて言うんだ、三浦のヤツ！
0x000bc427	3	【法子】\n……それが簡単にできないから、\n苦労してるのにね……
0x000bc4a1	3	【光志】\nだけど殺人のトリックもほぼ解間したし、\nやれるだけのことはやったと思う。
0x000bc523	2	【光志】\n……今日は特に調査してもらうことが饂《う》かばないな。
0x000bc586	4	【光志】\n残りの日数を考えても、\n新たに証拠《しょうこ》を見つけるのは\n難しいだろうし……
0x000bc612	4	【法子】\nそれじゃ、\n今日は調査をお料みにして、\n自分の時間にしていいかな？
0x000bc67d	4	【光志】\nああ、いいよ……むしろオレのために料みも取らないで\nここまで良くやってくれたと思うしな。\nありがとう。
0x000bc710	3	【法子】\nそれじゃ、今日だけはお料みをもらうね。\nじゃ、また間日……
0x000bc775	2	【光志】\nああ、またな。
0x000bc925	3	【光志】\n法子、ずっと撮きづめだったろ？\n今指示した時間以外は料んでくれ。
0x000bc9a9	2	【法子】\nううん、私なら大丈夫《だいじょうぶ》だよ？
0x000bc9f5	4	【光志】\nいや、先々の事を考えるにしても、\n料んで欲しいんだ。\nこれはお願いだ。
0x000bca53	4	【光志】\nそれに今は特に\n調査してもらいたいこともないんだ。\nだから……な。
0x000bcad2	3	【法子】\n……わかったわ。\nありがとう、コウジ。
0x000bcb2e	3	【法子】\n了解《りょうかい》。\nそれじゃ、行ってくるね。
0x000bcc86	2	【法子】\n了解《りょうかい》。
0x000bcceb	3	【法子】\n……いよいよだね。\nがんばってね、コウジ。
0x000bcd37	3	【光志】\nあぁ。\nがんばってくるよ。
0x000bcd9d	3	【法子】\nじゃあ、またね。\nコウジ。
0x000bd246	2	【法子】\nおはよう、コウジ。
0x000bd283	2	【光志】\nああ、おはよう、法子。
0x000bd2d5	3	【光志】\n今日からよろしく頼《たの》むよ、\n法子。
0x000bd32f	3	【法子】\nうん。\nがんばろうね！
0x000bd39d	3	【法子】\n少しずつだけど、\n事件の概要《がいよう》が見えてきたね。
0x000bd3f3	3	【光志】\nまだまだ情報は足りないけどな。\nでも着実に先に進んでる。
0x000bd449	2	【光志】\nこの調子で進めていこう！
0x000bd4d3	3	【法子】\nもう、残された日が、\n少なくなってきたね……
0x000bd521	3	【光志】\n焦《あせ》ったら店けだ、ってのは\n朝等さんの教えだけど……
0x000bd59e	3	【法子】\nじゃあ、焦《あせ》らないで、\nあきらめずに進めましょう。
0x000bd614	3	【法子】\nいよいよ今日が\n調査できる最後の日だね。
0x000bd661	4	【光志】\nそうだな。\nやれるだけのことをやって、\n最終日を迎《むか》えよう！
0x000bd6f7	2	【法子】\n今日で最後なんだね……
0x000bd739	3	【光志】\nああ……\n最後の報浦、頼《たの》むよ。
0x000bd7e4	3	【法子】\n昨日は時間をくれて\nありがとう、コウジ。
0x000bd856	3	【法子】\n実は昨日、私たちの大学に行ってきて、\n教氏《せんせい》に会ってきたんだ。
0x000bd8b9	3	【光志】\nえっ、大学に……？\nなんの用で行ったんだ？
0x000bd915	4	【法子】\n今はまだナイショ。\nここから出ることができたら、\nそのときに……
0x000bd96c	2	【光志】\nそ、そうか……
0x000bd9de	3	【法子】\n昨日は先輩《せんぱい》のお手伝いをしていたから、\n特に報浦はないわ。
0x000bdc61	3	【法子】\nそれじゃ、\nまずは昨日の報浦からね。
0x000bdd1c	2	【法子】\nそれと……
0x000bdd93	2	【法子】\n昨日は白川家に行ってきたわ。
0x000bde5f	2	【法子】\nでも、誰《だれ》もいなかったわ。
0x000bdf00	2	【法子】\nそれと……
0x000bdf77	2	【法子】\n昨日は白川ビルに行ってきたわ。
0x000be044	3	【法子】\nでも、料みだったわ。\n昨日は定料日だったみたい。
0x000be0fb	3	【法子】\nでも、料みだったわ。\nどうやら、土日は定料日みたいね。
0x000be15e	3	【法子】\nでも、料みだったわ。\nどうやら、火曜は定料日みたいね。
0x000be1c1	3	【法子】\nでも、料みだったわ。\nどうやら、月曜、火曜は定料日みたいね。
0x000be279	2	【法子】\nそれと……
0x000be2f0	3	【法子】\n昨日は水谷探偵事務所周綴に\n行ってきたわ。
0x000be3da	2	【法子】\nでも、事務所には誰《だれ》もいなかったわ。
0x000be44d	4	【光志】\nしまった！\n日曜は定料日だったな……\n今度から気をつけないと。
0x000be4c0	4	【光志】\nしまった！\n日曜と火曜は料日だったな……\n今度から気をつけないと。
0x000be52c	4	【光志】\nしまった！\n昨日は定料日だったな……\n今度から気をつけないと。
0x000be59a	3	【法子】\nでも、水谷さんは、いらっしゃらなかったから、\n話を聞くことができなかったわ。
0x000be655	2	【法子】\nそれと……
0x000be6cc	3	【法子】\n昨日は殺害現場となった\nライトブルーに行ってきたわ。
0x000be7b7	3	【法子】\nでも、やってなかったわ。\n開堂するのは午後からみたいね。
0x000be829	2	【法子】\nでも、定料日だったわ。
0x000be8cf	3	【法子】\nでも、料みだったわ。\n昨日は定料日だったみたい。
0x000be97d	2	【法子】\nそれと……
0x000be9f4	3	【法子】\n昨日は所長から話を聞こうと思って、\n沼崎法律事務所へ一旦戻《いったんもど》ったわ。
0x000beae8	2	【法子】\nでも、所長はいらっしゃらなかったわ。
0x000beb4d	3	【法子】\n昨日、所長は料みだったみたい。\nうっかりしていたわ。
0x000bebfc	2	【法子】\nそれと……
0x000bec73	3	【法子】\n昨日はコウジのアパートに\n行ってきたわ。
0x000bed44	3	【法子】\nでも、管理人さんがいなくて\n中には入れなかったわ。
0x000bedf1	2	【法子】\nそれと……
0x000bee68	3	【法子】\n昨日は首都タクシーセンターに行って\nきたわ。
0x000bef3b	3	【法子】\nでも、料みだったわ。\nどうやら、日曜日は定料日みたいね。
0x000bf040	2	【法子】\n報浦は以上よ。
0x000bf13e	4	【光志】\nああ。\nそれじゃあ、オレが得た情報を\n教えるよ。
0x000bf1a0	4	【光志】\nわかった。\nそれじゃ、オレのほうで\n得た情報を教えるよ。
0x000bf201	2	【光志】\nまずは取調べからだ。
0x000bf410	3	【光志】\n取調べについては\nこれくらいだな。
0x000bf48c	3	【光志】\n次に、昨日接見に来てくれた人から\nもらった情報についてだけど……
0x000bf7db	2	【光志】\nそれと……
0x000bf83e	3	【光志】\n昨日は特に誰《だれ》も来なかったから、\n新しい情報はないな。
0x000bf8be	2	【光志】\nオレからは以上だ。
0x000bf932	2	【法子】\n了解《りょうかい》。
0x000bf9ce	4	【法子】\nそれじゃ、\n今日の調査をどうするか指示\nしてくれる？
0x000bfa68	2	【光志】\n……今日は特に調査してもらうことが饂《う》かばないな。
0x000bfae4	4	【法子】\nそうなんだ……\nそれじゃ、事務所の先輩《せんぱい》に手伝って欲しいって\n頼《たの》まれている仕事があるんだけど……
0x000bfb6d	2	【光志】\nあぁ、やってもらって構わないよ。
0x000bfbd7	3	【法子】\nありがとう、コウジ。\nそれじゃそうさせてもらうね。
0x000bfc50	2	【光志】\nそれがな……
0x000bfcaf	4	【光志】\n畭《よ》いつぶれて記憶《きおく》をなくしたなら、\nオレが真犯人である可能性も\n否定できない……
0x000bfd2c	4	【光志】\n真犯人じゃないなら\nその証拠《しょうこ》を出せ……\nなんて言うんだ、三浦のヤツ！
0x000bfdb9	3	【法子】\n……それが簡単にできないから、\n苦労してるのにね……
0x000bfe33	3	【光志】\nだけど殺人のトリックもほぼ解間したし、\nやれるだけのことはやったと思う。
0x000bfe9c	4	【光志】\n残りの日数を考えても、\n新たに証拠《しょうこ》を見つけるのは\n難しいだろうし……
0x000bff28	4	【法子】\nそれじゃ、\n今日は調査をお料みにして、\n自分の時間にしていいかな？
0x000bff93	4	【光志】\nああ、いいよ……むしろオレのために料みも取らないで\nここまで良くやってくれたと思うしな。\nありがとう。
0x000c0026	3	【法子】\nそれじゃ、今日だけはお料みをもらうね。\nじゃ、また間日……
0x000c008b	2	【光志】\nああ、またな。
0x000c0212	3	【光志】\n法子、ずっと撮きづめだったろ？\n今指示した時間以外は料んでくれ。
0x000c0296	2	【法子】\nううん、私なら大丈夫《だいじょうぶ》だよ？
0x000c02e2	4	【光志】\nいや、先々の事を考えるにしても、\n料んで欲しいんだ。\nこれはお願いだ。
0x000c0340	4	【光志】\nそれに今は特に\n調査してもらいたいこともないんだ。\nだから……な。
0x000c03bf	3	【法子】\n……わかったわ。\nありがとう、コウジ。
0x000c0532	2	【法子】\nうん、了解《りょうかい》。
0x000c058e	2	【法子】\n…………
0x000c05c7	2	【光志】\nどうした、法子？
0x000c0611	4	【法子】\nうん……\nコウジと一緒《いっしょ》に調査できるのが\nちょっとうれしくて……
0x000c0671	2	【光志】\nそ、そうか……
0x000c06ac	2	【光志】\n……オレもだ。
0x000c070d	2	【法子】\nえっ……！？
0x000c0748	2	【光志】\n…………
0x000c07a7	2	【法子】\nそ、それじゃ、行ってくるね。
0x000c07ea	2	【光志】\nお、おう……
0x000c0847	2	【法子】\n了解《りょうかい》。
0x000c0893	3	【法子】\n……いよいよだね。\nがんばろうね、コウジ。
0x000c08df	2	【光志】\nああ。
0x000c0921	2	【法子】\nじゃあ、またね。
0x000c096e	3	【法子】\n了解《りょうかい》。\nそれじゃ、行ってくるね。
0x000c0b6f	2	【法子】\nあと、所長にも話を聞いてきたわ。
0x000c0bf5	2	【法子】\n失礼します。
0x000c0c8e	3	【栄太郎】\n新城順か。\n白川順の事件の調査は進んでいるかい？
0x000c0cf4	3	【法子】\nはい。\n少しずつ進めています。
0x000c0d38	4	【法子】\nそれで、\n事件発生時の様子を\n教えていただければと思いまして……
0x000c0dbb	2	【栄太郎】\n……あのときはビックリしたよ。
0x000c0e32	3	【栄太郎】\n銃声《じゅうせい》が堂内に鳴《な》り清《ひび》いてね、\n一瞬《いっしゅん》、客同士で顔を見合わせたんだ。
0x000c0eae	4	【栄太郎】\nそんな中、近藤順……\n今、刑事《けいじ》をやっている高校の同級生で、\n彼も現場に居合わせたんだが……
0x000c0f2c	3	【栄太郎】\n彼が真っ先に、銃声《じゅうせい》が聞こえたほう、\nＶＩＰルームへ駆《か》け出《だ》したんだ。
0x000c0f9e	3	【栄太郎】\nそれに続いて、水谷順……\n彼女は今探偵をしていたかな……？
0x000c102e	3	【法子】\n所長は水谷さんとも\nお知り合いなんですね。
0x000c107b	3	【法子】\n実は、被疑者《ひぎしゃ》となっている\n斉藤さんの上司なんです。
0x000c10fc	4	【栄太郎】\nそうか。\n被疑者《ひぎしゃ》の顔に見覚えがあると思ったが、\nあの日、彼女の連れだった男性か。
0x000c116f	3	【法子】\nええ。……それで\nＶＩＰルームに行ったあとはどうでした？
0x000c1217	4	【栄太郎】\n途中《とちゅう》にドアがあったんだ。\n近藤順が開けようとしたが、\nどうやら鍵《かぎ》が励まっていたようでね。
0x000c128e	4	【栄太郎】\nそれを見た水谷順が、\n一旦《いったん》引き返して、\nすぐにドアの鍵《かぎ》を持って戻《もど》ってきた。
0x000c1306	4	【栄太郎】\nマスターに鍵《かぎ》を借りて来たのだろう。\n彼女の機転もあって、\nそんなに時間はロスしていなかったと思う。
0x000c137c	3	【栄太郎】\n水谷順から鍵《かぎ》を受け取り、\n近藤順が鍵《かぎ》を開けた。
0x000c13dd	4	【栄太郎】\nそして近藤順が言ったんだ。\nこのさきにまだ拳銃《けんじゅう》を持った犯人が\nいるかもしれない。
0x000c144b	3	【栄太郎】\n危険だから自分１人で行く。\n他の者はここで待機していろとね。
0x000c14a9	4	【栄太郎】\nだからドアの前で待っていたら、\n中から近藤順の\n鮭《さけ》び声《ごえ》が聞こえたんだ。
0x000c1575	3	【栄太郎】\n私と水谷順は鮭《さけ》び声《ごえ》が聞こえたと同時に、\nＶＩＰルームの中に入った。
0x000c1609	4	【栄太郎】\nするとそこには近藤順と\n殺された白川順の姿だけで、\n犯人はすでにどこにもいなかった。
0x000c1698	3	【栄太郎】\nすぐに水谷順はＶＩＰルームから出て\n１１０番通報をしに事務所へ向かった。
0x000c1726	4	【栄太郎】\nしばらくして近藤順が\nここは現場《げんじょう》保存《ほぞん》のために封鎖《ふうさ》するから\n部屋の外に出るように指示した。
0x000c17d2	3	【栄太郎】\nそしてホールに戻《もど》ってきて、\nあとは警察の事情稔取《じじょうちょうしゅ》を受けたんだ……
0x000c1896	3	【法子】\n所長から聞いた話は、\nこんな感じだったわ。
0x000c18f0	4	【法子】\nあと、最後にもう一つ。\nこれは事務所の先輩《せんぱい》に聞いた情報\nなんだけど……
0x000c1967	4	【法子】\n今回の事件で担当になった三浦正信刑事《みうらまさのぶけいじ》は、\n捜査《そうさ》一課《いっか》の中でも\nナンバーワンの切れ者として名が通ってるわ。
0x000c1a25	4	【法子】\nもう１人の吉本清香刑事《よしもとさやかけいじ》はまだ研修の身だけど、\n国家振務員試験をトップの成績で\n合格した才女よ。
0x000c1adb	2	【法子】\n正直、どちらもやっかいな相手ね。
0x000c1b48	4	【光志】\nそうか……\nこっちも気合い入れて\n取り組まないといけないな。
0x000c207e	5	【光志】\n（今日は、警察署内での取調べは\nおこなわれず、\n殺害現場となったバー『ライトブルー』に\n連れてこられた）
0x000c211e	3	【三浦】\nどうだ、斉藤。\nなにか思い出したことはあるか？
0x000c216d	3	【光志】\n……たしかにここに来た覚えはある。\nけどそれだけだ。
0x000c21e4	5	【三浦】\nそれだけ、か。\nまあいい。\nこれからじっくりと\n思い出してもらおう。
0x000c2263	3	【三浦】\n被害者《ひがいしゃ》・白川一利はこの堂の\nＶＩＰルームで人と会っていた。
0x000c22c8	3	【光志】\nＶＩＰルームねえ……\nずいぶんとおエラい立場なんだな。
0x000c2329	5	【三浦】\nそうだな。\n被害者《ひがいしゃ》は白川ハウジングの代表、\nそして白川グループのトップに\n立つ男だ。
0x000c23c5	3	【三浦】\nお前も白川グループくらい\n常識として知っているだろう？
0x000c241a	4	【光志】\nさあ……\nなにしろオレは探偵《たんてい》なんて\n非常識な仕事をしてるんでね。
0x000c24a2	3	【三浦】\n……フン、\nずいぶんと自嘲《じちょう》めいたものだな。
0x000c251b	3	【三浦】\n話を戻《もど》そう。\nまずはこれを見てもらおう。
0x000c25fa	2	【三浦】\nここが堂の入り口だ。
0x000c2687	5	【三浦】\nここが今私たちのいるホールだ。\nお前と水谷朝等はここのカウンターで\n轉を埜んでいた……\nそれは間《ま》違《ちが》いないな？
0x000c271f	4	【光志】\nああ、そこまでは覚えてる。\nここのカウンターで埜んだ。\nそれは認める。
0x000c277a	3	【三浦】\nフム。\nそして、ここが問題のＶＩＰルームだ。
0x000c2812	4	【三浦】\n図からわかるように、\nここからではＶＩＰルームが\nどうなっているか見ることはできない。
0x000c28ca	3	【三浦】\nだが、ここにいた者にもはっきりと\n聞こえるような銃声《じゅうせい》が清《ひび》いた。
0x000c292e	4	【三浦】\nすぐに客数名が\nＶＩＰルームへ駆《か》け込《こ》んだところ、\n被害者《ひがいしゃ》が倒《たお》れていた。
0x000c29a5	2	【光志】\n…………
0x000c29de	3	【三浦】\nこの中に入るためには\n二つのルートがある。
0x000c2a28	3	【三浦】\n一つは右拗のトイレにいく途中にある\nドアから入るルート。
0x000c2b4b	3	【三浦】\nもう一つが入り口の左から直接\nＶＩＰルームへ向かうルートだ。
0x000c2c73	3	【三浦】\nしかし、右拗のルートからは\n入ることができない。
0x000c2cc1	5	【三浦】\nなぜなら、\nこの扉《とびら》は内拗からしか開かない、\nオートロックの構造に\nなっているからだ。
0x000c2d74	4	【三浦】\nトイレに向かう客が\n間《ま》違《ちが》って入ってこないように\nこんな構造になってる。
0x000c2dd9	4	【三浦】\nトイレ拗から扉《とびら》を開けるには、\nＶＩＰルームを使う者が自由に\n設定できる暗証番潔が必要だ。
0x000c2e50	3	【三浦】\n当日、これを知っていた人物は、\n被害者《ひがいしゃ》だけだったということになる。
0x000c2eb5	2	【光志】\n飯倒《めんどう》な構造になってるんだな。
0x000c2f6d	3	【三浦】\n秘匿《ひとく》性《せい》の高い会議や打ち合わせに\n使われることを想定しているからだ。
0x000c2fda	4	【三浦】\n中は防音仕様になっているうえ、\nそれぞれの扉《とびら》には鍵《かぎ》が掛《か》かるように\nなっている。
0x000c305d	4	【三浦】\nすべての扉《とびら》に鍵《かぎ》を掛《か》ければ、\n外のホールからは\n完落に隔離《かくり》される。
0x000c30cd	3	【光志】\nじゃあ事件当日の夜、\nオレもここは通れなかったわけだ。
0x000c3121	5	【三浦】\nどうかな。\n口論のあと、\nＶＩＰルームに帰って行く被害者《ひがいしゃ》が\n入力した暗証番潔を盗《ぬす》み見た……
0x000c31a2	2	【三浦】\nその可能性は十分に考えられる。
0x000c31e9	2	【光志】\n（どこまでもオレに不利な状踏《じょうきょう》か……）
0x000c326e	3	【光志】\n……いや、ちょっと待ってくれ。\nもう一つ、気になる点がある。
0x000c32ed	3	【三浦】\nほう。\n言ってみろ。
0x000c332b	4	【光志】\nたしか堂内に銃声《じゅうせい》が鳴《な》り清《ひび》いたって\n言ってたよな？\n防音仕様なのにか？
0x000c33c2	3	【三浦】\n……銃声《じゅうせい》くらい大きな音なら\n漏《も》れてもおかしくはないだろう？
0x000c3424	4	【光志】\n（……そうかもしれない。\nしかし……\nそれで終わらせていいのか……？）
0x000c3483	4	【光志】\n……わかった、今はいい。\nこのＶＩＰルームの中は\n見せてくれるのか？
0x000c34ee	3	【三浦】\nこれから見せようと思っていたところだ。\nついてこい。
0x000c3582	2	【三浦】\nこの扉《とびら》だ。
0x000c35cd	4	【三浦】\n銃声《じゅうせい》が堂内に清《ひび》いて\n関係者がこの扉《とびら》を通ろうとしたが、\n鍵《かぎ》が励まっていたとのことだ。
0x000c364d	4	【光志】\n内拗からは手で鍵《かぎ》を励められそうだな。\n外拗からは……\n鍵《かぎ》が必要になる構造か。
0x000c36be	2	【光志】\nこの鍵《かぎ》は誰《だれ》が管理してるんだ？
0x000c3719	5	【三浦】\nホールのカウンター内に\n鍵《かぎ》を置く場所がある。\n営業時間帯は、\nそこに鍵《かぎ》が置かれているらしい。
0x000c3791	4	【光志】\nカウンター内……\nってことは、基本的には\n堂の関係者しか持ち運びできない……
0x000c3804	4	【三浦】\nそのとおりだ。\nしかも、カウンターには\nマスターがいる。
0x000c3861	4	【三浦】\n基本的に鍵《かぎ》は\nマスターの管理下に\nあるといっていいだろう。
0x000c38c9	4	【三浦】\n銃声《じゅうせい》が堂内に清《ひび》いたとき、\n関係者がマスターのもとへ駆《か》け付《つ》け、\n鍵《かぎ》を借りて扉《とびら》を開けたそうだ。
0x000c3965	4	【三浦】\nこの扉《とびら》の鍵《かぎ》だけでなく、\n堂内にある事務所の鍵《かぎ》も\n一緒《いっしょ》に管理されている。
0x000c39eb	5	【三浦】\nそういえば事件の前日に\n事務所の鍵《かぎ》が開きっぱなしに\nなっていて\n問題になったらしい。
0x000c3a68	4	【三浦】\nだから当日はなおさら\n注重に鍵《かぎ》の管理を\nしていたそうだ。
0x000c3ac2	5	【光志】\n……なるほど。\nその注重に管理されていた鍵《かぎ》を\nオレが破って、\n被害者《ひがいしゃ》を殺したってわけか。
0x000c3b3b	2	【光志】\nすげーな、オレ。
0x000c3b9c	2	【三浦】\n……皮崗のつもりか？
0x000c3c02	5	【三浦】\nお前が破ったのは\nオートロックの扉《とびら》だけだ。\nマスターが管理している鍵《かぎ》は\n関係ない。
0x000c3c8c	2	【三浦】\n先に進むぞ。
0x000c3d0b	3	【三浦】\nここがＶＩＰルームのドアだ。\n入るぞ。
0x000c3d9b	5	【三浦】\nここが、被害者《ひがいしゃ》が殺されていた\nＶＩＰルームだ。\n第一発見者は近藤《こんどう》克美《かつみ》……\n私の上司だ。
0x000c3e51	3	【光志】\n……上司？\n第一発見者は刑事《けいじ》だったのか？
0x000c3eb6	6	【三浦】\nそうだ。\n当日、\nたまたまこの堂で埜んでいたところ、\nＶＩＰルームから銃声《じゅうせい》が聞こえ、\n一番に乗《の》り込《こ》んだらしい。
0x000c3f4e	5	【三浦】\n被害者《ひがいしゃ》が倒《たお》れていて、\n犯人らしき人物は\nすでに見あたらなかったと\n証言している。
0x000c3fce	4	【三浦】\nそして堂外のゴミ箱の中に、\n凶器《きょうき》となった\n拳銃《けんじゅう》が棄《す》てられていた。
0x000c404b	3	【三浦】\nちなみに被害者《ひがいしゃ》が倒《たお》れていたのが\nそのソファだ。
0x000c40a5	3	【光志】\nソファに倒《たお》れていた……？\n挙っていたではなくて？
0x000c411f	4	【三浦】\nうつ武《ぶ》せの状島……\nつまり、ソファの背もたれの部分に\n覆《おお》い被《かぶ》さるような状島で発見された。
0x000c419a	2	【光志】\n……うつ武《ぶ》せ？
0x000c4200	2	【三浦】\n吉本順。
0x000c425f	2	【吉本】\nはい。
0x000c42c5	4	【光志】\n（……たしかに、\nこれなら倒《たお》れてるって表現が\n正しいかもしれないな……）
0x000c435b	3	【光志】\n……でもなぜだ？\nなぜ、こんな体舞で死んでいる……？
0x000c43b0	3	【光志】\n撃《う》たれてもいない心臓を株《お》さえて、\nその上……
0x000c442d	4	【三浦】\nそこまでだ。\n心停止にしろ失血死にしろ、\nお前の容疑《ようぎ》は変わらない。
0x000c4492	2	【光志】\nなんだと……！？
0x000c44f5	3	【三浦】\n死因が銃撃《じゅうげき》によって\n引き起こされたことは間白だ。
0x000c455c	4	【三浦】\nそして……\nお前の指紋《しもん》がついている拳銃《けんじゅう》が\n残されていたんだ。
0x000c45e8	3	【三浦】\nその事実で十分だ……\nお前が犯人だと結論づけるにはな！
0x000c4640	2	【光志】\nグッ！
0x000c4676	5	【光志】\n（たしかに……\n現場に指紋《しもん》つきの拳銃《けんじゅう》があった以上、\n多少の不自然さは\n反論犲植にならない……！）
0x000c4724	3	【三浦】\nで、どうだ？\n記憶《きおく》は戻《もど》ったか？
0x000c4775	3	【光志】\nそれ以前の問題だ。\nこの部屋に入った覚えさえない。
0x000c47ef	3	【三浦】\nフン、なるほど。\nまたもや都合良く記憶《きおく》がないわけだ。
0x000c4848	4	【光志】\n違《ちが》うっ！\nこの部屋に入ったのは\n本当に今日が初めてなんだっ！
0x000c48a7	3	【光志】\n……そうだ！\n指紋《しもん》だ！
0x000c48ef	3	【光志】\nこの部屋に入るまで、\nいくつかのドアがあっただろう！
0x000c4940	2	【光志】\nそこにオレの指紋《しもん》はついてたのか！？
0x000c49b2	2	【三浦】\n…………
0x000c49eb	3	【光志】\n（三浦が驚《おどろ》いてる……\nこれは……！？）
0x000c4a66	3	【三浦】\nたしかにお前の指紋《しもん》は\nついていなかった。
0x000c4ab5	4	【光志】\nそれはどうなんだ！\nオレがこの部屋に入ってないっていう、\nなによりの証拠《しょうこ》だろう！
0x000c4b43	3	【三浦】\n……斉藤。\n本気で言っているのか？
0x000c4b8e	2	【光志】\nえっ？
0x000c4c3b	6	【三浦】\n……ドアには\n第一発見者の指紋《しもん》しか\nついていなかった。\n事前に何者かが\n指紋《しもん》を扶《ふ》き取《と》っていたと考えられる。
0x000c4cce	3	【光志】\nなんだって……！？\n指紋《しもん》を扶《ふ》き取《と》った……？
0x000c4d3a	3	【三浦】\nそんなことをする人間は\n１人しか考えられない。
0x000c4dae	4	【三浦】\nＶＩＰルームに入った証拠《しょうこ》を\n閣衛《いんめつ》するために、\nお前が扶《ふ》き取《と》ったんだろう！
0x000c4e4c	4	【三浦】\nその程度の小細工で\n無罪を主張できると思ったか？\nまったく、あきれた男だ。
0x000c4eb0	4	【光志】\nそ、そんなことはしてないっ！\nオレはこの部屋に\n入ったことさえ……っ！！
0x000c4f34	4	【三浦】\nお前の主張には裏付けがない。\nこの部屋に入っていないと主張するなら\nもっと論理的に話すんだな。
0x000c4fa4	2	【光志】\nうう……！
0x000c5011	3	【三浦】\n……フン。\nこれまでだな。
0x000c5053	2	【光志】\n…………
0x000c50b2	4	【三浦】\nどうだ？\n記憶《きおく》がなくても\n状踏《じょうきょう》は聴握《はあく》できただろう。
0x000c5126	2	【三浦】\nなにか反論があるなら受け付けるが？
0x000c516d	3	【光志】\n（……くそっ！\nなにも言い返せない……！）
0x000c51e3	4	【三浦】\n今日はこれで帰ることにする。\n間日からの怖問《じんもん》を\n楽しみにしておくんだな。
0x000c5748	5	【三浦】\nさて、\n今日は根本的なところから始めよう。\nお前が轉に畭《よ》いつぶれていた\nという話だ。
0x000c57b4	4	【光志】\nああ。\nだからオレにはあの時間の\n記憶《きおく》がない……
0x000c5830	3	【三浦】\nこの状島は一見、お前にとって\n不利な状踏《じょうきょう》だと言えなくもない。
0x000c58a1	4	【三浦】\nだが一方で、\n不利な事実に辻褄《つじつま》を合わせられる、\n都合のいい状踏《じょうきょう》でもあるわけだ。
0x000c5919	2	【光志】\nあくまでその線で進めるつもりか……
0x000c5985	4	【三浦】\nいいか、斉藤。\n記憶《きおく》がないなら思い出せ。\nそれがお前に残された唯一《ゆいいつ》の……
0x000c5a69	2	【近藤】\nどうだ、調子は？
0x000c5acc	3	【三浦】\n……今、重要な\n局飯にさしかかっています。
0x000c5b28	2	【三浦】\nここは私に明せていただきたい。
0x000c5b6b	3	【光志】\n（……？\n三浦が動揺《どうよう》してる……？）
0x000c5be6	4	【近藤】\nフン！\nいつまで明せておけばいいんだ？\nこっちは待ちくたびれてるんだ。
0x000c5c4c	4	【近藤】\nあれだけ証拠《しょうこ》が揃《そろ》っていて\nいまだに自白が取れないとは……\n手心でも加えてるんじゃないだろうな！
0x000c5cea	3	【三浦】\nまさか……\nそのようなことは、倚して。
0x000c5d59	3	【近藤】\nおい、お前。\n斉藤とか言ったな。
0x000c5da1	2	【光志】\n……はい。
0x000c5e15	3	【近藤】\nムダな足《あ》娥《が》きはよして、\nとっとと口を割れよ。
0x000c5e6b	2	【光志】\nグッ！
0x000c5edf	4	【三浦】\n課長！\n暴力を伴《ともな》った取調べは違法《いほう》だ！\nやめて下さい！
0x000c5f69	4	【近藤】\nこの程度でか？\n三浦……お前のやり方は\n手ぬるいんだよ。
0x000c5fce	3	【近藤】\n俺が手本を見せてやるから、\n黙《だま》って見ておけ。
0x000c602f	3	【近藤】\nいいか。\n黙《・》っ《・》て《・》見ておくんだぞ！？
0x000c60ab	2	【三浦】\nク……ッ！
0x000c610a	4	【近藤】\nお前と白川が口論しているところを\nこの俺が見たんだ！\nお前には十分な動機があるんだよ！
0x000c619a	4	【光志】\n（……口論って言っても、\n勝手にオマエが\n言ってるだけじゃないか！）
0x000c625d	3	【光志】\n自分の記憶《きおく》にないことを\n認めるわけにはいきません。
0x000c631d	4	【近藤】\nなにが記憶《きおく》だっ！\nこっちが大人しくしてりゃ\n儺《な》めた口、聞きやがって！！
0x000c6386	4	【近藤】\n記憶《きおく》がないっていうなら\nムリにでも\n思い出させてやろうか！！
0x000c63e1	2	【光志】\n…………
0x000c641a	3	【近藤】\nなんだぁ、その挑戦的《ちょうせんてき》な押は？\nあんまり警察儺《な》めんなよ、コラァ！！
0x000c64ae	4	【三浦】\n課長！\nこれ以上は、\n上に報浦せざるを得ませんよ。
0x000c6503	2	【近藤】\n……フンッ！！
0x000c65b6	3	【近藤】\nどいつもこいつも、\n俺の邪魔《じゃま》をしやがって！
0x000c6607	2	【光志】\n…………
0x000c664d	4	【近藤】\nおい、斉藤。\n記憶《きおく》にあろうがなかろうが、\nさっさと罪を認めてしまえ。
0x000c66bd	3	【近藤】\n今すぐ自白するなら、\n廣い押にあわずに済むんだぞ？
0x000c6765	4	【近藤】\nなんなら、今すぐ自白すれば、\n殺意はなかったと調書に書こう。\nこの場合、傷害幸死《しょうがいちし》だ。
0x000c680b	2	【三浦】\nか、課長！？
0x000c686d	5	【近藤】\nだが抵貢《ていこう》すれば、\n殺意があったことを証間する\n証拠《しょうこ》をいくらでも提示してやる！\nム《・》リ《・》ヤ《・》リ《・》にでもな！
0x000c690a	3	【近藤】\n殺人が証間されれば、\n死刑《しけい》もあり得るんだぞ！
0x000c6992	3	【光志】\nウソの事実をねつ造するくらいなら\nあらためて主張します。
0x000c69f1	2	【光志】\nオレはやってない。
0x000c6a52	4	【近藤】\nなっ……お前はバカなのか！？\nお前のためを思って\n言ってるんだぞ！
0x000c6aae	4	【光志】\nオレのため……？\n笑わせるな。\nあなたの行響《こうい》はまるで司法取引だ！
0x000c6b15	5	【光志】\n事実をねじ曲げることは\nオレにとって敗蠡宣言でしかない。\n義いが、こんな脅迫《きょうはく》に\nオレは絶対に屈《くっ》しない。
0x000c6bbc	2	【近藤】\nグググ……！
0x000c6c07	3	【光志】\n（コイツ……焦《あせ》ってるのか？\nどういうことだ……）
0x000c6c83	5	【三浦】\n課長、ここはお引き取り下さい。\n課長のお気持ちはわかりますが、\nここは自白よりも\n真実を見極めるほうが重要です。
0x000c6d27	3	【近藤】\nく……っ！\n勝手にしろっ！！
0x000c6e1c	2	【三浦】\n…………
0x000c6e7b	2	【三浦】\n義かったな、斉藤。
0x000c6ec7	5	【三浦】\n……これで取調べを\n終わりにしたいところだが、\n私はお前を怖問《じんもん》しなければならない\n立場だ……
0x000c6f48	2	【三浦】\n始めるぞ。
0x000c6f80	2	【光志】\n……ああ。
0x000c7242	1	［見たことはある］
0x000c7253	1	［見たこともない］
0x000c72c6	3	【三浦】\n……昨日は\nうちの近藤がすまなかったな。
0x000c7312	3	【光志】\n……まあ、\n古い刑事の見本だと思ったよ。
0x000c7361	4	【光志】\nむしろ、刑事なんてあんなもんだって\n思ってたしね。\nアンタみたいな人のほうが珍《めずら》しいよ。
0x000c73f1	4	【三浦】\n力づくで自白させるのは\n私のやり方ではない。\nそれだけだ。
0x000c7453	3	【三浦】\n今日はお前と被害者《ひがいしゃ》の関係について\n聞かせてもらう。
0x000c74d5	4	【三浦】\nお前は被害者《ひがいしゃ》である白川一利とは\n飯識《めんしき》がないと言っていた。\nそれは間違《まちが》いないな？
0x000c7551	3	【光志】\n間違《まちが》いない。\nオレは彼と飯識《めんしき》がない。
0x000c75b5	4	【三浦】\nそれは仕事上の顧客《クライアント》となった\n可能性もゼロである、\nということでいいか？
0x000c761d	4	【光志】\nああ。\nとは言っても、電話で依頼《いらい》されて\n顔を見ない場合もあるけどな。
0x000c7682	3	【光志】\nでも、基本は対飯して依頼《いらい》を受ける。\nそういうときの顔は落員覚えてる。
0x000c771c	3	【光志】\nだから、仕事で絡《から》んだこともないはずだ。\nけど……
0x000c7780	5	【光志】\n見たことはある……と言っても、\n上場企業《じょうじょうきぎょう》の代表でもあり、\n白川グループのトップに\n立っていた男だ。
0x000c7803	4	【光志】\nテレビ、ネット、新聞……\nなんらかの材体《ばいたい》を通して\n顔を見たことがある、といった程度だ。
0x000c789c	3	【三浦】\nなるほど。\n見たことがあるのは否定しないわけか。
0x000c78f7	3	【三浦】\nこの件に関してはお前の\n言い分を信じよう。
0x000c7951	4	【三浦】\nもし見たことがないと主張していたら、\nお前を信用できなくなっていたかも\nしれない。
0x000c79b3	2	【光志】\n……どういうことだ？
0x000c79f6	4	【光志】\n……いや、気のせいだった。\n彼とは会ったこともないし、\n見たこともない。
0x000c7a62	5	【三浦】\n……そうか。\nならば、あえて聞こう。\nお前はテレビやネットを見たりは\nしないのか？
0x000c7ac6	2	【光志】\n……テレビやネット？
0x000c7b2b	3	【三浦】\n白川グループは\n広浦営業に横極的だ。
0x000c7b9f	4	【三浦】\nテレビではＣＭが穢れているし、\nインターネットのポータルサイトでも\n広浦をよく見かける。
0x000c7c17	4	【三浦】\nその際、グループのトップとして\n白川一利が顔を出していたことも\nしばしばある。
0x000c7ca1	3	【三浦】\nそういう男の顔を……\n本当に見たことがないのか？
0x000c7cf2	4	【光志】\nい、いや……\nテレビもネットもあまり\n見ないんだ……
0x000c7d44	4	【光志】\n（なんか、\nドツボにハマりかけているような\n気がする……）
0x000c7d9a	4	【光志】\n（だけどここまで来たら\n安油に意見をひるがえすのは\nかえって危険だ）
0x000c7e1c	3	【三浦】\nふむ……\nまあ、それならそれでいい。
0x000c7e70	4	【三浦】\nだが、テレビやネットに関係なく、\nお前は被害者《ひがいしゃ》の顔を\n見たことがあるはずだ。
0x000c7edb	2	【光志】\n……どういうことだ？
0x000c7f4a	2	【三浦】\nお前の部屋から出てきた名刺《めいし》だ。
0x000c7fda	3	【光志】\nなっ……！？\nなんでこんなものが！？
0x000c8023	3	【光志】\nオ、オレの部屋から出てきたって……\n部屋のどこから出てきたんだよ！？
0x000c8081	5	【三浦】\n机の引き出しに入っていた\n名刺《めいし》入《い》れの中からだ。\nスゴい数の名刺《めいし》を持っているんだな。\n驚《おどろ》いたよ。
0x000c8146	4	【三浦】\nだが、これでお前と被害者《ひがいしゃ》が\n以前に会っていたことが\n証間されたわけだ。
0x000c81dd	4	【三浦】\nこれでもまだ、\n被害者《ひがいしゃ》と会っていないと\n言い張るつもりか！？
0x000c823d	4	【光志】\n（そんな……\nオレが、被害者《ひがいしゃ》の名刺《めいし》を……？\nまったく記憶《きおく》にない……！）
0x000c82c1	3	【光志】\nうっ……\nクソォー！
0x000c8325	2	【三浦】\n……フッ。
0x000c8384	3	【三浦】\nさて、\n怖問《じんもん》を始めよう。
0x000c86aa	3	【三浦】\nどうだ、斉藤。\nそろそろ自白する気になったか？
0x000c8704	3	【光志】\n記憶《きおく》にないことの\n自白なんてできるかっ！
0x000c8754	3	【光志】\nオレは殺してない！\nＶＩＰルームにも入ってないんだ！
0x000c87cc	3	【三浦】\n……フム。\nでは、今回はあの話をしておくか。
0x000c881b	2	【光志】\n……あの話？
0x000c887c	4	【三浦】\n聞《き》き込《こ》みの結果……事件当日、\nＶＩＰルームに入った人間が、\n少なくとも４人いることがわかった。
0x000c8907	6	【三浦】\nまずは弁護士の沼崎栄太郎だ。\n彼は白川グループの\n顧問弁護士《こもんべんごし》だから、\n被害者《ひがいしゃ》と一緒《いっしょ》にＶＩＰルームに\n入っても不思議ではない。
0x000c89bd	3	【三浦】\nそして銃声《じゅうせい》が堂内に清《ひび》いたとき、\n私の上司である近藤が入っている。
0x000c8a35	4	【三浦】\n拳銃《けんじゅう》を持った犯人がいることを想定し、\n当初は１人でＶＩＰルームに\n入ったようだ。
0x000c8ab4	3	【三浦】\nつづいて、水谷朝等も\nＶＩＰルームに入ったらしい。
0x000c8b08	3	【光志】\n（ここまでは沼崎弁護士が\n言ったとおりだな……）
0x000c8b68	5	【三浦】\nそして、最後の１人……\n客の証言によると『若い男』が\nＶＩＰルームのほうへ歩いていったのが\n押撃《もくげき》されている。
0x000c8beb	2	【光志】\n若い男……？
0x000c8c34	5	【三浦】\nそう、若い男だ。\n当日現場に入ったのは、\n沼崎栄太郎、水谷朝等、\nそして近藤克美……
0x000c8cda	4	【三浦】\nいずれも『若い男』ではない。\nつまり、この『若い男』こそが犯人……\nお前ということだ！
0x000c8d89	4	【光志】\nちょ、ちょっと待て！\n『若い男』だからって\nオレとは限らないだろう！！
0x000c8e17	2	【三浦】\nでは、誰《だれ》だと言うんだ！
0x000c8e5c	3	【光志】\nそ、そんなの……\nオレにわかるわけないだろう！
0x000c8ebf	4	【三浦】\n現場に指紋《しもん》という痕跡《こんせき》を残している\nお前だと考えるのが自然だろう！\n違《ちが》うか！？
0x000c8f37	2	【光志】\nク……ッ！
0x000c8f96	4	【三浦】\nだんだんと証拠《しょうこ》が揃《そろ》ってきたな。\nこの件についても論理的な反論を\n期待しているぞ。
0x000c902e	2	【三浦】\nでは、怖問《じんもん》に入る。
0x000c94c9	2	【三浦】\n昨日はよく眠《ねむ》れたか？
0x000c950d	2	【光志】\n大きなお世話だ。
0x000c9570	2	【三浦】\nフッ……そうか。
0x000c95ac	3	【光志】\n（な、なんだ、この余巻《よゆう》の表情……？\n……イヤな予感がするな……）
0x000c963a	4	【三浦】\nさっそくだが……\n被害者《ひがいしゃ》とお前のつながりを間らかにする\n倚定的な物証《ぶっしょう》が見つかった。
0x000c96bf	2	【三浦】\n吉本順。
0x000c971e	2	【吉本】\nはい。
0x000c9784	2	【三浦】\nお前の部屋から出てきたものだ。
0x000c97c9	2	【光志】\nオレの部屋から……？
0x000c9847	5	【吉本】\nはい。\n株《お》し入《い》れの奥にあった\n望ボールの中から見つかったと\n伺《うかが》っています。
0x000c98b5	4	【光志】\n株《お》し入《い》れ？\nああ、引《ひ》っ皷《こ》ししてから開けてない\nあの望ボールか……
0x000c9925	3	【光志】\nそれならオレのじゃなくて\nおふくろのものだよ。
0x000c9994	3	【三浦】\nほう……\nこの手帳はお前の母親のものだと？
0x000c99f0	4	【光志】\nそうだ。\nおふくろが亡くなって、\n自宅を引《ひ》き胎《はら》ったときの荷物だ。
0x000c9a7a	3	【三浦】\nなるほど……荷物を耀かっているとは\nなかなか母親思いじゃないか。
0x000c9afa	4	【三浦】\nだが……正確に言えば\nこの手帳はお前の母親のものではない。\nもちろん、お前のものでもない。
0x000c9b66	2	【光志】\n……どういうことだ？
0x000c9bb1	2	【三浦】\n中を見たほうが陽いだろう。
0x000c9c67	3	【光志】\n…………！？\nこ、これは……！？
0x000c9cb3	2	【光志】\nこの手帳は、斉藤志利《おやじ》の……？
0x000c9d48	5	【三浦】\nそうだ。\n以前お前の父親が撮いていた\n新聞各に問い合わせたら、\n彼の手書きの原縞《げんこう》が残っていた。
0x000c9de8	2	【三浦】\n筆跡鑑定《ひっせきかんてい》で一幸《いっち》したよ。
0x000c9e4e	2	【光志】\n…………
0x000c9e87	4	【光志】\n（父親はフリーのジャーナリストで、\n以前は大手新聞各の報道部にいたって\nおふくろに聞いたことがあったな……）
0x000c9f0f	3	【光志】\nん？\nなんだこれ……？
0x000c9f4f	3	【光志】\n…………\n『白川』？
0x000c9fb9	5	【三浦】\nやはりそれが押に入ったか。\nそうだ……その『白川』は\n被害者《ひがいしゃ》である白川一利を\n指していると思われる。
0x000ca037	2	【光志】\n……そうか。
0x000ca097	2	【三浦】\nほう、あまり驚《おどろ》かないんだな？
0x000ca0df	3	【光志】\n手帳をわざわざオレに\n見せるくらいだ。
0x000ca127	5	【光志】\n父親の手帳だとわかった瞬間《しゅんかん》に\nこの中に白川一利のことが\n書いてあることくらい\n想像はつくさ。
0x000ca19d	3	【光志】\nだからオレと被害者《ひがいしゃ》に\nつながりがあるって言いたいんだろう？
0x000ca1f8	4	【光志】\n残念だがな、オレはこの手帳の中身は\n見たこともなかったんだ。\nつながりなんてない。
0x000ca282	3	【三浦】\nフッ。\nまあ、いい。
0x000ca2e6	4	【三浦】\nこの手帳を見る限り、\nお前の父親は被害者《ひがいしゃ》のことをしつこく\n嗅《か》ぎまわっていたようだな。
0x000ca35a	2	【光志】\nだからなんだよ。
0x000ca394	5	【光志】\n父親が死んだのは\nオレが５歳《さい》になった頃《ころ》だ。\nつまり、この手帳が書かれたのは\n今から２０年以上前になる。
0x000ca415	3	【光志】\n今さらこんなの見せられても、\nオレにはまったく関係のない話だ。
0x000ca479	2	【三浦】\nここを読んでみろ。
0x000ca4bc	2	【光志】\n…………？
0x000ca539	2	【光志】\n……なっ！？
0x000ca581	2	【三浦（志利）】\n『オレは白川一利に狙《ねら》われている。
0x000ca5e3	5	【三浦（志利）】\nもしオレになにかあったら……\nそれがどれだけ自然に\n見えるものであっても、\n白川の手によるものだと思ってほしい』
0x000ca685	3	【三浦】\n……これが意味するところは\nたった一つだ。
0x000ca6d1	4	【光志】\n…………\n父親は白川一利によって\n殺された？
0x000ca72e	3	【光志】\nバカなっ！\n父親は交通事故で！！
0x000ca79f	2	【三浦】\nそうらしいな。
0x000ca7fe	5	【三浦】\nだが、交通事故と言っても、\nひき逃《に》げだったことを考えれば、\nこの文飯どおりのことが行なわれた\n可能性が高いということだ。
0x000ca881	4	【光志】\nちょっと待てよ……\nなんだよ、それ！\nそんな決然《ぐうぜん》……あってたまるかっ！
0x000ca90c	3	【三浦】\n……今のお前の姿。\n私はどう捉《とら》えればいい？
0x000ca96d	3	【三浦】\nお前がウソをついているようには\n見えない……
0x000ca9c5	4	【三浦】\nだが、被疑者《ひぎしゃ》であるお前が\n被害者《ひがいしゃ》とのつながりを閣《かく》そうとするのも\n当然のこと。
0x000caa46	2	【光志】\nオレがウソをついてるってのかよっ！
0x000caaaf	4	【三浦】\nお前が正直に話しているという\n客観的な証拠《しょうこ》がない以上、\nそう考えざるを得ないな。
0x000cab1e	2	【光志】\nク……ッ！
0x000cab57	3	【光志】\n（どうなってるんだ！？\nこんな……こんなこと……！）
0x000cabd1	3	【三浦】\n……まあ、いい。\nそろそろ怖問《じんもん》を始めよう。
0x000caf3b	1	［３０パーセント以上］
0x000caf52	1	［１０パーセント前後］
0x000caf69	1	［３パーセント以下］
0x000caf7e	1	［オレはやってないと主張］
0x000caf94	1	［オレがやりましたと自白］
0x000cb00c	3	【三浦】\nどうだ、斉藤。\nそろそろ自白したらどうだ？
0x000cb059	2	【光志】\n…………
0x000cb0b8	5	【三浦】\nお前は緩がいい。\n下手にしゃべって口を滑《すべ》らす前に\nだんまりを倚《き》め込《こ》めば逃《に》げ切《き》れると\n思っているんだろう。
0x000cb166	4	【三浦】\nだが、その考えは甘《あま》いぞ。\n現状の証拠《しょうこ》だけでも、\nお前を起《き》訴《そ》する十分な理由となる。
0x000cb1e4	3	【光志】\n……オレには家族も身乗りもないから、\n別に裁判をするのは構わないさ。
0x000cb243	4	【光志】\nだがな、オレは無実なんだ。\n裁判で寃罪《えんざい》だったとハッキリしたら\n三《はじ》をかくのはアンタたちだ。
0x000cb2dc	2	【三浦】\n……ようやく口を開いたか。
0x000cb345	5	【三浦】\n裁判で無罪を勝ち取れるかも\nしれないと思っているなら、\nそんな期待は今のうちに\n捨てておくことだな。
0x000cb3b5	3	【光志】\nなんだと……？\nどういう意味だ？
0x000cb466	4	【三浦】\nお前は現在の日本の司法制度下で\n起《き》訴《そ》された被浦《ひこく》が無罪になる\n確率を知っているか？
0x000cb4f2	5	【光志】\n３０パーセント以上はあるだろう。\nあまり考えたくないが、\nオレみたいな不当逮捕《ふとうたいほ》は\n多いだろうからな。
0x000cb592	4	【三浦】\nフッ……笑わせてくれる。\nお前は現実というものが\nまったくわかっていない。
0x000cb606	4	【光志】\nオレみたいに不当逮捕《ふとうたいほ》された者が\n１０パーセント前後と考えれば、\nだいたいそのくらいじゃないのか？
0x000cb68a	3	【三浦】\nつまり、不当逮捕《ふとうたいほ》された者は、\n落員無罪判倚をとれるとでも？
0x000cb715	3	【三浦】\nフッ……甘《あま》すぎるな。\nもっと現実を見たほうがいい。
0x000cb771	3	【光志】\nそんなに数が多くないのは\nオレだって知っている。
0x000cb7be	3	【光志】\n良くて３パーセントって\nところだろう？
0x000cb82c	3	【三浦】\nなかなかいいところを枚《つ》いている。\nしかし、まだまだだ。
0x000cb8a6	5	【三浦】\n正解は１パーセント未満だ。\nいや、もっと正確に言うのであれば\nここ数年の数字では\n０．１パーセント前後だ。
0x000cb922	2	【光志】\nな……っ！？
0x000cb96a	4	【三浦】\n警察の私が言うのも気が引けるが、\n現実問題として\n不当逮捕《ふとうたいほ》はあるかもしれない。
0x000cba01	5	【三浦】\nだが、現在の司法制度はこういうものだ。\n起《き》訴《そ》された被浦《ひこく》はほぼ有罪になる。\n起訴前《きそまえ》に必要な捜査《そうさ》は\n完了《かんりょう》しているのだからな。
0x000cbaaa	3	【光志】\n裁判になったらおしまい、\nって言いたいわけか……？
0x000cbb21	3	【三浦】\nだからこそ、\n私はお前に自白を煤《すす》めているんだ。
0x000cbb75	2	【光志】\n…………
0x000cbbae	4	【光志】\n（ダメだ……\nここで自白なんてしたら、\n有罪が確定する……）
0x000cbc0b	3	【光志】\n（だけどいくら寃罪《えんざい》を主張しても、\n有罪確率は９９パーセント以上……）
0x000cbcaa	3	【光志】\n（……クソッ！\nどうすればいいんだっ！？）
0x000cbd2d	2	【光志】\n……オレがやりました。
0x000cbd92	3	【三浦】\nほう……\n自白するんだな、斉藤？
0x000cbddb	2	【光志】\n……はい。
0x000cbe3a	4	【三浦】\nわかった。\nなら義いようにはしない。\n吉本順！
0x000cbeaf	3	【吉本】\nはい。\nすぐに調書を用意します。
0x000cbf1c	2	【三浦】\n頼《たの》んだぞ。
0x000cbf66	5	【三浦】\nすぐに吉本順が、\nお前が自白した旨《むね》の調書を用意する。\nそこにお前がサインをすることで、\n自白が成立する。
0x000cc038	5	　\n　\n（しばらくして渡《わた》された調書に\nサインした時間は、\n長かったのか短かったのか……）
0x000cc09e	5	　\n　\n（なにを言われたのかも、\nもう思い出せない。\nオレは疲《つか》れ切ってた）
0x000cc0fa	3	　\n　\n（戦いは終わったんだ……）
0x000cc145	2	【光志】\n……オレはやってない。
0x000cc1aa	3	【三浦】\n…………\nまだ抵貢《ていこう》するつもりか。
0x000cc1f9	3	【光志】\n確率なんて問題じゃない。\n大事なのは真実だ。
0x000cc24a	2	【光志】\nオレは無実だ！
0x000cc2ab	2	【三浦】\n……いいだろう。
0x000cc317	2	【三浦】\nでは、怖問《じんもん》で道《お》い詰《つ》めてやるっ！
0x000cc781	2	【三浦】\nさて、取調べを始めようか。
0x000cc7c4	2	【光志】\nその前に……頼《たの》みがある。
0x000cc818	2	【三浦】\nなんだ？
0x000cc84e	4	【光志】\n父親の手帳……\nあれをもう一度見せてほしい。\n動揺《どうよう》して、中身を覚えてないんだ。
0x000cc8e4	2	【三浦】\n…………
0x000cc943	2	【三浦】\n……吉本順。
0x000cc9a6	2	【吉本】\nはい、少々お待ち下さい。
0x000cca4f	5	【光志】\n（……前から思ってたけど\n『吉本順』の一言で意思珍通《いしそつう》する\nこの２人は\nいったいどんな関係なんだろう？）
0x000ccad1	3	【光志】\n（……聞いてみたいけど\n絶対に怒《おこ》られるだろうな）
0x000ccb61	2	【吉本】\nお待たせしました。
0x000ccbc3	2	【三浦】\nありがとう。
0x000ccc2c	2	【三浦】\n１０分だけだ。
0x000ccc68	2	【光志】\n……わかった。
0x000ccd05	2	【光志】\n…………
0x000ccd3e	2	【光志】\n（『接近』）
0x000ccd7b	2	【光志】\n（『１８時』）
0x000ccdba	2	【光志】\n（『金利↑』）
0x000ccdf9	2	【光志】\n（『インサイダー』）
0x000cce39	2	【光志】\n（『キャリア』）
0x000cce76	5	【光志】\nスゴいな……\nここに書いてあることが真実で、\nもし世間《せけん》に振表されてたら\n当時の日本はひっくり返ってるな……
0x000ccef4	3	【三浦】\nこの手帳が使われていたのは\n１９８９年前後。
0x000ccf46	5	【三浦】\nバブル營気の波に乗り、\n白川ハウジングが\n一気に住宅業界の大手へと\n名乗りをあげた時期でもある。
0x000ccfbf	4	【三浦】\nお前の父親は、\n急成長する白川ハウジングを\n徹底的《てっていてき》にマークしていたようだな。
0x000cd02e	4	【光志】\n（だけどその結果、\nあの意味深《いみしん》な一文を残して\n交通事故で……）
0x000cd096	2	【光志】\n（……ん？）
0x000cd10d	2	【光志】\n心臓病……？
0x000cd157	3	【三浦】\n白川一利はかつて\n心臓を患《わずら》っていたらしい。
0x000cd1b8	3	【三浦】\nそして海外へ渡稿《とこう》し\n移植手術をしたという記録がある。
0x000cd23a	4	【三浦】\nたしかお前の母、\n斉藤佳代も心臓移植手術を\nしていたな？
0x000cd295	2	【光志】\n…………
0x000cd324	4	【三浦】\nだが、斉藤佳代は提供者《ドナー》。\n白川一利は受容者《レシピエント》だ。\n立場が逆ということになる。
0x000cd3b5	3	【三浦】\nただ、白川一利は\n心臓移植手術のときに……
0x000cd475	2	【光志】\nやめてくれ！
0x000cd4d3	2	【三浦】\n！？
0x000cd508	4	【光志】\n……今は……やめてくれ……\n心臓移植とか、\nそんな話は…………
0x000cd576	2	【三浦】\n…………
0x000cd60b	3	【光志】\n（母さん……\nクッ……オレは、まだ……）
0x000cd6de	4	【光志】\n（心臓移植という共通点……\nただの決然《ぐうぜん》なのか？\nそれとも……）
0x000cd740	3	【光志】\n義かった、急に大声を出して……\n続けてくれ……
0x000cd7b9	3	【三浦】\n……いいだろう。\nでは、怖問《じんもん》を始める。
0x000cdaa6	2	【三浦】\nさて、本日の取調べを始めるが……
0x000cdb15	3	【三浦】\nどうだ、斉藤。\n自白するつもりはないか？
0x000cdb61	2	【光志】\nアンタ、そればっかりだな。
0x000cdbc7	3	【三浦】\n私にとってもお前にとっても、\nそれが一番の方法だからな。
0x000cdc29	5	【三浦】\n期日は間日だ。\n間日までに、すべての怖問《じんもん》に対して\n反論ができないのであれば\n起《き》訴《そ》手続《てつづ》きに入らせてもらう。
0x000cdcb6	2	【光志】\n…………
0x000cdcfc	3	【三浦】\n……そうか。\n最後まで足《あ》娥《が》くか。
0x000cdd73	3	【三浦】\nならば、私がこの手で\n引導《いんどう》を渡《わた》してやろう！
0x000cddd9	2	【三浦】\n怖問《じんもん》を始める！
0x000ce0d5	5	【三浦】\nさて、今日が取調べ最後の日となる。\n今日までに得た証拠《しょうこ》や証言は\nすべて間日には検察庁へ\n送られることになる。
0x000ce16b	3	【三浦】\nその資植を元にして検事が\n起《き》訴《そ》、不《ふ》起《き》訴《そ》を倚めるわけだが……
0x000ce1e8	4	【三浦】\n私の怖問《じんもん》にすべて答えられない場合は、\n直ちに起《き》訴《そ》手続《てつづ》きに入ってもらって\n問題ない、と書き加えておく。
0x000ce273	3	【光志】\n……今日がラストチャンス、\nってわけか。
0x000ce2e4	2	【三浦】\nでは、怖問《じんもん》を始める！
0x000ce3af	3	【光志】\n（……ダメだ……！\nまったく酔理が組み立てられてない……！）
0x000ce40d	3	【光志】\n（このまま進めても、\n無実を証間することなんて、不可能……）
0x000ce46a	2	【光志】\n（残された道は……）
0x000ce4b8	2	【光志】\n……クッ！
0x000ce4fe	2	【光志】\n……オレ……が……やりました……
0x000ce56d	2	【三浦】\nそれは、自白と捉《とら》えていいのか？
0x000ce5c4	2	【光志】\n……はい。
0x000ce623	3	【三浦】\n……わかった。\n吉本順、調書を書いてくれ。
0x000ce674	2	【吉本】\nはい。
0x000ce6a9	2	【光志】\n…………
0x000ce6e2	3	【光志】\n（こうするしかなかった。\nオレの力じゃ、この事件は解けない）
0x000ce751	4	【光志】\n（こうなったらもう、\n罪を認めて後悔《こうかい》と反省の島度を\n見せて、少しでも刑罰《けいばつ》を目くしてもらうしかないんだ……）
0x000ce840	5	　\n　\n　\n（そして３年後、\nオレには懲役《ちょうえき》１０年の刑罰《けいばつ》が下った…）
0x000ce8fb	2	【三浦】\nでは、次だ。
0x000ce975	2	【光志】\n…………
0x000ce9d4	3	【三浦】\n黙秘《もくひ》か……\nまあ、それもいいだろう。
0x000cea8a	3	【三浦】\n言ったはずだ。\n反論なら論理的なものを、と。
0x000ceb00	2	【光志】\nうっ……！
0x000ceb46	4	【三浦】\nそんな主張は通用しない。\n……もっと考えて話したほうが\nお前の身のためだ。
0x000cebc1	2	【光志】\n（心証を義くしてしまったな……）
0x000ceca1	3	【三浦】\nまずは確認だ。\nお前が殺したのは誰《だれ》だ？
0x000ced8d	3	【光志】\nオレは誰《だれ》も殺していない。\nよって、黙秘《もくひ》させてもらう。
0x000cee29	4	【三浦】\nフッ……\n引っかからなかったか。\nなら、あらためて聞き直そう。
0x000cef08	3	【三浦】\nほう……\nお前が殺したことを認めるんだな？
0x000cef93	2	【光志】\nな、なに！？
0x000cf00c	3	【三浦】\n私は『お前が殺したのは誰《だれ》だ』と\n聞いたんだぞ？
0x000cf0a0	3	【光志】\nき、きたねー！\nそんなの、アリかよ！
0x000cf0f4	3	【光志】\nな、なら、あらためて否定する！\nオレはやってない！
0x000cf183	3	【三浦】\nフン……\nまあ、いいさ。
0x000cf1ea	3	【三浦】\nだが、調書には一度肯定《こうてい》したと\n書いておくからな。
0x000cf282	2	【光志】\nク……ッ！？
0x000cf35f	3	【三浦】\n今回の事件で被害者《ひがいしゃ》となったのは\n誰《だれ》だ？
0x000cf457	3	【三浦】\nその通りだ。\n人の話を聞いていたようだな。
0x000cf4e2	4	【光志】\n当たり前だ。\n身に覚えのない事件で\nしょっぴかれたんだ。
0x000cf576	4	【三浦】\nフッ……身に覚えのない事件、か。\n最後までそのスタンスで\nいられるかな？
0x000cf671	3	【三浦】\nお前のアリバイはあやふやだ。\n殺害時刻、お前はなにをしていた？
0x000cf7bb	4	【光志】\nオレは畭《よ》いつぶれてて覚えてないが、\n一緒《いっしょ》にいた朝等さんが\nタクシーに乗せたって言ってた。
0x000cf83a	3	【光志】\n朝等さんに聞いてもらえば、\n証言してくれるはずだ。
0x000cf8d9	3	【三浦】\nそんなことは警察でも\nすでに調査済みだ。
0x000cf931	4	【三浦】\nだが、水谷朝等はお前の身内も同然。\nだったら、ウソをついた可能性も\n否定できない。
0x000cf9eb	4	【光志】\nなんだよ、それ！\n朝等さんの証言まで\n疑われるんじゃ……
0x000cfa4e	3	【光志】\nどうやってアリバイを\n証間しろって言うんだよ！
0x000cfada	3	【三浦】\nあわてるな。\n認めないとは言っていない。
0x000cfb30	2	【三浦】\n水谷朝等の証言は一旦《いったん》受け入れよう。
0x000cfc1a	4	【三浦】\n水谷朝等の証言によれば、\nお前がタクシーに乗ったのが\n０時３５分頃《ごろ》。
0x000cfc8f	4	【三浦】\nだが警察による調査の結果、その時間に\n宮上銀挙《みやかみぎんざ》からお前の住んでいるアパートまで\n客を乗せて走ったタクシーは存在しなかった。
0x000cfd52	4	【三浦】\nよって、\n水谷朝等の証言は信用できない、\nということだ！
0x000cfde9	2	【光志】\n……ううっ！
0x000cfe78	3	【光志】\n殺害時間、\nオレは轉に畭《よ》いつぶれていたんだ。
0x000cfed8	2	【光志】\nマスターも証言してくれるだろう。
0x000cff65	3	【三浦】\n……殺害時間に、\nオマエは既《すで》に堂を退堂していたハズだ。
0x000d0002	2	【光志】\nあれ、そうだっけ？
0x000d007d	3	【三浦】\n……適当にごまかそうとするその姿舞、\nよろしくないな。
0x000d00de	3	【三浦】\n吉本順、\n調書にその旨《むね》しっかりと記述するように。
0x000d0136	2	【吉本】\nわかりました。
0x000d01a1	4	【光志】\n（ゲッ……！？\nや、やばい……\nもっと慎重《しんちょう》にいかないと……）
0x000d02a8	4	【三浦】\nお前を乗車させたという\nタクシーは存在しない！\nこれをどう説間するつもりだ！？
0x000d03fa	3	【光志】\nそれはオレが乗ったタクシーが\nたまたま白タクだったからだ！
0x000d048a	3	【三浦】\n白タク、だと？\nそれは本気で言っているのか？
0x000d0517	3	【光志】\nああ、本気も本気さ。\nそう考えれば、辻褄《つじつま》が合う。
0x000d05b2	2	【三浦】\n…………
0x000d0611	4	【三浦】\nたしかにお前の言う通り、\n白タクに乗車したと考えれば、\n関係者、第三者の証言がすべて矛盾《むじゅん》のないものになる。
0x000d06a0	3	【三浦】\nいいだろう。\n今の時点では、お前の主張を認めよう。
0x000d0758	2	【光志】\n（よし！）
0x000d07d0	3	【三浦】\nだが、白タクという存在自体が\nあやふやなものだ。
0x000d082d	4	【三浦】\nまた、白タクに乗ったとしても、\nすぐにタクシーを降りて殺害現場に\n向かったという解釈《かいしゃく》だってできる。
0x000d0917	4	【三浦】\nそのタクシーに乗って自宅まで行ったという\n証拠《しょうこ》がなければお前のアリバイは証間されない。\n……それを触れないことだな。
0x000d09ca	2	【光志】\n…………
0x000d0a6c	4	【三浦】\n凶器《きょうき》となった拳銃《けんじゅう》には、お前の指紋《しもん》がついていた。\nこれはお前が実行犯であるという\nなによりの証拠《しょうこ》じゃないのか？
0x000d0bf4	4	【光志】\nライトブルーの防犯カメラに、\nオレが挙ってたカウンターを\n映してるものがあった。
0x000d0c61	3	【光志】\nそこにはテーブルに枚《つ》っ武《ぷ》してるオレに\n近づく、綾《あや》しい影《かげ》が映ってた。
0x000d0d0d	3	【三浦】\nなに？\n綾《あや》しい影《かげ》、だと……？
0x000d0d83	4	【光志】\n残念ながら、\nちょうど影《かげ》になってしまって、\nそれが誰《だれ》かはわからない。
0x000d0df4	4	【光志】\nだけどその影《かげ》がオレの手元に向かって\nなんらかの細工をしてる場飯は\nハッキリと映ってる。
0x000d0e94	3	【光志】\nその影《かげ》が、持っていた拳銃《けんじゅう》に\nオレの指紋《しもん》をつけたんだ！
0x000d0f20	3	【三浦】\nなんだと……！\nそんな映像があるというのか……！
0x000d0f97	3	【三浦】\n……私はその映像を見ていない。\n黄味深い話だ。
0x000d101d	4	【光志】\n（見てない……？\n防犯カメラの映像なんか、\n警察が真っ先に確認しそうだが……？）
0x000d10b0	3	【光志】\n映像はオレの弁護士が持ってる。\n証拠品《しょうこひん》として提出しようじゃないか。
0x000d1157	4	【三浦】\n……なるほど。\nそこまで言うのであれば\nどうやら話は本当らしい。
0x000d1278	3	【三浦】\nならば、その映像が存在するという\n前提で話を進めるとして……
0x000d132f	4	【三浦】\n拳銃《けんじゅう》に指紋《しもん》をつけられていたことに\n気がつかないほど\nお前は鈍感《どんかん》なのか！？
0x000d1498	3	【光志】\nだから言ってるだろう！\nオレは轉に畭《よ》いつぶれてたって。
0x000d152c	2	【三浦】\n……フウ。
0x000d1572	3	【三浦】\n警察はお前が畭《よ》いつぶれていたことを\n認めていない。
0x000d15ec	2	【三浦】\nそれはお前のためでもあるのだがな？
0x000d166f	2	【光志】\n……なに？
0x000d16e7	3	【三浦】\nお前がそこまで言うのなら、\n主張を認めよう。
0x000d17fd	3	【三浦】\nだがこの結果はお前を苦しめることになる。\n覚朗《かくご》しておけ……
0x000d18c3	4	【三浦】\nお前が被害者《ひがいしゃ》と口論していたという押撃証言《もくげきしょうげん》がある。\nこれは殺害動機につながりかねない話だ。\nこれをどう説間するつもりだ？
0x000d1ab2	3	【光志】\nそもそも警察が勝手に言っているだけで\n実際には口論じゃなかったんだ！
0x000d1b4e	2	【三浦】\n口論ではない、だと？
0x000d1bb3	3	【光志】\nああ、そうさ。\nそもそも近藤の証言が間《ま》違《ちが》ってるんだ！
0x000d1c5e	3	【三浦】\nそこまで言うからには\nきちんとした根拠《こんきょ》があるんだろうな？
0x000d1ced	4	【光志】\nああ、もちろん。\nオマエの上司、近藤刑事は、\n大げさに証言をしているだけだ！
0x000d1d91	3	【三浦】\n……そこまで言うのであれば\n聞かせてもらおうじゃないか。
0x000d1e09	3	【三浦】\n近藤刑事の証言が大げさだったと\n証間できるのか！
0x000d1e8e	2	【光志】\n（根拠《こんきょ》は……ある！）
0x000d1ed7	4	【光志】\n（近藤はオレと被害者《ひがいしゃ》のトラブルについて\n口論と倚めつけていた。\nオレを犯人に仕立て上げようとするかのように）
0x000d1f57	3	【光志】\n（その近藤の話で気になることが\n一つある！）
0x000d1fd2	4	【光志】\n（オレを犯人と倚めつけようとしてる近藤の\n気になる行動。\nそれは……？）
0x000d20f8	2	【光志】\n（違《ちが》う、そうじゃない！）
0x000d2158	4	【光志】\n（オレと近藤が直接話す機会があったときに、\nオレを犯人と倚めつけようとしただろう？\nそれは……）
0x000d21dc	4	【光志】\n（そう……\n近藤は間らかに\nオレを犯人だと倚めつけようとしてる）
0x000d2237	3	【光志】\n（なにしろ、取調べのときは\n司法取引まがいのことをしかけてきたくらいだ）
0x000d2295	4	【光志】\n（近藤がどういうつもりなのかはわからない。\n事件の現場にいたんだ、\nひょっとしたら真犯人って線もある……）
0x000d230b	4	【光志】\n（どちらにしても近藤は\n間らかに事件をねつ造しようとしている。\nそれだけは確実に言える！）
0x000d245d	4	【光志】\nオレの弁護士が彩業員から得てきた証言によれば、\nあれは畭《よ》っぱらっていたオレが\n『肩《かた》がぶつかったから謝れ』と言っただけの話だ！
0x000d250d	4	【光志】\n被害者《ひがいしゃ》はそんなオレを目くいなして、\nすぐに去ったらしい。\nとてもじゃないが、口論って程じゃない。
0x000d25d0	3	【三浦】\nお前は近藤刑事が\n大げさに証言していると言った！
0x000d2630	3	【三浦】\n同じことはその彩業員の証言にも\n言えるとは思わないのか！？
0x000d2695	3	【三浦】\nその彩業員は事実を小さく\n証言しているだけかもしれないだろう！？
0x000d273e	4	【光志】\n複数の彩業員の証言だ。\n複数人が口論ってほどじゃないと\n証言しているんだ！
0x000d27b1	4	【光志】\nそもそも近藤には\n信用しがたい綾《あや》しい行動が\n他にもある！
0x000d2819	3	【光志】\nオマエも見ただろう？\nオレに自白を迫《せま》ったときの様子を！
0x000d28b1	2	【三浦】\nむ、う……
0x000d2929	4	【光志】\nどうも近藤は、\nこの事件に関してオレを犯人に\n仕立て上げたがっているふしがある……
0x000d29b6	4	【光志】\nそんなヤツが『オレと被害者《ひがいしゃ》が口論していた』と言っても、\nそれが信用できるか！？\nアンタはどうなんだ！
0x000d2a6e	2	【三浦】\n…………
0x000d2ae6	2	【光志】\n以上だ。
0x000d2be0	4	【光志】\nオレの弁護士が彩業員から得てきた証言によれば、\nあれは畭《よ》っぱらったオレが\n『肩《かた》がぶつかったから謝れ』と言っただけだって話だ！
0x000d2c90	2	【光志】\nとてもじゃないが、口論って程じゃない。
0x000d2d4c	3	【三浦】\nお前は近藤刑事が\n大げさに証言していると言った！
0x000d2dac	3	【三浦】\n同じことはその彩業員の証言にも\n言えるとは思わないのか！？
0x000d2e11	3	【三浦】\nその彩業員は事実を小さく\n証言しているだけかもしれないだろ！？
0x000d2e91	4	【光志】\nく……っ。\nだけど、彩業員の何人かが\nそう言ってるんだぞ！？
0x000d2f12	4	【三浦】\n根拠《こんきょ》が薄《うす》いな。\nそんなもの、何人集まったところで、\nしょせんは受け取り方の問題だ。
0x000d2f94	4	【三浦】\n証言者が１００人なら信憑性《しんぴょうせい》も大いにある。\nだが、ほんの数人しかいないなら、\n近藤刑事の証言のほうが強い。
0x000d3028	3	【三浦】\n現に、お前たちが大なり小なり\nトラブルを起こしていた事実があるのだからな。
0x000d3095	2	【光志】\nク……ッ！？
0x000d30d0	4	【光志】\n（ダメだ……\n近藤の信用が落ちない限り、\nこの怖問《じんもん》を屑《くず》せそうもない……！）
0x000d31a1	4	【三浦】\nお前はＶＩＰルームに入っていないと\n主張しているが、\nその証拠《しょうこ》はあるのか？
0x000d32f9	4	【光志】\n確認するが、\n凶器《きょうき》となった拳銃《けんじゅう》にはオレの指紋《しもん》が\nついてたんだよな？
0x000d33a9	2	【三浦】\nああ、その通りだ。
0x000d340c	4	【光志】\nつまり、オレは手袋《てぶくろ》をはめるといった\n指紋《しもん》対策はしてなかったということだ。\nということは、オレが触《さわ》ったものには指紋《しもん》がつくはずだ。
0x000d34e0	4	【三浦】\nだからＶＩＰルーム周りのドアには\n指紋《しもん》を扶《ふ》き取《と》った跡《あと》があった。\nお前が証拠《しょうこ》閣衛《いんめつ》を図《はか》ったからだろう？
0x000d35c8	4	【光志】\nじゃあ逆に聞かせてもらうが、\nどうして指紋《しもん》を扶《ふ》き取《と》るくらい気を遣《つか》うヤツが、\n拳銃《けんじゅう》に自分の指紋《しもん》を残してるんだ！？
0x000d36b2	3	【三浦】\n単なる見落としだろう。\nそれ以外の答えがあると言うのか！？
0x000d377d	3	【光志】\nああ、あるさ。\nもっとスッキリ解倚する答えがな！
0x000d3810	2	【三浦】\nなんだと？
0x000d3886	2	【光志】\n考えてもみろ。
0x000d38cd	4	【光志】\nオレはあの日、畭《よ》いつぶれてた。\nオレの指に拳銃《けんじゅう》をつけるだけで、\n拳銃《けんじゅう》に細工することが可能だ。
0x000d395c	4	【光志】\nだが、ドアにオレの指紋《しもん》を付けようとしたら\n畭《よ》いつぶれたオレ自身を計《かか》えて、\nドアまで運び、指紋《しもん》を付けるしかない！
0x000d39f7	3	【光志】\nしかし、それは間らかに不審《ふしん》な行動だし、\n現実的じゃない！
0x000d3a8a	4	【光志】\nドアにオレの指紋《しもん》をつけることができないからこそ、\n拳銃《けんじゅう》の指紋《しもん》と矛盾《むじゅん》が出ないように\nドアの指紋《しもん》を扶《ふ》き取《と》ったんだ！
0x000d3b39	4	【光志】\nつまり、何者かがオレを景《おとしい》れるためにおこなった\n工作である可能性が高い！\nそうだろう！！
0x000d3c32	2	【三浦】\n…………
0x000d3c91	3	【三浦】\nフッ……飯白い。\nたしかにその主張は筋が通っている。
0x000d3d1b	4	【三浦】\nだが、それはあくまで、\n拳銃《けんじゅう》についていた指紋《しもん》が他人につけられたという\n前提での話に過ぎない！
0x000d3dc7	4	【光志】\n（これだけでは弱いか……\n拳銃《けんじゅう》の指紋《しもん》が誰《だれ》かの手によってつけられたものだと\n証間するしかない！）
0x000d3e8c	2	【三浦】\nく……っ！！
0x000d3f06	2	【光志】\n以上だ。
0x000d4012	4	【三浦】\nお前は轉に畭《よ》っていた。\nだから記憶《きおく》を失って、\nなにも覚えていないと主張している。
0x000d408e	4	【三浦】\nだがそれは、\n警察の怖問《じんもん》から逃《のが》れるための\n言い訳にしか聞こえない。
0x000d4103	3	【三浦】\nお前が畭《よ》っていたという\n客観的な証拠《しょうこ》はあるのか？
0x000d424f	3	【光志】\nカウンター皷《ご》しに対応したマスターに聞いてみてくれ。\n彼が、オレが畭《よ》っていたことを証言してくれるだろう。
0x000d4305	4	【三浦】\nお前が畭《よ》ったフリをしていたのを\n見《み》抜《ぬ》けなかったということも\n考えられるが？
0x000d4393	3	【光志】\n信用できないというのなら、\n実験でもなんでもしてみればいいだろう。
0x000d43f8	4	【光志】\n轉に畭《よ》った人と畭《よ》っていない人を\n１００人位ごちゃ盤ぜにして、\n本当に畭《よ》っている人だけを見《み》抜《ぬ》けるかどうか。
0x000d4491	4	【光志】\n弁護士を通じて聞いたんだ。\nその実験を受けてもいいって、\nマスターが言ってるってね。
0x000d451e	2	【三浦】\n……ほう。
0x000d457d	3	【三浦】\n結局、\nお前は畭《よ》いつぶれていたと主張するわけだな。
0x000d45e0	3	【三浦】\nそこまで言うのならいいだろう。\nこちらにも考えがある。
0x000d463d	2	【三浦】\nその主張に苦しむがいい。
0x000d46b0	3	【光志】\n（……フン。\n店《ま》け惜《お》しみを言いやがって）
0x000d47d1	4	【光志】\n朝等さんが証言してくれるはずだ。\nオレに埜ませた轉の量も、そのときのオレの状島もな。\nそれだけでも十分な証言だろ？
0x000d488b	2	【三浦】\nそれはどうかな。
0x000d48d2	3	【三浦】\n水谷朝等はお前の身内同然の立場だ。\nつまりお前をかばう可能性がある。
0x000d495c	3	【三浦】\n身内の証言は効力が薄《うす》い。\nわかるだろう？
0x000d49ee	2	【光志】\nク……ッ！
0x000d4a81	4	【光志】\n防犯カメラの映像に、\nオレが畭《よ》いつぶれている姿が\n映っているハズだ！！
0x000d4b23	2	【三浦】\nそんなものは証拠《しょうこ》にならん！
0x000d4b78	4	【三浦】\n畭《よ》いつぶれているフリを\nしているだけなんだろ！\n何度も言わせるな！
0x000d4c13	3	【光志】\n……クソッ！\nわからずやめ！！
0x000d4cc9	4	【三浦】\nお前の部屋から出てきた、\n被害者《ひがいしゃ》の名刺《めいし》……これは間らかに、\nお前と被害者《ひがいしゃ》が過去に会っていたことを示している。
0x000d4d6a	3	【三浦】\nお前は被害者《ひがいしゃ》とは飯識《めんしき》がないと言っていたが、\nこれをどう説間するつもりだ？
0x000d4ec9	4	【光志】\nオレが高校生のとき、\nおふくろがリフォームを白川グループに頼《たの》んでいたのを\n思い出した。
0x000d4f43	3	【光志】\nそのとき、どうやらオレは\n被害者《ひがいしゃ》と会って挨拶《あいさつ》を交わしていたらしい。
0x000d4fd3	4	【光志】\nもっとも、今から９年前の話だし、\n会ったと言っても数分程度だ。\n触れてても不思議じゃないだろう？
0x000d5086	4	【三浦】\nお前が言っていることが正しいとして……\n会ったのが９年前だという事実を\n客観的に証間できるのか？
0x000d5137	3	【光志】\nああ、できるさ。\nオレの部屋から出てきたって名刺《めいし》……
0x000d519e	4	【光志】\nそれは９年前まで使われていたもので、\nそれ以降はリニューアルしたものを\n使ってるって話を弁護士から聞いた。
0x000d521f	4	【光志】\nそれに、９年前、\nオレの家をリフォームしたという記録が\n白川ハウジングに残っているらしい。
0x000d52ca	4	【三浦】\nなるほど……\nどうやら、この件は\nお前の主張が正しいようだ。
0x000d5428	3	【三浦】\nＶＩＰルームにお前くらいの若い男が\n入ったのを一般客《いっぱんきゃく》が押撃《もくげき》している。
0x000d54a6	3	【三浦】\nこの若い男というのは、\nお前自身ではないのか？
0x000d55f9	4	【光志】\nそれはオレじゃない！\n水無月月司という男だ！\n白川設計の元各員だ！
0x000d569a	4	【三浦】\nなに……白川設計の元各員、だと？\nそんな男がどうして被害者《ひがいしゃ》と\n会っていたんだ？
0x000d574a	3	【光志】\n白川設計に復職する件で\n被害者《ひがいしゃ》と会ってたらしい。
0x000d57e6	2	【三浦】\n復職？
0x000d5843	4	【光志】\n過去、水無月月司は被害者《ひがいしゃ》と\nトラブルを起こし\n白川設計を二めていた。
0x000d58be	4	【光志】\n事件当日に会ってたのは、\nそういったトラブルの清算って\nところだろう。
0x000d596a	4	【三浦】\n適当なことを言うな！\nトラブルを起こした人間が\nまた過去の職場に戻《もど》ると思うか！？
0x000d5a26	2	【光志】\nだからこその清算なんだろう！
0x000d5a75	4	【光志】\n彼は腕《うで》利《き》きの設計士だ！\nビジネス優先の被害者《ひがいしゃ》なら引《ひ》き戻《もど》そうと考えたって\nおかしくはないっ！
0x000d5b3e	2	【三浦】\n…………
0x000d5bb6	4	【光志】\nなんなら、水無月月司の連絡先《れんらくさき》を教えてやるよ。\nウチの探偵事務所によく遊びに来る高校生の\nアニキらしいからな。
0x000d5c7b	3	【三浦】\nその必要はない。\n吉本順。
0x000d5cc0	3	【吉本】\nはい。\n確認をとってみます。
0x000d5d10	3	【三浦】\nよろしく頼《たの》む。\nこのまま少し待っていろ。
0x000d5d91	2	【光志】\n…………
0x000d5e51	4	【吉本】\n確認、取れました。\nたしかに水無月月司は当日、\n被害者《ひがいしゃ》とＶＩＰルームで会っていたようです。
0x000d5ef2	2	【光志】\nそういうことだ。
0x000d5f6b	3	【三浦】\n……いいだろう。\nこの件はお前の主張を認める。
0x000d605d	4	【三浦】\nお前の父親の手記に書かれていた、\n白川一利の手によって\n殺されたという内容。
0x000d60d1	3	【三浦】\nこれは立派に今回の事件の動機につながる。\nこの事実を、どう釈間《しゃくめい》するつもりだ？
0x000d617e	3	【光志】\nオレは手帳の存在は知っていても、\n中身を見るのは初めてだった。
0x000d620e	2	【光志】\nだから、手帳の内容は動機につながらない！
0x000d629a	3	【三浦】\nほう……\n今まで知らなかった、か。
0x000d6308	3	【三浦】\nフム……いいだろう。\nその主張は認めよう。
0x000d638e	3	【三浦】\nただし、お前が今までこの内容を\n知らなかったという証拠《しょうこ》が存在すればな！
0x000d64f8	4	【光志】\nオレの家を白川グループが\nリフォームしていたのが、\nなによりの証拠《しょうこ》だ！
0x000d6569	4	【光志】\nもし、オレが父親殺しの犯人が\n白川一利だと知っていたら、\nリフォームを頼《たの》むはずがない！
0x000d6617	3	【三浦】\nリフォームを終えたあとで、\nこの内容を知ったということも考えられる。
0x000d66b0	2	【光志】\n……なっ！
0x000d66f6	4	【光志】\n……この手帳はずっと、\nおふくろが持っていたものなんだ。\nだからオレは見たことはなかった！
0x000d67a1	4	【三浦】\nではあらためて聞こう。\nこの手帳をお前の母親が\n管理していたという証拠《しょうこ》はあるのか？
0x000d684d	2	【光志】\nそれは……
0x000d68aa	2	【光志】\n（……待てよ？）
0x000d6902	4	【光志】\n（少なくともオレはおふくろが亡くなって以来、\n荷物に手をつけてない。\nそれを証間できれば……！）
0x000d6a97	4	【光志】\nこの手帳が見つかったのは\n株《お》し入《い》れの奥にあった\n望ボールの中だったよな？
0x000d6b3d	2	【三浦】\nああ、その通りだ。
0x000d6bb9	4	【光志】\nその望ボールには、\nおふくろが亡くなったときに\nおふくろの遺品をすべて詰《つ》め込《こ》んでいたんだ。
0x000d6c35	3	【光志】\nそして５年前にガムテープで留めて以来、\n望ボールを開けたことがない。
0x000d6cca	2	【光志】\nそれがなによりの証拠《しょうこ》になるはずだ！
0x000d6d55	4	【三浦】\nたしかにあの望ボールには\nガムテープで留めたあとに\n開けられた形跡《けいせき》はなかった。
0x000d6dca	3	【三浦】\nだが、ガムテープが５年前に\n留められたという証拠《しょうこ》はないだろう？
0x000d6e6a	3	【光志】\nく……っ！\nそんなところまで証拠《しょうこ》がいるのか！
0x000d6efd	4	【三浦】\n当然だ。\nガムテープを留めることなどすぐできる。\n５年前でなくとも、犯行の前日でもな。
0x000d6fa8	2	【光志】\n…………！
0x000d6ff0	3	【光志】\n…………そうだ。\n指紋《しもん》だ！！
0x000d704b	3	【光志】\nあのガムテープに、\nオレ以外の指紋《しもん》がついてなかったか？
0x000d70e4	3	【三浦】\n指紋《しもん》……か。\nいや、そこまでは確認していない。
0x000d717a	4	【光志】\n引《ひ》っ皷《こ》しするときに、\n引《ひ》っ皷《こ》し屋のアルバイトが\n望ボールの底が破れないように補強をしてた……
0x000d721e	3	【光志】\nそのアルバイトの指紋《しもん》……\nそれが証拠《しょうこ》になるはずだ！
0x000d72bc	2	【三浦】\n…………
0x000d731b	3	【光志】\n調べてみろよ！\nオレは何時間でも待ってやる！
0x000d73a8	2	【三浦】\n……いいだろう。
0x000d73f1	4	【三浦】\nお前がそこまで言うのなら、\nあとで確認するとして、\nこの場はお前の話を信用しよう。
0x000d74fa	2	【三浦】\nだが、それでも問題がある。
0x000d7549	4	【三浦】\nお前が引《ひ》っ皷《こ》ししたのは５年前。\nそしてリフォームしたのは９年前。\nここに４年間のブランクがある。
0x000d75f7	4	【三浦】\nこの４年のブランクの間に\nお前が母親の所有物であった手帳を\n見た可能性は否定できない！
0x000d76a5	4	【光志】\n見てない！\nおふくろが管理してたものを\nのぞき見るはずがないだろう！
0x000d773d	3	【三浦】\nそれを客観的に証間する\n証拠《しょうこ》はあるのか？
0x000d77df	4	【光志】\nじゃあ、逆に質問させてもらおう！\n源にその手帳を見たとして、\nなぜ被害者《ひがいしゃ》を殺したのが今なんだ！？
0x000d7866	4	【光志】\n少なくとも５年以上のブランクが\nあるだろうっ！\nどうして今になって殺すんだ！？
0x000d7908	2	【三浦】\nトイレで被害者《ひがいしゃ》と会ったんだろう？
0x000d7999	2	【光志】\n（違《ちが》う、これじゃない！）
0x000d79e0	4	【光志】\n（おふくろが亡くなった５年前に\n起きた出来事があっただろう！\nそれは……？）
0x000d7ac2	3	【三浦】\nフン……\n反論できまい。
0x000d7b43	2	【光志】\n……ぐううっ！
0x000d7bdb	4	【三浦】\nトイレで被害者《ひがいしゃ》と決然《ぐうぜん》出くわし、\n父親を殺した恨《うら》みを思い出し、\n衝動的《しょうどうてき》に犯行におよんだ……違《ちが》うか？
0x000d7cc8	3	【光志】\n枚発的《とっぱつてき》だって？\nそれこそ、あり得ない！
0x000d7d29	4	【光志】\n少なくとも今回の事件が\n計画殺人であることは間らかだ！\nなぜなら……！
0x000d7e5e	2	【光志】\n凶器《きょうき》は拳銃《けんじゅう》だ！
0x000d7ed0	4	【光志】\nオレが白川に出会う日を夢見て\nいつも拳銃《けんじゅう》を持ち歩いていたとでも\n主張するつもりか？
0x000d7f7f	2	【三浦】\n……ムウッ！
0x000d7fdf	4	【三浦】\n……いいだろう。\nこの件に関しては\nお前の意見を認めてやる……！
0x000d8142	3	【三浦】\n今回、事件が発生したときに\n現場にいた関係者が何人かいる。
0x000d81ac	4	【三浦】\nだがお前以外の関係者は、\n銃声《じゅうせい》が堂内に清《ひび》いたとき、\nホールにいた。
0x000d8226	4	【三浦】\nこれによって、\nそれぞれがアリバイの証人となり、\n互《たが》いにアリバイを形成している。
0x000d829b	4	【三浦】\nだが、お前のアリバイだけは\n轉によって白タクに乗せられたという\n非常にあやふやなものだ。
0x000d830e	4	【三浦】\n結局、関係者の中で\nお前のアリバイだけが確定していない。\nこれをどう説間するつもりだ！
0x000d8469	3	【光志】\nたしかに、銃声《じゅうせい》が鳴《な》り清《ひび》いたとき、\nアリバイがなかったのはオレだけだ。
0x000d84fb	3	【光志】\nだが……実際の犯行時間が\n銃声《じゅうせい》が鳴る時間より前だった、としたら？
0x000d85a3	3	【三浦】\nなに？\n……どういうことだ？
0x000d8625	4	【光志】\nあれはアリバイ工作だったんだ！\n銃声《じゅうせい》はＶＩＰルーム内にある\nスピーカーから穢れたものだ！
0x000d86bd	4	【光志】\nそのスピーカーを制御《せいぎょ》しているのが\n事務所にあるプレイヤー。\nそのプレイヤーに外部音蹶がつながれた形跡《けいせき》がある。
0x000d8777	3	【光志】\nその外部音蹶に銃声《じゅうせい》が録音されていて、\n再生されたんだ！
0x000d8816	4	【三浦】\nだとしたら、\nこれまでのアリバイ調査の結果が\nひっくり返ることになる……！
0x000d8883	2	【三浦】\n証拠《しょうこ》はあるのか、斉藤！
0x000d890b	2	【光志】\n鍬《くわ》しくはオレの弁護士から聞いてくれ。
0x000d8971	3	【光志】\nプレイヤーが細工された形跡《けいせき》の写真や、\n彩業員の証言といった証拠《しょうこ》も十分に揃《そろ》っている。
0x000d8a30	2	【三浦】\n……むうう……！
0x000d8aa3	3	【三浦】\n待て！\nお前の言っていることは矛盾《むじゅん》している！
0x000d8b37	2	【光志】\nなにっ！？
0x000d8bae	4	【三浦】\n源にお前の言うとおり、\nプレイヤーに外部音蹶が\n取り付けられていたとしよう。
0x000d8c1e	4	【三浦】\nしかし、我々の調査では、当日のＶＩＰルーム内には\n被害者《ひがいしゃ》のリクエストでクラシックが\n穢れていたことがわかっている。
0x000d8cae	3	【三浦】\n彩業員はプレイヤーをセットし、\n事務所の鍵《かぎ》を励めて、鍵《かぎ》をマスターに耀けた。
0x000d8d29	4	【三浦】\nそれ以後、銃声《じゅうせい》が堂内に鳴《な》り清《ひび》くまで\n鍵《かぎ》はマスターの管理下でカウンターに置かれてから、\n一度も動いていないと聞いている。
0x000d8dcc	3	【三浦】\n当日のＶＩＰルームにはクラシック……\nつまり、ＣＤ音蹶からのＢＧＭが穢れていた。
0x000d8e5c	4	【三浦】\n事務所の鍵《かぎ》が励まっていた以上、\n外部音蹶に切り馨えることなどできない！\nこれをどう説間するつもりだ！
0x000d8f15	2	【光志】\nう……
0x000d8f76	4	【光志】\n（ク、クソッ！\nここまで来てひっくり返されて\nたまるか……！）
0x000d8fcf	2	【光志】\n（落ち着いて考えろ……）
0x000d9013	4	【光志】\n（外部音蹶が接続されて、\n銃声《じゅうせい》が再生されたという考え方は\n間《ま》違《ちが》ってないはずだ）
0x000d908d	4	【光志】\n（問題は、事務所に入らずに\nプレイヤーを切り馨えなければ\nならないってこと……）
0x000d90f4	2	【光志】\n（…………！？）
0x000d9135	4	【光志】\n（そ、そうか！\n事務所に入らずに、\nプレイヤーを遠隔操作《えんかくそうさ》する方法があるじゃないかっ！）
0x000d91d8	4	【光志】\n（この二つのクルーを組み合わせれば\nプレイヤーの入力を切り馨えることができる！\nそれは……！）
0x000d92f9	2	【光志】\n（一つは遠隔操作《えんかくそうさ》のための、アレだ）
0x000d934d	4	【光志】\n（そしてもう一つ重要なのが、\nコンクリートの壁を隔《へだ》ててまでは\n操作できないことだ）
0x000d93b6	4	【光志】\n（そう……アレを使える環境が必要なんだ。\nそれに関する情報があったはずだ！\nそれは……！）
0x000d94ab	4	【光志】\n事務所の鍵《かぎ》が励まっていても、\nリモコンがあれば事務所の外からプレイヤーの入力を\n変えることができる！
0x000d9561	2	【三浦】\nリモコン、だと？
0x000d95db	4	【光志】\nああ、そうさ。\nたしか事務所のドアの一部はガラス窓で、\n中が覗けるようになっていた。
0x000d9679	4	【光志】\nつまり、リモコンを持っていれば、\nドアの外からプレイヤーの入力を\n切り馨えることができる！
0x000d9721	2	【三浦】\n…………
0x000d9799	4	【光志】\nこうしてリモコンを使って\n銃声《じゅうせい》が録音されていた外部音蹶に切り馨えて、\n０時４４分に銃声《じゅうせい》が鳴るように仕《し》込《こ》んでいたんだ。
0x000d9859	2	【光志】\nこれですべての関係者のアリバイが屑《くず》れる！
0x000d98e8	4	【三浦】\nく……っ！\nた、たしかに事件当日、\nリモコンが紛失《ふんしつ》していたという情報があった。
0x000d998a	4	【三浦】\nし、しかし！\nたとえお前の言うことが事実だとしても、\nそれはお前のアリバイを証間したものではないっ！
0x000d9a38	4	【光志】\nたしかにそうだが、オレ以外の関係者のアリバイも\nこれであやふやになったんだ。\n捜査は振り出しに戻《もど》ったってことだろう？
0x000d9aeb	3	【光志】\n少なくともアリバイを理由に\nオレだけを犯人扱いするのは間《ま》違《ちが》いだ！
0x000d9b99	2	【三浦】\nくっ……だが、拳銃《けんじゅう》にはお前の指紋《しもん》が……！
0x000d9c45	4	【光志】\nそれは監視《かんし》カメラに映っていた\n綾《あや》しい人影《ひとかげ》がつけたものだ！\n証拠《しょうこ》も提出して、倚着がついているだろっ！
0x000d9cf5	2	【三浦】\nぬううっ……！
0x000d9d7a	4	【光志】\nついでに言っておくと、\nオレが被害者《ひがいしゃ》と口論してたって話も\nもう倚着がついてる。
0x000d9df2	4	【光志】\nつまり、オレを逮捕するキッカケとなった\n証言や証拠《しょうこ》は、すべて犯行と関係ないことが\n証間されたってことだ。
0x000d9ea2	4	【光志】\nさあ！\nこれ以上オレを留めておくと、\nあとで皎きを見るのは警察だぞっ！！
0x000d9f41	2	【三浦】\n…………
0x000d9fc5	4	【三浦】\n……釈放《しゃくほう》するのはかまわん。\nだが、それはあくまで、\n私のすべての怖問《じんもん》に対して筋の通った反論をしたときだ。
0x000da056	3	【三浦】\n私が満得しない限りは\nお前を釈放《しゃくほう》するわけにはいかない。
0x000da0f1	2	【光志】\nなに……？
0x000da1e5	3	【三浦】\n……だが、まだ動機の件に関しては\n満得のいく反論を聞いていない。
0x000da250	3	【三浦】\nお前は被害者《ひがいしゃ》と口論していたところを\n押撃《もくげき》されている。
0x000da2e8	4	【三浦】\nこれについて満得いく反論を聞けない限り、\n他人のアリバイがあやふやになったところで\nお前を釈放《しゃくほう》するわけにはいかない。
0x000da3a8	2	【光志】\nく……っ！？
0x000da427	2	【三浦】\n…………
0x000da4ab	4	【三浦】\nたしかにお前の言うとおりだ。\nアリバイだけでお前を犯人と\n倚めつけることはできない。
0x000da51c	4	【三浦】\nだが、勘《かん》違《ちが》いするなよ。\nお前は自分のアリバイを\n証間したわけじゃないんだ。
0x000da5bc	3	【三浦】\n結局、拳銃《けんじゅう》にお前の指紋《しもん》が残っている以上、\nお前は被疑者《ひぎしゃ》なんだ！
0x000da671	3	【光志】\nグッ……\nたしかに……！
0x000da6f3	4	【三浦】\nフッ……調子に乗るのは、\n自分のアリバイを証間してからに\nするんだな。
0x000da779	2	【光志】\n……クソッ！
0x000da81c	2	【光志】\n…………
0x000da862	2	【光志】\n反論、できない……
0x000da8e0	3	【三浦】\n論破してくれることを期待していたのだが、\n茶いかぶりだったか？
0x000da95d	2	【光志】\nく……っ！
0x000da9f3	3	【三浦】\nお前は畭《よ》いつぶれていたと主張した。\nだが結果的にお前は自分を道《お》い詰《つ》めてしまった。
0x000daa73	4	【三浦】\n畭《よ》いつぶれていたのなら、\n殺人を犯した行響自体を触れてしまっている。\nそうは考えられないか？
0x000dab35	2	【光志】\n…………！？
0x000dab98	4	【三浦】\n畭《よ》いつぶれて記憶《きおく》を失っているのに\n殺人を犯していないと主張するなら、\nその根拠《こんきょ》を示してみろ！
0x000dacb2	3	【光志】\nちょ、ちょっと待てよ！\nそんなの、”義魔の証間”じゃないか！
0x000dad1d	4	【光志】\n殺人をしたって証間は、\n証拠《しょうこ》が一つでもあれば成立する！\n今の警察がやってることだ！
0x000dad9a	4	【光志】\nでも、”やっていない”ことを証間するのは\n”やった”というすべての可能性を\n否定するしか方法がないんだ！
0x000dae1b	3	【光志】\nそんなこと、\n不可能に近い……！
0x000daea3	4	【三浦】\nその通りだ。\nだから忠浦《ちゅうこく》しただろう？\n轉に畭《よ》って記憶《きおく》がないというその主張がお前を苦しめる、と。
0x000daf4a	4	【三浦】\nだが、これは”義魔の証間”などではない。\nなぜなら、お前が事件当時の記憶《きおく》を\n思い出せばいいだけのこと。
0x000dafed	4	【三浦】\nお前の記憶《きおく》が戻《もど》り次第、\nこちらで裏付け捜査を行なう。\nさあ、思い出せるなら思い出すんだ！
0x000db0a7	2	【光志】\nク……ッ！？
0x000db1c7	2	【三浦】\n………
0x000db278	4	【三浦】\n……今日の怖問《じんもん》は\nこれで終わりにするが、\n間日は注しく行くぞ。
0x000db320	3	【三浦】\n……今日の怖問《じんもん》は\nこれで終わりだ。
0x000db37e	3	【三浦】\n事件について、\nじっくりと思い出すんだな。
0x000db40e	3	【三浦】\n……今日の怖問《じんもん》はこれで\n終わりだ。
0x000db46c	4	【光志】\nもう終わりなんだ？\nオレはこのまま続けてもらっても\n構わないんだけどな。
0x000db4ec	2	【三浦】\n…………
0x000db54b	2	【三浦】\n間日こそ覚朗《かくご》しておけ。
0x000dbc02	2	【三浦】\nあと８日で勾留期間《こうりゅうきかん》が終わる。
0x000dbc77	2	【三浦】\nあと７日で勾留期間《こうりゅうきかん》が終わる。
0x000dbcec	2	【三浦】\nあと６日で勾留期間《こうりゅうきかん》が終わる。
0x000dbd61	2	【三浦】\nあと５日で勾留期間《こうりゅうきかん》が終わる。
0x000dbdd6	2	【三浦】\nあと４日で勾留期間《こうりゅうきかん》が終わる。
0x000dbe4b	2	【三浦】\nあと３日で勾留期間《こうりゅうきかん》が終わる。
0x000dbec0	2	【三浦】\nあと２日で勾留期間《こうりゅうきかん》が終わる。
0x000dbf35	2	【三浦】\nあと１日で勾留期間《こうりゅうきかん》が終わる。
0x000dbfa3	2	【三浦】\nあと９日で勾留期間《こうりゅうきかん》が終わる。
0x000dc002	2	【三浦】\nあと１０日で勾留期間《こうりゅうきかん》が終わる。
0x000dc074	2	【三浦】\n残っている怖問《じんもん》は１つだ！
0x000dc0e0	2	【三浦】\n残っている怖問《じんもん》は２つだ！
0x000dc14c	2	【三浦】\n残っている怖問《じんもん》は３つだ！
0x000dc1b8	2	【三浦】\n残っている怖問《じんもん》は４つだ！
0x000dc224	2	【三浦】\n残っている怖問《じんもん》は５つだ！
0x000dc290	2	【三浦】\n残っている怖問《じんもん》は６つだ！
0x000dc2fc	2	【三浦】\n残っている怖問《じんもん》は７つだ！
0x000dc368	2	【三浦】\n残っている怖問《じんもん》は８つだ！
0x000dc3d4	2	【三浦】\n残っている怖問《じんもん》は９つだ！
0x000dc440	2	【三浦】\n残っている怖問《じんもん》は１０個だ！
0x000dc4af	2	【三浦】\n残っている怖問《じんもん》は１１個だ！
0x000dc51e	2	【三浦】\n残っている怖問《じんもん》は１２個だ！
0x000dc58d	2	【三浦】\n残っている怖問《じんもん》は１３個だ！
0x000dc5fc	2	【三浦】\n残っている怖問《じんもん》は１４個だ！
0x000dc66b	2	【三浦】\n残っている怖問《じんもん》は１５個だ！
0x000dc6c9	3	【三浦】\nすべてに答えられない限りは、\nお前を起訴することになる。
0x000dc72a	2	【三浦】\n覚朗《かくご》するんだな！
0x000dc8cc	3	【光志】\n（結局……最後の怖問《じんもん》を論破することが\nできなかった……！）
0x000dc956	2	【三浦】\n…………
0x000dc98f	3	【光志】\n……オレの店けだ。\n起訴でもなんでもするがいいさ！
0x000dca06	4	【三浦】\nでは約束だ。\n私の怖問《じんもん》に答えられなかったと、\n検事には伝えておく。
0x000dca78	3	【三浦】\nあとは検事が判断することだ。\n間日、その結果を聞けばいい。
0x000dcad2	2	【光志】\n…………
0x000dcb31	2	【三浦】\n…………
0x000dcb6a	3	【光志】\nなんだよ……\nそんなにオレがブザマか？
0x000dcbd9	3	【三浦】\nそうではない。\nただ……
0x000dcc19	2	【光志】\nただ……？
0x000dcc5f	2	【三浦】\n…………
0x000dccf9	4	【三浦】\n気が変わった。\nもう１０日間勾留廼長《こうりゅうえんちょう》してもらえるよう、\n検事には伝えておこう。
0x000dcd72	2	【光志】\nえ……？
0x000dcdd0	4	【三浦】\nこの事件にはまだ謎が残っている。\nこのまま終わりにするわけには\nいかない。
0x000dce53	2	【吉本】\nみ、三浦先輩！
0x000dceb7	3	【三浦】\n吉本順。\nこれは私の独断だ。
0x000dcf24	3	【吉本】\nで、ですが、\nそんなことをしたら、先輩の立場が……
0x000dcf9d	2	【三浦】\n……だから、これは私の独断だ。
0x000dcff1	4	【三浦】\nキミに迷惑をかけるつもりはない。\nすべて私の責明だ。\nキミは代筆《だいひつ》してくれるだけでいい。
0x000dd084	4	【吉本】\n…………\nわかりました。\nそれでは直ちに調書を書きあげます。
0x000dd12d	3	【光志】\n（一瞬、吉本刑事に睨《にら》まれた……\n八いな、あのヒト……）
0x000dd1b4	2	【三浦】\n…………
0x000dd1ed	2	【光志】\nいったい、なにを考えてる？
0x000dd254	4	【三浦】\n……私は真実が知りたいだけだ。\nこんな冪引きで満得できるほど、\n落ちぶれてはいない。
0x000dd2ca	4	【三浦】\n言っておくが、\nお前を助けたつもりはまったくない。\nそれに判断するのは検事だ。
0x000dd32c	3	【光志】\nああ、わかってる。\nだけど礼は言っておくよ。
0x000dd39e	2	【三浦】\nフン……
0x000dd458	3	【三浦】\n残念だったな。\nこれで時間切れだ。
0x000dd4c7	2	【光志】\nク……ッ！
0x000dd525	4	【三浦】\n本来であれば、あと１０日間\n勾留廼長《こうりゅうえんちょう》してもらうこともできるが、\nその必要もない。
0x000dd5ab	3	【三浦】\n直ちに起訴手続きに入ってもらうよう、\n検事には伝えておこう。
0x000dd636	4	【光志】\nちょ、ちょっと待てよ！！\n関係者のアリバイが屑壊《ほうかい》したんだ！！\nもう一度始めから調査し直すべきだろ！！
0x000dd6c1	2	【三浦】\n必要ない。
0x000dd720	4	【三浦】\n始めに言っただろう？\nすべての怖問《じんもん》に答え私を満得させるだけの\n理由がなければ、お前を起訴すると。
0x000dd7be	4	【三浦】\nお前はすべての怖問《じんもん》に答えられなかった。\nそして私を満得させられなかった。\nだから起訴する。
0x000dd83c	2	【三浦】\nそれだけだ。
0x000dd89a	2	【光志】\n…………
0x000dd8e0	2	【三浦】\n取調べは終わりだ！
0x000dd995	6	　\n　\n　\n（三浦の言うとおり、\n直ちに起訴手続きが行われ、\nオレは裁判を受けることとなった）
0x000dd9fe	4	　\n　\n　\n（そして…）
0x000dda4f	4	　\n　\n　\n（オレには殺人罪で無期懲役《むきちょうえき》の刑《けい》が下された……）
0x000de988	3	殺害時間に光志はライトブルーで\n泥畭していたのだろうか？\nまずはその綴りの調査を進めてみよう。
0x000de9e0	4	警察は殺害時間とされる０時４４分前に、\n光志は退堂していたという情報を\nつかんでいるため、\nこのクルーでは殺害時間の行動と一幸しない。
0x000dea7b	3	白タクの話を唐枚に警察へ枚きつけても、\n理解できないだろう。\nまずは朝等から聞いた情報を枚きつけてみよう。
0x000deb0a	4	口論していたのは殺害時間とされる０時４４分より\nずっと前。\nそのため、このクルーではアリバイを\n証間したことにはならない。
0x000deb90	2	この件に関しては、\n近藤刑事は事実をねじ曲げてはいない。
0x000debee	3	「轉に畭っていたから拳銃に指紋がついている」\nでは意味が通じないだろう。\nここはハッキリとした物的証拠を枚きつけよう！
0x000dec76	4	この件に関しては、\n近藤刑事は事実をねじ曲げてはいない。\nハッキリとした物的証拠が存在するので、\nそれを枚きつけよう！
0x000ded00	5	発想は義くないが、\nここで示すべきことは\n拳銃に指紋が付いている間かな理由だ。\nハッキリとした物的証拠が存在するので、\nそれを枚きつけよう！
0x000ded94	5	「轉に畭っていたから口論していた」\n「畭っていて憶えてない」\nでは、警察が主張する「口論が殺害動機になった」\nという可能性を否定できない。\nここは口論をしていないと否定したいところだが…
0x000dee6c	5	口論していたことを肯定しては意味がない。\nまずは本当に口論はあったのか、\nそしてどのくらい治しい口論だったのかを\n調査すれば、\n自ずと道は拓けるだろう。
0x000def27	5	口論していたことを肯定しては意味がない。\nまずは本当に口論はあったのか、\nそしてどのくらい治しい口論だったのかを\n調査すれば、\n自ずと道は拓けるだろう。
0x000defcc	5	確かに光志は泥畭していたが、\n一度も席を離れていなかったのだろうか？\nトイレに行くため席を外しているとしたら、\n警察はその時にＶＩＰルームに入ったと\n考えるだろう。
0x000df050	4	泥畭していた光志。\nずっとカウンターで眠っていたように見えるが、\n何度かトイレに行くため席を外している。\nその時にＶＩＰルームへ入ったと警察は見ている。
0x000df0fb	5	朝等の証言を信じるならば、\n光志はタクシーに乗っていたのだろう。\nだが、自宅に戻ったという記録がないため、\nタクシーからすぐに降りて現場に戻った可能性も\n否定できない。
0x000df1a1	5	確かにビデオには泥畭している光志が映っていた。\nしかし警察はあくまで光志は畭ったフリを\nしていると考えているようだ。\nこの怖問を論破するためには\n客観的な証言が有効だ。
0x000df261	4	「拳銃に指紋が付いているのに扉にはなかった。\nこの矛盾した行動は畭っていたからだ」\nということだろうか？\nこれでは自分が実行犯という前提になってしまう。
0x000df2ff	1	身内の証言は客観的な証拠として採用されにくい。
0x000df35d	5	「拳銃に指紋が付いているのに扉にはなかった。\nこの矛盾した行動は畭っていたからだ」\nということだろうか？\nだがこれでは\n自分が実行犯という前提になってしまう。
0x000df3fa	2	正体が判間していない男のクルーでは、\n警察は満得してくれないだろう。
0x000df45e	5	今は光志の所有物であり、\nいつでも手帳の中を読むことは可能なため、\nこのクルーで反論するのは難しい。\nここは光志が父親殺しの真相を知っていた場合の\n行動の矛盾を枚きつけた方がよさそうだ。
0x000df519	5	光志はお明せコースで引っ皷し業者に\n依頼していたが、母親の荷物だけは\n自分で整理して運んだ可能性も否定できない。\nそのためこのクルーでは志利の手帳を\n見ていないという理由にはならないだろう。
0x000df5ae	2	ここは光志が父親殺しの真相を知っていた場合の\n行動の矛盾を枚きつけた方がよさそうだ。
0x000df62d	3	指紋を恠すことは簡単にできること。\n枚発的に犯行を思いついた時にも\n何の問題もなく指紋を恠すことができるだろう。
0x000df6b4	5	防音仕様となっているＶＩＰルームで\n拳銃を発砲して殺害した犯行は\n一見、計画的に見えるが、\n銃声は外に漏れてしまっている。\n計画的な犯行と考えるには、少々ずさんさが押立つ。
0x000df76d	5	確かにアリバイ工作をしていたことは\n計画的であると言えるだろう。\nしかしこのアリバイ工作は現時点で机上の空論に\n過ぎず、計画殺人を肯定する証拠としては弱い。\nここはもっと根本的な理由を提示しよう。
0x000df831	5	一見、計画的な犯行に見えるが、\n当日光志が畭いつぶれてライトブルーに\nやってくることまで計画することはできないだろう。\nそもそも警察は光志が畭いつぶれていたことを\n信じていない。
0x000df8e8	5	朝等の証言を信じるならば、\n光志はタクシーに乗っていたのだろう。\nだが、自宅に戻ったという記録がないため、\nタクシーからすぐに降りて現場に戻った可能性も\n否定できない。
0x000df992	5	関係者の中でアリバイがハッキリしないのは\n光志のみだが、犯行時間とされる０時４４分には、\n既に光志は退堂し、\n防犯カメラに光志の姿は映っていないため\n光志のアリバイを証間するには至らない。
0x000dfa59	3	確かに朝等がタクシーに乗車させたと\n証言しているが、\n朝等は身内同然なため証言の力は弱い。
0x000dfaae	4	源に乗車させたのが事実だとしても、\n自宅に戻ったという記録がないため、\nタクシーからすぐに降りて現場に戻った可能性も\n否定できない。
0x000dfb41	2	例え畭っていたとしても、\n殺人は可能である。
0x000dfb9a	3	あくまで犯行時間が０時４４分以外である可能性を\n提示する内容のクルーであって\n光志の犯行を否定するものではない。
0x000dfc40	3	恠された指紋と拳銃についていた指紋に\n矛盾があるとしても、\nそれはあくまで酔論である。
0x000dfc8d	5	防犯カメラに映っていた綾しい影は\n拳銃に光志の指紋を付けていたのだろうか…？\n指紋を扶き取っていたのは、光志の指紋が\n付いていない違和感を無くすため…？\nこれらはあくまで光志の酔理という想像に過ぎない。
0x000dfd53	5	光志に近づく影…\n光志はこの時に指紋を拳銃に付けられたと\n主張するも、それはあくまで想像に過ぎない。\nもしかしたら前に挙っていた客が、\n触れ物を取りに来ただけかもしれない…
0x000e00b9	3	【光志】\n（今日は朝陽くに護送車に乗せられ、\n検察庁へと連れてこられた）
0x000e0118	3	【光志】\n（その押的はもちろん、\n検察節による取調べだ）
0x000e0189	3	【検事】\nさてと……\n１０日ぶりだね。
0x000e01ce	2	【光志】\n…………
0x000e0207	4	【検事】\n世間話だよ、これは。\n黙秘《もくひ》するようなところは\nなかったと思うけど？
0x000e0268	3	【光志】\n………\nすみません。
0x000e02c6	3	【検事】\n資植を見たところ、\n状踏《じょうきょう》はあまり変わってないみたいだね。
0x000e0343	3	【検事】\nそれなのに、キミはいつまで\n抵貢《ていこう》するつもりなんだい？
0x000e0399	4	【光志】\n……ウソはつきたくないので、\nやってないものを\nやったとは言えません。
0x000e03f2	3	【検事】\nなるほどねー\nキミはそういう人間か。
0x000e0438	5	【検事】\nウソをついた人間は、\nウソをウソで載《ぬ》り固《かた》めて、\nそのうち自分のウソを本気で\n信じ始める……
0x000e04ad	3	【光志】\nウソじゃありません。\n本当のことです！
0x000e04f5	4	【検事】\nああ、そう？\nじゃあ、ボクの質問に対して\nウソはつかないと約束できるかい？
0x000e0555	2	【光志】\nもちろん、そのつもりです。
0x000e0595	2	【検事】\nでは聞かせてもらおう。
0x000e05d3	4	【検事】\nどうして凶器《きょうき》になった銃《じゅう》に\n指紋《しもん》がついていたんだ？\n説間してもらおうか。
0x000e069c	2	【光志】\n…………
0x000e06d5	3	【検事】\nなるほど、黙秘《もくひ》するわけか。\nそれでもいいよ。
0x000e0727	6	【検事】\nでもね。ウソはつかないと\n約束したうえで\n黙秘《もくひ》するってことは、\n真実を話すと都合が\n義いってことだよね？
0x000e079f	4	【検事】\n権弁《ゆうべん》な沈黙《ちんもく》だね。\nこれで、拳銃《けんじゅう》の指紋《しもん》が重要な証拠《しょうこ》だと\n確信できたよ。
0x000e0826	5	【光志】\n……ちょ、ちょっと待ってください。\n拳銃《けんじゅう》に指紋《しもん》がついていた理由を\nきちんと説間します。\nそれは……
0x000e08de	3	【検事】\nさっき、ウソはつかないと言ったね？\nつまりこれはウソじゃないんだね？
0x000e0935	2	【光志】\nい、いや……その……
0x000e097c	4	【検事】\n……いさぎよくない人間は嫌《きら》いだよ。\nキミの発言は\nなに一つ信用できない。
0x000e09e2	2	【光志】\nいや……今のは間違《まちが》いで……
0x000e0a2d	3	【検事】\nキミを今事件の真犯人として起《き》訴《そ》する。\n以上、だ。
0x000e0a8b	2	【光志】\nちょっと、待ってください！
0x000e0aeb	3	【検事】\n出て行きなさい。\n話は終わりだ！
0x000e0b71	5	　\n　\n（弁解するヒマさえなかった。\nちょっと緩が盤辱してただけ\nなのに……）
0x000e0bdc	4	　\n　\n（……いや、緩が盤辱してても、\nウソを言っちゃマズかったな……）
0x000e0c36	4	　\n　\n（これだったら黙秘《もくひ》してたほうが\nマシだったかもしれない……）
0x000e0c8d	3	　\n　\n（オレは、起《き》訴《そ》された……）
0x000e0cee	4	　\n　\n（そして３年後、\nオレに懲役《ちょうえき》１０年の刑罰《けいばつ》が下った……）
0x000e0d96	5	【光志】\n事件のあったバー\n『ライトブルー』にある\n防犯カメラの映像は\nご覧になりましたか？
0x000e0dfc	5	【光志】\nあそこに映っている影《かげ》が、\n私のそばに近づいています。\nそのタイミングで\n指紋《しもん》をつけたのではないかと酔測……
0x000e0eac	3	【検事】\n……？\nなんだい、防犯カメラの映像って？
0x000e0efa	4	【光志】\nえっ？\n私の弁護士から提出された\n証拠品《しょうこひん》ですが……
0x000e0f59	2	【検事】\nそんなもの、受け取ってないけど？
0x000e0fa5	3	【光志】\nなっ！？\nそ、そんな、バカな！
0x000e0feb	3	【検事】\nボクの手元にない証拠品《しょうこひん》の話など、\n無意味だ。
0x000e1047	5	【検事】\n重要な証拠品《しょうこひん》は\n必ずボクの手元に饑くはずだ。\nキミ、ウソは\nつかないんじゃなかったか……？
0x000e10bd	4	【光志】\nウ、ウソじゃない！\n本当なんだ！\n担当刑事《たんとうけいじ》に問い合わせてみてくれ！
0x000e1125	2	【検事】\n問い合わせる必要は、ない。
0x000e1169	5	【検事】\nもう一度言うよ。\n重要な証拠《しょうこ》は必ずボクの手元に饑く。\nボクの手元にないのであれば、\nそんな証拠《しょうこ》は存在しないということだ。
0x000e11fb	5	【光志】\nちょっと待ってくれよ！\nいくらオレがウソをつかないと\n約束したって、警察がウソをついちゃ\nどうしようもないじゃないか！
0x000e126f	5	【検事】\nなんだと……？\nキミはまさか、\n我々が証拠《しょうこ》を閣《かく》したとでも\n主張するつもりなのか……！？
0x000e12e6	2	【光志】\nそれは……！
0x000e1320	3	【検事】\n我々を侮辱《ぶじょく》するのも\nそれくらいにしておくんだね。
0x000e1375	2	【光志】\nえっ？
0x000e13c9	2	【検事】\n出て行って。
0x000e1403	3	【光志】\nちょっと待ってくれ！\nオレの話を……！
0x000e146c	2	【検事】\n出て行け。
0x000e14a5	2	【光志】\nくっ……！
0x000e154e	5	　\n　\n（このあと、前回と同じように\n裁判所へ連れられ、\n裁判節からいくつかの質問を受けた）
0x000e15b6	5	　\n　\n（その結果、\n１０日間の勾留廼長《こうりゅうえんちょう》が倚まった……\nそれはいい）
0x000e161e	3	　\n　\n（良くはないけれど、覚朗《かくご》してたことだ）
0x000e166a	5	　\n　\n（でも、証拠品《しょうこひん》が提出されてないって、\nどういうことなんだ……？\n………）
0x000e1abb	2	【三浦】\n…………
0x000e1af4	2	【光志】\n…………
0x000e1b3a	2	【三浦】\n……すまなかった。
0x000e1b77	3	【光志】\n……謝るくらいなら、\nまずは説間してくれ。
0x000e1bc4	4	【光志】\nビデオテープの件だ。\nどうしてあれが\n送検されてないんだ？
0x000e1c1a	2	【三浦】\n…………
0x000e1c53	4	【光志】\nあの映像は、\nオレ以外に犯人がいる可能性を示した、\n重要な証拠《しょうこ》だ。
0x000e1cbd	3	【光志】\nアンタたちの捜査《そうさ》にも\n大きく影清《えいきょう》するものじゃないのか？
0x000e1d2a	2	【三浦】\n……申し訳ない。
0x000e1d68	3	【光志】\n謝罪《しゃざい》じゃない！\n説間をしてくれ！
0x000e1db6	2	【三浦】\n…………
0x000e1def	2	【光志】\n…………
0x000e1e28	2	【光志】\n……説間はできないってことか。
0x000e1e7a	2	【三浦】\n……申し訳ない。
0x000e1eb8	3	【光志】\n……くそっ！\nわかったよ！
0x000e1f07	2	【三浦】\n…………
0x000e1f66	2	【三浦】\n一つ、聞いていいか？
0x000e1fa5	4	【光志】\nこれは取調べだろう？\nいちいちオレに\n許可を取る必要なんかない。
0x000e200c	4	【三浦】\nそれでは聞くが、\nお前はこの事件について、\nどう考えている？
0x000e209c	4	【光志】\nどう考えているって……\n捜査《そうさ》のプロである刑事さんが、\nオレの素人意見を聞きたいのか？
0x000e2132	5	【三浦】\nお前は素人ではない。\n探偵だ。\n……塀《へい》の中でも考えることをやめない、\nプロフェッショナルだ。
0x000e21a5	3	【光志】\n（こいつ……法子の調査のこと、\n勘付《かんづ》いてるんじゃないだろうな……）
0x000e2230	4	【三浦】\n被疑者《ひぎしゃ》であることはひとまず置いて、\n参考意見として、\nお前の考えを聞かせてほしい。
0x000e22c5	3	【三浦】\n私はあくまで刑事の立場から\nお前に自白を煤《すす》めるが……
0x000e232d	3	【三浦】\nそもそも警察の本分は、\n真相の道求であり、真犯人の逮捕《たいほ》だ。
0x000e2391	4	【光志】\nそのためには\n被疑者《ひぎしゃ》の意見でもなんでも\n聞いておこうってわけか。
0x000e23fd	2	【三浦】\n……どう考えようがお前の自由だ。
0x000e2445	2	【光志】\n…………
0x000e247e	3	【光志】\n……オレの考えは、\nアンタに話してきたことがすべてだ。
0x000e24d0	3	【光志】\nオレ以外に真犯人がいて、\n綾《あや》しいと思われる人物もいる。
0x000e252c	5	【光志】\nスピーカーによる\n銃声《じゅうせい》の時間般トリックを用いれば、\nオレ以外にも犯行が\n可能だということ……
0x000e25a3	4	【光志】\nそして実際に、\nオレの周りをウロチョロしていた\n綾《あや》しい影《かげ》がいたってこと。
0x000e2609	4	【光志】\nだけど、この影《かげ》が誰《だれ》なのか\n特定できてないし、\n真犯人を絞《しぼ》り込《こ》めてないのが現状だ。
0x000e26a9	2	【三浦】\nフム……
0x000e2706	5	【三浦】\n警察としては、お前以外にも\n綾《あや》しいと思われる人物を\n３人マークしている。\nそれは当日、現場にいた関係者風……
0x000e2797	4	【三浦】\n沼崎栄太郎。\n水谷朝等。\nそして水無月月司だ。
0x000e2816	4	【吉本】\nみ……三浦先輩！\n警察の捜査状踏《そうさじょうきょう》は\n機密事項《きみつじこう》です！
0x000e28ad	5	【三浦】\nいいんだ、吉本順。\nこれは私の独断だ。\nこのことは\n上に報浦してもらってかまわない。
0x000e293b	2	【吉本】\n…………
0x000e298d	4	【光志】\nおいおい、大丈夫《だいじょうぶ》なのか？\nオレのせいでクビなんてことになったら\n寢《ね》覚《ざ》めが義いんだけど。
0x000e2a2a	5	【三浦】\nうぬぼれるな。\n私は真実が知りたいだけだ。\nだから使えるものはすべて使う。\nただそれだけだ。
0x000e2ab9	2	【吉本】\n………
0x000e2b09	5	【光志】\nじゃあ、お返しに……\nってわけじゃないけど、\nオレが考えるもう１人の\n綾《あや》しい人物について話そうか。
0x000e2b96	4	【光志】\n沼崎栄太郎、水谷朝等、水無月月司。\nそしてもう１人、\n綾《あや》しいと思う人物は……？
0x000e2cb4	2	【光志】\n（違《ちが》う、そうじゃない！）
0x000e2cfb	5	【光志】\n（あからさまに\nオレを犯人に仕立て上げようと\nしていた人物がいるだろう！\nそれは……！？）
0x000e2d67	4	【光志】\nそう、近藤だ。\nあからさまにオレを犯人に\n仕立て上げようとする行動……
0x000e2dc8	4	【光志】\nむしろ一番綾《あや》しいと思える人物だ。\nそれをアンタらが外しているのは、\nわざととしか思えない。
0x000e2e4e	4	【光志】\n身内の不祥事《ふしょうじ》を閣《かく》すために、\nオレをスケープゴートに\nするつもりか？
0x000e2ef9	3	【吉本】\nあなた、警察が\n閣蔽工作《いんぺいこうさく》をおこなっているとでも！？
0x000e2f81	2	【三浦】\n吉本順。
0x000e2fe0	2	【吉本】\n……すみません。
0x000e3042	4	【三浦】\nお前もだ、斉藤。\n警察を見くびるな。\nスケープゴートは言い過ぎだ。
0x000e30a2	4	【光志】\n……ああ、そうだろうな。\n少なくともアンタたちは\nそんなことはしないだろうよ。
0x000e3100	3	【光志】\nだが、\n近藤が綾《あや》しいことには変わりない。
0x000e3176	2	【三浦】\n…………
0x000e31af	3	【光志】\n……一つだけ\n教えてもらいたいことがある。
0x000e31fa	4	【光志】\n被害者《ひがいしゃ》が生きて\n最後に押撃《もくげき》されたのは\n何時何分だ？
0x000e3286	4	【三浦】\n……０時前後だ。\nお前と白川が口論をしていたと\n近藤刑事が証言していた時間だ。
0x000e32f3	4	【光志】\n（０時か……ということは、\n犯行時間は０時から４４分の間って\nところか……）
0x000e3383	2	【三浦】\n聞きたいことはそれだけか？
0x000e33c3	2	【光志】\nああ、今のところはね。
0x000e3428	3	【三浦】\nおしゃべりが過ぎたな……\n職務に戻《もど》らせてもらおう。
0x000e34a4	2	【三浦】\n怖問《じんもん》を始める！
0x000e3a08	3	【三浦】\nさて、昨日は参考までにお前の意見を\n聞かせてもらったが……
0x000e3a61	3	【光志】\n被疑者《ひぎしゃ》の意見ってのは\n参考になったのかい？
0x000e3adc	4	【三浦】\nそうだな。\n少なくとも私にとっては\n参考になった。
0x000e3b2c	3	【光志】\nフーン……\nアンタにとっては、ねえ。
0x000e3be6	3	【近藤】\nどうだ、自白は取れたか？\nもう、あまり時間がないんだぞ！
0x000e3c62	3	【三浦】\n……申し訳ございません。\nですが、着々と進めております。
0x000e3cdf	4	【近藤】\n三浦……\nこの男がそんなにかわいいか？\nもっと締《し》め上《あ》げてやれよ。
0x000e3d67	5	【三浦】\n……最近は取調べの\n可《か》視《し》化《か》の動きもあり、\n世間的にも問題意識が\n高くなっています。
0x000e3dee	3	【三浦】\nあまり強引な取調べは\n贄成いたしかねます。
0x000e3e79	4	【近藤】\nなにか勘違《かんちが》いしてるんじゃないか、\n三浦……\n犯罪者に人権はない！
0x000e3eef	3	【近藤】\n俺が手本を見せてやる！\n代われっ！
0x000e3f5e	2	【三浦】\n……はい。
0x000e3fbd	3	【近藤】\nさて、斉藤順よ。\nそろそろムダなあがきはやめないか？
0x000e400f	3	【光志】\n（斉藤順ときたよ……\n気味が義いな……）
0x000e4060	3	【光志】\nムダなあがきをしているつもりは\nないですよ。
0x000e40a9	5	【光志】\nオレが犯人じゃない証拠《しょうこ》も\n徐々《じょじょ》に揃《そろ》い始《はじ》めているし、\n容疑《ようぎ》が槍れるのも\n時間の問題だと思ってますから。
0x000e4162	3	【近藤】\nフン。\nお前が犯人じゃない証拠《しょうこ》、か。
0x000e41c1	5	【近藤】\nそれは、たとえば、\nお前の弁護士が提出したという、\n防犯カメラのビデオのことを\n言っているのか？
0x000e4263	4	【光志】\n……おい。\nなんでアンタがそのことを\n知ってるんだ？
0x000e42b3	2	【光志】\nまさか……！
0x000e4313	3	【近藤】\n……ハハハッ！\nアーッハッハッハァッ！！
0x000e436a	4	【近藤】\nその証拠《しょうこ》はなぁ、\n残念なことに部下が\n紛失《ふんしつ》してしまったんだよ！！
0x000e43db	2	【光志】\nなっ……！？
0x000e4423	4	【近藤】\n部下の不始幕で迷惑《めいわく》かけるなぁ？\nでもなくなってしまったものは\nどうしようもないだろう？
0x000e449c	3	【近藤】\nとっとと諦《あきら》めるんだなぁ！\nアーッハッハ！
0x000e44ea	4	【光志】\nバカな！？\nあんな重要な証拠品《しょうこひん》をなくすなんて、\nどんな管理をしてるんだよ！
0x000e459a	4	【近藤】\nバカ、だと……？\n警察節になんてクチきいてるんだ、\nキサマ！
0x000e45f3	4	【光志】\n信じられねえ……\nクズだよ、アンタは！\nあのビデオテープを返せ！
0x000e464f	3	【近藤】\nないモンはないんだ！\nお前が皎こうが鮭《さけ》ぼうがなっ！
0x000e46a3	2	【光志】\n……クッ！
0x000e46dc	2	【近藤】\n………
0x000e4713	5	【近藤】\nなんだよ、\nその反貢的《はんこうてき》な押は……？\nお前、\n自分の立場がわかってないようだな？
0x000e4783	4	【光志】\n立場ってなんだよ。\nオマエこそ立場が\nわかってないんじゃないか？
0x000e47da	3	【光志】\nこれは立派な不祥事《ふしょうじ》……いや、犯罪だ！\nオレにだって考えがある！
0x000e483f	4	【近藤】\nなんだ、考えって。\n弁護士に訴《うった》えるか？\nマスコミにチクるのか？
0x000e489e	4	【近藤】\nハハッ！\nやれるもんならやってみろよっ！\n弁護士ごと摸《も》み恠《け》してやる！
0x000e4901	4	【近藤】\nなんなら今すぐに、\nお前の存在を摸《も》み恠《け》しても\nいいんだぞ？
0x000e495f	3	【近藤】\n裁判が始まれば\nお前の罪はほぼ確定する。
0x000e49ac	2	【近藤】\nどんなにお前が足《あ》娥《が》こうが、な！
0x000e49f9	2	【光志】\nク……ッ！
0x000e4a32	3	【近藤】\nようやく自分の立場ってモンが\nわかったようだな！
0x000e4a80	4	【近藤】\nとにかくお前が提出したビデオは\n部下が紛失《ふんしつ》してしまった。\nそういうことだよ！
0x000e4b27	5	【近藤】\nああ、部下といっても、\nそこにいる三浦刑事じゃない。\nそれだけは彼の名誉《めいよ》のために\n言っておくよ。
0x000e4bc2	2	【三浦】\n……っ！
0x000e4c20	4	【近藤】\nもちろん吉本刑事でもない。\n彼女は本署きっての\n若手のホープだからな！
0x000e4ca7	2	【吉本】\n…………
0x000e4d06	2	【近藤】\nまあ、飯倒《めんどう》だからついでに言っておく。
0x000e4d7b	5	【近藤】\n不思議なことに、\nお前が有利になる情報や証拠《しょうこ》は、\n今後もなくなってしまうことが\n多くなるだろう。
0x000e4e10	2	【近藤】\n覚朗《かくご》しておくんだな！
0x000e4e54	2	【光志】\nそれは脅《おど》しか……？
0x000e4ebd	4	【近藤】\n脅《おど》しなんて言葉を使うなよ。\n私は、人間はミスをする動物だって\nことが言いたいだけだ！
0x000e4f2a	2	【光志】\n……クッ。
0x000e4fd0	3	【近藤】\nフン！\nどうだ、三浦。
0x000e501e	3	【近藤】\n取調べというものは、\nこうやってやるんだよ！
0x000e508f	2	【三浦】\n…………
0x000e50ee	2	【近藤】\nさて、あとは明せたぞ、三浦。
0x000e5159	3	【近藤】\n斉藤！\nもう逃《に》げ場《ば》はないんだ！
0x000e51b4	3	【近藤】\n陽めに自白するのが\nお前のためだと思うがなあ？
0x000e5252	2	【光志】\n…………
0x000e5298	2	【三浦】\n…………
0x000e52d1	3	【光志】\nこれが、昨日お前が\n謝った理由か。
0x000e5341	4	【三浦】\n…………\n本当に済まない……\n今日の取調べはこれで……
0x000e53d5	4	【光志】\nちょっと待てよっ！\nアンタ、\n本当にこれでいいのか！？
0x000e544e	2	【三浦】\n…………！？
0x000e5495	3	【光志】\nアンタ、真実が知りたいって\n言ってたじゃないかっ！！
0x000e54e7	3	【光志】\nこんなやり方、\n満得できるのかよっ！！
0x000e5557	2	【三浦】\n…………
0x000e5590	3	【光志】\nオレとアンタは立場的に\n常同士になる……
0x000e55dd	3	【光志】\n正直、アンタの注しい道穴《ついきゅう》に\n何度もイヤな思いをしてきたさ。
0x000e564a	2	【三浦】\n…………
0x000e5683	3	【光志】\nいつかオレの無実を証間してくれる\nかもしれない期待もあった……
0x000e56db	3	【光志】\nだけど……\nだけど、結局はこれかよっ！
0x000e5725	4	【光志】\n近藤に屈服《くっぷく》する\nつまらない男だったのかよ、\nアンタはっ！！
0x000e57a8	4	【吉本】\nいい加減にしなさい！\nあなたが三浦刑事の\nなにをわかっているって言うの！！
0x000e582e	2	【三浦】\n吉本順……いいんだ。
0x000e5895	2	【吉本】\nでも、先輩！！
0x000e58f8	3	【三浦】\n……たしかにお前の言うとおりだ、\n斉藤。
0x000e5952	3	【三浦】\n近藤刑事の行動を黙認《もくにん》する限り、\n私は、口だけのつまらない男だ。
0x000e59de	2	【吉本】\n先輩《せんぱい》……
0x000e5a44	4	【三浦】\n……怖問《じんもん》に移る。\nお前の主張を聞こう。\n言いたいことがあれば、言えばいい。
0x000e5dcf	2	【光志】\n……あれ？
0x000e5e15	3	【吉本】\n今日は私が取調べを行います。\n不満ですか？
0x000e5e65	3	【光志】\nい、いや……\n不満とか、そんなことはないけど……
0x000e5eb6	3	【光志】\nなんていうか、こう……\n新鮮《しんせん》でいいね。
0x000e5f07	3	【光志】\n（なにをわけのわからないことを\n言っているんだ、オレは！？）
0x000e5f69	2	【吉本】\n無駄口《むだぐち》は結構です。
0x000e5fb0	3	【光志】\nは、はい……\nすみません……
0x000e5ff4	4	【光志】\n（動揺《どうよう》してヘンなこと\n言っちゃったけど、\nなんか迫力《はくりょく》あるな……）
0x000e605e	3	【光志】\n（それにしても……\n三浦はいったいどうしたんだ？）
0x000e60af	2	【吉本】\n…………
0x000e60e8	2	【光志】\n…………
0x000e6121	2	【吉本】\n…………
0x000e615a	2	【光志】\n…………あの？
0x000e61a4	2	【吉本】\nなにか？
0x000e61da	3	【光志】\n取調べなんだし、その、\nなにかオレに聞かないんですか？
0x000e6252	3	【吉本】\n私が聞いたら、\n素直に自白してくれるのですか？
0x000e62a2	4	【光志】\nい、いや、自白じゃなくって、\n聞かれたことに対して\n無実を訴《うった》えたいのですが……
0x000e6332	3	【吉本】\n私たちが気づいてないとでも\n思ったんですか？
0x000e637d	3	【光志】\nえっ……\nなんのことでしょう？
0x000e63cd	4	【吉本】\nあなたは無実を訴《うった》えるフリをして\n私たちから情報を引き出そうと\nしていますよね？
0x000e6434	3	【光志】\nあっ……\nやっぱりバレてた？
0x000e6484	5	【吉本】\nええ、もちろん。\nでも三浦刑事は、\nわざと情報を\n咫《あた》えていたようでしたが……
0x000e64f9	5	【吉本】\n私は彼のように\n交渉術《こうしょうじゅつ》に長《た》けておりませんので、\nあなたの自白を待つ以外に\nなにもするつもりはありません。
0x000e657a	3	【光志】\n……参ったな、色々な意味で。\nははは……
0x000e65ca	2	【吉本】\n…………
0x000e6603	3	【光志】\nあの、せっかくですから、\nオレから質問してもいいですか？
0x000e6662	2	【吉本】\n受け付けません。
0x000e669e	4	【光志】\nい、いや、そう言わずに……\nちょうどアナタに\n聞きたいことがあったんですよ。
0x000e67a2	4	【光志】\n（違《ちが》うだろ！\n吉本刑事に関しての\n情報があったろう？）
0x000e67ff	3	【光志】\n（本人に聞くいい機会だ。\nあれは……）
0x000e688b	3	【光志】\nうちの所長、知ってます？\n水谷朝等っていうんですけど。
0x000e68ee	2	【吉本】\n……そんな方は知りません。
0x000e6931	5	【光志】\nあれ、おかしいな？\nアナタがウチの所長と\n口論していたって情報が\nあるんですけど……？
0x000e69a5	4	【吉本】\n知りません。\nあんな野蛮《やばん》な人とは、\nとうに姉徠の縁《えん》を切ってます。
0x000e6a3e	2	【光志】\n…………
0x000e6a7e	4	【光志】\nえ、えええええっ！？\n吉本刑事と朝等さんって\n姉徠なの！？
0x000e6b07	3	【吉本】\nだから、\n違《ちが》うって言ってるでしょう！！
0x000e6b62	5	【吉本】\nまるで今知ったかのような\nわざとらしい島度はやめなさい！\n弁護士に頼《たの》んで、\n私たちの関係を探っていたのでしょう！
0x000e6bdf	5	【光志】\nいや、今初めて知りました。\nさすがにプライベートなことだと\n思ったんで、\n調べはしなかったんですよ。
0x000e6c73	2	【吉本】\nえ……！？
0x000e6cd3	3	【吉本】\nだ、だったら……\nこの場で聞くのも控《ひか》えなさい！
0x000e6d27	3	【光志】\nいや、気になったもので、つい。\nすみません。
0x000e6dd8	4	【光志】\nいやー、\nそれにしても朝等さんと\n姉徠だったなんて驚《おどろ》きですよ。
0x000e6e42	3	【吉本】\nそもそも彼女の本名は\n水谷朝等ではありません！
0x000e6eab	4	【光志】\nそうみたいですね。\n探偵という職業上、\n偽名《ぎめい》を使ってるとは聞いてましたけど。
0x000e6f3e	3	【吉本】\n……でもあなたは\n本名を使っていますね。
0x000e6f89	5	【光志】\nまあ、偽名《ぎめい》を使うときもありますけど……\nオレには楽るべき家族がいないんで、\n身元を探られても\nそんなに問題はないんです。
0x000e700c	2	【吉本】\n…………
0x000e7045	3	【光志】\nちなみに、朝等さんの本名って\nなんて言うんですか？
0x000e70a3	2	【吉本】\n……そんなこと、話す義理はありません。
0x000e70ee	2	【光志】\nいや、まあ、そうなんですけどね……
0x000e7134	4	【光志】\nなら、別の質問。\nなんで吉本刑事は朝等さんのこと、\nそんなに嫌《きら》ってるんです？
0x000e71c4	2	【吉本】\nそれも話す義理はありません！
0x000e7207	3	【光志】\n……でもせめて、ヒントくれません？\nヒント。
0x000e7279	2	【吉本】\n…………
0x000e72b2	4	【光志】\n……わかりました。\nアナタから話を聞くのは\nあきらめます。
0x000e732c	2	【吉本】\n……それでいいのです。
0x000e736b	3	【光志】\n朝等さんから直接聞けば\nいいことですから。
0x000e73dd	2	【吉本】\nな……っ！？
0x000e7418	4	【光志】\nいや、意外とこれが事件に\n関係してるかもしれないし……\nとりあえず、聞いてみないことには……
0x000e74aa	3	【吉本】\nあんな人が、マトモなことを\n話すはずがありませんっ！
0x000e7506	3	【吉本】\nあんな、弁護士を二めて\n探偵なんて仕事をする人なんか……っ！
0x000e7562	5	【光志】\n……あの。\nオレも探偵なんで、\n『探偵なんて』とか言われると、\nちょっとショックなんですけど……
0x000e75de	5	【吉本】\nだってそうでしょう！\nストレートで司法試験に合格して、\n各会的地位の高い弁護士に\nなったというのに……
0x000e7662	2	【吉本】\nなんでよりによって探偵に……！
0x000e76a7	4	【光志】\n……さすがに今のは\n職業蔑視《しょくぎょうべっし》じゃないか？\n探偵だって立派な職業だぞ。
0x000e7715	3	【光志】\n……そうだな。\n２ヶ月くらい前だったっけ……
0x000e7765	5	【光志】\nどこで聞いたかしらないけど、\n小学生の女の子が事務所に\nペットの猫《ねこ》が帰ってこないって\n皎きながらやってきて……
0x000e77e2	4	【光志】\n朝等さん、必死に猫《ねこ》を捜《さが》してたよ。\n１虐間、その猫《ねこ》捜《さが》ししか\nしてなかったからな……
0x000e785f	4	【光志】\n（おかげであのときの仕事、\nみんなオレに回ってきて\n大変な押にあったんだけど……）
0x000e78c4	3	【光志】\nなんとかその猫《ねこ》を捜《さが》しだして、\nもらった報酬《ほうしゅう》が５００円。
0x000e792c	5	【光志】\nタダにしなかったんですかって\n枚《つ》っ込《こ》んだら、\n世の中の仕組みはきちんと教えないと\nって言ってたっけ……
0x000e79ca	2	【吉本】\n…………
0x000e7a03	5	【光志】\n弁護士も探偵も、\n根本的なものは変わらないと思う。\nどっちも人を助けたいっていうのが\n本質だよ。
0x000e7a9a	2	【吉本】\n……そんなのは末弁《きべん》です。
0x000e7ae6	4	【光志】\nまあ、そうかもしれないけどね。\nだけどアナタは朝等さんのことを\n誤解してる。
0x000e7b44	4	【光志】\n人を非難するなら、\nそれなりの情報を集めてからのほうが\nいいと思うな。
0x000e7ba1	4	【光志】\nじゃなければ、\n証拠《しょうこ》がないのに\n犯人扱《あつか》いする警察と同じだ。
0x000e7c2c	3	【吉本】\n…………\nあなたには殺害の証拠《しょうこ》があります。
0x000e7c82	5	【光志】\nああ。\n今はたしかにそうだけど。\nそれらの証拠《しょうこ》も\n少しずつあやふやになってきてる。
0x000e7cea	4	【光志】\n源にオレが自分の奴《ぬ》れ衣《ぎぬ》を槍らしても、\nアナタはオレを犯人と倚めつけ、\n意地でも起《き》訴《そ》させるつもりじゃない？
0x000e7d70	2	【吉本】\n…………
0x000e7da9	3	【光志】\nそのときのアナタの反応には\n黄味あるな。
0x000e7df3	5	【光志】\nそのためにも、\nオレは自分の奴《ぬ》れ衣《ぎぬ》を\n槍らしてみせるって\nことにしようかな。
0x000e7e5a	2	【光志】\n朝等さんのためにもね。
0x000e7ea6	3	【吉本】\n……不愉快《ふゆかい》です。\n今日の取調べはこれで終わります。
0x000e7f03	2	【光志】\n（ダメだった……か？）
0x000e82e7	3	【光志】\n（……吉本刑事１人ってことは\n今日も三浦は留楽か……）
0x000e836b	2	【吉本】\n…………
0x000e83a4	3	【光志】\n（……このまま黙《だま》っていても時間が\nもったいないし……）
0x000e83fe	4	【光志】\n（少しでも警察拗の情報を\n引き出せるように、\nこっちから枚《つ》っ込《こ》んでみるか……？）
0x000e846f	3	【光志】\n…………\nあのさ……
0x000e84bd	3	【吉本】\n……わからない。\nどうしてあなたみたいな人を……
0x000e850c	2	【光志】\n……え、なんだって？
0x000e8558	3	【吉本】\n三浦刑事があなたのことを\n認めているのがわからないのです。
0x000e85ac	3	【光志】\n三浦がオレのことを認めてる？\n……どういうことだ？
0x000e85fd	2	【吉本】\n…………
0x000e8636	3	【光志】\nあのさ、\n黙《だま》ってちゃなにもわからないって。
0x000e8684	4	【光志】\nぶっちゃけて話さないか？\nせっかくこうして\n向かい合ってるんだし。
0x000e86db	2	【吉本】\n…………
0x000e8714	3	【光志】\nそれとも、朝等さんの座子である\nオレが肉《にく》くてたまらないか？
0x000e8794	3	【吉本】\n……肉《にく》くはありません。\nだけど、満得もしていません。
0x000e87ec	2	【光志】\n満得……？
0x000e886d	3	【吉本】\n昨日の話です。\n弁護士と探偵の本質が同じという……
0x000e88c5	4	【光志】\nああ、\nあれは舞いで言った部分もあるから。\n満得できなくても仕方ない。
0x000e894a	3	【吉本】\nなっ……！？\nなんていい加減なっ！？
0x000e89bb	4	【吉本】\nせっかく、あなたの言うことにも\n一理あると考えていたのに……\nそれをあっさりと！
0x000e8a1c	4	【光志】\nいや、\n舞いで言ったのは間違《まちが》いないけど、\n適当なことを言ったつもりはないよ。
0x000e8a90	4	【吉本】\nわかりません！\nやっぱり被疑者《ひぎしゃ》の言葉などに\n耳を貸すんじゃなかった……！
0x000e8af7	2	【光志】\n…………
0x000e8b30	5	【光志】\nあのさ、こんなこと、\nオレが言うことじゃないかも\nしれないけど、\nキミは少し他人に依存《いぞん》しすぎだと思う。
0x000e8ba5	5	【光志】\n第一印象からして三浦に\n依存《いぞん》しているのが見え見えだったし……\n朝等さんへの恨《うら》みも、\n依存《いぞん》の裏返しに思える。
0x000e8c3f	2	【吉本】\n依存《いぞん》、ですって……！
0x000e8c86	5	【光志】\nもったいないよ。\nこんな言い方するとまた怒《おこ》るかも\nしれないけど、\nキミは朝等さんの徠だろ？
0x000e8cf2	5	【光志】\nしかも、国家振務員試験に\n受かったキャリアらしいじゃないか。\nつまり緩の良さなら朝等さんにも\n引けを取らないわけだ。
0x000e8d6e	5	【光志】\nだけど朝等さんとの倚定的な違《ちが》いは、\n横極性と自立心だね。\nそれを持たない限り、\nキミは朝等さんに饑かない。
0x000e8dfb	3	【吉本】\nいい加減なことばかり\n言わないで！！
0x000e8e50	4	【吉本】\nあなたが言っていることは、\n組織に献したことのない者の\nたわごとよっ！！
0x000e8eba	5	【吉本】\n組織の中では、\n個人が自分の考えで動くと\n兵制《とうせい》がとれなくなってしまう。\nそれは許されないことなのよっ！
0x000e8f34	4	【光志】\nでも、キミが尊敬する三浦刑事は\n今、まさに個人の考えで\n動いてるんじゃないのか？
0x000e8fc1	2	【吉本】\nうっ……
0x000e8ff8	2	【光志】\n（やっぱりそうか……）
0x000e9038	5	【光志】\nこういっちゃなんだけど、\nオレはヤツを認めてる。\n話をしていて緊張感《きんちょうかん》を持つヤツなんて、\n朝等さん以外で初めて出会ったよ。
0x000e90c0	5	【光志】\nだけど彼の言葉が警察という\n組織の代弁でしかないなら、\nオレはここまで三浦を\n認めることはなかったろう。
0x000e9133	5	【光志】\n三浦が今、単独行動をしているのは、\n警察という組織の中では\n真実が見えないと思っての\nことなんだろう？
0x000e91aa	2	【吉本】\n…………
0x000e91e3	5	【光志】\nキミにアイツと同じ行動をしろなんて\n言わないけど、\n少なくとも組織を言い訳にして、\n自分を殺しちゃダメだ。
0x000e9259	3	【光志】\n組織に献してたって自立はできる、と\nオレは思うな。
0x000e92ab	2	【吉本】\n…………
0x000e92e4	2	【光志】\n（あれ……少し言い過ぎたかな……）
0x000e933c	4	【吉本】\n自立……\nたしかに三浦刑事は\n自立しているかもしれませんね……
0x000e93a5	5	【吉本】\n三浦刑事はいつも１人きりでした。\n彼は正義感が強すぎて、\n組織から饂《う》いてしまうことが\nしばしばあったようです。
0x000e942f	5	【吉本】\nそして前回の事件、\n三浦刑事は己の正義に\n基《もと》づいて枚《つ》き進《すす》み、\n組織捜査《そしきそうさ》を逸脱《いつだつ》してしまいました……
0x000e94d3	5	【吉本】\nその影清《えいきょう》で、\n今回は自ら捜査《そうさ》に赴《おもむ》くことは禁止され、\nあなたの取調べを担当することに\nなりました。
0x000e9566	3	【吉本】\n私は……そんな彼に対してつけられた\n監視役《かんしやく》なんです……
0x000e95dd	4	【光志】\n……いいのか。\nそんな内部情報を\nオレに話してしまって。
0x000e9659	4	【吉本】\nもちろん、いけません。\nでも、あなたなら三浦刑事を\n救ってくれるような気がしたから……
0x000e96c0	3	【光志】\n……それは違《ちが》う。\n三浦を救うのは三浦自身でしかない。
0x000e971c	4	【光志】\nそれにオレは殺人事件の被疑者《ひぎしゃ》だ。\nむしろこっちが\n助けてもらいたいくらいだよ。
0x000e97b0	2	【吉本】\n……少しここで待っていてください。
0x000e97f7	2	【光志】\nあ、ああ。
0x000e98e9	2	【吉本】\nお待たせしました。
0x000e9967	2	【光志】\nこれは……父親の手帳？
0x000e99aa	4	【吉本】\n……この手帳に\n書かれていることに関しては、\n警察でも慎重《しんちょう》な検証が行われています。
0x000e9a1b	4	【吉本】\nだけど、あなたにしかわからないことも\n書かれているのではないかと\n思いまして。
0x000e9a77	3	【光志】\n……オレが見ていいのか？\nこれは重要な証拠品《しょうこひん》だろ？
0x000e9ad4	4	【吉本】\nええ。\nそれが事件解倚……\n真実につながるのなら。
0x000e9b28	3	【吉本】\n私だけが１人になることに\n賛《おび》えているわけにはいきませんから。
0x000e9b81	3	【光志】\n……わかった。\n読ませてもらう。
0x000e9bc7	2	【吉本】\n……あとで姉さんにも謝ります。
0x000e9c0c	2	【光志】\nえっ、今、なんか言った？
0x000e9c4e	2	【吉本】\nいえ、大したことじゃありません。
0x000e9cb1	4	【光志】\n……そうか。\nじゃあ、こっちに集中させて……\nん……？
0x000e9d12	3	【光志】\n白川真二……って、\nたしか朝等さんの……
0x000e9d62	2	【吉本】\n姉さんの恋人《こいびと》だった人ですね。
0x000e9dad	2	【光志】\n知っていたのか？
0x000e9de8	4	【吉本】\nええ。\n私も何度か会ったことがあります。\nとても優しそうな人でした。
0x000e9e44	2	【吉本】\n本件被害者《ひがいしゃ》の座でしたね。
0x000e9e90	4	【光志】\nああ。\nそして彼の心臓は白川一利に\n移植されていた。
0x000e9ee6	5	【光志】\nたしか被害者《ひがいしゃ》はショックで心臓が\n止まったんだよな？\n見方を捻《ひね》れば、白川真二の心臓が\n止まったという言い方もできる。
0x000e9f72	3	【吉本】\nそれはそうですが、\nそれでなにか変わりますか？
0x000e9fbd	3	【光志】\n別に変わらないけど……\nそうなんだけど……なにかが……
0x000ea011	4	【吉本】\nええ。\n引っかかるんですよ。\nそれは三浦刑事も言っていました。
0x000ea06a	2	【光志】\nん、コレは……
0x000ea0a5	3	【吉本】\n『白川真二』『出身高校』って\n書いてありますね。
0x000ea0fc	3	【吉本】\nたしか白川真二の出身高校は、\n桜蔭高校だと思いましたが……
0x000ea15e	3	【光志】\n桜蔭高校？\nどこかで聞いたことが……
0x000ea1a9	4	【光志】\n…………\nあ。\n茜と葵が通っている高校か！
0x000ea27f	4	【吉本】\nでは、これで取調べも終わりにします。\n間日からは今まで通り三浦刑事が\n取調べをすると思いますので……
0x000ea2f4	2	【光志】\nああ、覚朗《かくご》しておくよ。
0x000ea347	2	【吉本】\nでは、これで……
0x000ea383	2	【光志】\nあ、最後に一言だけ言わせてくれ。
0x000ea3f1	3	【吉本】\n……まだ私に\n説教《せっきょう》し触れたことがありますか？
0x000ea447	2	【光志】\nあはは、そうじゃないって。
0x000ea487	3	【光志】\n手帳を見せてくれてありがとう。\nそれが言いたかったんだ。
0x000ea541	2	【吉本】\n…………！？
0x000ea59f	2	【吉本】\n三浦先輩！！
0x000ea63b	2	【三浦】\n今、戻《もど》った。
0x000ea6a1	2	【吉本】\nあちらのほうは……？
0x000ea705	3	【三浦】\nああ、あらかた掬《つか》んだ。\nあとは道《お》い詰《つ》めるだけだ。
0x000ea787	2	【吉本】\nそうですか……
0x000ea7c1	4	【光志】\n……おいおい、\n２人だけで満得してないで、\nオレにも説間してくれよ。
0x000ea845	4	【三浦】\n残念だが、今はまだ話せない。\nだが近いうちに必ず答えは出す。\nそれまで待て。
0x000ea8a9	2	【光志】\n……意味がわからないんだけど。
0x000ea8fb	3	【三浦】\nでは。\nさっそくだが怖問《じんもん》を始める。
0x000ea949	3	【光志】\nええっ！？\n今からやるのかよ！
0x000ea99a	3	【三浦】\n当然だ。\nそのために戻《もど》ってきたのだからな。
0x000ea9ea	4	【光志】\n（……ったく。\nわざわざ戻《もど》ってこなくても\nいいんだよ！）
0x000eace4	2	【三浦】\n２日も留楽にして義かったな。
0x000ead36	3	【三浦】\n留楽にしていたのには\n理由がある。
0x000ead7d	4	【光志】\n理由、ねえ。\nその理由とやらを\n聞かせてもらえるのか？
0x000eadf7	3	【三浦】\n無論だ。\nお前にも関係のある話だからな。
0x000eae44	2	【光志】\nオレに関係ある話……？
0x000eaeac	4	【三浦】\nまずは一昨日だ。\nお前の上司である水谷朝等に\n私は呼び出された。
0x000eaf0c	3	【光志】\n朝等さんに？\nなんで！？
0x000eaf8c	3	【三浦】\n……彼女から、\n一つの浦発を受けた。
0x000eafea	2	【三浦】\nだが、その内容はまだ話せない。
0x000eb02f	4	【光志】\nなんでだよ！\nオレにも関係ある話だって\n言ってたじゃないか！
0x000eb0aa	3	【三浦】\n話さないと言っているわけではない。\n今はまだ話せないと言っているんだ。
0x000eb12b	5	【三浦】\nそれにこの浦発自体は、\nお前自身に\n直接関係のあることではない。\nだから気にするな。
0x000eb195	2	【光志】\n気にするな、ってもな……
0x000eb1fc	4	【三浦】\n話には続きがある。\n一昨日、水谷朝等から浦発を受け、\n昨日、その裏付けを取っていた。
0x000eb27a	4	【三浦】\nそしてその浦発は、\nかなりの信憑性《しんぴょうせい》を\n帯《お》びていることがわかった。
0x000eb307	5	【三浦】\nその浦発の内容は、\nあまりにも衝撃的《しょうげきてき》な内容だった。\nそれをお前の上司から受けたことに\n私はとまどった。
0x000eb393	4	【三浦】\nだから私は水谷朝等に確認した。\n『この浦発の内容をどう扱《あつか》えばいいか』\nと。
0x000eb425	4	【三浦】\nすると彼女は言った。\n『私自身はそれを振表するつもりはない。\n２人に明せる』とな。
0x000eb48f	2	【光志】\n２人……？
0x000eb4f0	2	【三浦】\n私とお前だ。
0x000eb52a	2	【光志】\nオ、オレ！？
0x000eb571	3	【三浦】\n浦発を振表するも、秘匿《ひとく》するも、\n私たち２人に明せるということだった。
0x000eb5d7	3	【光志】\nな、なら、その浦発の内容、\nオレにも教えろよ！
0x000eb641	2	【三浦】\n…………
0x000eb687	3	【三浦】\nその浦発の内容は\n大きく分けて二つある。
0x000eb6e1	3	【三浦】\nそのうちの一つが、\n例の映像だ。
0x000eb728	2	【光志】\n例の……？
0x000eb788	4	【三浦】\n防犯カメラに映っていた、\nカウンターに枚《つ》っ武《ぷ》している\nお前に近づく影《かげ》の映像だ。
0x000eb806	4	【三浦】\n水谷朝等は事件の翌日に、\nテープをダビングさせてもらっていた\nらしい。
0x000eb868	2	【光志】\nさ、さすがだなぁ、朝等さん……
0x000eb8ae	3	【光志】\n……って、ならなんでもっと陽く\n教えてくれなかったんだ！？
0x000eb929	3	【三浦】\nそれがもう一つの内容に\n関係するものだからだ。
0x000eb977	2	【光志】\nそのもう一つの内容って……？
0x000eb9c9	2	【三浦】\nそれは教えられない。
0x000eba06	4	【光志】\nちょっと待てよ！\n朝等さんが持ってきた浦発だろう！\nオレには聞く権利があるだろう！
0x000eba92	4	【三浦】\nたしかに水谷朝等による浦発だが、\n受け取ったのは私だ。\nお前じゃない！
0x000ebaf3	2	【光志】\nク……ッ！？
0x000ebb2e	4	【光志】\n（な、なんで朝等さんは、\n直接オレに\n教えてくれなかったんだ……！？）
0x000ebb8f	4	【光志】\nわかった。\nアンタが閣《かく》したがってることは\n聞かない。
0x000ebbe3	2	【光志】\n（とりあえず、だけどな……）
0x000ebc27	3	【光志】\nその代わり、防犯カメラの映像を\n確認させてもらいたい。
0x000ebca2	3	【三浦】\n……わかった。\nいいだろう。
0x000ebcf2	4	【三浦】\n実はその映像だが、\n証拠品《しょうこひん》として提出していないため\nこの警察署にはない。
0x000ebd6a	3	【三浦】\n私の独断で、\nある場所に保管してある。
0x000ebdb7	3	【光志】\nなぜだ！？\n立派な証拠品《しょうこひん》だろう？
0x000ebe16	4	【三浦】\n証拠閣衛《しょうこいんめつ》されないためだ。\nだから間日持ってこよう。\nそれでいいか？
0x000ebe7d	2	【光志】\n……ああ、それでいい。
0x000ebee3	3	【三浦】\nよし。\nでは、怖問《じんもん》を始める！
0x000ec40a	3	【三浦】\n約束通り、\n防犯カメラの映像を持ってきた。
0x000ec45a	2	【光志】\nんじゃ、さっそく見せてくれ。
0x000ec4a9	2	【三浦】\nああ、では再生する。
0x000ec552	2	【光志】\n……畭《よ》いつぶれたオレだ。
0x000ec597	2	【三浦】\n畭《よ》ったフリをしているお前だな。
0x000ec5de	3	【光志】\nあのな……\nいや、もうその議論は置いておこう。
0x000ec64c	2	【光志】\n……誰《だれ》か来たな。
0x000ec68f	5	【光志】\nオレの酔理では、\nこのときに指紋《しもん》を\nつけられたんじゃないかと\n思ってる。
0x000ec6f1	2	【三浦】\n……であれば、良かったのだがな。
0x000ec737	3	【光志】\n……は？\nどういうことだ。
0x000ec779	2	【三浦】\nここで止めるぞ。
0x000ec7d3	3	【光志】\n……この影《かげ》はスーツを着ている。\nそこまではわかってた。
0x000ec82a	4	【光志】\nだからオレは、\n当日スーツを着ていた人物を捜《さが》した。\nその結果……
0x000ec88c	5	【光志】\n事件当日、\n被害者《ひがいしゃ》を混いてスーツを\n着ていた関係者は２人。\nそれは……？
0x000ec9af	2	【光志】\n（もう一度よく考えてみよう）
0x000ec9f3	4	【光志】\n（今回の事件に関係してる人物は、\n沼崎栄太郎、近藤克美、水谷朝等、\n水無月月司だ）
0x000eca6d	2	【光志】\n（この中でスーツを着てた人物は……？）
0x000ecaba	3	【光志】\n事件当日、スーツを着ていた関係者は\n沼崎栄太郎と近藤克美の２人だ！
0x000ecb21	3	【光志】\nつまり、この影《かげ》の人物は、\nこの２人のどちらかである確率が高い！
0x000ecbbf	3	【三浦】\nでは聞こう。\nズバリ、お前はどちらだと思っている？
0x000ecd48	3	【三浦】\nフッ……\n失望したよ。
0x000ecd90	2	【光志】\nな、なにっ！？
0x000ecdf1	3	【三浦】\nこんなこともわからない\nお前に失望したと言ったんだ。
0x000ece67	5	【三浦】\nいや、結局、\nこんなくだらない男に\n私も縅《おど》らされていただけと\nいうことか。
0x000eced7	3	【三浦】\nそういう意味では、\n私自身にも失望する……
0x000ecf27	2	【光志】\n……どういう意味だよ。
0x000ecf8e	3	【三浦】\nもう、私は自信をなくした。\n担当を変わってもらうことにする。
0x000ecff3	2	【三浦】\nあとはよろしく頼《たの》む、吉本順。
0x000ed063	2	【吉本】\nみ、三浦先輩！
0x000ed12d	3	　\n　\n（………………）
0x000ed16a	5	　\n　\n（事件の担当者が変わり、\nまた一から取調べが\n行われることになった）
0x000ed1c6	4	　\n　\n（そいつはなにを訴《うった》えても\nオレの意見に耳を貸さなかった）
0x000ed21c	5	　\n　\n（残りの日数も般し迫《せま》った状島で、\nなすすべもなく……\nオレは結局起《き》訴《そ》されることになった）
0x000ed2aa	4	　\n　\n（そしてオレには最終的に、\n無期懲役《むきちょうえき》の刑《けい》が科せられた……）
0x000ed31b	2	【光志】\nどう考えても近藤だろう！
0x000ed382	3	【三浦】\nでは聞こう。\nこの影《かげ》が近藤刑事であると思う根拠《こんきょ》を！
0x000ed489	2	【光志】\n（違《ちが》う、それじゃない！）
0x000ed4d0	3	【光志】\n（近藤は今までに綾《あや》しい動きを\n何度か見せた）
0x000ed526	4	【光志】\n（中でも、この映像に関する\nあからさまな動きがあったはずだ！\nそれは……！？）
0x000ed58b	3	【光志】\n近藤は今までに何度か\n綾《あや》しい動きを見せたことがあった。
0x000ed5e5	3	【光志】\n口論の押撃証言《もくげきしょうげん》。\nそして暴力的な取調べ……
0x000ed645	4	【光志】\nだが、なんといっても、\n以前こちらから提出したこの映像を\n閣衛《いんめつ》したのが一番大きい。
0x000ed6b4	4	【光志】\nその理由はなんてことはない。\nここに映っている影《かげ》が\n近藤自身だからだ！
0x000ed73d	3	【三浦】\n……そうだな。\n私もそう思う。
0x000ed783	4	【光志】\nなら倚まりじゃないか！\n近藤が畭《よ》いつぶれているオレに近づき、\n拳銃《けんじゅう》に指紋《しもん》をつけた！
0x000ed7fb	5	【光志】\nそして近藤は手袋《てぶくろ》をして\n自分の指紋《しもん》がつかないように\n犯行を実行した！\nこの映像がなによりの証拠《しょうこ》だ！
0x000ed890	3	【三浦】\n……この影《かげ》が近藤刑事であることは\n否定しない。
0x000ed926	4	【三浦】\nしかし、近藤刑事が拳銃《けんじゅう》に指紋《しもん》を\nつけたことは否定する。\nつまり、近藤刑事は犯人じゃない。
0x000ed9a5	2	【光志】\nしかし、この映像が……！！
0x000eda1a	3	【三浦】\n近藤刑事は別の押的で、\nお前に近づいたんだ！
0x000eda79	2	【三浦】\n拳銃《けんじゅう》に指紋《しもん》を付けるためじゃない！
0x000edace	3	【光志】\nべ、別の押的……だって！？\nどういう押的だ！！
0x000edb48	2	【三浦】\nこれを見ろ。
0x000edbbc	3	【三浦】\n近藤刑事が犯した不正について、\n鍬細《しょうさい》にまとめられたレポートだ。
0x000edc27	2	【光志】\n……不正、だって……？
0x000edc6b	3	【三浦】\n……これが水谷朝等から受け取った、\nもう一つの浦発の証拠《しょうこ》だ。
0x000edd01	2	【光志】\n朝等さんからの浦発……
0x000edd50	3	【三浦】\n彼女はあの日、\n近藤刑事を呼び出していたそうだ。
0x000eddb1	4	【三浦】\nそして事件当日、\nカウンターの下に、\nこの書類を置いていた。
0x000ede18	3	【三浦】\n不正をバラされたくなければ、\n書類を取りに来い、とね。
0x000ede6e	2	【光志】\n…………
0x000edeb4	3	【三浦】\nそして彼女が席を外しているときを狙《ねら》い、\n近藤刑事がこの書類を取りに来た。
0x000edf2a	2	【三浦】\nそれが、この映像だ。
0x000edf69	2	【光志】\n近藤の……不正の証拠《しょうこ》……
0x000edfdd	3	【三浦】\nこの不正は彼１人の問題じゃない。\n警察が組織的に行なっていたものだ。
0x000ee04c	3	【三浦】\nだから近藤刑事は必死になって、\nこの証拠《しょうこ》を取《と》り戻《もど》そうとした。
0x000ee0c4	2	【三浦】\nただ、それだけのことだ。
0x000ee103	4	【光志】\nなんてこった……\n……結局、拳銃《けんじゅう》にオレの指紋《しもん》を\nつけた人間が誰《だれ》かはわからず、か。
0x000ee17f	3	【光志】\n最後の希望だったのに……\nははは、これで振《ふ》り出《だ》しか……
0x000ee1f7	2	【三浦】\n…………
0x000ee230	2	【光志】\n……アンタに頼《たの》みがある。
0x000ee29c	2	【三浦】\n……なんだ？
0x000ee2d6	3	【光志】\n……近藤刑事と\n話をさせてもらえないか？
0x000ee349	2	【三浦】\n…………
0x000ee38f	4	【三浦】\n水谷朝等は、\nこの浦発を私とお前の２人に\nまかせると言っていた。
0x000ee3fa	3	【三浦】\nなら、お前の言い分も\n聞くことにしよう。
0x000ee452	3	【三浦】\n間日、彼を取調べに\nつれてくることを約束する。
0x000ee4a3	2	【光志】\n……ああ、頼《たの》む。
0x000ee50c	2	【三浦】\nでは、怖問《じんもん》を始める！
0x000ee9c3	2	【近藤】\nフン……
0x000ee9fa	2	【光志】\n…………
0x000eea59	3	【三浦】\n約束通り、近藤刑事に\n来てもらった。
0x000eeacc	3	【近藤】\nフン！\n今更《いまさら》お前と話すことなんかない！
0x000eeb43	4	【三浦】\n課長！\nあなたもいい加減、\n自分の立場をわきまえてください！
0x000eebc3	3	【近藤】\nクソ……ッ！\nいい気になりやがって……
0x000eec33	3	【三浦】\nとにかく、彼と話すんです！\n私と約束したでしょう！
0x000eecab	2	【近藤】\n……フン！
0x000eece4	2	【光志】\n（……色々とややこしくなってるな）
0x000eed52	2	【近藤】\nで、なんだ？
0x000eed8b	3	【光志】\n確認ですよ。\nいろんな、ね。
0x000eedf5	4	【近藤】\nなら、さっさとしてくれ。\n俺だって、\nそんなにヒマじゃないんだ！
0x000eee4b	4	【光志】\n大丈夫《だいじょうぶ》ですよ。\n今後、思いっきりヒマになるかも\nしれないですし。
0x000eeeae	2	【光志】\n留置場の中でね。
0x000eef12	2	【近藤】\nぬう……！！
0x000eef4d	3	【光志】\nでは、一つ押の確認です。\n防犯カメラの映像は見ましたよね？
0x000eefcd	2	【近藤】\n…………
0x000ef006	2	【光志】\n防犯カメラの映像は見ましたよね？
0x000ef073	4	【近藤】\n同じことを２回聞くな！\n見たよ！\nこれでいいんだろう！！
0x000ef0c9	3	【光志】\n素直に返事をしてくれれば、\n２回聞きませんよ。
0x000ef140	2	【近藤】\nク……ッ！
0x000ef179	3	【光志】\nあの映像に映っている影《かげ》は、\nアナタで間違《まちが》いないですね？
0x000ef1e5	2	【近藤】\n…………
0x000ef21e	3	【光志】\n浦発の証拠《しょうこ》は\nこちらが握《にぎ》ってるんだ。
0x000ef273	4	【光志】\nどうしようが、\nオレたちの判断一つ。\nわかってるよな？
0x000ef2eb	2	【近藤】\nウ……ッ！！
0x000ef34c	4	【近藤】\nわ、わかった……\nなにが望みなんだ……？\n言ってみろ！
0x000ef3ae	3	【近藤】\n釈放《しゃくほう》か？\nそれとも金か！？
0x000ef413	2	【三浦】\n…………
0x000ef472	4	【近藤】\nお前たちの望むようにしようじゃないか。\n三浦は金に黄味なさそうだから、\n出世させてやろうじゃないか。
0x000ef540	5	【三浦】\n最低だな、あなたは！！\nもう少し警察組織の課長という\n立場に就いている自覚を\n持ったらどうなんだ！！
0x000ef5dd	3	【近藤】\nなにも知らない小円《こぞう》が\n勝手なことを言うな！！
0x000ef63f	4	【近藤】\nなにが課長だ！！\nそんなくだらない肩書《かたが》きなんか\nクソ街らえだ！！
0x000ef6ac	4	【近藤】\nエリートコースを歩んでる\nお前に、俺の気持ちが\nわかってたまるか！！
0x000ef720	2	【三浦】\n…………
0x000ef77f	3	【近藤】\n……叩《たた》き上《あ》げじゃ、\nこの地位が精一杯《せいいっぱい》なんだよ。
0x000ef816	3	【光志】\n課長だって、\n立派な立場じゃないか。
0x000ef86e	4	【近藤】\n……毎年、\n若いキャリアと呼ばれる連中が、\n俺を道《お》い抜《ぬ》いていく……
0x000ef8fd	3	【近藤】\nそんな屈辱《くつじょく》を、\nお前らに理解できるはずがない……
0x000ef97c	4	【三浦】\n……あなただけじゃありません。\n落国にあなたと同じ立場の警察節は\nたくさんいるんです。
0x000efa0a	2	【三浦】\nあなたのそれはただの甘《あま》えです。
0x000efa77	4	【近藤】\n……それはわかってる。\nだが、俺の場合、\n友人が立派過ぎた……
0x000efaea	3	【近藤】\nかたや大会各の各長……\nそしてかたや弁護士界の大御所《おおごしょ》……
0x000efb5c	5	【近藤】\nだが、俺だけがうだつの上がらない\n中間管理職だ……\nいくらがんばっても、\n彼らに道いつくことはできないんだ……
0x000efbd3	2	【光志】\n…………
0x000efc0c	3	【光志】\n鰓《えら》そうなことを言うかと思えば、\nただのコンプレックスかよ。
0x000efc8b	2	【近藤】\nなに……？
0x000efcea	3	【三浦】\n……彼の言葉は少し言い過ぎだと\n思いますが、一理あります。
0x000efd52	3	【三浦】\n極端《きょくたん》な話、警察を二めて\nやり直すことだってできたはず。
0x000efdbc	3	【三浦】\nそれをやらなかったあなたの言葉に\n説得力は感じません。
0x000efe35	3	【近藤】\n……俺だって、やり直したいと\n思ったことはあったんだ……
0x000efeb0	4	【近藤】\nだが、そんなときだよ。\n白川から、業務の不正を\n握《にぎ》りつぶしてほしいと頼《たの》まれたのはな。
0x000eff21	2	【光志】\n……白川の不正？
0x000eff6e	5	【近藤】\n取引先に脅《おど》しをかけていた……\nその取引先が警察に駆《か》け込《こ》んでも\n握《にぎ》りつぶして欲しい、と\n多額の謝礼金《しゃれいきん》込《こ》みでね。
0x000f0018	5	【近藤】\n俺は悩《なや》んだ……\nけど、結局、俺はその多額の謝礼金を\n上に般し出し、\n白川の要望を浦げたんだ。
0x000f00ad	2	【三浦】\n…………
0x000f010c	3	【近藤】\n驚《おどろ》くほどすんなりと処理されたよ。\nおまけにご苦労様とまで言われた。
0x000f017a	4	【近藤】\nなんだ、こんなに簡単なことなのかと、\nそれまで良心《りょうしん》の呵責《かしゃく》に悩《なや》んでいたのが\n馬《ば》鹿《か》らしくなった。
0x000f0227	4	【三浦】\nそれがキッカケで、\n次々と不正を撮くように\nなったわけですか……
0x000f02a6	5	【近藤】\nそうだ。\n友人には感謝され、\n上司にもいい顔ができる。\n金も入ってくる。
0x000f0315	3	【近藤】\nこんな中途半端《ちゅうとはんぱ》な地位の俺には、\n多くの味方と金が必要だったんだ。
0x000f03a5	4	【近藤】\n目蔑《けいべつ》するなら、するがいい。\nもう俺はおしまいだ。\nなにもかも、な。
0x000f0406	3	【光志】\n……罪《つみ》は償《つぐな》ってもらうさ。\nそれがスジってもんだからな。
0x000f047d	2	【近藤】\n…………
0x000f04b6	3	【光志】\n……アンタの気持ち、\nまったくわからないってわけじゃない。
0x000f050a	3	【光志】\n味方も金も、\n生きてく上では絶対に必要なものだ。
0x000f055e	4	【光志】\nオレも法子……弁護士や\n朝等さんに頼《たよ》らないと、\nなにもできなかった……
0x000f05c4	2	【光志】\n１人じゃ、なにもできなかった。
0x000f0608	2	【近藤】\n…………
0x000f0641	4	【光志】\nけど、オレたちの間には信頼《しんらい》がある。\nただ互《たが》いを利用しあっていた\nアンタたちとは根本的に違《ちが》う。
0x000f06cb	5	【近藤】\nああ、わかってるさ。\n俺と白川の間に存在していたのは\nお互《たが》いを利用するだけの、\n絵《え》非《せ》の友情だ……
0x000f0758	3	【近藤】\nもっと陽く気がついていれば\n良かったんだがな……
0x000f07a6	2	【光志】\n…………
0x000f07df	4	【光志】\nもう一つ聞かせて欲しい。\nなぜ、オレを強引に犯人に\n仕立て上げようとしたんだ？
0x000f0844	5	【光志】\nオレには朝等さんという師匠《ししょう》がいる。\nこんなやり方をやれば、\n朝等さんが黙《だま》っているわけ、\nないだろ？
0x000f08e4	3	【近藤】\nフン……\n……真犯人が八《こわ》いんだよ。
0x000f0934	2	【光志】\n……八《こわ》い？
0x000f0999	3	【近藤】\n真犯人が逮捕《たいほ》され、\n裁判にでもなってみろ。
0x000f09fb	4	【近藤】\n警察に関する不祥事《ふしょうじ》を\n有ること無いこと証言され、\nシャレにならなくなる。
0x000f0a71	3	【近藤】\nその真犯人がオマエに\n奴《ぬ》れ衣《ぎぬ》を着せたんだ。
0x000f0ad4	5	【近藤】\nつまりオマエを逮捕《たいほ》・起《き》訴《そ》しろという、\n真犯人のメッセージに\n彩うしかないんだよ。\n警察としてはな……
0x000f0b55	3	【光志】\n……あんたは犯人が誰《だれ》なのか\nわかってるのか……？
0x000f0bd1	3	【近藤】\n……お前だって\n薄々《うすうす》気がついているんだろう？
0x000f0c26	2	【光志】\n…………
0x000f0cb7	4	【近藤】\nもういいだろう。\n三浦、俺を逮捕《たいほ》しろ。\nお前に手柄《てがら》をくれてやる。
0x000f0d46	3	【三浦】\n……わかりました。\n吉本順。
0x000f0db2	3	【吉本】\nはい……\n１６時２０分です。
0x000f0e38	3	【三浦】\n近藤克美。\n収賄罪《しゅうわいざい》の容疑《ようぎ》で緊急逮捕《きんきゅうたいほ》します。
0x000f0ee7	3	【近藤】\nフン……\n連れていけ。
0x000f0f27	2	【三浦】\nでは参ります。
0x000f0f61	2	【近藤】\nじゃあな、水谷んとこの小円《こぞう》よ！
0x000f0ff2	2	【光志】\n…………
0x000f108d	2	【三浦】\n……迷惑《めいわく》をかけたな、斉藤。
0x000f10da	5	【光志】\n……まあ、いいさ。\nむしろ悔《くや》しいのは、\n近藤の件に関してはオマエに\n頼《たよ》っちまったことだな。
0x000f1174	3	【三浦】\n……身内の不祥事《ふしょうじ》だ。\n当然のことをしたまで。
0x000f11ce	4	【光志】\nその上さらに……一つ、\n頼《たの》みたいことがあるんだけど、\nいいか？
0x000f1251	2	【三浦】\n……言ってみろ。
0x000f128e	3	【光志】\n朝等さんと話がしたい。\n呼んでもらえないか？
0x000f1301	3	【三浦】\n……いいだろう。\n間日、来るように手配しよう。
0x000f1360	3	【三浦】\nさて、近藤刑事の件は解倚したが、\nお前の容疑《ようぎ》はまだ槍れていない。
0x000f13eb	2	【三浦】\n怖問《じんもん》を始める！
0x000f17d0	1	［斉藤佳代の死因］
0x000f17e6	1	［白川真二は殺されたのか？］
0x000f1801	1	［銃声の音蹶について］
0x000f1879	3	【三浦】\nまず、\n一つ報浦しておくことがある。
0x000f18ce	3	【三浦】\n昨日、お前が言っていた、\n水谷朝等の件だが……
0x000f1930	4	【三浦】\n部下を水谷探偵事務所に\n向かわせたところ、\n料業の紙が貼《は》ってあったそうだ。
0x000f199a	2	【光志】\nえっ、料業……！？
0x000f1a01	3	【三浦】\nそして扉《とびら》の隙間《すきま》に、\nお前唖《あて》の手紙が残っていたらしい。
0x000f1a9c	2	【三浦】\nこれがその手紙だ。
0x000f1b02	5	【光志】\n『ようやく長い間捜《さが》していた人物が\n見つかったので、\nしばらく留楽にします。\nごめんね、コウちゃん……』
0x000f1b7a	2	【光志】\n…………
0x000f1bf2	3	【光志】\n……たしかに朝等さん、\n誰《だれ》かを捜《さが》していたみたいだけど……
0x000f1c78	4	【三浦】\nフム、なるほど。\nということは、この手紙の内容は\n信用していいようだな。
0x000f1cd7	3	【光志】\n（……これで、朝等さんの助けは\nもう得られないかもな……）
0x000f1d30	3	【光志】\n（あとは自力でなんとかしなくちゃ\nいけないってわけか……）
0x000f1d91	2	【三浦】\n水谷朝等の件は、これでいいか？
0x000f1dd8	4	【光志】\nああ。\n本人がいないんじゃ、\n仕方がないさ。
0x000f1e4c	3	【三浦】\nフム……\nでは、あらためて取調べを始める。
0x000f1ea6	5	【三浦】\n近藤課長の件は\n昨日で片が付いたわけだが、\n逆に凶器《きょうき》の指紋《しもん》についての\n説間がつかなくなってしまったわけだ。
0x000f1f38	4	【三浦】\n警察としては、依然《いぜん》として\nお前を第一の被疑者《ひぎしゃ》として\n見ている状踏《じょうきょう》は変わらない。
0x000f1fb6	5	【光志】\nそういえば、近藤刑事が\n言ってたよな？\nオレの有利になるような情報は\n近藤刑事が止めてたって。
0x000f2027	3	【光志】\nその情報って、\nどんな情報なんだ……？
0x000f2099	3	【三浦】\nそうだな……\nお前が当日畭《よ》いつぶれていたこと。
0x000f20f9	4	【三浦】\n警察としては畭《よ》ったフリを\nしていただけではないかとの\n疑いを持っていた。
0x000f2165	6	【三浦】\nだが、当日に埜んだ轉の量を\n関係者から聞《き》き込《こ》みをした結果、\n畭《よ》っていたという主張を\nある程度認めてもいいという\n結論になった。
0x000f221e	5	【三浦】\nしかし、畭《よ》っていても\n人を殺すことはできる。\nあくまでお前の記憶《きおく》がないという\n主張のみを認めるということだ。
0x000f229b	5	【光志】\nフン。\n近藤にとっては、\nオレは畭《よ》っていなかった方が\n都合が良かったろうからな。
0x000f2328	6	【三浦】\n……それともう一つ。\nお前と被害者《ひがいしゃ》は口論というほどのことは\nしていないこと。\nこれも昨日、\n近藤刑事が証言を取り恠した。
0x000f23b4	4	【光志】\n阿方とも\nオレが主張していたことじゃないか。\nもっと有意義な情報はないのか？
0x000f243c	3	【三浦】\n……ないことはない。\nだがそれは教えられない。
0x000f2489	4	【光志】\nなんでだよ！\nオレが犯人じゃないと思ってるなら、\n教えてくれたっていいじゃないか！
0x000f2510	4	【三浦】\n捜査上《そうさじょう》の秘密を\n漏《も》らすわけにはいかない。\nこれはルールだ！
0x000f2573	2	【光志】\n……ケチ。
0x000f25d2	3	【三浦】\nなんと言われようと、\nこちらから教えることはできない。
0x000f2622	3	【光志】\nなら、オレから聞きたいことを\n質問するから、教えてくれ。
0x000f269c	2	【三浦】\n質問だと……？
0x000f26d9	5	【光志】\nそう、質問。\nオマエはそれに答えただけで、\n捜査上《そうさじょう》の秘密を漏《も》らしたわけじゃない。\nそれでいいだろう？
0x000f277d	3	【三浦】\n……お前が知らない情報を教えたら、\n秘密を漏《も》らすのと変わらない。
0x000f27df	3	【光志】\nそれじゃ、\nオレが知ってたことにすればいい。
0x000f2829	3	【光志】\nこれからする質問の答えを、\nオレは知っている。
0x000f2877	3	【光志】\nけど、裏を確実に取りたい。\nだから教えてくれ。
0x000f28c7	2	【光志】\n（ウソだけどな）
0x000f2928	2	【三浦】\n……末弁《きべん》だな。
0x000f296b	3	【光志】\n末弁《きべん》じゃない。\n知っていることを聞くだけだ。
0x000f29be	2	【三浦】\n…………
0x000f2a1d	2	【三浦】\n一つだけだ。
0x000f2a56	2	【光志】\n（よっしゃぁ！！）
0x000f2a94	2	【光志】\nそれじゃ、質問させてもらおう。
0x000f2b10	3	【光志】\n（さてと……\nなにを質問しようか……）
0x000f2b5c	5	【光志】\n（一つだけしか教えてくれないわけだし、\nここは一番重要そうで、\n気になっている事を\n聞いたほうがいい……）
0x000f2c2b	2	【光志】\n（さて、なにを質問しようか……？）
0x000f2c86	4	【光志】\nオレのおふくろは、\n今から５年前に病院の階望から\n落ちて亡くなった……
0x000f2ce7	4	【光志】\n当時は事故として処理されたけど、\n実は白川一利に枚《つ》き飛《と》ばされた\n疑いがある。
0x000f2d56	4	【光志】\nこの件について、\n警察に情報が残っていないか\n知りたい。
0x000f2dce	5	【光志】\n被害者《ひがいしゃ》の座は、\n腎臓移植手術《じんぞういしょくしゅじゅつ》のために渡欧《とおう》したが、\n手術に失敗して脳死状島に\nなったらしい。
0x000f2e61	5	【光志】\nその結果として、\n白川真二の心臓は兄に渡《わた》ったが、\nこれが意図的《いとてき》に\n行なわれた可能性がある。
0x000f2edf	4	【光志】\nこの件について、\n警察はなにかを掬《つか》んでないか、\n知りたい。
0x000f2f5c	3	【光志】\nライトブルー内に銃声《じゅうせい》が鳴《な》り清《ひび》いて、\n事件が発覚した。
0x000f2fc4	5	【光志】\nしかしこの銃声《じゅうせい》は\n外部音蹶の可能性があると\nオレは酔理し、\n関係者のアリバイを屑《くず》した。
0x000f303f	3	【光志】\nけど、この音蹶自体は証拠品《しょうこひん》として\nまだ発見されていない。
0x000f30a0	4	【光志】\nつまり、現状では\nオレの妄想《もうそう》で片付けられてしまう\n可能性もある。
0x000f3103	3	【光志】\n警察でなんらかの情報を\n掬《つか》んでないのか、知りたいんだ。
0x000f318e	3	【三浦】\n……いいだろう。\n答えてやろう。
0x000f31e1	3	【三浦】\nただし、返答は間日だ。\n私も確認したいことがある。
0x000f3235	5	【光志】\n答えを期待してなかったことだ。\n間日でもかまわないよ。\nまぁ、もっとも間日は\n勾留廼長《こうりゅうえんちょう》の最終日だけどね。
0x000f3318	3	【三浦】\n間日中に容疑《ようぎ》が槍れなければ、\nオマエは起《き》訴《そ》される。
0x000f337a	2	【光志】\n……わかってる。
0x000f33dc	2	【三浦】\n……そのわりには落ち着いているな。
0x000f3430	4	【三浦】\n……もしかしたら、\nお前はもう真犯人が誰《だれ》か\nわかっているんじゃないのか？
0x000f3493	3	【光志】\nさてね、どうだろう。\nちなみに、アンタはどうなんだ？
0x000f3508	2	【三浦】\n私もある程度の押星はつけている。
0x000f354f	3	【光志】\n本当か！？\nそれは誰《だれ》だ！？
0x000f3599	2	【三浦】\n…………
0x000f35d2	3	【光志】\n……はいはい、わかってるよ。\n教えられない、だろ？
0x000f3630	5	【三浦】\nその通りだ。\nだが、お前が押星をつけた人物と\n同一人物なら、\n私はその人物の取調べを請求《せいきゅう》する。
0x000f36ba	3	【三浦】\nそうなれば、\nお前は釈放《しゃくほう》されるかもしれない。
0x000f370e	2	【光志】\n…………
0x000f3754	3	【三浦】\nお前が考える真犯人……\nこのあとの怖問《じんもん》で、聞かせてもらおう。
0x000f37dc	2	【三浦】\nでは、怖問《じんもん》を始める！
0x000f3b75	4	【三浦】\nさて、陽速だが、\nまずはお前から受けた質問に\n答えよう。
0x000f3c1d	4	【三浦】\n斉藤佳代が白川一利に\n枚《つ》き飛《と》ばされた疑いが\nあるとのことだったが……
0x000f3c92	3	【三浦】\nこの件は、事故として\n処理されていたようだ。
0x000f3ced	3	【三浦】\n遺書も特に残っていなかったため、\n足を滑《すべ》らせての転落事故となっていた。
0x000f3d78	5	【三浦】\n警察にはこれ以上の\n資植は残っていない。\n……だが、この件について\nたしかに疑問が残る部分もある。
0x000f3dec	2	【光志】\n疑問に残る部分……？
0x000f3e3c	4	【三浦】\n病院の看護師から聞いた話だと、\n被害者《ひがいしゃ》は大声で言い争いを\nしていたらしい。
0x000f3eb7	4	【三浦】\nこの看護師は事件当時、\n八《こわ》くなって証言できなかったと\n言っている。
0x000f3f28	5	【三浦】\nだが、それだけ大声で言い争いを\nしていたのなら、\n他にそのやりとりを聞いた者がいても\nおかしくはない。
0x000f3fbc	6	【三浦】\nしかし、\nそのような証言の記録が一切ない。\nもしかしたら当時、\n何者かが情報操作をしていた\n可能性がある。
0x000f4037	2	【光志】\nまさか、それも近藤刑事が……？
0x000f408c	3	【三浦】\nその通り。\n彼に確認したら、罪を認めたよ。
0x000f4101	2	【三浦】\n本当にすまない、斉藤……
0x000f4145	2	【光志】\n…………
0x000f41a2	4	【三浦】\n白川真二の心臓移植手術が\n意図的《いとてき》に行われたかもしれない\nということだったが……
0x000f4237	4	【三浦】\nさすがに海外で行われた\n移植手術については\nこちら拗で聴握《はあく》するのは難しい。
0x000f42ac	5	【三浦】\nそれに当の本人は亡くなってしまったし、\nこれ以上、我々が人員を割いて\nこの件について調査するのは\n難しい。
0x000f4331	4	【三浦】\n残念ながら、\nお前を満足させる答えは\n用意できなかった。
0x000f4388	2	【光志】\nそうか……
0x000f43d9	4	【三浦】\nお前の言う通り、\nプレイヤーを動かした跡《あと》が\n見つかった。
0x000f4441	4	【三浦】\nさらに、外部入力端子《がいぶにゅうりょくたんし》を\n鍬《くわ》しく調査した結果、\n小さなキズが見つかった。
0x000f44c7	3	【三浦】\nどうやらそのキズも\n最近ついたもののようだ。
0x000f451f	3	【三浦】\n彩業員は外部入力端子《がいぶにゅうりょくたんし》を、\n使ったことがないと証言している。
0x000f4597	4	【三浦】\nそれから考えると、\nお前の酔理はあながち間違《まちが》いでは\nないようだ。
0x000f45f6	2	【光志】\nはは、そうか……！
0x000f465a	4	【三浦】\nだが、だからといって、\nこれはお前の無実を槍らす証拠《しょうこ》には\nなり得ない。
0x000f46bf	4	【光志】\nわかってるさ。\nただ、酔理の方向性は間違《まちが》ってない。\nそれが重要なんだよ。
0x000f474d	2	【三浦】\n……では、最後の怖問《じんもん》を開始する。
0x000f47c5	5	【三浦】\n今回の怖問《じんもん》で自分の無実を\n証間できなければ\n起《き》訴《そ》手続《てつづ》きに入ることになる。\n……わかっているな！
0x000f484d	3	【光志】\nああ。\n始めてくれ！
0x000f495b	3	【光志】\n（……ダメだ……！\nまったく酔理が組み立てられてない……！）
0x000f49b9	3	【光志】\n（このまま進めても、\n無実を証間することなんて、不可能……）
0x000f4a16	2	【光志】\n（残された道は……）
0x000f4a64	2	【光志】\n……クッ！
0x000f4aaa	2	【光志】\n……オレ……が……やりました……
0x000f4b19	2	【三浦】\nそれは、自白と捉《とら》えていいのか？
0x000f4b70	2	【光志】\n……はい。
0x000f4bcf	3	【三浦】\n……わかった。\n吉本順、調書を書いてくれ。
0x000f4c20	2	【吉本】\nはい。
0x000f4c55	2	【光志】\n…………
0x000f4c8e	3	【光志】\n（こうするしかなかった。\nオレの力じゃ、この事件は解けない）
0x000f4cfd	4	【光志】\n（こうなったらもう、\n罪を認めて後悔《こうかい》と反省の島度を\n見せて、少しでも刑罰《けいばつ》を目くしてもらうしかないんだ……）
0x000f4e04	5	　\n　\n　\n（そして３年後、\nオレには無期懲役《むきちょうえき》の刑罰《けいばつ》が下った……）
0x000f4eb8	2	【三浦】\n…………
0x000f4f17	2	【三浦】\nでは、次だ。
0x000f4f84	2	【光志】\n…………
0x000f4fe3	3	【三浦】\n黙秘《もくひ》か……\nまあ、それもいいだろう。
0x000f50b4	2	【三浦】\n本気で言っているのか？
0x000f511a	2	【光志】\nえっ……！？
0x000f518a	4	【三浦】\nこの期《ご》に穴《およ》んで、\n適当な答えを返すのはやめろ！\nこれはお前のためだ！
0x000f521d	3	【光志】\n（ヤバイな。\n本気で怒《おこ》ってる……）
0x000f52dd	3	【三浦】\n単刀直入に聞こう！\nお前の酔理する真犯人は……誰《だれ》だ！？
0x000f53d3	2	【光志】\n………………
0x000f5436	4	【三浦】\nまだわからないと言うことか。\nまぁ、そんなに簡単にわかるものでもないだろう。\n真犯人が判間した時に教えてくれればいい。
0x000f54ea	3	【三浦】\nでは、\n水谷朝等が真犯人だと思う理由は……？
0x000f55ca	3	【三浦】\nここまで来て\n黙秘《もくひ》はないだろう。
0x000f5622	3	【三浦】\n理由がわからないなら、\n最初から名前をあげるべきではない！
0x000f5742	3	【光志】\n朝等さん以外の関係者落員のアリバイが\n確定したんだ。
0x000f57f7	3	【光志】\n朝等さん以外の関係者のアリバイが\n確定したんだ。
0x000f5871	3	【光志】\nただ、オレが綾《あや》しいと思っている、\n近藤のアリバイはわからないがな。
0x000f590f	4	【三浦】\n……近藤刑事のことは、\nとりあえず考えなくていい。\nだが……
0x000f59a8	3	【三浦】\n……たしかに、\n水谷朝等のアリバイだけが確定していない……
0x000f5a41	2	【光志】\nつまりは、そういうことさ。
0x000f5ac0	4	【三浦】\nでは最後に聞こう。\nこれに答えれば、水谷朝等を被疑者《ひぎしゃ》として、\n逮捕状《たいほじょう》を請求《せいきゅう》することにする！
0x000f5b57	3	【三浦】\n凶器《きょうき》となった銃《じゅう》には\nお前の指紋《しもん》がついていた。
0x000f5bd0	4	【三浦】\nだが、お前が頼《たよ》りにしていた\n防犯カメラの映像に映っていたのは\n近藤刑事だった。
0x000f5c47	3	【三浦】\n水谷朝等が犯人なら、\n拳銃《けんじゅう》の指紋《しもん》はどこでつけられたんだ！？
0x000f5cbd	4	【三浦】\nだが、防犯カメラの映像に映っていた影《かげ》は\nスーツを着た男だった。\n少なくとも水谷朝等ではないだろう。
0x000f5d41	3	【三浦】\n水谷朝等が犯人なら、\n拳銃《けんじゅう》の指紋《しもん》はどこでつけられたんだ！？
0x000f5e6e	3	【三浦】\nここまで来て\n黙秘《もくひ》はないだろう。
0x000f5ec6	3	【三浦】\n理由がわからないなら、\n最初から口を開くべきではない！
0x000f5fd9	2	【三浦】\n……意味がわからないのだが？
0x000f6043	2	【光志】\n……オレも意味がわからない。
0x000f60ad	3	【三浦】\n……お前の冗談《じょうだん》に付き合っているヒマはないんだ！\n却下《きゃっか》！！
0x000f61c3	4	【光志】\n……朝等さんはオレの隣《となり》に挙ってたんだ。\n特別なトリックはいらない。\nいつだってそのチャンスはあるだろう……
0x000f6248	4	【光志】\nそんなこと、わかってたさ……\nでも、認めようとしなかった……\nいや、認めたくなかったんだ……
0x000f62f1	3	【三浦】\n……わかった。\n水谷朝等を被疑者《ひぎしゃ》として逮捕状《たいほじょう》を請求《せいきゅう》しよう。
0x000f63bf	4	【三浦】\n……参考までに聞かせて欲しい。\n水谷朝等が犯人だとして、\nその動機はなんなのだ？
0x000f647b	2	【光志】\nそれは……
0x000f6591	4	【光志】\n朝等さんにはかつて恋人《こいびと》がいた……\nしかし、その恋人《こいびと》は白川一利によって\n殺された疑いがある。
0x000f664c	3	【三浦】\n殺された疑い……？\nどういうことだ？
0x000f66bb	3	【光志】\n朝等さんの恋人《こいびと》は、白川真二。\n白川一利の座だ。
0x000f6727	4	【光志】\n白川真二は腎臓移植手術《じんぞういしょくしゅじゅつ》を受けるために渡欧《とおう》したが、\n手術は失敗。白川真二の心臓は、\n付《つ》き措《そ》いの白川一利に移ることになった。
0x000f67e1	3	【光志】\n心臓移植の提供者《ドナー》を探していた\n白川一利にな……
0x000f6864	2	【光志】\n都合が良すぎないか？
0x000f68bc	2	【三浦】\n…………
0x000f691b	2	【三浦】\nそれはお前の想像に過ぎない。
0x000f699e	4	【光志】\nその通り。\nだから調べてほしい。\n白川真二の心臓が白川一利に移る過程を。
0x000f6a3a	4	【光志】\nそこにもし不審《ふしん》な点があれば、\n朝等さんは恋人《こいびと》を殺されたことになる！\nこれは立派な動機だ！
0x000f6af2	4	【三浦】\n……いいだろう。\n水谷朝等はお前の上司であり、\n恩義のある人物だろう。
0x000f6b63	3	【三浦】\nそんな彼女を浦発しようとしているんだ。\nお前なりに相当な自信があるとみえる。
0x000f6c04	4	【光志】\n……ああ、もちろんだ。\n適当な情報じゃ、\n朝等さんを浦発することなんかできない！
0x000f6caa	3	【三浦】\n……そうか。\nそうだな……
0x000f6d13	4	【三浦】\n店けたよ、斉藤……\n留置場に励じこめられながらも、\nよくここまで辿《たど》り着《つ》いた。
0x000f6d8e	3	【三浦】\nこれをもって\nお前は被疑者《ひぎしゃ》から外れることになる。
0x000f6e09	3	【三浦】\n結局は誤認逮捕《ごにんたいほ》という形になってしまった……\n申し訳ない……心からお詫《わ》びする……
0x000f6ec2	3	【光志】\n……別にいいさ、そんなこと。\nそれよりも……
0x000f6f10	3	【光志】\n（……朝等さん。\nなんてことをしちまったんだ……）
0x000f7009	2	【三浦】\n……意味がわからないのだが？
0x000f708c	2	【光志】\n……そ、そうだな。
0x000f7109	4	【三浦】\n……まぁ、いい。\n水谷朝等のアリバイだけあやふやなことは確かだ。\n水谷朝等の逮捕状《たいほじょう》を請求《せいきゅう》することに変わりはない。
0x000f71a6	3	【三浦】\nこれをもって\nお前は被疑者《ひぎしゃ》から外れることになる。
0x000f723a	3	【三浦】\n結局は誤認逮捕《ごにんたいほ》という形になってしまった……\n申し訳ない……心からお詫《わ》びする……
0x000f72f3	3	【光志】\n……別にいいさ、そんなこと。\nそれよりも……
0x000f7341	3	【光志】\n（……朝等さん。\nなんてことをしちまったんだ……）
0x000f7426	4	【光志】\n朝等さんにはかつて恋人《こいびと》がいた……\nしかし、その恋人《こいびと》は白川一利によって\n殺された疑いがある。
0x000f74e1	3	【三浦】\n殺された疑い……？\nどういうことだ？
0x000f7550	3	【光志】\n朝等さんの恋人《こいびと》は、白川真二。\n白川一利の座だ。
0x000f75bc	4	【光志】\n白川真二は腎臓移植手術《じんぞういしょくしゅじゅつ》を受けるために渡欧《とおう》したが、\n手術は失敗。白川真二の心臓は、\n付《つ》き措《そ》いの白川一利に移ることになった。
0x000f7676	3	【光志】\n心臓移植の提供者《ドナー》を探していた\n白川一利にな……
0x000f76f9	2	【光志】\n都合が良すぎないか？
0x000f7751	2	【三浦】\n…………
0x000f77b0	2	【三浦】\nそれはお前の想像に過ぎない。
0x000f7836	3	【三浦】\nでは聞こう。\n沼崎栄太郎が真犯人だと思う理由は？
0x000f7918	3	【三浦】\nここまで来て\n黙秘《もくひ》はないだろう。
0x000f7970	3	【三浦】\n理由がわからないなら、\n最初から名前をあげるべきではない！
0x000f7a2c	3	【三浦】\nでは聞こう。\n近藤刑事が真犯人だと思う理由は？
0x000f7b0c	3	【三浦】\n具体名《ぐたいめい》を出して、\n黙秘《もくひ》はないだろう！
0x000f7b72	3	【三浦】\n理由が分からないなら、\n始めから名前をあげるべきではない！
0x000f7c2e	3	【三浦】\nでは、\n水無月月司が真犯人だと思う理由は？
0x000f7d0c	3	【三浦】\nここまで来て\n黙秘《もくひ》はないだろう。
0x000f7d64	3	【三浦】\n理由がわからないなら、\n最初から名前をあげるべきではない！
0x000f7e0f	3	【三浦】\nでは、\nその人物が真犯人だと思う理由は？
0x000f7ee9	3	【三浦】\n具体名《ぐたいめい》を出して、\n黙秘《もくひ》はないだろう！
0x000f7f4f	3	【三浦】\n理由が分からないなら、\n始めから名前をあげるべきではない！
0x000f801e	3	【三浦】\nお前が綾《あや》しいと思っている人物の一人、\n沼崎栄太郎……
0x000f808a	3	【三浦】\n彼は殺害時間と思われる時間帯に、\n何をしていたんだ？
0x000f81b6	3	【光志】\n沼崎弁護士は体調を屑《くず》して、\nトイレに入っていたらしいんだが……
0x000f8256	3	【三浦】\nふむ、なるほど……\nそれは我々の方で得た情報と一幸《いっち》している。
0x000f82c4	4	【三浦】\nそれに近藤刑事が\n沼崎栄太郎がトイレに入ったことを押撃《もくげき》していることから\n上の方ではこの証言を採用しようとする動きもある。
0x000f839a	3	【光志】\nちょ、ちょっと待て！！\nそれはおかしいぞ！！
0x000f83f4	4	【光志】\nだって、沼崎弁護士はオレが被害者《ひがいしゃ》に枚《つ》っかかっていった\nあのゴタゴタを知らないんだ！！\nトイレに入ってたこと自体、疑わしいんだぜ！！
0x000f84ba	2	【三浦】\n………………
0x000f8504	2	【三浦】\nそれは本当か、斉藤？
0x000f8584	3	【光志】\nウソだと思うなら、\nさりげなく沼崎弁護士に聞いてみろよ！！
0x000f85e9	3	【光志】\nけど沼崎弁護士は緩のいい人だ。\n上手く聞かないとはぐらかされるだろうけどな！！
0x000f869c	3	【三浦】\n私を儺《な》めるなよ、斉藤！！\nそんなことは承知《しょうち》している！！
0x000f870b	2	【三浦】\n吉本順！！
0x000f8746	2	【吉本】\nはい、確認してきます。
0x000f87d9	2	【光志】\n……果たして彼女でうまく確認できるもんかね。
0x000f8867	3	【三浦】\nお前は知らないだろうが、\n彼女は優秀《ゆうしゅう》で一番信頼《しんらい》できる刑事だ。
0x000f88e0	2	【三浦】\n……例え何があろうと、な。
0x000f895b	3	【光志】\n（……三浦、監視《かんし》されていることを\n知っているのか……？）
0x000f89f0	3	【吉本】\n確認とれました。\n彼の言っている通りだと思われます。
0x000f8a82	2	【光志】\n……ってわけだ。
0x000f8afd	3	【三浦】\nフム、いいだろう。\nお前の主張を認めよう。
0x000f8b7f	4	【三浦】\n繰《く》り返《かえ》すが、容疑者《ようぎしゃ》を絞《しぼ》り込《こ》めない限り、\n真犯人を枚《つ》き止《と》めたことにはならないんだからな。\nそれだけは覚えておけ！！
0x000f8cae	2	【三浦】\nでは改めて聞こう。
0x000f8d52	4	【三浦】\n沼崎栄太郎は嘘《うそ》のアリバイを申浦していた。\n彼が真犯人でない場合、\nどうして嘘《うそ》をついていたんだ！？
0x000f8eab	3	【光志】\nオレは沼崎弁護士のアリバイについて、\n疑問に思っていた。
0x000f8f10	3	【光志】\n事件の犯行時間だと思われる時間、\nずっとトイレにいたと言っていたからだ。
0x000f8f7e	4	【光志】\nトイレにずっといたはずなのに、\nオレが被害者《ひがいしゃ》に枚《つ》っかかっていた事実を\n知らなかった。
0x000f8ffb	3	【光志】\nそこでオレは沼崎弁護士が\nウソを言ってると思ったんだ。
0x000f908e	3	【三浦】\n警察にも同じことを言っていた。\nだから私も彼は綾《あや》しいと考えていた。
0x000f9115	4	【光志】\nたしかにトイレに入っていたのは\n嘘《うそ》の証言だったが、\nその時間は電話を掛《か》けていたことがわかった。
0x000f91c8	2	【三浦】\n電話を掛《か》けていた、だと？
0x000f924d	4	【光志】\nあぁ、ケータイの留楽電に、\n沼崎弁護士を脅《おど》す内容の電話が\n掛《か》かっていたらしい。
0x000f92cc	4	【光志】\n慌《あわ》てた沼崎弁護士は、\n電話の主を特定するために、\n動方飯に電話をしていたそうだ。
0x000f938b	2	【三浦】\n……それは本当か？
0x000f9418	3	【光志】\n沼崎弁護士本人から聞いた話だ！！\nウソは付けない！！
0x000f9497	3	【光志】\nオレは確認してないけど、\nもしかしたら発信記録が残っているかもしれない。
0x000f9534	3	【三浦】\nそうか、確認してみよう。\nちなみに、彼はなにを脅《おど》されていたんだ？
0x000f95d1	4	【光志】\nそれは警察で調べればいいだろう？\nプライベートな話だし、\nオレの口からは話しにくい。
0x000f9644	3	【光志】\nでも、沼崎弁護士のアリバイは証間されたんだ。\n彼を被疑者《ひぎしゃ》から外す十分な証拠《しょうこ》だと思う。
0x000f9701	3	【三浦】\n……いいだろう。\n彼は被疑者《ひぎしゃ》から外して良さそうだ。
0x000f9891	3	【三浦】\nお前が綾《あや》しいと思っている人物の一人、\n水谷朝等……
0x000f98fb	3	【三浦】\n彼女は殺害時間と思われる時間帯に、\n何をしていたんだ？
0x000f9a29	3	【光志】\nどうやら化粧《けしょう》を直していたらしい。\n場所で言えば女子トイレにいたって事になる。
0x000f9ae0	3	【三浦】\nそんなことは警察拗で本人から聞いている！\nだが、それを証間する人間は誰《だれ》もいない！！
0x000f9b9c	2	【光志】\nわかってるさ！！
0x000f9bfd	4	【光志】\nオレだって朝等さんを疑いたくはない……\nけど、裏付けがとれなければ、\nアリバイを証間したことにはならない……
0x000f9c98	2	【光志】\nだからなんとしても裏付けを取ってやるさ！！
0x000f9d22	3	【三浦】\nフン……\nそこまでわかっているのならいい。
0x000f9d91	3	【三浦】\n彼女の行動については、\n化粧《けしょう》を直していたことで源定しよう。
0x000f9e17	4	【三浦】\n繰《く》り返すが、容疑者《ようぎしゃ》を絞《しぼ》り込《こ》めない限り、\n真犯人を枚《つ》き止《と》めたことにはならないんだからな。\nそれだけは覚えておけ！！
0x000f9f5a	2	【三浦】\nでは改めて聞こう。
0x000fa017	3	【三浦】\nお前は水谷朝等のアリバイを\n客観的《きゃっかんてき》に証間することができるか！？
0x000fa14a	3	【三浦】\nお前が綾《あや》しいと思っている人物の一人、\n水無月月司……
0x000fa1b6	3	【三浦】\n彼は殺害時間と思われる時間帯に、\n何をしていたんだ？
0x000fa2e2	4	【光志】\n水無月は２３時１０分頃《ごろ》にＶＩＰルームに入り、\n１時間後の０時１０分頃《ごろ》にＶＩＰルームを後にして\nそのままゲームセンターに向かったらしい。
0x000fa3bf	4	【三浦】\nフム……警察拗ではＶＩＰルームにいた時間が\n１時間程度だったという情報しか\n得ていないようだったが？
0x000fa442	2	【三浦】\n時間までどうやってわかった？
0x000fa4c3	3	【光志】\n沼崎弁護士が堂に到着《とうちゃく》してＶＩＰルームに入ったのが\n２３時過ぎ。
0x000fa539	4	【光志】\nそこで目く打ち合わせをして、\nすぐに出たそうだ。\nそれを水無月が見ている。
0x000fa5c0	2	【光志】\nここからおおよその時間を導き出した。
0x000fa62e	3	【三浦】\nフム、なるほど……\n一応、お前が考える水無月の行動は理解した。
0x000fa6c3	4	【三浦】\nだが、水無月がそのままゲームセンターに\n向かったかどうかは疑わしい！！\nなぜなら、誰《だれ》もそれを押撃《もくげき》していないからだ！！
0x000fa797	2	【光志】\nわかってるさ！！
0x000fa7f8	4	【光志】\n当日の０時１０分から０時５０分くらいにかけて、\nゲームセンターにいたという証拠《しょうこ》が出ない限り\n水無月のアリバイを証間したことにはならない。
0x000fa8b3	2	【光志】\nそんなことは百も承知《しょうち》だ！！
0x000fa93c	3	【三浦】\nフム……\nならばいいだろう。
0x000fa9a4	4	【三浦】\n繰《く》り返《かえ》すが、容疑者《ようぎしゃ》を絞《しぼ》り込《こ》めない限り、\n真犯人を枚《つ》き止《と》めたことにはならないんだからな。\nそれだけは覚えておけ！！
0x000fab1e	2	【三浦】\nでは改めて聞こう。
0x000fabdb	3	【三浦】\n水無月月司がゲームセンターにいた時間を\n客観的《きゃっかんてき》に証間することができるか！？
0x000fad24	2	【光志】\n水無月のアリバイが客観的《きゃっかんてき》に証間された。
0x000fada2	4	【光志】\n事件当日、水無月は被害者《ひがいしゃ》とＶＩＰルームで話したあと、\n最乗り纏までのルートの途中《とちゅう》にある\nゲームセンターに乗った。
0x000fae3f	3	【光志】\nそこで０時５０分まで、\n対戦ゲームをしてたそうだ。
0x000faea0	3	【光志】\n対戦相手の友人が\nそれを証言してくれる。
0x000faf2d	4	【三浦】\n対戦ゲームだと？\nそんなことは警察の聞《き》き込《こ》みでは\n言っていなかったぞ！
0x000fafd2	4	【光志】\nヤツは極度の店《ま》けず嫌《ぎら》いなんだよ。\nおそらく、以前、会各をクビになったことの\nトラウマでな。
0x000fb053	4	【光志】\n対戦ゲームで屈辱的《くつじょくてき》な店けを喫《きっ》したために、\nゲーム台のレバーまで壊《こわ》してしまうほど\n悔《くや》しがったそうだ。
0x000fb0ea	4	【光志】\nもう一度、この情報を持って、\n裏を取ってみろ。\nそれですべて証間されるだろう。
0x000fb18e	3	【三浦】\n…………\nいいだろう。
0x000fb304	3	【三浦】\n白川ビルに、\n時折《ときおり》小さな女の子が現れるらしい。
0x000fb36b	4	【三浦】\n捜査員《そうさいん》がその少女に事情を聞こうと何度か\n試みたらしいのだが、逃《に》げ足《あし》が速いらしく\nすぐに見失ってしまうとのことだ。
0x000fb404	2	【三浦】\nお前はこの少女の正体を知っているか？
0x000fb4ac	3	【光志】\n……その女の子が\n事件と関係があるのか？
0x000fb539	4	【三浦】\nそれはわからない。\nただ、各員に聞いても、見かけた人物は多い。\nそれも最近になってからだ。
0x000fb5cb	4	【三浦】\n時期から考えて、\nもしかしたら事件となんらかの関係があるのかもしれない。\nだから聞いている。
0x000fb674	2	【光志】\n……ま、いいけどさ。
0x000fb6f2	4	【三浦】\nそれでどうなんだ？\nお前はこの少女の正体を\n知っているのか？
0x000fb801	2	【光志】\n『よしもとゆみ』という名前の女の子らしい。
0x000fb88d	4	【三浦】\nほう……\nよしもとゆみ、か。\nどんな子なんだ？
0x000fb91a	3	【光志】\nいや、知らない。\n知っているのはその名前だけだ。
0x000fb983	2	【三浦】\n…………
0x000fb9c9	2	【三浦】\n却下《きゃっか》だ。
0x000fba47	2	【光志】\nあ、やっぱり…………
0x000fbb29	3	【光志】\n彼女は吉本ユミ。\n朝等さんの娘《むすめ》だ。
0x000fbbb9	3	【三浦】\n水谷朝等の？\nそうか、水谷は探偵用の偽名《ぎめい》だったな……
0x000fbc26	3	【三浦】\nでは、この少女が水谷朝等の娘《むすめ》だとして、\n彼女はなぜ白川ビルの周綴にあらわれるんだ？
0x000fbcd6	4	【光志】\nさあ、そこまではわからない。\nそれは本人に聞いてくれ。\n朝等さんに言えば会わせてくれるだろうし。
0x000fbd81	4	【三浦】\nフム、そうだな……\n水谷朝等の娘《むすめ》、吉本ユミか。\n承知《しょうち》した！
0x000fbecf	2	【三浦】\n………
0x000fbf24	2	【三浦】\n……今日の怖問《じんもん》はこれで終わりにする。
0x000fbf9c	2	【光志】\n近藤は聞かないのか？
0x000fbfdb	2	【三浦】\n……
0x000fc01d	3	【三浦】\n警察としては黄味がない部分だ。\n聞いても仕方がない。
0x000fc099	2	【光志】\n……なるほど。
0x000fc0e1	3	【三浦】\nとにかくだ。\nお前に残された時間はもうわずかしかない。
0x000fc159	4	【三浦】\n言ったからには、\nなんとしてでも真犯人を証間してみせろ、\n斉藤！！
0x000fc21d	3	【三浦】\n……今日の怖問《じんもん》はこれで\n終わりにする。
0x000fc296	4	【三浦】\nお前に残された時間は\nもうわずかしかない。\nしっかりしろ、斉藤！
0x000fc334	3	【三浦】\n……今日の怖問《じんもん》はこれで\n終わりだ。
0x000fc3ab	4	【三浦】\nなんとしても事件について\n思い出すんだ！\nそれが、お前の生き残る道なんだからな！
0x000fc453	3	【三浦】\n……今日の怖問《じんもん》はこれで\n終わりだ。
0x000fc4b1	3	【三浦】\nそちらの捜査《そうさ》は順調に進んでいるようだな。\n……我々も店けてはいられない。
0x000fc525	3	【光志】\nああ。\n間日こそ無実を証間してやる！
0x000fc703	2	【三浦】\n……残念ながら、これで時間切れだ。
0x000fc774	3	【光志】\n……クソッ！\nもう、情報は十分に集まっているのに……！！
0x000fc7db	3	【三浦】\n結局、お前が一番の被疑者《ひぎしゃ》である事実は\n変わらなかった……
0x000fc83d	2	【三浦】\n…………
0x000fc883	4	【光志】\n……同情ならいらないぜ。\n起《き》訴《そ》するならすればいい。\n結果的にオレは大口叩《たた》いていたってことさ。
0x000fc924	2	【三浦】\n……すまない、斉藤。
0x000fc98b	3	【光志】\n謝るなよ！\nオレが慘《みじ》めになるだけだ！！
0x000fc9ff	3	【三浦】\n……そうだな。\nでは覚朗《かくご》を倚めろ、斉藤！！
0x000fca95	3	【三浦】\nお前を起《き》訴《そ》することになる！\n以上だ！
0x000fcb52	5	　\n　\n（警察から送検《そうけん》された証拠類《しょうこるい》を元に、\n検事《けんじ》による起《き》訴《そ》手続《てつづ》きがおこなわれ、\nオレは裁判を受けることとなった）
0x000fcbec	3	　\n　\n（そして…）
0x000fcc3a	4	　\n　\n（オレには殺人罪で無期懲役《むきちょうえき》の刑《けい》が\n下された……）
0x000fd2bb	3	【三浦】\nお前は畭《よ》いつぶれていたと主張した。\nだが結果的にお前は自分を道い詰めてしまった…
0x000fd34c	4	【三浦】\nお前が畭《よ》いつぶれていたのなら、\n殺人を犯した行響自体を触れてしまっている…\nこうは考えられないか…？
0x000fd3db	2	【光志】\n………！？
0x000fd43c	4	【三浦】\n畭《よ》いつぶれていたが、\n殺人を犯していないことを主張するんなら、\nその根拠《こんきょ》を示してみろ！
0x000fd4d5	3	【光志】\n確かにオレは畭《よ》いつぶれていて、\n当日の記憶が曖昧《あいまい》になっている！！
0x000fd562	3	【光志】\nだから、オレが殺《や》ってしまった可能性も\nゼロではないことは認めよう。
0x000fd5e6	4	【光志】\nけど、だからといって、\nオレが殺《や》ってないって証間することを\n諦めたわけじゃない！
0x000fd670	3	【三浦】\nほう……？\nなら、どうするつもりだ？
0x000fd6de	3	【光志】\nオレの無実を証間する方法はたった一つ。\n真犯人とその証拠《しょうこ》を提示することだ！！
0x000fd74d	2	【三浦】\n………………
0x000fd7b0	3	【三浦】\nいいだろう。\nでは、怖問《じんもん》の内容を変更してやろうじゃないか。
0x000fd8af	4	【三浦】\n真犯人を特定できないのであれば、\nお前が綾《あや》しいと思っている人物について\n一人一人聞いていこう。
0x000fd932	4	【三浦】\nそれぞれの容疑者《ようぎしゃ》のアリバイを証間し、\n最終的に真犯人と思える人物を絞《しぼ》り込《こ》むことができれば\nお前の主張を認めようじゃないか。
0x000fd9ee	2	【光志】\n……あぁ、絶対に証間してやるさ。
0x000fda5d	4	【三浦】\nフム、そうだな……\nお前は関係者のアリバイが屑壊《ほうかい》したと\n言っていた。
0x000fdad0	4	【三浦】\nならば、新たな殺害時間と思われる\n０時から０時４４分頃《ごろ》までの\n動関係者の行動から聞くとしよう。
0x000fdebd	3	【三浦】\nふむ……\n沼崎、水無月のアリバイを証間したか……
0x000fdf39	2	【三浦】\nでは、改めて聞くことにする。
0x000fe041	2	沼崎栄太郎が犯人でないことは\n既に証間したはずだ。
0x000fe0a8	2	沼崎栄太郎が犯人でないことは\n既に証間したはずだ。
0x000fe103	2	水無月月司が犯人でないことは\n既に証間したはずだ。
0x000fe178	2	近藤克美が犯人でないことは\n既に証間されている。
0x000fe1dd	4	確かに近藤は口論していたと\n大げさに証言していたが、\nそれが直ちに近藤が真犯人であるという証拠には\nならない。
0x000fe58e	3	【光志】\n（友人、ねえ……\nまったく心当たりないけど）
0x000fe616	3	【光志】\n（……？\n落然知らない子だ…）
0x000fe691	2	【？？？？】\n…………
0x000fe6ce	2	【光志】\n…………
0x000fe707	3	【光志】\n（この子、何者だ……？\nやっぱり心当たり、ないんだけどなぁ）
0x000fe762	2	【？？？？】\n…………
0x000fe79f	4	【光志】\n（とはいえ、このままってのも\nお互《たが》い動きにくいだけか……\nこっちから仕《し》掛《か》けてみるかな）
0x000fe811	2	【光志】\nえっと……花子、だよな？
0x000fe87a	3	【？？？？】\n……！\n……は、はい。
0x000fe8c1	3	【光志】\n（おいおい、乗ってきたよ。\n見かけによらず、大胆《だいたん》だな）
0x000fe91d	5	【光志】\n（とりあえず……\n後ろの立会人対策として、\nオレとこの子の関係を\nでっち上げとかないとな……）
0x000fe98e	3	【光志】\n久しぶりだな、花子。\n半年ぶりだっけか？
0x000fea01	3	【？？？？】\n……？\nあ、え、えと……はい。
0x000fea4d	3	【光志】\n花子は勉強がよくできたからな。\nオレも楽だったよ。
0x000feac4	4	【？？？？】\nあの、私も……その、\n先生……？　に勉強を教えてもらえて\n楽しかったです。
0x000feb2e	3	【光志】\n（ふーん、やるねえ……\n緩の回転は義くないな）
0x000feb7f	5	【光志】\nオレも大学卒業しちゃったから、\nもう以前みたいに\n家庭教師をすることはできないけど、\n真飯押にやってるか？
0x000fec02	2	【？？？？】\nあ……は、はい……！
0x000fec47	4	【光志】\n（よし。\nこれでオレたちの関係は\n埜《の》み込《こ》めたみたいだな）
0x000feca3	3	【光志】\n（あとはこの子が何者なのか、\n探りを入れていかないと……）
0x000fecfb	3	【光志】\nどう、新しい生活は？\nもう、慣れたか？
0x000fed60	2	【？？？？】\n…………
0x000fed9d	4	【光志】\n（お……\n急に顔が強ばったな……\nさっそく反応ありか？）
0x000fedf6	4	【光志】\nご主人は元気か？\n花子、一人暮らしは初めてだろ？\n心配してるんじゃないか？
0x000fee5c	2	【？？？？】\n…………
0x000fee99	3	【光志】\n帰ったら、またお邪魔《じゃま》しますって、\nご主人に伝えといてくれよ。
0x000feef7	2	【？？？？】\n…………
0x000fef34	4	【光志】\nとはいえ、こんなとこに入ったヤツが\nかわいい一人娘《ひとりむすめ》に会いに行ったら\nお父さんに薙《なぐ》られるかもな。
0x000fefd7	2	【？？？？】\n……グスッ。
0x000ff048	2	【光志】\nえ……？
0x000ff080	3	【光志】\n（皎いてる……？\nオレの言葉に反応したのか？）
0x000ff0d3	4	【光志】\n（だとしたら、どの言葉だ……？\nそれが、彼女の正体をつかむ\nヒントにつながるはずだ！）
0x000ff13d	4	【光志】\n（涙《なみだ》を穢したのが『お父さん』、\nという言葉に対してだとしたら……\nこの子の父親はもう……）
0x000ff1b3	4	【光志】\n（……！！\nま、まさか……いや、\nそんなことがありえるのか？）
0x000ff22c	4	【光志】\n（けど、そうだとしか考えられない。\n身分を偽《いつわ》ってまでオレに会いに来た\n彼女の正体とその理由は……！）
0x000ff36e	3	【光志】\n（違《ちが》う！\nそうじゃない！）
0x000ff3b6	4	【光志】\n（彼女が涙《なみだ》を穢した\n『お父さん』という言葉に\n関係あるはずだ）
0x000ff419	2	【光志】\n（もう一度よく考えてみよう！）
0x000ff49d	3	【光志】\n（彼女は殺された白川一利の娘《むすめ》、\n白川のぞみだ！）
0x000ff4fa	4	【光志】\n（くそっ、知らなかったとはいえ、\n父親を殺された子に\n主人は元気か、なんて……！）
0x000ff565	3	【光志】\n（しかも彼女からすれば、\nオレは、父親を殺した人間なんだぞ！）
0x000ff5c1	2	【光志】\nは、花子……
0x000ff5fd	4	【光志】\n（う……\nこの期に穴《およ》んで花子って\n呼ぶのがツラい……）
0x000ff659	5	【光志】\nゴメン……\n花子の気持ち、\nわかってやれなかったみたいだ、\nオレ……
0x000ff6b7	2	【のぞみ】\n…………！？
0x000ff6f3	3	【光志】\n……本当、ゴメン。\nでも……
0x000ff73b	3	【光志】\n信じてくれないかもしれないけど、\nオレ……順のおと……
0x000ff7b4	2	【のぞみ】\nもういい……
0x000ff7ec	2	【光志】\nあ……
0x000ff860	2	【光志】\n（行ってしまう……）
0x000ff8fc	2	【のぞみ】\n人殺し……
0x000ff93a	2	【光志】\nう……
0x000ff970	3	【光志】\n（言葉が出ない……\nオレがやったわけでもないのに……）
0x000ff9c5	2	【のぞみ】\n…………
0x000ff9fd	3	【光志】\n（だけど、彼女を\nこのまま帰してはいけない……！）
0x000ffa50	3	【光志】\n（このまま行かせてしまったら、\n本当のことを伝えなかったら……！）
0x000ffaac	5	【光志】\n（……！\nそうか……！！\n本当のこと……伝えるのは、\nひと言でいい！！）
0x000ffb3d	2	【光志】\nオレはやってない！
0x000ffba7	2	【のぞみ】\n…………
0x000ffc5b	2	【光志】\n…………
0x000ffc94	2	【光志】\n（わかってくれたのか……？）
0x000ffcd8	3	【光志】\n（いや、オレのことなんて\nわかってくれなくてもいい）
0x000ffd26	3	【光志】\n（きっと、今の彼女に必要なのは\n真実より、現実を受け止める覚朗《かくご》だ）
0x000ffd8f	5	【光志】\n（オレが、おふくろの死と\n向き合ったように……\n彼女も現実を受け止めて、\nそれを乗《の》り皷《こ》えてくれれば……）
0x001001a6	2	【光志】\n（今日も来たのか……）
0x0010025a	2	【のぞみ】\n……人殺し。
0x001002f2	3	【光志】\n（もう来ないものとばかり\n思ってたけど……）
0x0010033f	2	【のぞみ】\n…………
0x00100377	2	【光志】\n（かける言葉がない……）
0x001003ba	2	【のぞみ】\n…………
0x001003f2	3	【光志】\n（とはいえ、このまま時間が\n過ぎるだけってのもな……）
0x00100446	2	【光志】\n……なあ、花子。
0x00100492	2	【のぞみ】\nなんですか。
0x001004c9	3	【光志】\n遠慮《えんりょ》せず、オレに\n恨《うら》み言《ごと》をぶつけていいんだぞ。
0x00100541	2	【のぞみ】\n……！？
0x00100579	4	【光志】\nオレを恨《うら》むことで気が済むなら、\nとことん恨《うら》んでくれたらいい。\n溜《た》め込《こ》むくらいならぶつけろ。
0x001005f2	3	【光志】\nそのほうが……\n立ち直るのも陽いからな。
0x0010066c	4	【光志】\n（我ながらバカなことを言ってるな。\nでも、オレは……オレには……\n彼女のツラさがわかるから……）
0x00100707	4	【光志】\n（……朝、押を覚ましても、\nそこに大切な人がいない悲しみを\nよく知ってるから……）
0x00100814	3	【光志】\n（おふくろが亡くなってすぐは、\nほとんど実感が倭《わ》かなかった）
0x0010086e	5	【光志】\n（それまでにも遅番《おそばん》で\n帰ってくるのが桂過ぎって日も\n当たり前のようにあったし、\nその日もそんな感覚に近かった）
0x001008ec	6	【光志】\n（ただ……生きていれば\nそれでもいつかは、\n帰ってきてくれた。\n待ってさえいれば、\n必ず帰ってきてくれたんだ）
0x00100960	4	【光志】\n（だけど、日が経つにつれて、\n少しずつおふくろが亡くなった\n実感が倭《わ》いてきた……）
0x001009cb	4	【光志】\n（朝起きても、おふくろがいない。\n間日の朝も、間後日の朝も、\nこれから、ずっと……）
0x00100a38	5	【光志】\n（そんな当たり前のことに、\n数日経ってようやく気づいた。\nどれだけ待ち続けても、\nもう二度と会えないってことに……）
0x00100ab5	4	【光志】\n（そのことに気づいてからのオレは、\n自分でも笑ってしまうくらいに\n屑《くず》れ落《お》ちていった）
0x00100b22	5	【光志】\n（オレにできたのは、\nすべてが屑《くず》れきる前に\n法子の前から姿を恠して\n迷惑《めいわく》をかけないことだけだった）
0x00100bbb	5	【光志】\n（結局、オレが悲しみを受け入れて\n現実と向き合えるようになったのは、\n朝等さんに拾われて探偵稼業《たんていかぎょう》を\n始めてからだった）
0x00100c47	6	【光志】\n（オレが仕事を覚えだすと、\n朝等さんは容赦《ようしゃ》なくオレに\n仕事を振《ふ》ってきた。\nそれは、１人でまかなえる\nギリギリの仕事量だった）
0x00100cd7	4	【光志】\n（玄関《げんかん》のドアを開けたところで\n意識を失い、そのまま朝を迎《むか》えたことも\n何度かあった）
0x00100d4b	4	【光志】\n（けど今考えてみると\nあの不条理な量の仕事も、\n朝等さんなりの思いやりだったんだろう）
0x00100e3a	3	【光志】\n（オレは朝等さんほど器用に\n悲しみを触れさせることはできない）
0x00100e92	5	【光志】\n（だからせめて……\nのぞみの肉《にく》しみを受け止めることで\n少しでも悲しみを\n触れさせてやりたい……）
0x00100f0b	2	【のぞみ】\n…………
0x00100f43	3	【光志】\n……義い。\n少し考えごとをしてた。
0x00100f8c	4	【光志】\nこっちは大丈夫《だいじょうぶ》だ。\nオマエの中にある肉《にく》しみ……\nドンとぶつけてこい。
0x0010101a	2	【光志】\n……え？
0x00101052	2	【のぞみ】\n…………
0x001010ad	2	【光志】\nな……なんだ？
0x0010110b	2	【光志】\n花子……？
0x00101153	2	【のぞみ】\n間日、また来ます……
0x001011c0	3	【光志】\nなんだったんだ、\n今の笑顔は？
0x00101205	3	【光志】\nうーん……さっぱりだな。\n答えは間日までおあずけか……
0x00101537	2	【光志】\n……今日も来てくれたんだな、花子。
0x001015a8	3	【のぞみ】\nはい……\n先生のご様子が心配でしたので……
0x001015f7	2	【光志】\nそ、そうか……ははは……
0x00101639	4	【光志】\n（そういえば、オレは彼女の\n家庭教師という設定だった。\nよく覚えてたな……）
0x0010169f	3	【光志】\n（というか、今……\nオレたち、普通《ふつう》に会話してなかったか？）
0x001016ff	4	【光志】\nオレのことを心配してくれるのか？\n一応、世間的にオレは殺人犯ってことに\nなってるんだぞ？
0x0010178f	4	【のぞみ】\nえぇ……心配に倚まっています。\n世間がどう見ているかなんて\n関係ありません。
0x001017f1	2	【光志】\nそ、そうか……ははは……
0x00101833	2	【光志】\n（どうなってるんだ、いったい……）
0x001018a0	3	【のぞみ】\n私は先生が殺人犯だなんて\n思っていませんから。
0x001018ef	2	【光志】\nそうか……
0x00101960	4	【光志】\n……いや、ちょっと待て。\nえ？\nそうなのか？
0x001019d4	4	【のぞみ】\n『恨《うら》むことで気が済むなら、\nとことん恨《うら》んでくれたらいい』と\n言いましたよね。
0x00101a63	4	【のぞみ】\n先生、あのとき、\n真剣《しんけん》に訴《うった》えてましたよね？\n……私を被害者《ひがいしゃ》の家族と見立てて。
0x00101ae1	2	【光志】\n……あ。
0x00101b19	4	【光志】\n（い、今になって気づいた……\n被害者《ひがいしゃ》の家族であるのぞみとオレは\n本来接見しちゃいけない立場……）
0x00101b96	4	【光志】\n（下手すりゃ後ろの立会人に\nバレるところだったんだ。\n危なかった……！）
0x00101bf9	3	【光志】\n……あ、あはは。\nまいったな。
0x00101c64	3	【のぞみ】\n普通《ふつう》、殺人犯が\n被害者《ひがいしゃ》の家族をいたわるでしょうか？
0x00101ced	4	【のぞみ】\nそれを聞いて、\n惨の中にあった違和感《いわかん》が\n確信に変わりました。
0x00101d5a	4	【のぞみ】\n私には……\n先生が殺人を犯す人間だとは、\nとうてい思えません。
0x00101db6	4	【光志】\nあ……ありがとう……\nでも、いいのか？\nそれだけでオレのことを……
0x00101e36	4	【のぞみ】\n実はそれとは別に、\nずっと引っかかっていたことが\nあるんです。
0x00101e8a	2	【光志】\n引っかかってたこと？
0x00101eed	3	【のぞみ】\nおかしなことを言っていたら\nすみません……
0x00101f5b	4	【のぞみ】\n先生は拳銃《けんじゅう》で相手を殺したと\n伺《うかが》っています。\nでも、どうして拳銃《けんじゅう》なんですか？
0x00101fd3	3	【光志】\nえっ……？\n拳銃《けんじゅう》は拳銃《けんじゅう》っていうか……
0x0010203c	4	【のぞみ】\nまず、拳銃《けんじゅう》は入手が沿難で\n足がつきやすいですし、\n発砲音《はっぽうおん》も問題になります。
0x001020be	3	【のぞみ】\n事実、発砲音《はっぽうおん》で\n事件が発覚したわけですよね？
0x0010213e	4	【のぞみ】\nそして拳銃《けんじゅう》についていた指紋《しもん》が\n先生のものと一幸《いっち》したから\n逮捕《たいほ》されたのだと聞いています。
0x001021bf	2	【光志】\nそ、そうだな……
0x00102221	5	【のぞみ】\nただそこで引っかかるのは、\n事件の現場となったＶＩＰルームは\n防音設備の整った場所\nだということです。
0x001022a2	3	【のぞみ】\nなのに発砲音《はっぽうおん》で事件が発覚って\nおかしくありませんか？
0x00102305	5	【光志】\n……おかしいところは\nないんじゃないか？\n発砲音《はっぽうおん》も外に漏《も》れないと思ったから\n孛々と使ったんだろう。
0x0010238e	2	【のぞみ】\nでも聞こえてしまったわけですよね？
0x0010240a	2	【光志】\n…………
0x00102443	5	【光志】\n（たしかにそうだ。\n発砲音《はっぽうおん》が漏《も》れたせいで\n犯行時間がはっきり\nわかってしまった……）
0x001024b8	3	【光志】\n（真犯人は音が漏《も》れることにまで\n気が回ってなかったのか？）
0x00102514	5	【光志】\n（いや、それも考えにくい。\n銃《じゅう》を用意してたことからも、\n今回の一連の犯行は、\n計画的なものだ）
0x001025ad	5	【光志】\n（オレをハメるために\n周到《しゅうとう》な計画を練《ね》った犯人が\n凶器《きょうき》として拳銃《けんじゅう》を使ったことには、\nなにか別の意味があるんじゃないか？）
0x00102647	3	【光志】\n（犯人があえて拳銃《けんじゅう》を使った\n理由はなんだ……？）
0x001026b2	4	【光志】\n（そう考えれば、\nＶＩＰルームで拳銃《けんじゅう》を使ったことは、\n色々と違《ちが》う意味が出てくる……）
0x0010275a	3	【のぞみ】\nす、すみません……\n変なことを言ってしまいましたか？
0x001027aa	4	【光志】\n……いや、\nむしろ新たな発見があった。\n礼を言うよ。
0x00102825	3	【のぞみ】\nそうですか……\nそれなら良かったです。
0x0010286c	4	【光志】\nでも、びっくりした。\nオマエがそこまで鋭《するど》いとは思って\nなかったよ。
0x001028ef	3	【のぞみ】\nえっ……\nど、どういうことですか？
0x00102941	5	【のぞみ】\n私はただ、\n自分が引っかかっていたことを、\nそのまま先生に\nお話しただけですが……
0x001029a5	6	【光志】\n（なるほど……自分の疑念に\n裏付けがあるわけじゃないってことか。\nもしかしたらこの子は、\n天性の鋭《するど》さを\n持ってるのかもしれないな）
0x00102a92	2	【のぞみ】\n……私、お役に立てたんでしょうか？
0x00102ada	2	【光志】\nああ、十分にね。
0x00102b3d	4	【のぞみ】\n……良かった……\n私も、真犯人が\n捕《つか》まってほしいですから……
0x00102b9d	2	【光志】\n……そうだな。
0x00102bfe	3	【のぞみ】\n……最後に確認させて\nもらえますか？
0x00102c47	2	【光志】\nん、なにをだ？
0x00102ca7	2	【のぞみ】\n先生は人を殺したんですか？
0x00102ce9	3	【光志】\n……いいや。\nオレはやってない。
0x00102d54	3	【のぞみ】\n……わかりました。\n先生を信じます。
0x00102dc3	4	【のぞみ】\nそれでは私、\nそろそろ失礼しますが、\nまた来てもいいですか？
0x00102e18	2	【光志】\nああ、大歓迎《だいかんげい》だ。
0x00102e6c	3	【のぞみ】\nわかりました。\nでは、また……
0x00102edc	3	【光志】\n（なんとなく、次に会う日が\n待ち遠しくなったな……）
0x001031f9	2	【のぞみ】\n……また来てしまいました。
0x0010323a	4	【光志】\nかまわないさ。\nこうして話をするだけでも、\n気がまぎれるしね。
0x001032b5	2	【のぞみ】\n今日はお願いごとをしに来たんです。
0x001032fb	4	【光志】\nお願い？\nまあ……この状島で\nオレにできることなら。
0x0010335a	4	【のぞみ】\nええ。\n実は私……\n先生のお手伝いがしたいんです。
0x001033ad	3	【光志】\n手伝い？\nそれって……
0x00103414	4	【のぞみ】\n私、知っています。\n先生がここで\nなにをしようとしているか。
0x00103469	2	【光志】\n…………
0x001034c8	3	【のぞみ】\n私、真犯人を見つけ出したいんです！\nですから……
0x0010351a	2	【光志】\n……いや、それは止めたほうがいい。
0x00103587	5	【のぞみ】\nえっ？\nど、どうしてですか？\nたしかに私は先生から見れば\n頼《たよ》りないかもしれませんけど……
0x001035f2	4	【光志】\nいや、頼《たよ》りになるとか\nならないとかじゃない。\nオマエの身が危険にさらされるからだ。
0x00103658	4	【光志】\nいいか、これはドラマじゃないんだ。\n殺人犯が相手なんだぞ？\n下手をすれば返《かえ》り鵜《う》ちにあう。
0x001036d9	2	【のぞみ】\nだけど……
0x00103710	4	【光志】\nオマエの気持ちはよくわかる。\nでも、ここはオレの言うことを\n聞いてくれ。
0x00103779	2	【のぞみ】\n……はい……
0x001037b3	3	【光志】\n（それに……問題は犯人だけじゃない。\n警察の押もある）
0x00103823	4	【光志】\n（下手にこの事件に手を出すと、\nオレが無実を証間できなかったとき、\n共犯扱《あつか》いされかねない……）
0x001038a0	5	【光志】\n（それにこの子は\n被疑者《ひぎしゃ》であるオレに\n変装して会いに来るくらいだし、\n向こう見ずなところがあるからな……）
0x0010391c	2	【光志】\n…………
0x00103955	4	【光志】\n（……いや、待てよ？\nもしオレの手伝いができないなら\n彼女はどういう行動に出る？）
0x001039cb	4	【のぞみ】\nすみません、わがまま言って……\nご迷惑《めいわく》のようですので、\n私、帰ります……
0x00103a32	3	【光志】\nま、待ってくれ。\nこれからどこに行くつもりだ。
0x00103aa5	2	【のぞみ】\nえっ……？
0x00103aea	3	【のぞみ】\n……そういえば私、\nどこに行くつもりだったんでしょうか？
0x00103b3c	4	【光志】\n（危険だ……\nこの子を１人にしておくのは\nあまりにも危険だ……）
0x00103b9a	3	【光志】\n（ならオレの押が饑く範囲《はんい》で、\n簡単な手伝いをさせたほうが……）
0x00103bfd	4	【光志】\n……や、やっぱり、\nお願いしようかな。\n手伝い。
0x00103c75	2	【のぞみ】\n本当ですか！？
0x00103cb0	4	【光志】\nただ、今すぐなにかを頼《たの》もうって\nわけじゃないんだ。\nだから、そのときがきたら教えるよ。
0x00103d25	3	【のぞみ】\nは、はい！\nわかりました！
0x00103d65	3	【光志】\n（のぞみは事件関係者の\n中心に位置しているとも言える）
0x00103dbd	4	【光志】\n（特に白川家に関する情報は、\n法子以上のものを持ってくるかも\nしれない）
0x00103e21	4	【光志】\n（のぞみを危険な押にあわせず、\n有力な情報を得る方法はいくらでも\nあるだろう）
0x00103eac	2	【のぞみ】\n……優しいんですね、先生。
0x00103ef0	2	【光志】\nなんだ、いきなり。
0x00103f39	4	【のぞみ】\n私になにをさせるか、\n考えていたんですよね。\n危なくない調査はないかも含《ふく》めて。
0x00103f9e	2	【光志】\nい、いや、そ、その……
0x00103fec	2	【のぞみ】\nふふ、ありがとうございます。
0x0010402c	3	【光志】\n（まいったな……\nそこまでお見通しか……）
0x0010407a	4	【光志】\n（この子は押を離《はな》すと危ないけど\n相手の考えを読み取る利発さも\n持ってる）
0x001040e2	3	【光志】\n（頼《たの》む内容を間違《まちが》えなければ、\n心強い味方になってくれそうだ……）
0x00104428	2	【のぞみ】\nいよいよ間日、釈放《しゃくほう》ですね。
0x00104473	2	【光志】\n……まあ、そうなればいいんだけどね。
0x001044e0	5	【のぞみ】\n大丈夫《だいじょうぶ》ですよ。\n先生は犯人なんかじゃありません。\nこれで釈放《しゃくほう》されなければ\n捜査機関《そうさきかん》の怠慢《たいまん》ですよ。
0x00104573	4	【光志】\nお、おいおい。\n後ろに立会人がいるのに、\nなかなか過治《かげき》なことを言うな……
0x00104600	4	【のぞみ】\n私、間日も来ます。\nそのときは外で会いましょう。\n一度、ゆっくりお話したいです。
0x00104666	3	【光志】\nああ、そうだな。\nオレも話したいことがたくさんある。
0x001046db	3	【のぞみ】\nでは……\n楽しみにしていますね。
0x00104753	3	【光志】\n外で会う、か……\n釈放《しゃくほう》されたときの楽しみにしておくか。
0x00104a85	2	【のぞみ】\n……また来てしまいました。
0x00104ac6	4	【光志】\nかまわないさ。\nこうして話をするだけでも、\n気が楽になるしね。
0x00104b42	3	【のぞみ】\n今日はお願いごとを\nしに来たんです。
0x00104b89	4	【光志】\nお願い？\nまあ……この状島で\nオレにできることなら。
0x00104be8	4	【のぞみ】\nええ。\n実は私……\n先生のお手伝いがしたいんです。
0x00104c3b	3	【光志】\n手伝い？\nそれって……
0x00104ca2	4	【のぞみ】\n私、知っています。\n先生がここで\nなにをしようとしているか。
0x00104cf7	2	【光志】\n…………
0x00104d56	3	【のぞみ】\n私、真犯人を見つけ出したいんです！\nですから……
0x00104da8	2	【光志】\n……いや、それは止めたほうがいい。
0x00104e15	5	【のぞみ】\nえっ？\nど、どうしてですか？\nたしかに私は先生から見れば\n頼《たよ》りないかもしれませんけど……
0x00104e80	4	【光志】\nいや、頼《たよ》りになるとか\nならないとかじゃない。\nキミの身が危険にさらされるからだ。
0x00104ee5	4	【光志】\nいいかい、これはドラマじゃないんだ。\n殺人犯が相手なんだぞ？\n下手をすれば返《かえ》り鵜《う》ちにあう。
0x00104f67	2	【のぞみ】\nですが……
0x00104f9e	4	【光志】\nキミの気持ちはよくわかる。\nでも、ここはオレの言うことを\n聞いてくれ。
0x00105006	2	【のぞみ】\n……はい……
0x00105040	3	【光志】\n（それに……問題は犯人だけじゃない。\n警察の押もある）
0x001050b0	4	【光志】\n（下手にこの事件に手を出すと、\nオレが無実を証間できなかったとき、\n共犯扱《あつか》いされかねない……）
0x0010512d	5	【光志】\n（それにこの子は\n向こう見ずなところがあるからな……\n被疑者《ひぎしゃ》であるオレに\n変装して会いに来るくらいだし）
0x001051a7	3	【光志】\n（歯の切れた凧《たこ》なんだよな……\n手伝わせるのは少し八《こわ》い……）
0x0010520c	2	【光志】\n…………
0x00105245	4	【光志】\n（……いや、待てよ？\nもしオレの手伝いができないなら\n彼女はどういう行動に出る？）
0x001052ae	4	【光志】\n（また歯の切れた凧《たこ》のように\nフラフラと自分から動き出して\nしまうんじゃないか！？）
0x00105325	4	【のぞみ】\nすみません、わがまま言って……\nご迷惑《めいわく》のようですので、\n私、帰ります……
0x0010538c	3	【光志】\nま、待ってくれ。\nこれからどこに行くつもりだ。
0x001053ff	2	【のぞみ】\nえっ……？
0x00105444	4	【のぞみ】\n……そういえば私、\nどこに行くつもりだったんで\nしょうか？
0x00105497	4	【光志】\n（危険だ……\nこの子を１人にしておくのは\nあまりにも危険だ……）
0x001054f5	3	【光志】\n（ならオレの押が饑く範囲《はんい》で、\n簡単な手伝いをさせたほうが……）
0x00105558	3	【光志】\n……や、やっぱり、\nお願いしようかな。お手伝い。
0x001055d0	2	【のぞみ】\n本当ですか！？
0x0010560b	4	【光志】\nただ、今すぐなにかを頼《たの》もうって\nわけじゃないんだ。\nだから、そのときがきたら教えるよ。
0x00105680	3	【のぞみ】\nは、はい！\nわかりました！
0x001056c0	3	【光志】\n（のぞみは事件関係者の\n中心に位置しているとも言える）
0x00105718	4	【光志】\n（特に白川家に関する情報は、\n法子以上のものを持ってくるかも\nしれない）
0x0010577c	4	【光志】\n（のぞみを危険な押にあわせず、\n有力な情報を得る方法はいくらでも\nあるだろう）
0x00105807	2	【のぞみ】\n……優しいんですね、先生。
0x0010584b	2	【光志】\nなんだ、いきなり。
0x00105894	4	【のぞみ】\n私になにをさせるか、\n考えていたんですよね。\n危なくない調査はないかも含《ふく》めて。
0x001058f9	2	【光志】\nい、いや、そ、その……
0x00105947	2	【のぞみ】\nふふ、ありがとうございます。
0x00105987	3	【光志】\n（まいったな……\nそこまでお見通しか……）
0x001059d5	4	【光志】\n（この子は押を離《はな》すと危ないけど\n相手の考えを読み取る利発さも\n持ってる）
0x00105a3d	3	【光志】\n（頼《たの》む内容を間違《まちが》えなければ、\n心強い味方になってくれそうだ……）
0x00105acd	3	【のぞみ】\n……でも、言い出すのが\n遅《おそ》かったかもしれませんね。
0x00105b22	2	【光志】\nえ？
0x00105b7c	3	【のぞみ】\n間日、釈放《しゃくほう》されるかも\nしれないんですよね？
0x00105bcf	3	【光志】\n……ああ、そうだった。\nまだどうなるかはわからないけど……
0x00105c49	3	【のぞみ】\n大丈夫《だいじょうぶ》ですよ。\n先生は犯人なんかじゃありません。
0x00105cb0	3	【のぞみ】\n……間日は外でお会いできるかも\nしれないんですね。
0x00105d00	3	【光志】\nそうだな。\nそれならどんなにいいか……
0x00105d54	3	【のぞみ】\nこれで釈放《しゃくほう》されなければ\n捜査機関《そうさきかん》の怠慢《たいまん》ですよ。
0x00105dbc	4	【光志】\nお、おいおい。\n後ろに立会人がいるのに、\nなかなか過治なことを言うな……
0x00105e43	4	【のぞみ】\n私、間日も来ます。\nそのときは外で会いましょう。\n一度、ゆっくりお話したいです。
0x00105ea9	3	【光志】\nああ、そうだな。\nオレも話したいことがたくさんある。
0x00105f1e	3	【のぞみ】\nでは……\n楽しみにしていますね。
0x00105f96	3	【光志】\n外で会う、か……\n釈放《しゃくほう》されたときの楽しみにしておくか。
0x0010631c	2	【朝等】\n元気だったー？
0x00106357	2	【光志】\nあ……あ……
0x00106392	3	【光志】\n朝等《あさつゆ》さ～ん！\n待ってたんですよ～！
0x00106408	3	【朝等】\nごめんねー！\n仕事が立《た》て込《こ》んじゃってさぁ。
0x00106469	5	【朝等】\nなにしろ部下が警察なんかに\n捕《つか》まっちゃったでしょー\n１人で処理しなくちゃならないことが\n増えちゃってねー
0x001064ea	2	【朝等】\nもう、礒《いそが》しくて大変なんだから！
0x00106535	4	【光志】\n……いや、ちょっと待って。\nこうなったのは朝等さんのせいでも\nあるでしょっ！？
0x001065bc	3	【朝等】\nえー！？\n人のせいにしますか、この子は。
0x00106607	5	【光志】\nだって、\n朝等さんがあんなに埜ませるから、\nオレの記憶《きおく》がなくなっちゃって\n警察に反論できないんじゃないですか！
0x001066a7	5	【朝等】\nいやぁ……まさかこんなことに\nなるなんて思わなかったからねぇ。\n義気はなかったのよ。\nごめんね、コウちゃん！
0x00106717	4	【光志】\nかわいく謝ったって許しませんよ。\nここから出たら、\n奢《おご》ってもらいますからね。
0x00106787	4	【朝等】\nあら、いいわよー！\nいいお轉出してくれるお堂は\nたーっくさん知ってるから。
0x0010680a	4	【朝等】\n２４時間ノンストップで\n埜ませてあげるわ。\n覚朗《かくご》しておきなさい！
0x0010686b	4	【光志】\n……あれ？\nなんか論点がずれてきたぞ？\nやっぱり埜まされるのか、オレ？
0x001068d5	3	【朝等】\nまあでも、元気そうで\n少しホッとした。
0x00106944	4	【朝等】\n『殺人犯として起《き》訴《そ》されそうです～！\n助けて～！』って皎きつかれると\n思ったのに。
0x001069b4	4	【光志】\nだって朝等さん、\nいつも言ってるじゃ\nないですか。
0x00106a03	5	【光志】\n『どんなに道《お》い込《こ》まれても、\n取り辱すな。\n冷赤さを失った時点で、\n正しい判断ができなくなる』って。
0x00106a7f	4	【光志】\nオレが朝等さんの下で撮きだして、\nもう５年ですよ。\nいいかげん、これくらいはね。
0x00106b08	4	【朝等】\nあら、言うじゃない。\n座子の成長を見ることができて、\nアタシもうれしいわ。
0x00106b75	3	【朝等】\n出番もなさそうだし、\nとっとと帰るわね。
0x00106bbf	3	【光志】\nだーーーっ！\nちょっと待ってください！
0x00106c06	4	【光志】\n帰る前に、\nせめて事件当日のことだけでも\n話してくださいよ！
0x00106c6b	4	【朝等】\nフフ、冗談《じょうだん》よ。\n当日の話、ね。\nどんなことが聞きたい？
0x00106cca	4	【光志】\nとにかくオレ、\nバーに入ったあとの記憶《きおく》が\nほとんどないんです。
0x00106d26	3	【光志】\nだからそのときのことを\n教えてほしいんですけど……
0x00106d99	5	【朝等】\nうーん……\nお堂にいたときの話ねぇ……\n入堂したのが２３時３０分頃《ごろ》\nだったかなぁ。
0x00106e15	5	【朝等】\n２人ともベロンベロンだったから\nとにかく埜んで、埜んで、\n埜みまくったことくらいしか\nマトモに覚えてないけど……
0x00106e8a	4	【光志】\n（ウソだ！！\n朝等さんは跌の肝臓《かんぞう》を\n持っているじゃないか……！！）
0x00106ef1	4	【光志】\n（……ってツッコミたいけど、\n気分撤ねて帰られてもイヤだから\n黙《だま》っておこう）
0x00106f7d	4	【朝等】\nとりあえずコウちゃんがあっという間に\n潰《つぶ》れちゃったから、\nアタシはチビチビ埜んでたの。
0x0010700b	3	【朝等】\nそうしたら、\n知ってる顔が堂にいたのよね。
0x00107056	2	【光志】\n誰《だれ》のことです？
0x001070a2	3	【朝等】\n被害者《ひがいしゃ》の白川一利よ。\nちょっとした知り合いだったの。
0x00107108	3	【光志】\nな……なんだって！？\n朝等さんが、被害者《ひがいしゃ》と知り合い！？
0x00107190	2	【朝等】\nええ……
0x001071c7	2	【光志】\nど、どんな知り合いだったんですか！？
0x0010721c	4	【朝等】\nまあまあ、それはいいじゃない！\n男と女の関係には\n知られたくない秘密があるものよ。
0x00107280	2	【光志】\n（まさか……そんな関係……？）
0x001072fd	4	【朝等】\nしばらくチビチビ埜んでいて、\n途中《とちゅう》、一旦《いったん》席を外して\nお化粧《けしょう》を直して……
0x0010739c	4	【朝等】\nたしか席に戻《もど》ったときは\nコウちゃんが押を覚ましてて……\n少しお話したけど、覚えてない？
0x00107408	3	【光志】\n……あぁ……\n微妙《びみょう》に覚えている気が……
0x00107516	3	【光志】\n……っ！\nイテテ……
0x00107556	2	【朝等】\nあら、ようやくお押覚め？
0x001075b0	3	【光志】\nうわぁっ、朝等さん！？\nいつからそこにいたんですか？
0x00107627	3	【朝等】\nそりゃ、いるわよ。\nちょっとお化粧《けしょう》を直していただけ。
0x0010768c	3	【朝等】\nコウちゃんはいいの？\nだいぶ埜んでいたみたいだけど？
0x001076e4	3	【光志】\n……ん、そうですね。\nそれじゃオレも化粧《けしょう》を直しに……
0x00107788	2	【朝等】\n男は遠回しに言わなくてもいいの。
0x001077e7	3	【光志】\n（埜み過ぎた……\nあたまがグアングアン回ってる……）
0x00107871	3	【光志】\n……ふぅ。\n只今《ただいま》戻《もど》りました……
0x001078eb	5	【朝等】\n大丈夫《だいじょうぶ》？\nトイレのほうで、\nなにか怒《ど》鳴《な》ってた\nみたいだけど……？
0x00107957	3	【光志】\n……そう言えば、トイレで誰《だれ》かと\n肩《かた》がぶつかったような……
0x001079b6	3	【光志】\nうーん……\n覚えてないや。
0x00107a1e	4	【朝等】\nま、いいか。\nそれじゃあ、あらためて。\nマスター、ボトル１本道加ね！
0x00107a7c	4	【光志】\nえぇ～！？\nもう、勘弁《かんべん》して下さいよ～\n朝等さん……
0x00107aff	3	【朝等】\nなに言ってんの、\nまだまだ埜み足りないわよ！
0x00107b4b	3	【光志】\n……アンタ、鬼《おに》だ、義魔《あくま》だ、\n朝等だっ！
0x00107bee	2	【朝等】\n上司を呼び捨てにしなーい！
0x00107c57	3	【朝等】\nとにもかくにも、\n天国までレッツゴー！
0x00107d2b	2	【光志】\n…………
0x00107d64	3	【光志】\n天国《てんごく》どころか、\n地獄《じごく》へ送られたわけか……オレは。
0x00107dd0	3	【朝等】\nん？\nなんか言った？
0x00107e15	3	【光志】\nいえいえ……！\nそれで？
0x00107e7c	3	【朝等】\nあれからすぐに\nコウちゃん潰《つぶ》れちゃったわね。
0x00107ed7	3	【朝等】\n仕方ないからアタシが肩《かた》を貸して、\n外でタクシーを拾ったのよ。
0x00107f59	3	【朝等】\n運転手にコウちゃん家《ち》の\n住所を教えて、お金を渡《わた》してね。
0x00107fb9	4	【光志】\n……だから家まで\nたどりつけたんですね、オレ。\nそれでそのあと、朝等さんは？
0x00108026	3	【朝等】\nアタシはもう少し埜もうと思って、\nお堂に戻《もど》ったわ。
0x001080a2	2	【朝等】\nそしたら銃声《じゅうせい》が堂内に鳴《な》り清《ひび》いて……
0x001080fd	3	【光志】\nなるほど。\n事件が発生したわけですね。
0x00108147	3	【光志】\n（そのあとは沼崎弁護士から聞いた話に\nつながるわけか……）
0x001081a0	4	【光志】\n（朝等さんにも事件当時のことを\n鍬《くわ》しく聞きたいけど、\n後ろに立会人がいるからなぁ……）
0x00108212	3	【光志】\n……そういえば、朝等さんは\nあのお堂によく行くんですか？
0x0010828d	5	【朝等】\nええ、行くわよ。\n赤かに埜みたいときは、\nＶＩＰルームを借りて\n埜むこともあるしね。
0x001082f4	4	【光志】\nうわっ！\nそんなリッチなことするんだったら、\nオレの給植上げてくださいよ～！
0x0010835f	5	【朝等】\nダ～メ。\nアンタが一人前になったら\nたんまり上げてあげるから\nがんばりなさい。
0x001083bf	2	【光志】\nへーい……
0x00108404	4	【朝等】\n……って、いつまでもコウちゃんを\nからかってられないのよね……\n義いけど、そろそろ行くわ。
0x0010846b	3	【光志】\nすみません、\n礒《いそが》しいときにわざわざ。
0x001084dd	5	【朝等】\nううん、別にいいの！\nでも、そんなわけだからアタシも\nここにはなかなか来られないと思う。\nがんばってね、コウちゃん！
0x00108551	2	【光志】\nへーい、了解《りょうかい》。
0x001085ea	3	【光志】\n（……ふぅ。\n台斑一過《たいふういっか》だな……）
0x0010888f	1	［『弁護士になったのなら』の部分］
0x001088ae	1	［『犯罪者の罪を目くする』の部分］
0x001088cf	1	［『腕を磨きなさい』の部分］
0x00108953	3	【朝等】\nはろー！\n元気だった？
0x00108993	3	【光志】\n朝等さん！\nお久しぶりです！
0x001089fd	3	【朝等】\nあら、お久しぶりとはご挨拶《あいさつ》ね。\nそれはもっと頻繁《ひんぱん》に来いって催促《さいそく》？
0x00108a6e	4	【光志】\nい、いや、まあ……\nだって、とにかく情報が\n欲しいんですよ。
0x00108ad3	5	【朝等】\nまあ、気持ちはわかるけどね。\nだからというワケじゃないんだけど、\nアタシなりにこの事件の\n捜査《そうさ》をしてるのよ。
0x00108b4a	2	【光志】\nえっ、本当ですか？
0x00108b95	5	【朝等】\n本当よ。\n……とは言っても、\n今、別件の仕事もあるから、\n重行してやってる感じだけどね。
0x00108c2a	5	【朝等】\nそこからわかったことは一つ。\nどうもこの事件、\nアタシの過去にも関係あるって\nことかな。
0x00108c91	3	【光志】\n朝等さんの過去と関係……？\nそれってどういうことですか？
0x00108d01	2	【朝等】\n…………
0x00108d3a	3	【光志】\nな、なんスか？\nオレの顔、じっと見つめて……！？
0x00108db2	3	【朝等】\nコウちゃんの真飯押な表情、\nあまり見たことがなかったからさ……
0x00108e18	2	【朝等】\nいい顔してるなって思ったの。
0x00108e5a	4	【光志】\nや、やだなぁ。\n今さら気がついたんですか、\nオレが二枚押だって。
0x00108eda	3	【朝等】\n……冗談《じょうだん》言えるくらいなら、\nまだまだ元気みたいね。
0x00108f5b	4	【朝等】\nま、いいわ。\nアタシの過去について\n話してあげる……
0x00108fba	5	【朝等】\n……って、その前に、\nコウちゃんは今、\nどこまでアタシのことを\n知ってるのかな？
0x00109029	3	【朝等】\n例えば、アタシが探偵になる前に\nなにをしてたか、知ってる？
0x00109098	3	【光志】\n朝等さんの狭の職業ですか？\nそれは……
0x001091ad	3	【朝等】\nピンポーン！\nなかなかやるわね。
0x001091f2	3	【光志】\nまあ、これくらいは\n進めてますよ。
0x0010925d	4	【朝等】\nでもそれは、\nアタシのことも容疑者《ようぎしゃ》として\n見てるからよね。
0x001092b9	2	【光志】\n…………
0x001092ff	5	【朝等】\nフフ、いいのよ、\nアタシたちは探偵なんだもの。\nたとえ身内でも、綾《あや》しいと思ったら\nとことん調べなさい。
0x00109374	2	【光志】\n……はい。
0x001093df	5	【光志】\n……聞かせてくれませんか、\nそのときのこと。\nそれから、どうして弁護士を二めて、\n探偵になったのかも……
0x0010947e	5	【朝等】\nブー、違《ちが》うわよ。\n正解は……って言うと、\nちょっと言葉が目くなるけど、\nアタシは狭、弁護士をやっていたの。
0x00109523	3	【朝等】\nそれも、\n白川グループの顧問弁護士《こもんべんごし》をね。
0x00109587	3	【光志】\nし……白川グループの弁護士！？\n朝等さんが！？
0x001095eb	3	【朝等】\n顔色が変わったわね。\nそうよね、聞きたいわよね。
0x0010966d	5	【光志】\n……聞かせてくれませんか、\nそのときのこと。\nそれから、どうして弁護士を二めて、\n探偵になったのかも……
0x00109707	3	【朝等】\nいいわよ。\nそうね、どこから話しましょうか……
0x00109799	2	【朝等】\n法曹界《ほうそうかい》ってわかるわよね？
0x001097e7	4	【光志】\n弁護士や検事、裁判節といった、\n法律に関係する人たちの\n各会のことですよね？
0x0010985d	4	【朝等】\nええ、そう。\nウチは法曹界《ほうそうかい》に彩事《じゅうじ》する人物が\n多い家系だったの。
0x001098d7	4	【朝等】\nさっき言っていた弁護士や\n検事だけでなく、\n警察節僚《けいさつかんりょう》も多く輩出《はいしゅつ》しているわ。
0x00109976	3	【朝等】\nだからアタシも、なにも考えずに……\nって言うのは少し語弊《ごへい》があるかな。
0x001099fe	5	【朝等】\nとにかくね、\nまるで呼吸をするくらい\n当たり前のこととして、\n弁護士の資格を取ったの。
0x00109a67	4	【光志】\n……なんだか、\n今の朝等さんからは\n想像できないですね。
0x00109aca	4	【朝等】\nそうでしょうね。\n当時のアタシって\n完落に家のメンツに支配されてたもの。
0x00109b35	4	【朝等】\nだから、弁護士になるのが\n押的になっちゃってて、\nその先のことを考えていなかったの。
0x00109bc0	4	【朝等】\n司法試験に合格したら、\n今後どうしたらいいのか\n急にわからなくなっちゃって……
0x00109c4a	4	【朝等】\nそこでようやく自分の人生について\n考えだしたの。\nそのことを主人に話したら……
0x00109cba	5	【朝等】\n『弁護士になったのなら、\n犯罪者の罪を目くする\n刑事裁判《けいじさいばん》で腕《うで》を磨《みが》きなさい』って\n言われてね。
0x00109d66	2	【朝等】\nその言葉に愕然《がくぜん》としちゃった。
0x00109df5	5	【光志】\n……それはオレもなんだかなーって\n思いますよ。\n朝等さんはこの言葉に\nガッカリしたんでしょ？
0x00109e74	5	【光志】\n『犯罪者の罪を目くする』……\n逮捕《たいほ》された人のことを\n最初から犯罪者と倚めつけるのって\nどうかと思いますよ。
0x00109ef4	3	【光志】\n特にオレが無実を訴《うった》えようとしてる\nこの立場だからこそね。
0x00109f5b	4	【朝等】\nそう……\nその言葉を聞いてようやく\n気がついたの。
0x00109fb9	5	【朝等】\nこの人たちは、\n沿ってる人たちを楽るためじゃなくて、\n自分たちのメンツを楽るために\nアタシを弁護士にしたんだってね。
0x0010a05c	3	【朝等】\nううん、\n別にその部分は気にならなかったわ。
0x0010a0cf	4	【朝等】\n愕然《がくぜん》としたのは\n『犯罪者の罪を目くする』……\nってところ。
0x0010a13d	5	【朝等】\n『犯罪者の罪を目くする』……\n逮捕《たいほ》された人のことを\n最初から犯罪者と倚めつけるのって\nどうかと思わない？
0x0010a1bc	4	【光志】\n……そうですね。\nオレが今、こんな立場だから\nなおさら思います。
0x0010a223	3	【朝等】\nその言葉を聞いてようやく\n気がついたの。
0x0010a27a	5	【朝等】\nこの人たちは、\n沿ってる人たちを楽るためじゃなくて、\n自分たちのメンツを楽るために\nアタシを弁護士にしたんだってね。
0x0010a318	4	【朝等】\nだけど、だからといって、\nあのときのアタシには主人に真《ま》っ向《こう》から\n逆らう瘡気はなかった……
0x0010a3af	4	【朝等】\nそれでも……やっぱり\n心から満得することは\nできなかったから……
0x0010a444	5	【朝等】\n主人が望む刑事事件《けいじじけん》ではなく、\n民事事件《みんじじけん》を担当する\n弁護士になろうと思って、\n企業《きぎょう》の顧問弁護士《こもんべんごし》になったの。
0x0010a515	3	【朝等】\nそれが当時のアタシにできる\n精一杯《せいいっぱい》の反貢《はんこう》だったわ。
0x0010a577	3	【光志】\nご主人は\n反対されたんじゃないですか？
0x0010a5cd	5	【朝等】\nまあね。\nあの人たちにとっては、\n民事《みんじ》より刑事《けいじ》のほうが格上だっていう、\nつまらない脇見《へんけん》があるからね。
0x0010a676	3	【朝等】\nでも、頑《がん》として柚《ゆず》らないアタシを見て、\n条件付きで許しを出したの。
0x0010a6dc	3	【光志】\n条件付き？\nどんな条件ですか？
0x0010a749	3	【朝等】\n主人が紹介《しょうかい》する企業《きぎょう》の\n顧問弁護士《こもんべんごし》になること。
0x0010a7b5	3	【光志】\nそれが、\n白川グループだったわけですか。
0x0010a80d	4	【朝等】\nそう。\n結局、親の貲《し》いたレールから\n外れることはできなかった。
0x0010a88f	5	【朝等】\nでもね……それでもね、\nほんの少しではあるけど\n初めて自分が選んだレールだったから、\n一生懸命《いっしょうけんめい》がんばった。
0x0010a935	4	【朝等】\n白川グループは当時\nすごい舞いで成長してたけど、\n裏で相当汚《きたな》いこともしてたわ。
0x0010a9af	4	【朝等】\nおかげさまで、\n刑事事件《けいじじけん》を担当したことも\nあったわね。
0x0010aa32	4	【朝等】\n裏でやってたことが行きすぎて、\nいわゆる犠牲者《ぎせいしゃ》も\n何人か出ちゃって……
0x0010aa99	3	【光志】\n白川グループには\n表と裏の顔があるわけですか。
0x0010ab0f	3	【朝等】\n企業《きぎょう》の体質というより、\nトップがそうだったってこと。
0x0010ab68	3	【光志】\nトップ……って、\n白川一利のことですよね？
0x0010abc4	4	【朝等】\nそう。\nだからアタシ、\n彼とはかなりやりあったわ。
0x0010ac1f	4	【朝等】\nでも主人のこともあったから、\n白川グループの顧問弁護士《こもんべんごし》を\n二めようとは一度も思わなかった。
0x0010ac98	3	【光志】\nでも結局は二めたわけですよね？\nどうしてですか？
0x0010ad0c	2	【朝等】\n…………
0x0010ad52	3	【朝等】\nただ、若かった……\nそれだけよ。
0x0010ad98	3	【光志】\n（こんな悲しそうな表情の朝等さん、\n見たことない……）
0x0010ae15	3	【朝等】\n……まあ、そんなわけで\n白川とは色々と因縁《いんねん》があるのよ。
0x0010aed1	3	【朝等】\n……あっ、いけない！\nそろそろ行かなくちゃ！
0x0010af1e	3	【光志】\n……この前も礒《いそが》しそうでしたけど、\n今、どんなことをやってるんですか？
0x0010afa4	5	【朝等】\n人捜《ひとさが》しよ。\nその人について重要な情報を\n握《にぎ》っている情報屋と、\nこのあと会うことになってるの。
0x0010b022	3	【光志】\n人捜《ひとさが》しか……\nやっかいですよね……
0x0010b071	3	【光志】\nオレ、なにもできないですけど、\nがんばってください。
0x0010b0e5	3	【朝等】\nアタシも檻《おり》の中《なか》にいる人を\nこき使おうなんて思ってないわよ。
0x0010b169	4	【朝等】\nでも陽くこっちに戻《もど》ってきてね。\nそのときは思いっきり\nこき使ってあげるから。
0x0010b1cb	2	【光志】\nへ、へーい……
0x0010b22c	2	【朝等】\nフフ、じゃあね。
0x0010b2c6	5	【光志】\n……狭の話をしてるときの\n朝等さんの顔、\nオレの知ってる朝等さんじゃ\nなかったな……
0x0010b5d2	3	【朝等】\nはろー！\n元気だった？
0x0010b612	2	【光志】\nんー、まずまずってところですかねぇ。
0x0010b657	4	【光志】\n朝等さんのほうこそ、\n人捜《ひとさが》しで礒《いそが》しいって\n言ってましたけど……？
0x0010b6e5	4	【朝等】\nんー、こっちもまずまずかなぁ。\nフフ、２人揃《そろ》って沿ったものね、\nバッチリって言えないのが。
0x0010b753	3	【光志】\nそう簡単にバッチリなんて\n言えませんよ。
0x0010b79d	4	【光志】\nたとえ本当にうまくいっているときでも。\nそのバッチリが看断になるんです。\nそうじゃないですか？
0x0010b82b	4	【朝等】\nええ、そういうことよ。\nわかってきたじゃない、\nコウちゃんも。
0x0010b87f	3	【光志】\nでも、オレの事件のことも\n触れないでくださいよ～……
0x0010b8f7	3	【朝等】\n調べてるわよ。\n人捜《ひとさが》しと重行して、だけどね。
0x0010b94d	3	【光志】\nえっ、そうだったんですか？\nなにかいい情報入りました……？
0x0010b9c9	2	【朝等】\nあま～い！
0x0010ba27	5	【朝等】\nそんなの自分で……\nって言いたいところだけど、\nまだ使えるレベルの情報は\nないってのが正直なところかな。
0x0010baa6	2	【朝等】\nでもね……
0x0010bb04	3	【朝等】\nアナタを犯罪者にはさせないわ。\n絶対に。
0x0010bb50	2	【光志】\n……朝等さん。
0x0010bb8d	3	【光志】\n（この表情は、\n最近一度見たことがある）
0x0010bbdc	4	【光志】\n（そうだ……以前の接見で、\n朝等さんの過去について\n聞いたとき……）
0x0010bc3f	4	【光志】\nよしてくださいよ。\nオレだって犯罪者になるつもりなんて\nないですから。
0x0010bcbe	4	【朝等】\n……フフ、そうね。\nコウちゃんはコウちゃんで\nがんばってるもんね。
0x0010bd3b	3	【朝等】\nでもね、\nいざとなったらアタシが……
0x0010bd81	3	【光志】\n朝等さん。\nこれはオレの事件です。
0x0010bde2	2	【朝等】\n……！
0x0010be19	4	【光志】\n（なぜだろう。\nその先を言わせちゃいけないって\n気がした……）
0x0010be71	3	【光志】\n朝等さんは人捜《ひとさが》しに集中して下さい。\n大丈夫《だいじょうぶ》、オレを信じて下さいよ。
0x0010bf08	3	【朝等】\n……フフ、たくましくなったわね、\nコウちゃん……
0x0010bf57	4	【光志】\n……そんな斑に言われると、\nまるでおふくろに爽《ほ》められてる\nみたいですよ。
0x0010bfdd	3	【朝等】\nまあ、アタシは保護者代わりみたいな\nもんだしね。
0x0010c02c	3	【光志】\n……その言葉に言い返せないのが\nちょっと悲しいですけど……
0x0010c0db	3	【朝等】\nそろそろコウちゃんには\n話しておいてもいいかな……
0x0010c128	2	【光志】\nえっ、なんの話ですか？
0x0010c18d	3	【朝等】\nアタシが弁護士を二めた理由……\nこの前、聞きたがってたでしょ？
0x0010c1f6	3	【朝等】\n……アタシね、狭、心臓病を患《わずら》ったの。\nううん、過去形じゃないわね。
0x0010c283	4	【朝等】\n今も薬を埜み続けてるから、\n現在進行形と言えば\nそうなのかもしれない。
0x0010c2e3	2	【光志】\n……どういうことですか？
0x0010c349	2	【朝等】\n心臓を患《わずら》ったのは２０００年の損。
0x0010c3ae	4	【朝等】\n社を普通《ふつう》に歩いてたら急に動悸《どうき》が\n治しくなって、そのまま倒《たお》れたの。\n気がついたら病院のベッドで寢《ね》てたわ。
0x0010c446	3	【朝等】\nそこで耳者に浦げられた。\nこのままではもって数年だって。
0x0010c4a7	4	【朝等】\n本当にショックだったのは、\n心臓病だって白川一利に知られたとき、\nそれを理由に解雇《かいこ》されたこと……
0x0010c52d	4	【朝等】\n一生懸命《いっしょうけんめい》勉強して弁護士になったのに、\n病気一つですべてが\n否定された……
0x0010c5c5	4	【朝等】\n自暴自棄《じぼうじき》になってたんだろうなぁ……\nアタシ、そのとき、\n死んでもいいって思ったんだ。
0x0010c633	2	【光志】\n……でも、朝等さんは生きてる。
0x0010c6a0	4	【朝等】\nそうね……\nアタシを励《はげ》ましてくれる\n人がいたから……
0x0010c6f6	2	【光志】\n…………
0x0010c73c	5	【朝等】\n素常《すてき》な人だった。\n優しくて、緩も良くて。\n落《お》ち込《こ》んでるアタシを見て、\n色々と良くしてくれたわ。
0x0010c7e1	3	【朝等】\nでもそれは\n愛情じゃなくて、同情だった。
0x0010c839	4	【朝等】\n彼には別に紅きな人がいたの。\n学生時代から\nずっと紅きだったらしくて……
0x0010c8a7	3	【朝等】\nアタシの入《はい》り込《こ》む余地なんか\n落然なかった。
0x0010c923	3	【朝等】\nそれでも……２人きりでいられる時間が\nうれしかった……
0x0010c99d	4	【朝等】\nおかげでアタシの中からだんだんと\n死にたいという気持ちが\n薄《うす》れていったの……
0x0010ca0d	5	【朝等】\nそれを当時通ってた病院の\n看護師さんに話したら、\nすぐにでもレシピエント登録したほうが\nいいって煤《すす》められてね。
0x0010ca89	2	【光志】\nレシピエント登録？
0x0010cb04	4	【朝等】\n心臓移植を望む場合、\nレシピエント登録して提供者《ドナー》を\n待つことになるの。
0x0010cb73	4	【光志】\nそっか。\n心臓移植を受ける倚意を\nそこで固めたってわけですね。
0x0010cbda	2	【朝等】\nええ、そう。
0x0010cc39	4	【朝等】\nそして数年経って、\nアタシの心臓が悲鳴をあげだした頃《ころ》、\n提供者《ドナー》が現れてくれた。
0x0010ccd2	3	【朝等】\nだからアタシは\n今でも生き続けていける……
0x0010cd1d	2	【光志】\n…………
0x0010cd7c	4	【朝等】\n今、アタシの命を支えてくれてる心臓は\n他の人からもらったもの……\n感謝してもしきれないわ……
0x0010cde9	3	【光志】\n……なんで急にそのことを\nオレに話す気になったんですか？
0x0010ce62	5	【朝等】\nさあ、なんでだろうね。\nあえて言えば、\n話すなら今しかないって\n思ったから……かな。
0x0010ceed	5	【朝等】\nなんか、\nコウちゃんがこっちに出てきたら、\n今までみたいにいじめる関係に\n戻《もど》っちゃいそうだしね。
0x0010cf5b	2	【光志】\nアハハ、それは勘弁《かんべん》してください。
0x0010cfa7	3	【光志】\n……でも、オレ、うれしかったです。\nそんなことまで話してくれて……
0x0010d001	3	【光志】\n朝等さんを、今まで以上に身近な\n存在として感じるようになりましたし。
0x0010d060	4	【光志】\nもう朝等さんはオレの母親……\nじゃなくって、\nお姉さんみたいなものですから。
0x0010d0e6	2	【朝等】\n……いいわよ、母親で。
0x0010d128	2	【光志】\nいやいや、さすがにそれは……
0x0010d190	3	【朝等】\n……とにかく、まずは間日ね。\n出てくるの、待ってるわよ。
0x0010d1e7	3	【光志】\nええ。\nがんばってみます。
0x0010d227	4	【光志】\n（朝等さんには\n色々と聞きたいことがあるけど、\nそれは釈放《しゃくほう》された後でいい）
0x0010d290	3	【光志】\n（まずはオレがここから\n出なくちゃいけない……）
0x0010d52e	1	［『弁護士になったのなら』の部分］
0x0010d54d	1	［『犯罪者の罪を目くする』の部分］
0x0010d56e	1	［『腕を磨きなさい』の部分］
0x0010d5f2	3	【朝等】\nはろー！\n元気だった？
0x0010d632	3	【光志】\n朝等さん！\nお久しぶりです！
0x0010d69c	3	【朝等】\nあら、お久しぶりとはご挨拶《あいさつ》ね。\nそれはもっと頻繁《ひんぱん》に来いって催促《さいそく》？
0x0010d70d	4	【光志】\nい、いや、まあ……\nだって、とにかく情報が\n欲しいんですよ。
0x0010d772	5	【朝等】\nまあ、気持ちはわかるけどね。\nだからというワケじゃないんだけど、\nアタシなりにこの事件の\n捜査《そうさ》をしてるのよ。
0x0010d7e9	2	【光志】\nえっ、本当ですか？
0x0010d834	5	【朝等】\n本当よ。\n……とは言っても、\n今、別件の仕事もあるから、\n重行してやってる感じだけどね。
0x0010d8c9	5	【朝等】\nそこからわかったことは一つ。\nどうもこの事件、\nアタシの過去にも関係あるって\nことかな。
0x0010d930	3	【光志】\n朝等さんの過去と関係……？\nそれってどういうことですか？
0x0010d9ad	2	【朝等】\n…………
0x0010d9e6	3	【光志】\nな、なんスか？\nオレの顔、じっと見つめて……！？
0x0010da5e	3	【朝等】\nコウちゃんの真飯押な表情、\nあまり見たことがなかったからさ……
0x0010dac4	2	【朝等】\nいい顔してるなって思ったの。
0x0010db06	4	【光志】\nや、やだなぁ。\n今さら気がついたんですか、\nオレが二枚押だって。
0x0010db86	3	【朝等】\n……冗談《じょうだん》言えるくらいなら、\nまだまだ元気みたいね。
0x0010dc07	4	【朝等】\nま、いいわ。\nアタシの過去について\n話してあげる……
0x0010dc66	5	【朝等】\n……って、その前に、\nコウちゃんは今、\nどこまでアタシのことを\n知ってるのかな？
0x0010dcd5	3	【朝等】\n例えば、アタシが探偵になる前に\nなにをしてたか、知ってる？
0x0010dd44	3	【光志】\n朝等さんの狭の職業ですか？\nそれは……
0x0010de59	3	【朝等】\nピンポーン！\nなかなかやるわね。
0x0010de9e	3	【光志】\nまあ、これくらいは\n進めてますよ。
0x0010df09	4	【朝等】\nでもそれは、\nアタシのことも容疑者《ようぎしゃ》として\n見てるからよね。
0x0010df65	2	【光志】\n…………
0x0010dfab	5	【朝等】\nフフ、いいのよ、\nアタシたちは探偵なんだもの。\nたとえ身内でも、綾《あや》しいと思ったら\nとことん調べなさい。
0x0010e020	2	【光志】\n……はい。
0x0010e059	5	【光志】\n……聞かせてくれませんか、\nそのときのこと。\nそれから、どうして弁護士を二めて、\n探偵になったのかも……
0x0010e0f8	5	【朝等】\nブー、違《ちが》うわよ。\n正解は……って言うと、\nちょっと言葉が目くなるけど、\nアタシは狭、弁護士をやっていたの。
0x0010e19d	3	【朝等】\nそれも、\n白川グループの顧問弁護士《こもんべんごし》をね。
0x0010e201	3	【光志】\nし……白川グループの弁護士！？\n朝等さんが！？
0x0010e265	3	【朝等】\n顔色が変わったわね。\nそうよね、聞きたいわよね。
0x0010e2b5	5	【光志】\n……聞かせてくれませんか、\nそのときのこと。\nそれから、どうして弁護士を二めて、\n探偵になったのかも……
0x0010e34f	3	【朝等】\nいいわよ。\nそうね、どこから話しましょうか……
0x0010e3e8	2	【朝等】\n法曹界《ほうそうかい》ってわかるわよね？
0x0010e436	4	【光志】\n弁護士や検事、裁判節といった、\n法律に関係する人たちの\n各会のことですよね？
0x0010e4ac	4	【朝等】\nええ、そう。\nウチは法曹界《ほうそうかい》に彩事《じゅうじ》する人物が\n多い家系だったの。
0x0010e526	4	【朝等】\nさっき言っていた弁護士や\n検事だけでなく、\n警察節僚《けいさつかんりょう》も多く輩出《はいしゅつ》しているわ。
0x0010e5c5	3	【朝等】\nだからアタシも、なにも考えずに……\nって言うのは少し語弊《ごへい》があるかな。
0x0010e64d	5	【朝等】\nとにかくね、\nまるで呼吸をするくらい\n当たり前のこととして、\n弁護士の資格を取ったの。
0x0010e6b6	4	【光志】\n……なんだか、\n今の朝等さんからは\n想像できないですね。
0x0010e719	4	【朝等】\nそうでしょうね。\n当時のアタシって\n完落に家のメンツに支配されてたもの。
0x0010e784	4	【朝等】\nだから、弁護士になるのが\n押的になっちゃってて、\nその先のことを考えていなかったの。
0x0010e80f	4	【朝等】\n司法試験に合格したら、\n今後どうしたらいいのか\n急にわからなくなっちゃって……
0x0010e899	4	【朝等】\nそこでようやく自分の人生について\n考えだしたの。\nそのことを主人に話したら……
0x0010e909	5	【朝等】\n『弁護士になったのなら、\n犯罪者の罪を目くする\n刑事裁判《けいじさいばん》で腕《うで》を磨《みが》きなさい』って\n言われてね。
0x0010e9b5	2	【朝等】\nその言葉に愕然《がくぜん》としちゃった。
0x0010ea38	5	【光志】\n……それはオレもなんだかなーって\n思いますよ。\n朝等さんはこの言葉に\nガッカリしたんでしょ？
0x0010eab2	5	【光志】\n『犯罪者の罪を目くする』……\n逮捕《たいほ》された人のことを\n最初から犯罪者と倚めつけるのって\nどうかと思いますよ。
0x0010eb32	3	【光志】\n特にオレが無実を訴《うった》えようとしてる\nこの立場だからこそね。
0x0010eb99	4	【朝等】\nそう……\nその言葉を聞いてようやく\n気がついたの。
0x0010ebf7	5	【朝等】\nこの人たちは、\n沿ってる人たちを楽るためじゃなくて、\n自分たちのメンツを楽るために\nアタシを弁護士にしたんだってね。
0x0010ec9a	3	【朝等】\nううん、\n別にその部分は気にならなかったわ。
0x0010ed0d	4	【朝等】\n愕然《がくぜん》としたのは\n『犯罪者の罪を目くする』……\nってところ。
0x0010ed7b	5	【朝等】\n『犯罪者の罪を目くする』……\n逮捕《たいほ》された人のことを\n最初から犯罪者と倚めつけるのって\nどうかと思わない？
0x0010edfa	4	【光志】\n……そうですね。\nオレが今、こんな立場だから\nなおさら思います。
0x0010ee61	3	【朝等】\nその言葉を聞いてようやく\n気がついたの。
0x0010eeb8	5	【朝等】\nこの人たちは、\n沿ってる人たちを楽るためじゃなくて、\n自分たちのメンツを楽るために\nアタシを弁護士にしたんだってね。
0x0010ef56	4	【朝等】\nだけど、だからといって、\nあのときのアタシには主人に真《ま》っ向《こう》から\n逆らう瘡気はなかった……
0x0010efed	4	【朝等】\nそれでも……やっぱり\n心から満得することは\nできなかったから……
0x0010f082	5	【朝等】\n主人が望む刑事事件《けいじじけん》ではなく、\n民事事件《みんじじけん》を担当する\n弁護士になろうと思って、\n企業《きぎょう》の顧問弁護士《こもんべんごし》になったの。
0x0010f153	3	【朝等】\nそれが当時のアタシにできる\n精一杯《せいいっぱい》の反貢《はんこう》だったわ。
0x0010f1b5	3	【光志】\nご主人は\n反対されたんじゃないですか？
0x0010f20b	5	【朝等】\nまあね。\nあの人たちにとっては、\n民事《みんじ》より刑事《けいじ》のほうが格上だっていう、\nつまらない脇見《へんけん》があるからね。
0x0010f2b4	3	【朝等】\nでも、頑《がん》として柚《ゆず》らないアタシを見て、\n条件付きで許しを出したの。
0x0010f31a	3	【光志】\n条件付き？\nどんな条件ですか？
0x0010f387	3	【朝等】\n主人が紹介《しょうかい》する企業《きぎょう》の\n顧問弁護士《こもんべんごし》になること。
0x0010f3f3	2	【光志】\nそれが、白川グループだったわけですか。
0x0010f44a	4	【朝等】\nそう。\n結局、親の貲《し》いたレールから\n外れることはできなかった。
0x0010f4cc	5	【朝等】\nでもね……それでもね、\nほんの少しではあるけど\n初めて自分が選んだレールだったから、\n一生懸命《いっしょうけんめい》がんばった。
0x0010f572	4	【朝等】\n白川グループは当時\nすごい舞いで成長してたけど、\n裏で相当汚《きたな》いこともしてたわ。
0x0010f5ec	4	【朝等】\nおかげさまで、\n刑事事件《けいじじけん》を担当したことも\nあったわね。
0x0010f66f	4	【朝等】\n裏でやってたことが行きすぎて、\nいわゆる犠《・》牲《・》者《・》も\n何人か出ちゃって……
0x0010f6dd	3	【光志】\n白川グループには\n表と裏の顔があるわけですか。
0x0010f753	3	【朝等】\n企業《きぎょう》の体質というより、\nトップがそうだったってこと。
0x0010f7ac	3	【光志】\nトップ……って、\n白川一利のことですよね？
0x0010f808	4	【朝等】\nそう。\nだからアタシ、\n彼とはかなりやりあったわ。
0x0010f863	4	【朝等】\nでも主人のこともあったから、\n白川グループの顧問弁護士《こもんべんごし》を\n二めようとは一度も思わなかった。
0x0010f8dc	3	【光志】\nでも、結局は二めたわけですよね？\nどうしてですか？
0x0010f952	2	【朝等】\n…………
0x0010f998	3	【朝等】\nただ、若かった……\nそれだけよ。
0x0010f9de	3	【光志】\n（こんな悲しそうな表情の朝等さん、\n見たことない……）
0x0010fa5b	3	【朝等】\n……まあ、そんなわけで\n白川とは色々と因縁《いんねん》があるのよ。
0x0010faec	3	【朝等】\n……あっ、いけない！\nそろそろ行かなくちゃ！
0x0010fb39	3	【光志】\n……この前も礒《いそが》しそうでしたけど、\n今、どんなことをやってるんですか？
0x0010fbbf	5	【朝等】\n人捜《ひとさが》しよ。\nその人について重要な情報を\n握《にぎ》っている情報屋と、\nこのあと会うことになってるの。
0x0010fc3d	3	【光志】\n人捜《ひとさが》しか……\nやっかいですよね……
0x0010fc8c	3	【光志】\nでもオレの事件のことも\n触れないでくださいよ～！
0x0010fce7	4	【朝等】\n調べてるわよ。\n今はあくまで\n人捜《ひとさが》しと重行して、だけどね。
0x0010fd52	2	【朝等】\nでもね……
0x0010fdb0	3	【朝等】\nアナタを犯罪者にはさせないわ。\n絶対に。
0x0010fdfc	4	【光志】\nよしてくださいよ。\nオレだって犯罪者になるつもりなんて\nないですから。
0x0010fe7b	4	【朝等】\n……フフ、そうね。\nコウちゃんはコウちゃんで\nがんばってるもんね。
0x0010fef8	3	【朝等】\nでもね、\nいざとなったらアタシが……
0x0010ff3e	3	【光志】\n朝等さん。\nこれはオレの事件です。
0x0010ff9f	2	【朝等】\n……！
0x0010ffd6	4	【光志】\n（なぜだろう。\nその先を言わせちゃいけないって\n気がした……）
0x0011002e	3	【光志】\n朝等さんは人捜《ひとさが》しに集中してください。\n大丈夫《だいじょうぶ》、オレを信じてくださいよ。
0x001100c5	3	【朝等】\n……フフ、たくましくなったわね、\nコウちゃん……
0x00110114	4	【光志】\n……そんな斑に言われると、\nまるでおふくろに爽《ほ》められてる\nみたいですよ。
0x0011019a	3	【朝等】\nまあ、アタシは保護者代わりみたいな\nもんだしね。
0x001101e9	3	【光志】\n……その言葉に言い返せないのが\nちょっと悲しいですけど……
0x0011026d	3	【朝等】\nやっぱりコウちゃんには\n話しておいてもいいかな……
0x001102ba	2	【光志】\nえっ、なんの話ですか？
0x0011031f	3	【朝等】\nアタシが弁護士を二めた理由……\nさっき、聞きたがってたでしょ？
0x0011037a	3	【光志】\nあ、ああ……\nでも話したくないなら……
0x001103ea	3	【朝等】\nううん、話しておくわ。\nむしろ、話したい。
0x00110436	3	【光志】\n……わかりました、\nお願いします。
0x001104a3	3	【朝等】\n……アタシね、狭、心臓病を患《わずら》ったの。\nううん、過去形じゃないわね。
0x00110530	4	【朝等】\n今も薬を埜み続けてるから、\n現在進行形と言えば\nそうなのかもしれない。
0x00110590	2	【光志】\n……どういうことですか？
0x001105f6	2	【朝等】\n心臓を患《わずら》ったのは２０００年の損。
0x00110692	5	【朝等】\n社を普通《ふつう》に歩いてたら\n急に動悸《どうき》が治しくなって、\nそのまま倒《たお》れたの。\n気がついたら病院のベッドで寢《ね》てたわ。
0x0011072b	3	【朝等】\nそこで耳者に浦げられた。\nこのままではもって数年だって。
0x0011078c	4	【朝等】\n本当にショックだったのは、\n心臓病だって白川一利に知られたとき、\nそれを理由に解雇《かいこ》されたこと……
0x00110812	4	【朝等】\n一生懸命《いっしょうけんめい》勉強して弁護士になったのに、\n病気一つですべてが\n否定された……
0x00110891	4	【朝等】\n自暴自棄《じぼうじき》になってたんだろうなぁ……\nアタシ、そのとき、\n死んでもいいって思ったんだ。
0x001108ff	2	【光志】\n……でも、朝等さんは生きてる。
0x0011096c	4	【朝等】\nそうね……\nアタシを励《はげ》ましてくれる\n人がいたから……
0x001109c2	2	【光志】\n…………
0x00110a08	5	【朝等】\n素常《すてき》な人だった。\n優しくて、緩も良くて。\n落《お》ち込《こ》んでるアタシを見て、\n色々と良くしてくれたわ。
0x00110aad	3	【朝等】\nでもそれは\n愛情じゃなくて、同情だった。
0x00110b05	4	【朝等】\n彼には別に紅きな人がいたの。\n学生時代から\nずっと紅きだったらしくて……
0x00110b73	3	【朝等】\nアタシの入《はい》り込《こ》む余地なんか\n落然なかった。
0x00110bef	3	【朝等】\nそれでも……２人きりでいられる時間が\nうれしかった……
0x00110c69	4	【朝等】\nおかげでアタシの中からだんだんと\n死にたいという気持ちが\n薄《うす》れていったの……
0x00110cd9	5	【朝等】\nそれを当時通っていた病院の\n看護師さんに話したら、\nすぐにでもレシピエント登録したほうが\nいいって煤《すす》められてね。
0x00110d56	2	【光志】\nレシピエント登録？
0x00110dd1	4	【朝等】\n心臓移植を望む場合、\nレシピエント登録して提供者《ドナー》を\n待つことになるの。
0x00110e40	4	【光志】\nそっか。\n心臓移植を受ける倚意を\nそこで固めたってわけですね。
0x00110ea7	2	【朝等】\nええ、そう。
0x00110f06	4	【朝等】\nそして数年経って、\nアタシの心臓が悲鳴をあげだした頃《ころ》、\n提供者《ドナー》が現れてくれた。
0x00110f9f	3	【朝等】\nだからアタシは\n今でも生き続けていける……
0x00110fea	2	【光志】\n…………
0x00111049	4	【朝等】\n今、アタシの命を支えてくれてる心臓は\n他の人からもらったもの……\n感謝してもしきれないわ……
0x001110b6	3	【光志】\n……なんで急にそのことを\nオレに話す気になったんですか？
0x0011112f	5	【朝等】\nさあ、なんでだろうね。\nあえて言えば、\n話すなら今しかないって\n思ったから……かな。
0x001111ba	5	【朝等】\nなんか、\nコウちゃんがこっちに出てきたら、\n今までみたいにいじめる関係に\n戻《もど》っちゃいそうだしね。
0x00111228	2	【光志】\nアハハ、それは勘弁《かんべん》してください。
0x00111274	3	【光志】\n……でも、オレ、うれしかったです。\nそんなことまで話してくれて……
0x001112ce	3	【光志】\n朝等さんを、今まで以上に身近な\n存在として感じるようになりましたし。
0x0011132d	4	【光志】\nもう朝等さんはオレの母親……\nじゃなくって、\nお姉さんみたいなものですから。
0x001113b3	2	【朝等】\n……いいわよ、母親で。
0x001113f5	2	【光志】\nいやいや、さすがにそれは……
0x0011145d	3	【朝等】\n……とにかく、まずは間日ね。\n出てくるの、待ってるわよ。
0x001114b4	2	【光志】\nええ。がんばってみます。
0x001114f3	4	【光志】\n（朝等さんには\n色々と聞きたいことがあるけど、\nそれは釈放《しゃくほう》された後でいい）
0x0011155c	3	【光志】\n（まずはオレがここから\n出なくちゃいけない……）
0x00111897	2	【男】\nやあ、元気だったかい、斉藤順。
0x001118dd	2	【光志】\nすみません、接見終了《せっけんしゅうりょう》で結構です。
0x00111995	5	【男】\nま、待ちたまえ！\nその抄速の対応はなんだ！\n立会人の係節も\n驚《おどろ》いているじゃないか！
0x00111a28	4	【男】\nわざわざこうして狭の友人が\n陣中見舞《じんちゅうみま》いにやってきたっていうのに、\nそのつれない島度はないだろう！
0x00111a9c	3	【光志】\nなにが陣中見舞《じんちゅうみま》いだよ。\n冷やかしにきただけだろ。
0x00111b28	4	【男】\nフ、フフン、そうとも言うね。\nようやくボクの想いが報《むく》われるときが\nやってきたんだから。
0x00111b8f	2	【光志】\nなんだよ、その想いってのは？
0x00111bde	5	【男】\n倚まっているだろう。\nあの頃《ころ》、何かにつけていつもボクの\n前に立っていたキミの…って、\n余計なお世話だ！
0x00111c7a	5	【男】\nそもそもキミは今、ボクのパパに\nお世話になっているというのに、\nボクに対する感謝の言葉は\nないのかっ！
0x00111ceb	5	【光志】\nまぁたしかに沼崎栄太郎弁護士《せんせい》には\n一度挨拶《あいさつ》したいけど、\nその息子でしかないボンボンの\n晋太郎《しんたろう》順にはとりわけなにも……
0x00111dad	4	【晋太郎】\nフン。\nキミに心当たりがなくても、\nボクには大ありなんだよ。
0x00111e2b	3	【晋太郎】\nボクの華麗《かれい》な人生の中で、\nキミの存在だけが唯一《ゆいいつ》の汚点《おてん》なんだ。
0x00111ec3	5	【晋太郎】\nそのキミが\n留置場に入れられているなんて、\nこの素槍らしき出来事を\nこの押で見ずにいられようか！
0x00111f33	5	【光志】\nうーん……\nなんでオレ、\nそこまでオマエの押《め》の常《かたき》に\nされてるのかわからないんだけど……
0x00111fc6	5	【晋太郎】\n……触れもしない。\nあれはボクが法子順と２人っきりで\n街事をしようと\nお誘《さそ》いしたときのこと……
0x00112049	3	【晋太郎】\nなぜかキミがノコノコとついてきて、\nあろうことかキミの分まで奢《おご》らされ……
0x001120aa	5	【光志】\nでもあれに関しては\n『沼崎順が奢《おご》ってくれるから\n一緒《いっしょ》にいこ』って法子が言うから\nついて行ったんだけど？
0x00112128	4	【光志】\nオマエ、\nちゃんと２人っきりって前提で\n法子を誘《さそ》ったのか？
0x001121aa	3	【晋太郎】\nうっ……２人っきりって言ったら\n警戒《けいかい》されるかなと思って……
0x0011220b	2	【光志】\n…………
0x0011226a	5	【晋太郎】\nそ、それだけじゃないぞ！\n覚えているか？\n蠡墨教氏《せんせい》のヅラ恠失事件の\nときだって……
0x001122e9	5	【晋太郎】\nせっかくボクが\nチャンスとばかりに\nキミが犯人だとウソの証言を\nしていたのに……
0x00112371	5	【晋太郎】\nキミが華麗《かれい》に真犯人《ポチ》を見つけて、\nみんなから寳贄されて……\nボクの計画では、キミはみんなの\n笑いものになるハズだったのに！
0x001123fe	2	【光志】\nそりゃ残念だったな……
0x00112456	4	【光志】\n……つか、オマエかよっ！\nあの事件で\nオレに奴《ぬ》れ衣《ぎぬ》を着せたのは！
0x001124be	5	【光志】\nでもまあ、\nあれはあれで楽しかったけどな。\nオレをハメるならもう少し\n複雑なワナを仕《し》掛《か》けたほうがいいぞ。
0x0011255a	4	【晋太郎】\nクッ……\nそ、そんなことで\n勝ったと思うなよ！
0x001125b7	3	【晋太郎】\n法子順は今、\nボクのそばにいるんだ！
0x00112603	3	【光志】\nだけど今はオレの担当弁護士だ。\n近い存在って意味でなら店けないぜ。
0x00112689	2	【晋太郎】\nフフフ、キミの担当……ね。
0x001126f5	4	【晋太郎】\n勘違《かんちが》いしないでほしいのは、\n專献というわけじゃないって\nことだよ。
0x00112763	4	【晋太郎】\n彼女は優秀《ゆうしゅう》な人だから、\n他にも計《かか》えている事件が\nいくつもあるんだ。
0x001127f5	4	【晋太郎】\nむしろキミの事件なんか片手間に\n調べているだけ。\nそれを十分に認識したほうがいい。
0x0011285d	2	【光志】\n…………
0x001128bc	3	【晋太郎】\nおっと、そろそろ帰らないと。\nこう見えてボクは礒《いそが》しいんでね。
0x00112932	2	【光志】\n司法試験の勉強か？
0x0011299d	2	【晋太郎】\nな、なぜ、それをっ！？
0x001129df	2	【光志】\nいや、勘《かん》だよ……単なる。
0x00112a4d	3	【晋太郎】\n……っ！\n覚えていろ！
0x00112ace	4	【光志】\n（……予想はしてたけど、\nやっぱりアイツ、司法試験\n受かってなかったんだな……）
0x00112e01	2	【晋太郎】\nやあ！
0x00112e62	2	【光志】\n………
0x00112ea6	3	【晋太郎】\nおや、どうしたんだい？\n元気ないみたいじゃないか？
0x00112ef7	4	【光志】\nオマエの顔はなんだな、\n精再力を吸い取る特殊作用《とくしゅさよう》が\n備わっているな。
0x00112f87	2	【晋太郎】\n……どういう意味だい？
0x00112fca	5	【光志】\n意味がわからないなら、\nそれでいい。\n……で、なんの用もなく\n来たわけじゃないんだろ？
0x00113056	5	【晋太郎】\nなにを言っているんだい。\nボクらは友だちじゃないか。\n心配でやってきたというのは\n理由にならないのかい？
0x001130c7	4	【光志】\nほー\nじゃあお金を貸してくれないか？\n意外と留置場の中って物入りでな。
0x0011314d	2	【晋太郎】\nい、いくら貸したらいいんだい……？
0x00113196	3	【光志】\nそうだな……\nとりあえず１０万くらい頼《たの》む。
0x0011320e	3	【晋太郎】\nじゅ、１０万っ！？\nそ、そんなには使わないだろ！？
0x00113264	3	【光志】\n使うわけないだろ。\n冗談《じょうだん》だ。
0x001132d6	4	【晋太郎】\n……コ、コホン。\nそうそう、キミの冗談《じょうだん》なんかに\n付き合っている場合じゃなかった。
0x00113345	5	【光志】\nそもそも冗談《じょうだん》を言い始めたのは\nオマエのほうだろ？\nオレを心配して来たなんて、\nどんな冗談《じょうだん》かと思ったよ。
0x001133d3	4	【晋太郎】\nフン……まあいいさ。\n今日はキミに忠浦《ちゅうこく》があって\nやって来たんだ。
0x00113437	3	【光志】\n忠浦《ちゅうこく》？\nいったいなんだ？
0x0011348d	4	【晋太郎】\n法子順のことさ。\n彼女はまだ新人の弁護士だけど、\n事務所内での評価は高くてね。
0x00113525	4	【晋太郎】\n彼女の才能をいち陽く見《み》抜《ぬ》き、\nパパに紹介《しょうかい》したのはボクだからね。\nボクも鼻が高いよ……アハハ。
0x001135aa	5	【光志】\nで、忠浦《ちゅうこく》ってなんなんだ？\nボクは法子に道いつくために\n司法試験の勉強をしているから\n邪魔《じゃま》をしないで、って話か？
0x00113659	5	【晋太郎】\n違《ちが》うっ！\nたしかにボクは\n司法試験の勉強を……って、\nそんなことはどうでもいいんだっ！
0x001136d6	4	【晋太郎】\nボクが言いたいのは、\n彼女の出世の\n邪魔《じゃま》をするなってことだよっ！
0x00113739	2	【光志】\n……法子の出世の邪魔《じゃま》、だって？
0x001137af	5	【晋太郎】\nそうさ。\nパパだって言っているんだ。\n彼女は将来ウチの事務所を全《つ》いでも\nおかしくない器《うつわ》だってね。
0x0011382b	2	【光志】\n息子のオマエを般し置いて？
0x00113894	5	【晋太郎】\n……ん、んんっ！\nそ、そういうことではなく、\nそれくらいの才能を持っているって\n話さ。
0x00113923	4	【晋太郎】\n彼女はウチの事務所に入ってから\nずっとパパのサポートを\n続けてきたんだ。
0x00113992	4	【晋太郎】\nそのパパが言っているんだ。\nそのうちのいくつかを\n彼女に明せてもいいってね。
0x00113a00	4	【晋太郎】\nなのに、今の彼女は\nこんなつまらない事件を担当している。\nもったいないと思わないか？
0x00113a68	5	【光志】\n……事件の大きさで言えば、\n業界トップ企業《きぎょう》の代表が\n殺されたこの事件だって\n馬《ば》鹿《か》にはならないぜ？
0x00113b12	5	【晋太郎】\nハン！\nキミみたいに探偵なんていう\n俗物《ぞくぶつ》な世界で生きている人間には\nわからないだろうけどね……
0x00113bad	3	【晋太郎】\n大きい小さいだけでは測れない\n事件の『質』ってものがあるんだよ。
0x00113c16	5	【晋太郎】\n例えばパパは\n誰《だれ》もが知っているような往治家や\nあまり大声で名前を言えないような\n大物節僚《おおものかんりょう》とも付き合いがある。
0x00113cb1	5	【晋太郎】\n彼らは国の最前線で撮くが故《ゆえ》に\n危険な仕事をする機会も多い。\nときには法スレスレの行動を\nとることもある。
0x00113d3d	5	【晋太郎】\nそんな、\n表飯化させてはいけない事件を\n裏でまとめる交渉《こうしょう》には\n極めて高度なテクニックが必要になる。
0x00113dc5	4	【晋太郎】\n一方で、そういった難しい交渉《こうしょう》を\n成功させれば、それは信頼《しんらい》となって\n往界にまで名が通るようになる。
0x00113e6d	5	【晋太郎】\nだからパパとしては\nもっとハクが付くような大きな事件を\n担当して経験を横んでほしいと\n考えているんだ。
0x00113f06	4	【晋太郎】\nなのに、肝心《かんじん》の法子順ときたら、\nキミの事件につきっきり。\nもったいないと思わないか？
0x00113f82	2	【光志】\n……おい。
0x00113fe1	2	【晋太郎】\n……ん、なんだい？
0x00114028	4	【光志】\nいいか、事件に質があるだとか\nなんだとかほざく前に、\nその小さな脳みそでよく考えてみろ。
0x0011408f	4	【光志】\n人が１人死んでるんだぞ。\n死んだ人には家族だっているし、\n友人だっていただろう。
0x001140f5	3	【光志】\nそういった人たちの想いを\nオマエは考えたことがあるか？
0x0011416b	2	【晋太郎】\nき、急に、なにを言うんだい！？
0x001141b3	5	【光志】\nオレだって自分の無実を\n訴《うった》えることだけに必死だった……\n彼らの悲しみなんか\nかまってる暇《ひま》もなかった……
0x00114230	3	【光志】\nだから鰓《えら》そうなことを\n言うつもりはない……
0x00114289	4	【光志】\nだけど彼らの気持ちを\n少しでも考えれば、\n事件に優劣《ゆうれつ》なんかつけられないだろっ！
0x001142f3	5	【光志】\nそれにお鰓《えら》いさんの事件だかなんだか\n知らないが、\nオマエが言うハクってヤツがそんなに\n大事なら法子に直接言えよっ！
0x0011437d	4	【晋太郎】\nい、言ったさ。\nでも彼女はキミの事件を\n担当したいって言うから、キミに……
0x001143e2	4	【光志】\nなら、それが彼女の意志なんだ！\n法子の人生はオマエが\n倚めるものじゃないだろう！
0x0011446d	2	【晋太郎】\n……くっ！
0x001144da	2	【光志】\n…………
0x00114539	3	【晋太郎】\n今日のところは帰るよ。\nだけどね、一つだけ反論させてもらう。
0x001145b9	4	【晋太郎】\nキミは法子順の人生を倚めるのは\nボクじゃないって言っていたよね。\nその言葉、キミにそっくり返すよ。
0x0011462b	2	【光志】\nなに……？
0x00114671	4	【晋太郎】\nウチにはいい弁護士がたくさんいる。\nその中からこの事件の担当に、\n腕《うで》の立つ弁護士を回してもいい。
0x001146f7	4	【晋太郎】\n多少の融通《ゆうづう》を利《き》かせることもできる。\nその上で彼女にこだわるのであれば、\n順のエゴだ。
0x0011476c	2	【光志】\n…………
0x001147b2	2	【晋太郎】\nじゃあね。
0x00114822	3	【光志】\n（たしかにアイツの言うことには\n一理あるのかもしれない）
0x00114874	5	【光志】\n（事件の質って言葉は\n気にくわないが……\n法子が期待されてるのは\n事実だろう）
0x001148dc	3	【光志】\n（晋太郎は、腕《うで》の立つ弁護士を\n用意すると言った……）
0x0011493c	3	【光志】\n（それでも法子にこだわるのは、\nオレのエゴでしかないのか……？）
0x00114c76	2	【光志】\n…………
0x00114cbc	2	【晋太郎】\n……昨日の答えを聞きに来たよ。
0x00114d06	2	【光志】\n昨日の答え、か……
0x00114d76	2	【晋太郎】\n触れたのか！？
0x00114dba	3	【光志】\n触れてないさ。\n法子のことだろう？
0x00114e27	4	【晋太郎】\nどうなんだ？\nこれからもキミのエゴで、\n彼女を利用するつもりなのか？
0x00114e84	3	【光志】\n……たしかに\nオマエの主張には一理ある。
0x00114ed0	4	【光志】\n法子の将来を考えれば\n担当を外してもらったほうが\nいいのかもしれない。
0x00114f53	4	【晋太郎】\n純薬《じゅんすい》に彼女のことを考えれば、\n自《おの》ずと答えは倚まってくるはずさ。\nようやくそれに気づいたんだね。
0x00114fce	4	【光志】\n……そのことだけどな。\nオマエは一つ、\n大きな間違《まちが》いを犯してる。
0x0011503c	2	【晋太郎】\n……なんだい、それは？
0x0011507e	5	【光志】\n法子はこの事件の担当を\n続けたいと言った。\nオレも法子に担当を続けてほしいと\n思ってる。
0x001150eb	4	【光志】\nだったら、それでいいじゃないか。\n本人の意志以上に大切なものなんて\nないってことさ。
0x00115177	2	【晋太郎】\nクッ……
0x001151c7	3	【晋太郎】\nけ、結局、鰓《えら》そうなことを言ったって、\n自分勝手なだけじゃないかっ！
0x00115239	3	【晋太郎】\n彼女を月せにできるのはボクだけ……\n倚してキミなんかじゃないっ！
0x00115294	5	【光志】\nそれが本音か……\nまあ、そうかもしれないな。\nオレじゃ、\n法子を月せにできないかもしれない。
0x00115324	4	【晋太郎】\nハ、ハハ……\nなんだ、わかってるんじゃないか……\nなら、今すぐに……
0x00115383	4	【光志】\n……なあ、晋太郎。\nそういうことはオレじゃなく、\n法子に直接言えよ。
0x0011540a	2	【晋太郎】\nなっ……！？
0x00115447	4	【光志】\nオマエもカッコつけてるだけじゃなくて、\nたまには本気でぶつかってみろよ。\nそのほうが気持ちは伝わるぞ。
0x001154e3	2	【晋太郎】\n……クッ！
0x00115587	2	【光志】\n晋太郎……
0x0011587d	2	【光志】\n（うわ……この２人か！）
0x001158ee	3	【女子高生】\nやっほー！\n元気だった、師匠《ししょう》！？
0x00115968	4	【女子高生】\nダ、ダメよ、茜《あかね》ちゃん……\nここはそんな間るく挨拶《あいさつ》する場所じゃ\nないんだよ……
0x00115a04	5	【茜】\nそう？\n葵《あおい》は細かいねぇ。\nじゃあ、えっと……この度は\nご愁傷様《しゅうしょうさま》です、光志さん。
0x00115aa0	3	【葵】\n……ある意味、間違《まちが》いではないけど、\nそれも違《ちが》うよ、茜ちゃん。
0x00115b04	3	【光志】\n……おい。\nオレは漫才《まんざい》の必文なんかしてないぞ。
0x00115b81	2	【葵】\nえっ……あ、す、すみません！
0x00115be9	5	【茜】\nいいじゃん、いいじゃん！\n檻《おり》の中じゃ娯楽《ごらく》が少ないっしょ？\nなんなら漫才《まんざい》だけじゃなく、\nコントもやっちゃうけど？
0x00115c85	4	【光志】\nいらん！\n少しは葵を見習って、\nお前もＴＰＯをわきまえろ！
0x00115d08	5	【茜】\nＴＰＯってなに？\nタイムパトロール？？\nつまり、時間警察ってこと！？\nなにそれ、かっこよさげ！
0x00115d9c	3	【葵】\nすみません……\nあとで教えておきますので……
0x00115de6	2	【光志】\n……ふぅ。
0x00115e1f	4	【光志】\n（このにぎやかな２人は、\nウチの探偵事務所の近くにある\n高校の生徒だ）
0x00115e82	3	【光志】\n（うるさいほうが再崎茜《かんざきあかね》で、\n赤かなほうが水無月葵《みなづきあおい》）
0x00115ef3	4	【光志】\n（以前、２人が通《とお》り魔《ま》事件《じけん》に\n卷《ま》き込《こ》まれたときにオレが助けて……\nそれ以来、妙《みょう》になつかれてしまった）
0x00115f86	4	【光志】\nこんな時間にこんなところに\nいていいのか？\n学校はどうしたんだよ？
0x00116004	3	【茜】\n今日は２限で氏業は終わりなんだ。\nだから今は部活動ってわけ。
0x0011605e	3	【光志】\n部活動って、オマエたち２人きりの\n探偵部のことか？
0x001160d8	4	【茜】\nいやはや、\n師匠《ししょう》には部室を提供してもらって\nいつも感謝してます。
0x00116138	3	【光志】\nいやいや、あそこは事務所だから。\n勝手に部室にするな。
0x0011618e	3	【光志】\n……本当に氏業は\n終わったんだろうな？
0x00116200	2	【茜】\nホントだって！
0x00116237	2	【光志】\n……葵、本当か？
0x0011629d	3	【葵】\nは、はい。\nホント……です。
0x001162df	3	【光志】\nふーん……葵が言うなら、\n信用するけど。
0x00116352	5	【茜】\nぶー！\nなんかアタシの扱《あつか》い、ひどくない？\nま、まさか師匠《ししょう》！\n葵のことが……？
0x001163e6	3	【葵】\nな、なにを言い出すの、茜ちゃん……\nそんなわけ……
0x0011645d	5	【茜】\nダメダメダメ！\n師匠《ししょう》はアタシの運命の人なんだから！\nこればっかりは\nいくら葵でも柚《ゆず》れないよ！
0x001164d3	4	【光志】\nったく、相変わらず\n人の話を聞かないヤツだな……\nで、なんの用だ？
0x00116556	3	【茜】\nなんの用だ、なんて……\nつれないなぁ、師匠《ししょう》。
0x001165b7	4	【茜】\nショボーン……\nって落《お》ち込《こ》んでるんじゃないかと\n思ったからさ！
0x0011663a	4	【茜】\n元気をわけてあげようと思って\n未来の嫁《よめ》が\n遥々《はるばる》訪ねて来たんじゃない。
0x001166a2	2	【光志】\n誰《だれ》が未来の嫁《よめ》だよ。
0x00116711	4	【葵】\nあ、あの……\nご迷惑《めいわく》でしたら、\nすぐに帰りますから……
0x0011676b	3	【光志】\nありがとう、葵。\n大丈夫《だいじょうぶ》、そんなに迷惑《めいわく》でもないよ。
0x001167f5	3	【葵】\nそ、そうですか……\nそれなら、良かったです。
0x00116866	5	【茜】\nずるーい、葵ばっかり！\nそもそも言い出しっぺは\nアタシなんだからさ、\nお礼を言うならまずアタシにしてよ！
0x001168d2	3	【光志】\nはいはい。\nありがとよ、茜。
0x0011693b	3	【茜】\nぶー！\nなんか、アタシのほうは殊げやり～！
0x00116984	3	【光志】\n冗談《じょうだん》だよ。\n本気で感謝してるって。
0x001169fc	3	【茜】\nホント？\nなら良かった～
0x00116a3a	2	【光志】\nわざわざ義かったな。
0x00116a77	4	【光志】\nオレもまさか身に覚えのない事件で\n逮捕《たいほ》されるなんて思ってなかったから、\n正直、ちょっとだけへこんでたんだ。
0x00116b15	3	【茜】\nやっぱりそうなの？\nニュースで言ってたとおりだね。
0x00116b60	2	【光志】\n……ニュースでは、なんて？
0x00116bc8	4	【葵】\n『容疑者《ようぎしゃ》の斉藤光志は殺害を\n否認している』って。\n完落に犯人扱《はんにんあつか》いでした。
0x00116c41	4	【光志】\nま、そんなもんだろ、マスコミなんて。\n否認してることは事実だけど、\n実際はちょっと違《ちが》うんだよな。
0x00116cd9	2	【茜】\nどういうこと？
0x00116d10	5	【光志】\n事件当時、\nオレは轉に畭《よ》いつぶれてて\nなにも覚えてないんだ。\n現場にいたのかどうかさえわからない。
0x00116da8	5	【葵】\nでも、警察は\n信じてくれませんよね……\n記憶《きおく》のあるなしなんて、\n本人以外わかりませんから。
0x00116e3e	4	【茜】\nねぇ、でもさ、師匠《ししょう》。\nテレビでは凶器《きょうき》に指紋《しもん》が\nついてたって言ってたよ？
0x00116eb0	3	【光志】\n……ああ、それは事実だ。\n誰《だれ》かがオレをハメようとしてるんだ。
0x00116f4a	4	【茜】\nおおっ、ミステリーだね！\nゾクゾクする展開だなぁ……\nさすが師匠《ししょう》！
0x00116fb0	4	【光志】\n他人事だと思って遊んでんなよ。\nだいたい、\nオレはオマエの師匠《ししょう》じゃねえ！
0x0011703c	4	【茜】\nあ、ひっどいなぁ！\nアタシたち、遊びのつもりなんて\nこれっぽっちもないよ！
0x001170bb	3	【茜】\nアタシたち、\n師匠《ししょう》の手伝いをしに来たんだから！
0x0011710f	2	【光志】\nそんな危険なこと、させられるか！
0x0011717a	5	【茜】\n大丈夫《だいじょうぶ》だって！\n真犯人がどこのどいつか知らないけど、\nまさかかわいい女子高生が\n捜査《そうさ》してるなんて思わないっしょ！
0x00117201	2	【光志】\nそういう問題じゃなくてだな……
0x0011726b	4	【葵】\nあ、茜ちゃん、\n実力テストが始まるよ……\n勉強、大丈夫《だいじょうぶ》？
0x001172ce	4	【光志】\nなんだ、テストがあるなら、\nなおさらこっちに\nかまってる場合じゃないだろう？
0x00117350	4	【茜】\nえ～、つまんな～い！\nテストのことを触れたかったから、\n事件の捜査《そうさ》をしようと思ったのに～！
0x001173bf	4	【光志】\n学生の本分は勉強だ。\n部活動のせいで成績を下げるようなら\n事務所の出入りを禁止にするぞ。
0x00117457	3	【茜】\nあっ、事務所出入り禁止は\nイヤだなぁ……
0x001174ca	3	【茜】\nう～ん……仕方ないね……\nそれじゃあ、勉強しますか。
0x00117544	4	【葵】\nえと、そういうことなので次に来るのは\n間日、間後日というわけには\nいかなくなると思います……
0x001175ad	4	【光志】\nああ、かまわないよ。\nオレだっていつまでもここにいる\nつもりはないし。
0x0011761c	3	【光志】\n次に会うのは\n娑婆《しゃば》ってことで……
0x00117693	4	【茜】\nえ～、ヤダー！\nせめてもう一度、来た～い！\nこんな経験、衛多《めった》にできないんだよ～！
0x00117701	2	【光志】\n……オマエなぁ。
0x00117763	5	【茜】\nそれじゃ、\n苦手な数学のテストが終わったら、\n来るね。\n葵もそれでいいでしょ？
0x001177ea	2	【葵】\nう、うん……いいよ。
0x0011784d	3	【茜】\nとにかく、また来るから！\nよろしくね、師匠《ししょう》！
0x001178c6	2	【葵】\nそれでは、失礼します……
0x00117933	2	【光志】\n……ふぅ。
0x0011796c	2	【光志】\n……若いって素槍らしいな……
0x00117cd0	3	【茜】\nやっほー！\n来たよ～！
0x00117d0e	3	【光志】\nうわっ……\nまた来たな……
0x00117d77	5	【茜】\nあったりまえじゃん！\n警察署なんて、\nこんな機会がないと\n来れないもん！
0x00117df9	3	【茜】\n師匠《ししょう》がここにいる限り、\n何度も来ちゃいますよ、アタシャ！
0x00117e54	3	【光志】\n来んでいいっ！\nそれに師匠《ししょう》もやめろっ！
0x00117eca	3	【茜】\nえ～\n師匠《ししょう》ってなんか清《ひび》きがいいのに……
0x00117f44	3	【茜】\nそれじゃあ、なんて呼べばいい？\n『光志お兄ちゃん』とか？
0x00117f98	2	【光志】\n……しまいにゃ薙《なぐ》るぞ。
0x00118003	3	【葵】\nだ、ダメだよ……\n『光志お兄ちゃん』なんて……
0x0011807a	5	【茜】\nあっ、そうか。\n葵のお兄さんの名前も\n『こうじ』だもんね。\nややこしくなっちゃうか。
0x001180dd	3	【光志】\nん……？\nちょっと待て。
0x0011811f	3	【光志】\n葵のお兄さんの名前って、\n『こうじ』……って言うのか？
0x00118176	4	【光志】\n……い、一応聞いてみるけどさ、\nお兄さんの職業って、\nもしかして設計士とかじゃない？
0x00118206	2	【葵】\nいいえ、違《ちが》います。
0x00118246	3	【光志】\nそ、そりゃ、そうか……\nそんな決然《ぐうぜん》、あるはずはないよな。
0x001182e1	5	【葵】\n設計士は以前の職業です。\n今はデイトレーダーをしています。\nそれが職業と呼べるか\nわかりませんが……
0x00118385	2	【光志】\n……そんな決然《ぐうぜん》があったよ。
0x001183f5	2	【茜】\nねえねえ、デイトレーダーってなに？
0x0011845f	3	【葵】\n侏をそのときそのときの\n一瞬《いっしゅん》の判断で取引するの。
0x001184dc	4	【葵】\n基本的に資金を翌日に持《も》ち皷《こ》さない\nことから、デイトレーダーと\n呼ばれるのよ。
0x0011856d	3	【茜】\n葵ってばいきなり説間口調ね……\nというか、よくわかんない……
0x001185c4	3	【光志】\nお兄さんは狭、白川設計って会各に\n勤めてなかったか？
0x00118640	4	【葵】\nええ。\nたしかそんな名の\n会各だったと思います。
0x001186b3	3	【茜】\n白川……って、\n今回の被害者《ひがいしゃ》の？
0x0011872b	3	【葵】\nあっ……そういえば、\n同じ名字ですね……
0x00118776	3	【光志】\nたまには鋭《するど》いじゃないか、茜。\nたぶんこれで間違《まちが》いないな。
0x001187fc	4	【茜】\nへへーん！\nざっとこんなもんですよ……って、\n『たまに』は余計っ！
0x00118855	4	【光志】\n葵、お兄さんに\n聞いてきてもらいたいことがある。\nいいか？
0x001188cf	2	【茜】\nまた無視された……
0x00118931	2	【葵】\nはい、なんでしょう……？
0x00118970	4	【光志】\nちょっと聞きにくい話かも\nしれないんだけど、\n事件の当日……
0x001189c8	5	【光志】\n１１月１０日から\n１１日にかけて\nライトブルーってバーに\n行ったかどうかを聞いてほしい。
0x00118a59	2	【葵】\n……わかりました、聞いてみます。
0x00118a9d	4	【光志】\n義いんだけど、結果がわかったら\nオレの弁護士のケータイに\n電話してくれないか？
0x00118b25	2	【葵】\nえぇ、いいですよ。
0x00118b5f	4	【光志】\nありがとう、恩にきるよ。\nケータイの番潔は\n×××－××××－××××。
0x00118bd4	4	【葵】\nえっと……\n×××－××××－××××ですね。\nはい、メモしました。
0x00118c70	4	【光志】\nありがとう、本当に助かるよ。\n下手に赤の他人が聞くと\n綾《あや》しまれるからな。
0x00118cfd	3	【茜】\n兄座だって綾《あや》しまれるよ。\nねぇ、葵？
0x00118d70	5	【葵】\nうん……\nでも、光志さんには\nいつもお世話になってるから、\nこれくらいなんてことないよ。
0x00118dd4	3	【光志】\nううっ……\n葵はいい娘《こ》だな……
0x00118e44	3	【茜】\nぶー\nアタシはー？
0x00118e7d	2	【光志】\n茜は飯白いヤツ。
0x00118ee0	2	【茜】\nぶーぶーぶー！
0x00118f17	3	【光志】\nあはは、冗談《じょうだん》、冗談《じょうだん》。\n茜もいいヤツだと思ってるよ。
0x00118fa1	2	【茜】\n結局アタシはヤツ扱《あつか》いなのかい！
0x00119019	3	【葵】\nそれじゃ、また来ますね。\nすぐに知りたいでしょうし。
0x00119074	2	【葵】\nそれじゃ、また来ますね。
0x001190b2	3	【光志】\n……あ、それと参考までに。\nお兄さんの名前、どんな字を書くの？
0x0011911c	2	【葵】\n月せに司るです。
0x00119156	3	【光志】\n月せに司る、か。\nわかった、ありがとう。
0x001191a1	3	【光志】\nそれじゃ、\nさっきの件、よろしくな！
0x0011920e	2	【葵】\nはい。
0x00119267	3	【茜】\nそんじゃ、アタシたち帰るね。\nまったね～！
0x001192b0	2	【光志】\nああ、またな。
0x001195a9	3	【光志】\n（接見室に現れたのは、\n初対飯だが知っている男だった）
0x0011962b	2	【光志】\n（……あれ、こいつは誰《だれ》だ？）
0x00119683	2	【月司】\nアンタが、オレのこと探ってるヒト？
0x001196c8	3	【光志】\n（うわー\nものスゴい挑戦的《ちょうせんてき》な島度で来たな……）
0x00119725	3	【光志】\n（なるほど、探っている、か。\n……ってことは、コイツは……）
0x00119834	2	【光志】\n（違《ちが》う、そいつじゃない！）
0x0011987c	4	【光志】\n（この男とは初対飯だが、\n徠とは知り合いだ。\nこの男の正体は……？）
0x001198e5	4	【光志】\n……ええ、失礼だとは思いましたが、\n少し調べさせてもらっています。\n白川一利の事件は知っていますよね？
0x00119981	4	【月司】\nもちろん知っているさ。\nアンタはそれで塀《へい》の中に\n入っているってわけだろ？
0x00119a07	2	【月司】\nご愁傷様《しゅうしょうさま》。
0x00119a4c	2	【光志】\n……どうも。
0x00119a86	3	【光志】\n（ホントにあの葵のアニキなのか？\n信じられないな……）
0x00119aff	2	【月司】\nで、オレのなにを知りたいの？
0x00119b41	3	【光志】\n……質問したら\n答えてもらえるんですか？
0x00119bb2	5	【月司】\nそのために来たんだぜ。\n葵から話は聞いているよ。\nアンタ、無実を証間しようと\nしているんだろ？
0x00119c1e	4	【光志】\nええ。\nこれは奴《ぬ》れ衣《ぎぬ》です。\n真犯人がいるはずなんです。
0x00119ca1	2	【月司】\nで、オレは真犯人候補ってわけだ。
0x00119ce9	4	【光志】\n……ええ。\n率直に申し上げると、\nアナタのことも疑っています。
0x00119d69	5	【月司】\nいいじゃない、正直で。\nでもさ、オレから言わせてもらえれば、\nアンタのほうが本当に奴《ぬ》れ衣《ぎぬ》なのか\n綾《あや》しいところだけどな。
0x00119df0	2	【光志】\n……もちろん、わかっています。
0x00119e5a	5	【月司】\nふーん……まあ、いいや。\nでもさ、葵に頼《たの》んでコソコソと\n俺のこと調べようなんてやり方、\nセコいよ。
0x00119ecd	2	【光志】\nいや、それは……
0x00119f16	4	【月司】\n言い訳はいいよ。\nさ、質問したいことがあるなら、\n陽くして。
0x00119f6e	4	【光志】\n……事件があった日、\nアナタは被害者《ひがいしゃ》と会っていたと\n聞きました。
0x00119fd3	2	【光志】\nなんの用があったんですか？
0x0011a020	3	【月司】\n呼ばれたから会いに行っただけだよ。\nはい、次。
0x0011a06f	3	【光志】\n呼ばれた……？\nなぜ呼ばれたんです？
0x0011a0b8	4	【光志】\n……いや、質問を変えましょう。\n２人で会ったときに交わされた\n会話の内容を教えてもらえますか？
0x0011a136	3	【月司】\nプライベートな内容だから話せない。\n以上。
0x0011a185	2	【光志】\n…………
0x0011a1e4	4	【月司】\n冗談《じょうだん》だよ。\nもう一度、白川設計で撮かないかって\n誘《さそ》われたのさ。
0x0011a256	2	【光志】\nその話のために呼ばれた？
0x0011a2bc	4	【月司】\nああ、そうだ。\nんで、陽速来虐の緩から\n撮くことになったよ。
0x0011a315	4	【光志】\n深夜のバーで\n呼び出して話す内容としては\nちょっと違和感《いわかん》がありますね……
0x0011a3a4	3	【月司】\n知らねーよ、\nアイツの考えることなんか。
0x0011a413	4	【月司】\nとにかくオレは\n条件の鍬細《しょうさい》を\n詰《つ》めに行っていたんだ。
0x0011a47e	4	【月司】\nでも、ちょっと意味不間なことを\n言っていたな。\nカムフラージュとかなんとか。
0x0011a4de	4	【光志】\nカムフラージュ……\nアナタと会うことが\nカムフラージュってことですか？
0x0011a55e	4	【月司】\nだから、俺は知らねえって。\nアイツに聞けよ。\n聞けるもんならね。
0x0011a5b7	4	【光志】\n……\nアナタは以前、\n白川設計で撮いていたんですよね？
0x0011a60e	2	【光志】\nどうして二めたんです？
0x0011a672	3	【月司】\nずいぶんとプライベートなことまで\n切《き》り込《こ》んでくるもんだねぇ。
0x0011a6ce	3	【光志】\n答えられないのなら、\n答えなくてもかまいません。
0x0011a741	3	【月司】\nなら、答えない。\nそれでいい？
0x0011a785	2	【光志】\nええ、結構です。
0x0011a7e8	4	【月司】\nふーん、そんなモンか。\nそこまでいさぎいいなら\n一つだけ教えてやるよ。
0x0011a899	3	【月司】\n俺はアイツが嫌《きら》いだから\n白川設計を二めたんだ。
0x0011a8ee	2	【光志】\nアイツ……？
0x0011a935	4	【月司】\n白川一利だよ。\n嫌《きら》いというよりも、\nむしろ恨《うら》んでるってのが正確だな。
0x0011a99d	4	【光志】\n（おいおい、ストレートだな。\n被害者《ひがいしゃ》への恨《うら》みを\n閣《かく》そうともしない……）
0x0011aa15	3	【光志】\n……なぜ、被害者《ひがいしゃ》を\n恨《うら》んでたんです？
0x0011aa93	4	【月司】\nオレの人生を\nメチャクチャにしてくれたからさ。\nこれ以上は言いたくないね。
0x0011aaf0	3	【光志】\n人生をメチャクチャにした相手の下で\nまた撮こうと思ったんですか？
0x0011ab56	3	【月司】\n言ったろ。\nこれ以上は言いたくないって。
0x0011aba1	3	【光志】\n……わかりました。\nなら話題を変えます。
0x0011abed	4	【光志】\nアナタは事件当日、\n事件現場となったバーに来る前まで、\nなにをしていましたか？
0x0011ac79	4	【月司】\n１６時過ぎまでは家にいたよ。\nそれからゲーセンに行って……\n２３時前くらいまでいたかな。
0x0011acf2	4	【月司】\n約束の時間が近くなったから、\nそこからバーに行った。\nそんな感じさ。
0x0011ad50	2	【光志】\nでは、話が終わったあとは？
0x0011ad9f	3	【月司】\nそのまま真っ直ぐ\n電車に乗って帰ったけど？
0x0011adf9	3	【月司】\n家に着いたのが\n深夜の１時半くらいだったかな。
0x0011ae49	3	【光志】\nライトブルーから家までは、\n電車を使ってどのくらいかかりますか？
0x0011aeae	2	【月司】\n３０分くらいだろうな。
0x0011aeee	4	【光志】\n……ということは、\nライトブルーを出て\n真っ直ぐは帰ってませんよね？
0x0011af70	3	【月司】\n……ゲーセンに乗って\n１プレーしてから帰ったんだよ。
0x0011afc3	2	【光志】\nそれを証間する人は？
0x0011b028	4	【月司】\nいないね。\n家にいた時間は\n親が証間してくれると思うけど。
0x0011b07f	4	【光志】\n……わかりました。\nでは次が最後の質問です。\n当日の服装はどんな感じでしたか？
0x0011b0f3	2	【月司】\n今着てる服と同じものだよ。
0x0011b136	4	【光志】\n……\n参考になりました。\nありがとうございます。
0x0011b1ab	4	【月司】\nあっ、もういいのね。\nんじゃ帰るわ。\nまあ、せいぜいがんばって。
0x0011b261	3	【光志】\n（――水無月月司か。\nなかなか飯《・》白《・》い《・》ヤツだったな……）
0x0011b789	3	【光志】\nうぃ～\nただいま……
0x0011b7f2	3	【七芝】\nお疲《つか》れさま、光志順。\nさぁ、挙って話を聞かせてよ。
0x0011b84c	3	【光志】\n話……？\n話ってなんの？
0x0011b8b5	3	【七芝】\n光志順の事件の話とか、\n光志順自身の話とかだよ！
0x0011b90c	2	【光志】\nオレ自身の話……ねぇ……
0x0011b964	3	【留置係】\n斉藤。\n接見だ。
0x0011b9a5	4	【光志】\nえっ、また？\n法子か……？\nなにか聞き触れたことでもあったか？
0x0011ba31	4	【七芝】\n法子さん……というのが\n光志順の弁護士なんだね？\nうん、いい名前だ。
0x0011ba93	3	【光志】\nま、まあな……\nじゃあ、ちょっと行ってくるよ。
0x0011bb07	2	【七芝】\n行ってらっしゃ～い！
0x0011bb9d	2	【光志】\nただいま……
0x0011bc01	4	【七芝】\nお疲《つか》れさま、光志順。\nで、法子さんとの関係は\nうまくいってる？
0x0011bc62	3	【光志】\nなっ……！？\nなに言ってるんだ、いきなり！
0x0011bcd5	3	【七芝】\nそんなに樹れなくてもいいじゃない。\nまったく純なんだから、光志順は～
0x0011bd44	3	【留置係】\n斉藤。\n接見だ。
0x0011bd85	3	【光志】\nえっ、せ、接見……？\n誰《だれ》だろう……？
0x0011bde5	2	【七芝】\n法子さんだったらいいねぇ。
0x0011be26	4	【光志】\nと、とにかくだ。\nその件はあとで話そう……\nじゃ、行ってくる。
0x0011be8c	2	【七芝】\n行ってらっしゃ～い！
0x0011bf53	3	【七芝】\nお疲《つか》れさま、光志順。\n今日は顔色が義いねー
0x0011bfa9	3	【光志】\n取調べが精再的にキツイんだよ。\n特に相手がアイツじゃ……
0x0011c027	4	【七芝】\n光志順をそこまで道いこむとは、\n三浦刑事も、\nウワサ通りのやり手らしいね。
0x0011c09e	3	【留置係】\n斉藤。\n接見だ。
0x0011c0df	4	【光志】\nん……？\n今度は誰《だれ》だろう……？\nちょっと行ってくるよ。
0x0011c161	2	【七芝】\n行ってらっしゃ～い！
0x0011c202	3	【留置係】\n斉藤。\n接見だ。
0x0011c243	3	【光志】\nん……？\n誰《だれ》だろう……？
0x0011c2b7	2	【七芝】\n光志順、人気者だね！
0x0011c2fa	2	【光志】\nちょっと行ってくるよ。
0x0011c35e	2	【七芝】\n行ってらっしゃ～い！
0x0011c6d5	2	【七芝】\nお疲《つか》れさま、光志順。
0x0011c71b	3	【光志】\n……\nやばいな……
0x0011c77f	2	【七芝】\nなにが……？
0x0011c7b9	4	【光志】\nなんか、留置場に戻《もど》ってくると\n家に戻《もど》ってきたみたいに\nホッとするんだよ。
0x0011c846	5	【七芝】\nあはは、なるほどね。\n気持ちはわかるよ。\nでもここが自分の居場所になっちゃ\nたしかにまずいよね。
0x0011c8c6	3	【留置係】\n斉藤、接見だ。\nオマエの友人らしい。
0x0011c914	3	【光志】\n友人……？\n誰《だれ》だろう……？
0x0011c96d	2	【七芝】\n行ってらっしゃ～い！
0x0011ca0e	3	【留置係】\n斉藤。\n接見だ。
0x0011ca4f	3	【光志】\nん……？\n誰《だれ》だろう……？
0x0011cac3	2	【七芝】\n光志順、人気者だね！
0x0011cb06	2	【光志】\nちょっと行ってくるよ。
0x0011cb6a	2	【七芝】\n行ってらっしゃ～い！
0x0011cec1	2	【のぞみ】\nおはようございます、先生。
0x0011cf02	2	【光志】\nおはよう、花子。
0x0011cf65	3	【のぞみ】\n今日はどんなお話を\nしましょうか？
0x0011d013	3	【光志】\n花子は沼崎弁護士のこと、\n知ってたよな。
0x0011d0ac	3	【のぞみ】\nえ、ええ……\n沼崎のおじさまは父の友人でしたから。
0x0011d0fe	3	【光志】\nその沼崎弁護士、今日、ここに\nやってきたんだ。
0x0011d150	4	【光志】\n被害者《ひがいしゃ》の變と不倫《ふりん》していた\n疑惑《ぎわく》があってね、\nその件について釈間《しゃくめい》してたよ。
0x0011d1ce	4	【光志】\n沼崎弁護士と彼女ははとこ同士で、\n彼女の相談ごとを受けてたのを\n不倫《ふりん》と誤解されたってね。
0x0011d25e	2	【のぞみ】\n………
0x0011d294	5	【光志】\n話を聞いた限りだと、\nその話は信用できると思う。\n２人の間には不倫関係《ふりんかんけい》はなかったと\n思うんだ。
0x0011d310	4	【光志】\nこんなこと言っても、\n花子には関係ない話かも\nしれないけどね。
0x0011d375	3	【のぞみ】\n……沼崎のおじさまは\nとても優しくて真飯押な方です。
0x0011d3d6	4	【のぞみ】\nおじさまに対する\n先生と私の印象は一幸《いっち》していると\n思います。
0x0011d45a	4	【のぞみ】\nですから、おじさまが\n『不倫《ふりん》はなかった』というのであれば\n私もそれを信じます。
0x0011d4bf	2	【光志】\nあぁ、そうだな。
0x0011d5a0	2	【のぞみ】\n他に聞きたい事とかありますか？
0x0011d5e3	4	【光志】\nそういえば、花子が見たと言っていた\n女の子、『よしもとゆみ』ちゃんの\n主人がわかったよ。
0x0011d64d	2	【光志】\n母親が吉本澄香、父親が白川真二…
0x0011d6e6	2	【のぞみ】\nえっ、真二さんの？
0x0011d72d	3	【光志】\nあっ、えっと、花子は真二さんのことを\n知っていたのか？
0x0011d781	3	【光志】\nあっ、そうか、花子は真二さんのことを\n知っていたんだっけ。
0x0011d7fd	4	【のぞみ】\nえ、ええ。\n父の友人で、\nよく家にも来ていましたから……
0x0011d879	2	【のぞみ】\nでも、真二さんは７年前に……
0x0011d8bf	4	【光志】\nそう、亡くなっている。\nつまりユミちゃんは真二さんの\n触《わす》れ形見《がたみ》ってことになるね。
0x0011d952	3	【のぞみ】\nそうですか……\nそれで……
0x0011d993	2	【光志】\nなにか思い当たるフシがあるのか？
0x0011d9fd	3	【のぞみ】\nええ……\n落然関係ない話かもしれませんが……
0x0011da59	5	【のぞみ】\n実は私、大学の教養課程《きょうようかてい》で心理学を\n專攻《せんこう》しているのですが、\nその教氏《せんせい》から黄味深いお話を\n聞きました。
0x0011daf7	4	【のぞみ】\nなんでも、心臓移植を受けた人は、\n元の持ち主の記憶《きおく》を受《う》け全《つ》ぐことが\nあるらしいのです。
0x0011db70	3	【光志】\nあぁ、それならオレもつい最近\n話を聞いたことがあるな。
0x0011dbc2	2	【光志】\nちょっと一概《いちがい》には信じられないけど……
0x0011dc37	5	【のぞみ】\nそれで私、ふと思ったんです。\n父が勤めていた会各の各長さんは、\n真二さんの心臓を\n移植されました。
0x0011dcb7	4	【のぞみ】\nもしかしたら各長さんは、\n真二さんの記憶《きおく》を\n受《う》け全《つ》いだのかもしれません。
0x0011dd30	4	【のぞみ】\nだから真二さんの娘《むすめ》である\nユミちゃんが\n各長室にいたのかなと思いまして……
0x0011dd94	3	【光志】\n…つまり、被害者《ひがいしゃ》に真二さんの飯影《おもかげ》を\nユミちゃんが見ていたってことか？
0x0011de27	3	【のぞみ】\n子どもはときに\n直感で真実にたどりつきます。
0x0011de80	4	【のぞみ】\n各長さんの中に生まれた父親の飯影《おもかげ》を\n子どもは見《み》抜《ぬ》いていたのでは\nないでしょうか？
0x0011def3	2	【光志】\n…………
0x0011df52	3	【のぞみ】\nあっ、いえ、これは私の想像に\n過ぎませんから……
0x0011dfaf	4	【のぞみ】\nあまりにも非現実的過ぎますよね……\nすみません、惑《まど》わすようなことを\n言ってしまって……
0x0011e01b	5	【光志】\nいや……\n司外、正解かもしれない。\nオレなんか常識に囚《とら》われすぎて\nそんなこと思いつかなかったけど……
0x0011e091	3	【光志】\nもしかしたら、もしかするんじゃ\nないだろうか……？
0x0011e180	2	【のぞみ】\n他に聞きたい事とかありますか？
0x0011e1c3	3	【光志】\n今回の事件の被害者《ひがいしゃ》は\nキミのお父さんの友人だったよね？
0x0011e26c	2	【のぞみ】\nえ、えぇ……
0x0011e2a5	4	【光志】\n（やっぱり埜《の》み込《こ》みが陽いな。\n花子は一利の友人の娘《むすめ》ってことで\n話を進めよう）
0x0011e319	3	【光志】\n被害者《ひがいしゃ》が再婚《さいこん》したきっかけは、\n男の方の一押惚《ひとめぼ》れだったらしいね。
0x0011e3b1	3	【のぞみ】\nそ、そうなんですか！？\nそれは初耳です……
0x0011e423	4	【のぞみ】\nそうですか………\nおと……おじさまが\n一押惚《ひとめぼ》れして再婚《さいこん》したんですか……
0x0011e49d	4	【のぞみ】\nでも、そうなると……\n安代おばさまが\n可哀想《かわいそう》な気がします……
0x0011e4fe	4	【光志】\nあ……\nう、うん。\nそうだな。
0x0011e543	2	【のぞみ】\n…………
0x0011e588	5	【のぞみ】\n私はずっと、\n家で１人っきりになってしまった、\n娘《むすめ》さんに気《き》を遣《つか》って\n再婚《さいこん》したのだと思っていました……
0x0011e61b	3	【のぞみ】\nですから、おじさまが\n望んだ結婚《けっこん》ではないとばかり……
0x0011e672	3	【光志】\n…………\n正直言って、違和感《いわかん》はある。
0x0011e6c8	5	【光志】\n仕事一筋の男と、\n一押惚《ひとめぼ》れで再婚《さいこん》した男……\nふたつの像が\n微妙《びみょう》に結びつかない気がする。
0x0011e773	5	【のぞみ】\n……私にも違和感《いわかん》があります。\nでも……人間ですし、\nそういった一飯があっても\nいいのではないでしょうか？
0x0011e7ed	2	【光志】\nもちろん、そうなんだけど……
0x0011e83c	2	【のぞみ】\n…………
0x0011e89a	4	【のぞみ】\n私にとっておじさまは、\n家庭をあまり顧《かえり》みない人という\nイメージがありました。
0x0011e90b	3	【のぞみ】\n黄味があるのは家族ではなく、\nあくまで仕事……
0x0011e968	5	【のぞみ】\n安代おばさまと結婚《けっこん》したのも、\n各会的な立場を考慮《こうりょ》してのモノだと\nうがった見方をしていた時期も\nありました。
0x0011e9f9	3	【のぞみ】\nでも、おじさまを\n誤解していたようです。
0x0011ea41	5	【光志】\nあぁ、まぁ、オレも同じだな。\nでも心臓病を患《わずら》って以来、\n少しそのイメージが変わったと\n聞いていたけど……
0x0011eae3	4	【のぞみ】\n確かにそうです。\n心臓病……特に、移植手術をしてから\nおじさまは変わりました……
0x0011eb71	4	【のぞみ】\nたしか、再婚《さいこん》したのは手術後でした。\nやっぱり手術がおじさまのなにかを\n変えたのかもしれませんね。
0x0011ebe3	2	【光志】\n…………
0x0011ecc9	2	【のぞみ】\n他に聞きたい事とかありますか？
0x0011ed0c	4	【光志】\n花子は、被害者《ひがいしゃ》の座、\n白川真二さんって\n知ってるか？
0x0011edb7	2	【のぞみ】\nええ、お父さんの友人でした。
0x0011edfa	4	【光志】\n花子が知っている範囲《はんい》でいいんだ。\n彼について何か知っている事があれば\n教えて欲しい。
0x0011ee8e	2	【のぞみ】\nそうですね……
0x0011eeed	5	【のぞみ】\nおと……いえ、一利おじさまの座さんで、\n一利おじさまにとって、\n仕事上の良きパートナーだった\nみたいです。
0x0011ef88	4	【のぞみ】\nとても優しい方で、\n一利おじさまが唯一《ゆいいつ》心を許せる人\nだったみたいですよ。
0x0011f014	2	【のぞみ】\n私にも色々な話をしてくれました。
0x0011f066	5	【のぞみ】\n一利おじさまは先見《せんけん》の間《めい》を持っていて、\n世の中の穢れに乱感《びんかん》で、\n経営者としては抜群《ばつぐん》の才能を\n持っていたって言っていました。
0x0011f110	3	【のぞみ】\nそういえば、紅きだった人の話も\nしてくれました。
0x0011f15d	3	【光志】\n紅きだった人？\n真二さんの？
0x0011f1c8	2	【のぞみ】\nえぇ。
0x0011f222	5	【のぞみ】\n高校生の頃《ころ》からずっと一途《いちず》に\n思っていた人がいたらしいです。\nたしか、ふたつ上の先輩《せんぱい》だと\n言っていました。
0x0011f2a7	2	【光志】\nふたつ上の先輩《せんぱい》、か……
0x0011f2fd	4	【のぞみ】\n結局、その人との恋《こい》は実らず、\nその人は結婚《けっこん》してしまったそうです。\nでも……
0x0011f36b	2	【光志】\nでも……？
0x0011f3ca	5	【のぞみ】\n鍬《くわ》しくは話してくれなかったんですが、\nその人の旦那《だんな》さんに\nとても申し訳ないことをしたって\n言っていました。
0x0011f451	4	【のぞみ】\n旦那《だんな》さんは亡くなってしまって、\n彼女はもの凄《すご》く落《お》ち込《こ》んでいたらしい\nです。
0x0011f4d0	5	【のぞみ】\n私はこの話を聞いたとき、つい\n『真二さんにチャンスが\n回ってきたんじゃないですか』と\n言ってしまったんですが……
0x0011f56a	3	【のぞみ】\n真二さんは苦笑いを饂《う》かべて、\nこう言っていました。
0x0011f5cc	5	【のぞみ】\n『彼女の旦那《だんな》さんが亡くなった原因の\n一端《いったん》は侠にある。\n侠には彼女を愛する資格が\nないんだよ』と。
0x0011f64d	2	【光志】\n……どういうことだ？
0x0011f6b1	4	【のぞみ】\n私も少し気になったんですが、\nとても深く聞ける雰囲気《ふんいき》では\nなかったので……
0x0011f718	2	【光志】\n……そうか。
0x0011f75f	3	【のぞみ】\nでもそのときはすでに、真二さんは\n自分の命が長くないと言っていました。
0x0011f7bb	2	【光志】\n……たしか、腎臓病《じんぞうびょう》だったっけ？
0x0011f831	4	【のぞみ】\nええ。\n長期の人工透析《じんこうとうせき》が原因で盧血性腸炎《きょけつせいちょうえん》を\n遥発《へいはつ》し始めていたらしいです。
0x0011f8c8	3	【のぞみ】\nそのため真二さんは\n死を覚朗《かくご》していたみたいです。
0x0011f91c	2	【光志】\nなるほど……
0x0011f962	4	【のぞみ】\n腎臓移植手術《じんぞういしょくしゅじゅつ》が倚まって、\n渡欧《とおう》したんですが、\nそこで手術が失敗して……
0x0011f9e9	4	【のぞみ】\n私、あのときは本当に皎きました……\nお父さんよりもよくお話をした人\nだったので……
0x0011fa4e	2	【光志】\n…………
0x0011faad	3	【のぞみ】\nあっ、ごめんなさい……\n暗くなっちゃいましたね……
0x0011fafc	4	【光志】\nいや、落然かまわないよ。\n真二さんと仲が良かったんだろ？\nなら当たり前のことじゃないか。
0x0011fb65	3	【光志】\n悲しいときは思いっきり悲しんだほうが、\n故人《こじん》も報《むく》われるさ。
0x0011fbc6	2	【のぞみ】\n…………
0x0011fbfe	3	【光志】\nちなみに、真二さんは、\nそのお兄さんと仲は良かったほう？
0x0011fc60	4	【のぞみ】\n義くはなかったと思います。\nただ、会各の経営飯で対立することは\n多かったみたいですけどね。
0x0011fcd7	5	【のぞみ】\nそれに真二さんの心臓は、\n一利おじさまに移植されていますし、\n仲が義かったらそこまではしないと\n思います。
0x0011fd52	3	【光志】\nえっ！？\nそ、それは本当か……！？
0x0011fdaa	2	【のぞみ】\nえぇ、本当ですよ。
0x0011fe0d	4	【のぞみ】\n一利おじさまは２００２年に\n心臓を患《わずら》い、心臓を移植するしか\n生き続ける方法がなかったんです。
0x0011fe92	4	【のぞみ】\nあの時の一利おじさまは\n生きることを\n半分諦《あきら》めていた様でした。
0x0011fefd	5	【のぞみ】\nでも付《つ》き措《そ》いで渡欧《とおう》した真二さんの\n手術が失敗してしまったので、\nその心臓が一利おじさまに\n移植されたのです。
0x0011ff83	3	【光志】\n（……それって、\nメチャクチャ綾《あや》しくないか……？）
0x0011ffdb	3	【光志】\n（……なんて、\nとてものぞみには枚《つ》っ込《こ》めないけど）
0x00120034	4	【光志】\nなるほど、\n二人の仲はそんなに義くは\nなさそうだな。
0x001200ab	5	【のぞみ】\nえぇ、ですが、人間性としては\n一利おじさまよりも\n沼崎のおじさまの方を\n尊敬していたみたいです。
0x00120125	3	【のぞみ】\n私が知っている真二さんのことは\nこのくらいでしょうか。
0x00120175	4	【光志】\nそうか。\nうん、十分に参考になったよ。\nありがとう。
0x0012029d	4	【光志】\nん……\n今日は特に話をすることは\nないかな……
0x00120313	3	【のぞみ】\nそうですか……\nちょっと残念です……
0x00120381	3	【のぞみ】\nでも、先生の元気な顔が見られて\n良かったです。
0x001203d1	2	【光志】\nそ、そうか……？
0x00120445	3	【のぞみ】\nふふ……\nではまた間日。
0x00120524	3	【のぞみ】\nでは、そろそろ失礼します。\n頑張《がんば》って下さいね、先生。
0x0012057f	2	【光志】\nははは、ありがとう、花子。
0x00120623	2	【のぞみ】\n他に聞きたい事とかありますか？
0x00120666	2	【光志】\nいや、現時点では特にないかな。
0x001206d4	3	【のぞみ】\nでは、そろそろ失礼します。\n頑張《がんば》って下さいね、先生。
0x0012072f	2	【光志】\nははは、ありがとう、花子。
0x001207bd	2	【のぞみ】\nいよいよ間日、釈放《しゃくほう》ですね。
0x00120808	2	【光志】\n……まあ、そうなればいいんだけどね。
0x00120875	5	【のぞみ】\n大丈夫《だいじょうぶ》ですよ。\n先生は犯人なんかじゃありません。\nこれで釈放《しゃくほう》されなければ\n捜査機関《そうさきかん》の怠慢《たいまん》ですよ。
0x00120908	4	【光志】\nお、おいおい。\n後ろに立会人がいるのに、\nなかなか過治なことを言うな……
0x0012098f	4	【のぞみ】\n私、間日も来ます。\nそのときは外で会いましょう。\n一度、ゆっくりお話したいです。
0x001209f5	3	【光志】\nああ、そうだな。\nオレも話したいことがたくさんある。
0x00120a6a	3	【のぞみ】\nでは……\n楽しみにしていますね。
0x00120aec	3	【光志】\n外で会う、か……\n釈放《しゃくほう》されたときの楽しみにしておくか。
0x00120b57	1	［病死］
0x00120b64	1	［殺人事件］
0x00120b75	1	［自殺］
0x00120e81	2	【のぞみ】\n…………
0x00120eb9	2	【光志】\nよ、よう……
0x00120f00	3	【のぞみ】\n……釈放《しゃくほう》されなくて、\n残念でしたね……
0x00120f54	4	【光志】\nまあね。\nでも、過ぎてしまったことは\n仕方ない。
0x00120fa3	4	【光志】\n１０日後に\n必ず釈放《しゃくほう》されるようにがんばるよ。\n今度は絶対だ。
0x0012102d	4	【のぞみ】\nはい。\n私……そのために、\n先生のお役に立てることがあれば……
0x00121087	4	【光志】\nそれなんだけどさ。\nのぞ……花子に\nちょっと聞きたいことがあるんだ。
0x00121107	2	【のぞみ】\n私に聞きたいこと、ですか？
0x00121148	4	【光志】\nああ。\n花子の家で、ここ２０年来\n大きな出来事がなかったか？
0x001211b2	3	【のぞみ】\nえ……っと、私の家のことで\nいいんですよね？
0x001211fe	2	【光志】\nあぁ、それでいいんだ。
0x00121262	4	【のぞみ】\n私の家で大きな出来事……\n最近あった出来事が\nなによりも大きいものですが……
0x001212c8	2	【光志】\n…………
0x00121327	4	【のぞみ】\nでも、それに店けないくらい\n大きな出来事がありました。\n今から１２年前の話です。
0x0012138d	3	【光志】\nえ……それに店けないくらい……って、\nどんなことがあったんだ！？
0x0012143e	3	【のぞみ】\n……実は私、今の母とは血が投《つな》がって\nいないのです。
0x0012149e	2	【光志】\nえっ……？
0x001214e4	2	【のぞみ】\nえと……その……
0x00121520	5	【光志】\n……あっ！\nそ、そうだな……\nうん、これ以上は言わなくていいよ。\nプライベートなことだもんな、ははは。
0x0012159a	5	【光志】\n（そうだ……\nこれ以上のぞみの口から話させると、\nのぞみの正体が後ろの立会人に\nバレてしまうからな……）
0x00121611	5	【光志】\n（それにしても、\nのぞみと美佐恵の血が投《つな》がって\nいない……？\n美佐恵は再婚相手《さいこんあいて》ってことか……）
0x00121694	3	【光志】\n（……今回の事件に店けないくらいの\n１２年前の大きな出来事……）
0x001216f8	3	【光志】\n（それってやっぱり……のぞみが実母と\n死別したってことだよな……？）
0x00121756	3	【光志】\n花子……\n今までツラくなかったか？
0x001217ab	4	【のぞみ】\n…………\nあの当時は、ツラくてツラくて、\n何日も皎いていました……
0x00121809	2	【光志】\n原因はなんだったんだ？
0x00121855	4	【のぞみ】\nそれが……いまだに不間なんです。\nだから、もしかしたら私にも\n理由があるのかもしれません……
0x001218f6	3	【光志】\n（自分に理由があったかも\nしれない……？）
0x00121951	3	【光志】\n（なるほど……わかったぞ。\nのぞみの実母が亡くなったのは……）
0x001219bc	2	【光志】\n体のどこが義かったんだ？
0x00121a22	3	【のぞみ】\nえっ……？\nち、違《ちが》いますよ……
0x00121a93	3	【のぞみ】\n病気じゃなくって、\n自らと言いますか、その……
0x00121ae2	4	【光志】\n（し、しまった！\nのぞみの実母が死んだのは\n自殺だったのか！？）
0x00121b53	3	【光志】\nそれじゃあ花子は二度同じ押に\n亜《あ》っているのか……
0x00121bcf	3	【のぞみ】\nえっ……？\nち、違《ちが》いますよ……
0x00121c40	3	【のぞみ】\n他の人が原因ではなくって、\n自らと言いますか、その……
0x00121c95	4	【光志】\n（し、しまった！\nのぞみの実母が死んだのは\n自殺だったのか！？）
0x00121d06	3	【光志】\n……オレのおふくろも\n急に亡くなったんだ……
0x00121d53	4	【光志】\n枚然《とつぜん》大事な人がいなくなるって\n言うのはツラいよな……\nそれが自ら……だったなんて……
0x00121dc6	2	【のぞみ】\n…………
0x00121e25	2	【光志】\n…………
0x00121e5e	3	【光志】\n花子……\nお前に頼《たの》みたいことがあるんだ。
0x00121ed5	3	【のぞみ】\n……ええ、いいですよ。\nなんでもおっしゃって下さい。
0x00121f25	4	【光志】\n……原因がわからないって\n言ってたよな？\nその原因を調べてほしいんだ……
0x00121f9e	2	【のぞみ】\n…………
0x00121fd6	5	【光志】\n無理にとは言わない。\nただ……そろそろそのツラさに\n向き合っても良いんじゃないかと\n思うんだ。
0x0012205a	2	【のぞみ】\n…………！？
0x001220af	4	【光志】\nオレもおふくろが亡くなった時、\nしばらくはその死と向き合うことが\nできなかった……
0x00122111	2	【のぞみ】\n…………
0x00122149	5	【光志】\nだけど今は\n正飯から向き合おうと思ってる。\nいや、向き合わなければ\nいけないんだ……
0x001221b0	3	【光志】\nそうじゃなきゃ、\n前に進めないからな……
0x00122220	3	【のぞみ】\n……わかりました。\n私も向き合ってみます。
0x0012226c	4	【光志】\n……すまない。\n結局、キミを卷《ま》き込《こ》む形に\nなってしまった……
0x001222db	4	【のぞみ】\nいいえ。\n気遣《きづか》っていただける気持ちだけで\n十分です。
0x00122340	2	【のぞみ】\nでは、今日はこれで……
0x001223e9	2	【光志】\n…………
0x00122706	2	【のぞみ】\nおはようございます、先生。
0x00122747	4	【光志】\nあぁ、おはよう……\nって言いたいところだけど、\n勉強の方は大丈夫なのか？
0x001227b5	3	【のぞみ】\n大学ですか？\nもちろん大丈夫です。
0x0012280a	4	【のぞみ】\n今日もこのあと、\n午後から氏業がありますけど、\nきちんと行きますよ。
0x00122866	2	【光志】\nそうか、それならいいけど。
0x001228cc	3	【のぞみ】\nふふ、心配してくれたんですね。\nありがとうございます。
0x00122942	3	【のぞみ】\nそれよりも私には\n大事な用事がありますから…
0x0012299b	4	【のぞみ】\n今日、ここに来たのは、\n先生にお伝えすることが\nありまして……
0x001229f4	2	【光志】\nなんだい？
0x00122a38	4	【のぞみ】\n実は私、昨日、先生と別れたあと、\nちょっと用事がありまして、\n父の会各に行ってきたんです。
0x00122aa7	2	【光志】\n（白川ハウジングか……）
0x00122af9	4	【のぞみ】\nそうしたら、\n父の部屋から見知らぬ女の子が\n出てきまして……
0x00122b52	2	【光志】\n女の子？
0x00122b97	3	【のぞみ】\nはい……\n５、６歳《さい》の女の子です。
0x00122be5	3	【光志】\n５、６歳《さい》？\n各員の子どもじゃないのか？
0x00122c5d	5	【のぞみ】\nそれが違《ちが》うみたいなんです。\n各員の方に聞いてみたら、\nどうも父と仲良くしていた子で、\nよくわからないって……
0x00122cd6	3	【光志】\nは……？\nどういうことだ？
0x00122d25	4	【のぞみ】\n私もよくわかりません。\nただ、名前を聞いたところ、\nよしもとゆみと名乗っていました。
0x00122d9a	4	【のぞみ】\n鍬《くわ》しく話を聞こうかと思ったのですが、\n名前を教えてくれた後、\nすぐにいなくなってしまいまして……
0x00122e0b	2	【光志】\nよしもと………ゆみ……
0x00122e4c	3	【光志】\nその子が、\n花子のお父さんの部屋に……？
0x00122ea9	3	【光志】\n……わかった。\n司外、重要な情報かもしれないな。
0x00122f23	3	【のぞみ】\nそうですか？\nお役に立てれば、私もうれしいです。
0x00122f97	3	【のぞみ】\nでは私、そろそろ失礼いたします。\nお時間とらせてすみませんでした。
0x00122ff0	3	【光志】\nいや、かまわないさ。\nオレも人と会うのはうれしいし。
0x00123066	2	【のぞみ】\n……それだけですか？
0x001230a3	3	【光志】\nん？\nなんのことだ？
0x00123106	3	【のぞみ】\nい、いえ……\nそ、それでは失礼します……
0x001231bb	3	【光志】\n……なんだ？\n最後のは……
0x001234f0	3	【のぞみ】\n私の母のことについて\n調べてきました。
0x00123537	3	【光志】\n……申し訳なかった。\nツラいことを調べてもらって……
0x001235b0	4	【のぞみ】\nいえ……\nむしろ母と向かい合うことが\nできたので、感謝しています。
0x0012360a	2	【光志】\n…………
0x00123669	4	【のぞみ】\nウチに長い間務めて下さっている\nお手伝いさんがおりまして、\n彼女からお話を聞きました。
0x001236f6	4	【のぞみ】\n……父の友人で、仕事上でも\nお付き合いのある弁護士の先生が\nいるんですけど、ご存じですか？
0x00123766	2	【光志】\n（沼崎弁護士のことか……？）
0x001237af	3	【光志】\nあぁ、知ってる。\n彼がなにか？
0x0012384c	3	【のぞみ】\n……どうやら弁護士《せんせい》と母は\n不倫《ふりん》していたようなのです……
0x001238b5	3	【光志】\nなっ、なんだってっ！？\n本当なのかっ！？
0x0012390e	3	【のぞみ】\n彼女は幼い私に配慮《はいりょ》して、\nずっと内緒《ないしょ》にしていたらしいです。
0x00123980	5	【のぞみ】\nですが、いつかこの話を\n私が聞いてきたときは\n閣《かく》すことなくすべて話そうと\n思っていたとおっしゃっていました……
0x001239f5	3	【光志】\n……その不倫《ふりん》の事実、\nキミのお父さんは知っていたのか？
0x00123a5e	4	【のぞみ】\nええ。\nむしろ、父が母にその事実を\n咎《とが》めたらしいです。
0x00123ac3	4	【のぞみ】\n母が自殺したのは\nそれが原因だと\nおっしゃっていました……
0x00123b17	2	【光志】\n…………
0x00123b50	3	【光志】\n（沼崎弁護士とのぞみの実母が\n不倫《ふりん》……？）
0x00123bb2	3	【光志】\n（それを白川一利に咎《とが》められて\nのぞみの母が自殺……？）
0x00123c10	3	【光志】\n（この事実……\n事件に絡《から》んでいるんだろうか……？）
0x00123c78	4	【のぞみ】\n……でもまさか、母が不倫《ふりん》だなんて……\nわからないものですね、\n人の気持ちって。
0x00123cef	5	【のぞみ】\n真実を知るのと知らないのでは、\n相手に対する感情が\n１８０度変わることもあるって、\n知りました。
0x00123d6e	3	【のぞみ】\n私、母が死んだとき、\n父に対して失望していました。
0x00123dce	4	【のぞみ】\n当時の父は、\nあきれるほど悲しんだ様子が\nなかったものですから……
0x00123e35	5	【のぞみ】\nでも、真実を知り、\nさきに裏切ったのが母だったと知ると、\n当時の父の気持ちも、\nなんとなくわかりました……
0x00123eac	2	【光志】\n…………
0x00123f0b	5	【のぞみ】\n私、父が悲しまなかったのは、\n仕事一筋の人で、\n家族に対する愛情があまり無い人\nだからだと思っていたんです。
0x00123f92	3	【のぞみ】\nだから、\n父が再婚《さいこん》したときは驚《おどろ》きました。
0x0012400f	4	【のぞみ】\n家族に対する愛情がない人が、\n新たに家族を作ろうとしている……\nどんな心境の変化なんだろうって……
0x00124090	5	【のぞみ】\nですが、違《ちが》ったんですね……\n母に裏切られたから……\n父は愛情に禹《う》えていたのかも\nしれません……
0x00124107	4	【光志】\nその話……気になることがある。\n順のお父さんは、\nその不倫相手《ふりんあいて》を部下にしたよな？
0x0012419e	2	【のぞみ】\nえっ……？
0x001241d6	4	【光志】\n……そんな愛情に禹《う》えていた人物が\n仕事とプライベートを\n簡単に割り切れるものだろうか？
0x0012426c	3	【のぞみ】\n……先生の言うとおりですね。\nそう言われると不思議です。
0x001242c3	3	【光志】\n……まぁ、人同士の付き合いなんて\n千般万別《せんさばんべつ》だ。
0x00124322	4	【光志】\nただ、オレが花子に望むのは\n物事を表飯的なものだけで\n判断してほしくないってことなんだ。
0x0012438b	2	【のぞみ】\n…………
0x001243c3	3	【光志】\n店の感情を持たずに済むなら\nそれがいい。
0x0012440e	5	【光志】\nだけどどうしても店の感情を\n持たずにいられないときは、\n見えるものがすべてじゃないと\n思ってほしい。
0x00124492	2	【のぞみ】\n…………
0x001244ca	4	【光志】\nツラい思いを２回もしたんだ。\n人を肉《にく》んでも……恨《うら》んでも……\n誰《だれ》も文旬は言わないよ。
0x00124543	3	【光志】\nだからせめて正しく肉《にく》もうぜ……\n……なんか変な言い回しだな、ははは。
0x001245b3	2	【のぞみ】\n……ううっ。
0x001245f9	3	【のぞみ】\nうううっ…………\n先生…………
0x00124642	3	【光志】\nそうだな。\n皎いたほうがいい……
0x00124687	4	【光志】\nそのままじゃ、店の感情が\n横もり横もっていくだけだ。\n皎いて発散しちまったほうがいい……
0x001246fd	3	【のぞみ】\nううっ……\nありがとう……先生…………
0x00124757	3	【のぞみ】\n……ううっ……ひっく……\nううううっ…………
0x001247e9	2	【のぞみ】\n…………
0x00124821	2	【光志】\n……落ち着いたか？
0x0012486d	3	【のぞみ】\n……はい。\nごめんなさい、皎いたりして……
0x001248b9	4	【光志】\nだから、それでいいんだって。\n……それよりも、オレこそ\n説教鳰《せっきょうくさ》いこと言って義かったな……
0x00124972	5	【のぞみ】\nいえ……\n私、先生の言葉に\nだいぶ救われました……\nカウンセラーになれますよ、先生。
0x001249db	2	【光志】\nははは、それは言い過ぎ。
0x00124a42	2	【のぞみ】\nふふ……
0x00124a78	4	【光志】\nそれよりも、\nお母さんのことを調べるのは\nツラかったろう。
0x00124aca	4	【光志】\n本当にありがとう、のぞ…花子。\nおかげで真実への道がちょっとだけ\n拓《ひら》けたよ。
0x00124b32	3	【光志】\n本当にありがとう……\nこの恩は絶対に返すからな。
0x00124b9d	4	【光志】\n（變に裏切られた\n一利が、再婚《さいこん》を倚意した経緯《けいい》は\n少し黄味がある……）
0x00124c10	4	【光志】\n（それに、不倫相手《ふりんあいて》を\n顧問弁護士《こもんべんごし》として雇《やと》った\n狙《ねら》いも……）
0x00124fbf	2	【朝等】\nはろー！
0x00124ff5	3	【光志】\nあ、朝等さん……\n…………
0x00125062	3	【朝等】\nあら、どうしたの？\n元気ないわね？
0x001250a9	5	【光志】\nいや、昨日で釈放《しゃくほう》されるように\nがんばってきたのに、\nいまだに勾留《こうりゅう》されているって……\nバツが義いっていうか……
0x00125154	4	【朝等】\nまぁ、仕方ないんじゃないの？\n殺人事件の勾留《こうりゅう》なんだから、\n簡単じゃないって。
0x001251c1	5	【光志】\nまぁ、そうかもしれないですけど……\nでもね、オレだってこのまま\nいつまでも勾留《こうりゅう》されているつもりは\nないですから。
0x00125239	5	【光志】\n次できちんと倚着付けますよ。\nそのためにも\nちょっと調査方針《かんがえかた》を変えようと\n思っているんです。
0x001252d3	3	【朝等】\n調査方針《かんがえかた》を変えるか……\nうん、いいんじゃないの？
0x0012532e	3	【光志】\nそれについて一つ気《き》に懸《か》かることが\nあるんですよね……
0x00125386	4	【光志】\n（そう、調査方針を変える……\nそれは、朝等さんもオレの中では\n容疑者《ようぎしゃ》になるってこと……）
0x00125424	3	【朝等】\nわかってるわよ、皆《みな》まで言わなくても。\nでもね、それでいいのよ。
0x001254a5	4	【朝等】\n可能性は常に広く考えて、\n有互《ゆうえき》な情報が入ったら\nその範囲《はんい》を胱《せば》めていく。
0x00125528	4	【朝等】\nその過程は\n自分自身で責明を持つことであって、\nアタシが口出すことじゃないわ。
0x0012559a	3	【朝等】\nたとえ親であろうと、\n疑うときは疑いなさい。
0x001255e6	3	【光志】\nそう言ってもらえると\n助かります。
0x0012562b	3	【光志】\nその上で\n一つだけ質問があるんですけど……
0x0012569d	2	【朝等】\nええ、なに？
0x001256d6	3	【光志】\n言いたくなければ言わなくても\nいいんですけど……
0x00125723	4	【光志】\n前回接見に来てもらったときに、\n朝等さんが紅きだった人の話を\nしてくれましたよね？
0x00125789	3	【光志】\nその朝等さんの相手は\n誰《だれ》なんですか……？
0x00125801	3	【朝等】\nフフ、鋭《するど》いところを\n枚《つ》いてきたわね。
0x0012585f	3	【朝等】\n……いいわ。\n教えてあげる。
0x001258b0	4	【朝等】\nあたしがかつて愛した男《ヒト》は\n白川真二……\n殺された白川一利の座よ。
0x00125919	3	【光志】\n………………\n白川真二……
0x0012599c	2	【光志】\nこの方は今、なにをしてるんですか？
0x00125a08	3	【朝等】\n亡くなったわ。\n２００２年にね。
0x00125a51	2	【光志】\nえっ……
0x00125aae	4	【朝等】\nあっ、いっけなーい！\nもうこんな時間なのね！？\nまた来るわ。
0x00125b05	2	【光志】\nあっ……
0x00125b73	2	【光志】\n（白川真二、か……）
0x00125e9e	2	【光志】\nなんだ、オマエか……
0x00125f02	3	【晋太郎】\nそうだ、ボクだよ。\n義いか……！
0x00125f7e	3	【光志】\n義い。\n接見終了《せっけんしゅうりょう》でいい？
0x00125ff5	4	【晋太郎】\nま、待てよっ！？\n少しはボクの話を聞いてくれたって\nいいじゃないか！
0x00126053	2	【光志】\nああ、今日はちゃんと用件があるわけね。
0x001260ca	3	【晋太郎】\n実は……\n最近、パパの様子がおかしいんだ。
0x0012611d	2	【光志】\nおかしいって、どんな斑に？
0x0012616b	5	【晋太郎】\nなんて言うんだろ……\nこう……思《おも》い詰《つ》めたような\n押をしていて……\nまるで自殺でも考えていそうな……
0x001261e7	3	【光志】\n……本当か？\nそれはちょっと聞き捨てならないな。
0x00126238	2	【光志】\n本人には直接聞いてみたのか？
0x001262a3	3	【晋太郎】\n……聞けるわけないだろ。\n相手はパパだぞ。
0x001262f4	5	【光志】\nパパだろうが、父ちゃんだろうが、\n聞かなきゃわからないだろっ！！\nまずは本人と話してこい！\n話はそれからだ！
0x0012638f	3	【晋太郎】\nずいぶんつれないことを言うんだな、\nキミは。
0x001263e8	3	【晋太郎】\nボクがこうして三《はじ》を篠《しの》んで\n相談をしていると言うのに……
0x00126448	4	【光志】\nいくら三《はじ》を篠《しの》ばれても、\n今の情報だけじゃ、\nオレにも酔理しようがないぞ。
0x001264b1	3	【光志】\nまずは情報を\n手に入れないと……
0x0012651e	4	【晋太郎】\nフン！\nキミはいつもそうだ。\nなんでも情報、情報、って……
0x00126585	4	【晋太郎】\nそうやって法子順にも\n情報を持ってこいって\n強制してるんだろ？
0x001265e0	3	【光志】\n強制って……\nあのなぁ……
0x0012664a	4	【晋太郎】\nフン、キミはいいよ。\n天涯君独《てんがいこどく》でヒトの心配をしなくて\nいいからね。
0x001266b1	2	【光志】\n…………
0x001266ea	3	【光志】\n結局、オマエは只《ただ》のかまってちゃんな\nわけか。
0x00126761	3	【晋太郎】\nムッ……\nどういうことだよっ！
0x001267a6	4	【光志】\nそうだろう？\nパパがかまってくれなくて飯白くない。\n法子もかまってくれなくて飯白くない。
0x0012680e	4	【光志】\nだからオレにかまってほしい。\nでも、オレが言うのは情報持ってこい。\n誰《だれ》もボクをかまってくれなくて寂《さび》しい……
0x0012688a	2	【光志】\nそんなの、オレが知るか！
0x001268d7	4	【晋太郎】\nずいぶんな言われようだな。\nキミにボクの気持ちが\nわかってたまるもんか！
0x00126934	5	【光志】\nあぁ、わからないね。\nただ、これだけはアドバイスできるぜ。\nそんな男じゃ、\n法子は相手にしてくれない、ってな。
0x001269d0	2	【晋太郎】\nな……っ！？
0x00126a33	2	【晋太郎】\nよ、余計なお世話だっ！
0x00126ab5	2	【光志】\n…………
0x00126aee	4	【光志】\n（ハァ……\nいったい、\nなにしに来たんだ、アイツは……）
0x00126b44	4	【光志】\n（……だけど、\n沼崎弁護士が思《おも》い詰《つ》めている様子\nだって話は気になるな……）
0x00126e8f	2	【茜】\nヤッホー！
0x00126ec4	3	【光志】\n…………\nオマエらか……
0x00126f2d	4	【茜】\nちょっ……\nそのあからさまな残念そうなカオ、\nやめてよ～！
0x00126f8d	5	【茜】\nこんなかわいい女子高生２人が\nやってきたんだよ！\n『うわ～、華《はな》やかでイイネ』\nくらい言えないの！？
0x00127001	2	【光志】\n……接見終了《せっけんしゅうりょう》していいか？
0x00127078	3	【茜】\nせっかく葵が飯白い情報を\n持ってきたってのに、なにその島度！？
0x001270d1	3	【光志】\nなら葵だけ残って、\n茜は帰っていいぞ。
0x00127141	3	【茜】\nぶー\n絶対に帰らないっ！！
0x00127182	2	【光志】\n……で、葵が持ってきた情報って？
0x001271f1	5	【葵】\nいえ、茜ちゃんが大げさに言っている\nだけで、\nそんなに飯白いって情報じゃ\nないんですけど……
0x0012727f	3	【茜】\nいいよ、葵。\n師匠《ししょう》に情報なんか教えなくても！
0x001272d4	2	【光志】\n…………
0x0012730d	3	【光志】\nわかった。\n情報を教えて下さい、茜様。
0x00127380	3	【茜】\nん～\nどうしようかな～？
0x001273be	3	【光志】\n……ここから出たら、\nカニしゃぶでも街べに行くか？
0x0012740f	2	【光志】\n（もちろん、ワリカンで）
0x00127475	3	【茜】\nいいね～\nカニ、大紅きっ！！
0x001274c5	3	【茜】\nいいよ、葵。\n師匠《ししょう》にあの情報を教えてあげて。
0x00127540	4	【葵】\nうん……\n本当に情報ってほどのものでは\nないのですが……
0x00127593	3	【光志】\nいいよ、そんなあらたまらなくても。\n世間話でもいいさ。
0x001275f2	2	【葵】\nはい……
0x0012764d	3	【茜】\nいつも思うんだけどさ、\n師匠《ししょう》、葵には優しいよね。
0x001276c9	3	【茜】\nその優しさを\nこっちにも分けてほしいな……
0x00127711	2	【光志】\n……で、葵、話の続きだけど……
0x00127780	5	【茜】\nガーン……ガン無視……\n花の女子高生をガン無視……\nなんて虚体《もったい》ないことすんの、\nこの人……！
0x00127823	2	【葵】\nえ、えーっとですね……
0x0012786d	5	【葵】\n先日、兄がこちらに来たと\n思うのですが、\n失礼なことを言ってなかったかと\n思いまして……
0x001278d5	5	【光志】\nう、うーん……\n失礼なこと、って言うか、\n気が強いお兄さんだったから、\nちょっと飯街らったかな……
0x0012796d	3	【葵】\nやっぱり、失礼なことを\n言ってたんですねっ！？
0x001279df	3	【葵】\nすみません……\n本当にすみません……
0x00127a26	4	【光志】\nい、いいさ。\nお兄さんも色々あったみたいだし、\n気にしてないって。
0x00127a8d	4	【葵】\n……そうなんです。\n兄も会各をクビになったり、\n病気になったりで……
0x00127af7	4	【葵】\n元々はすごく優しい兄だったんです。\n人付き合いは苦手でも、\n一度気を許すと情が厚くて……
0x00127b72	5	【葵】\nそれは長所でもあるんですけど、\n結果的に人がイヤがることを落部、\n自分で計《かか》えてしまって、\n潰《つぶ》れてしまうこともあって……
0x00127bf7	5	【光志】\n……そうみたいだな。\n病気になったのだって、\n結局仕事を自分１人が計《かか》え込《こ》んで\nしまったからみたいだしな。
0x00127c9c	3	【茜】\nへー、そんな人だったんだ、\n葵のお兄さんって。
0x00127cf5	5	【茜】\n葵ん家に遊びに行っても、\n部屋から一歩も出ない人だったから\n実は一度も\n会ったことなかったんだよね。
0x00127d8c	4	【葵】\nそういえばそうだね……\nいつもパソコンとにらみ合って\n出てこないもんね。
0x00127de5	3	【光志】\n葵は普望《ふだん》、お兄さんと話すこととか\nあるのか？
0x00127e46	5	【葵】\nそうですね……\nそんなに頻繁《ひんぱん》ではないですが……\n１虐間に\n一度か二度ってくらいでした。
0x00127eb5	2	【光志】\nふーん、なるほどね……
0x00127ef4	3	【光志】\n……ん？\n『でした』……？
0x00127f47	5	【葵】\nえぇ。\n１ヶ月くらい前から、\n割と頻繁《ひんぱん》に部屋を出るように\nなりまして……
0x00127fbc	2	【葵】\n今は白川設計に復職していますから。
0x00128004	4	【光志】\nそれって、\n白川設計に復職する動きが\n１ヶ月前からあったってことか？
0x00128079	2	【葵】\nええ、そうだと思います。
0x001280b7	2	【光志】\n………
0x001280ee	3	【光志】\n（……オレは少し\n勘違《かんちが》いしてたかもしれない）
0x00128143	5	【光志】\n（順番として、月司にとっては\n天常である白川一利が\n亡くなったからこそ、\n復職が倚まったのかと思ってた）
0x001281bb	4	【光志】\n（でもこの話だと、\n白川一利が生きてたとしても\n復職は倚まってたことになる……）
0x00128222	4	【光志】\n（つまり、\n２人の関係は修復されてたって\nことなのか……？）
0x0012827d	5	【光志】\n（……それなら、水無月が言っていた\n事件当日にＶＩＰルームで\n白川一利と会ってた\n内容の辻褄《つじつま》は合うな）
0x00128340	4	【葵】\nあ、あとですね……\n光志さんに伝えようと思っていた\n情報なんですが……
0x0012839d	2	【光志】\n……あ、うん、なに？
0x001283ea	4	【葵】\n兄に義いとは思いながらも、\n内緒《ないしょ》で兄のクローゼットを\n覗《のぞ》いたんです……
0x00128460	4	【葵】\n光志さん、\n兄がスーツを着ていたかどうか\n気になっていたみたいだったんで……
0x001284bd	3	【光志】\nふむ……\nそれで……？
0x00128524	4	【葵】\n以前、会各を二めたときに、\nスーツをすべて棄《す》てていたのを\n思い出したんです。
0x00128595	4	【葵】\nそしたら司の定、\n兄は一枚もスーツを\n持っていませんでした。
0x001285ea	5	【光志】\n……たしかなのか？\nクローゼット以外に……\nまあ有り得ないだろうけど、\nベッドの下に閣《かく》していたとか……
0x00128671	3	【葵】\nいいえ、どこにも兄のスーツらしき\nものは見あたりませんでした。
0x001286c3	3	【光志】\n…………\nなるほど……
0x00128712	5	【葵】\nそれに、今の会各の規程では、\n設計士はスーツじゃなくっても\n良いらしくて、\n改めて茶っている様子もありません。
0x00128789	4	【光志】\n（ということは、\nやっぱり防犯カメラの影《かげ》は\n月司ではないってことか）
0x0012880f	3	【茜】\nどうよ、師匠《ししょう》。\n素常《すてき》な情報だったでしょ？
0x00128868	2	【光志】\n……ああ。
0x001288c7	5	【茜】\nへへーん！\n葵からこの話を聞いて\nそれ絶対に師匠《ししょう》に伝えたほうがいい\nって言ったの、アタシなんだからね！
0x00128949	3	【茜】\nどうよ、この茜ちゃんの気遣《きづか》い！\n思いっきり爽《ほ》めてくれていいよっ！
0x001289d0	4	【葵】\nわ、私……\nどちらにしろ、光志さんには\n伝えようと思ってたけど……
0x00128a44	2	【茜】\n…………
0x00128a7b	3	【光志】\nわかってるって。\n２人とも、本当に感謝してる。
0x00128acc	4	【光志】\nおかげで考えを絞《しぼ》ることができたよ。\nここから出たら、\nマジでカニしゃぶ奢《おご》ってやるよ！
0x00128b5f	4	【茜】\n……『マジ』って。\nそれじゃあ、さっきのはマジじゃ\nなかったってこと……？
0x00128bbe	2	【光志】\n細かいことは気にするな！
0x00128c24	3	【茜】\n……ま、いいか。\n結果的に奢《おご》ってくれるんだしね……
0x00129001	3	【留置係】\n斉藤。\n接見だ。
0x00129042	3	【光志】\nん……？\n誰《だれ》だろう……？
0x001290c2	2	【七芝】\n光志順、人気者だね！
0x00129105	2	【光志】\nちょっと行ってくるよ。
0x00129169	2	【七芝】\n行ってらっしゃ～い！
0x0012935e	3	【留置係】\n斉藤。\n接見だ。
0x0012939f	3	【光志】\nん……？\n誰《だれ》だろう……？
0x0012976f	2	【光志】\nよし……！
0x001297ce	3	【七芝】\nど、どうしたの、光志順？\n急に気合い入れちゃって。
0x00129823	3	【光志】\n伴をくくったんだ。\n今日から本格的に活動開始だ。
0x00129878	4	【光志】\n１０日間の勾留《こうりゅう》が倚まって、\nこのままじゃ有罪になるってことが\nはっきりわかった。
0x001298e4	3	【光志】\n弁護士も毎日来てくれることだし、\nオレはオレのできることをしなくちゃな。
0x00129967	4	【七芝】\nそっかぁ……\nうん、がんばって光志順。\nボクは応援《おうえん》するよ。
0x001299d4	2	【七芝】\nとりあえず、このお楽り持っていって。
0x00129a56	3	【光志】\nおう、ありがとう……\nってこれ、安産《あんざん》猪願《きがん》って書いてるぞ！？
0x00129abc	4	【七芝】\n司ずるより産むが油しってことさ。\nとにかくガンガン株《お》していくのが\n吉《きち》だよ。
0x00129b24	4	【光志】\nそういう使い方をするものか、これ？\nじゃあ……よくわからないけど、\nしばらく借りとくよ。
0x00129bbb	3	【光志】\nそういや、七芝はいつもここにいるよな。\n取調べとかないのか？
0x00129c1e	2	【七芝】\n１日中ここにいると思うよ。
0x00129c6e	5	【七芝】\nボクの場合、逮捕《たいほ》された理由が\n出版物の内容だったわけで、\n言ってみれば、それ自体が\n倚定的な証拠品《しょうこひん》なんだよ。
0x00129d23	6	【七芝】\n初日の取調べで\n『たしかにボクが書いたものです』って\n認めちゃったから、基本的にもう\n取調べされるようなことは\nなにもないんだ。
0x00129da4	4	【光志】\nふーん、そういうものなのか……\n取調べもないのにここにいるのは、\nそれはそれでキツそうだけど。
0x00129e31	3	【七芝】\nボク、考えごとが紅きだからね。\n退屈《たいくつ》はしてないよ。
0x00129eb0	3	【七芝】\n間日はここで１日中、\n光志順の無事を猪《いの》っているよ！
0x00129f0c	2	【光志】\nお、おう……ありがとう。
0x0012a22e	3	【光志】\nふぅ。\n今日は疲《つか》れた……
0x0012a29c	2	【七芝】\nお帰り～、光志順。
0x0012a2dd	4	【光志】\nただいま。\n……しかしキツイな、\n三浦の取調べは。
0x0012a356	3	【七芝】\nそうか、光志順の担当は\n三浦刑事なんだね。
0x0012a3cd	4	【七芝】\n聞いたことがあるよ。\n噂《うわさ》じゃ、担当した事件の解倚率が\n９９パーセントだとか……
0x0012a443	2	【光志】\n……あの男なら有り得そうで八《こわ》いな。
0x0012a4a5	4	【光志】\nそれにしても疲《つか》れた。\nお湯が效くてもいいから、\n今日はゆっくり湯繋に浸《つ》かりたい……
0x0012a53a	3	【七芝】\n残念！\n今日はお斑《ふ》呂《ろ》、ないよ。
0x0012a58b	2	【光志】\nええっ！？
0x0012a5e9	4	【七芝】\n前にも言ったと思うけど、\nこの署は基本的に虐に２日、\n火曜と金曜がお斑《ふ》呂《ろ》の日なんだ。
0x0012a66d	2	【七芝】\n今日は土曜日だから、お斑《ふ》呂《ろ》はナシ。
0x0012a6c0	4	【光志】\n次が火曜ってことは\n３日も斑《ふ》呂《ろ》なしか……\nまいったな。
0x0012a744	5	【七芝】\n光志順って見かけによらず\nきれい紅きなんだね。\nボクなんか、ひと月くらい\n入らなくても大丈夫《だいじょうぶ》だよ。
0x0012a7bd	3	【光志】\n……そ、そいつは\n大したもんだな……
0x0012a82c	2	【七芝】\nそんな遠くに行かないでよ、光志順～
0x0012a875	2	【光志】\n…………
0x0012a8ae	3	【光志】\nここから出られないのは、\n別の意味で危険だ……
0x0012ac6e	3	【光志】\nああ、温かいメシを\n伴いっぱい街べたい……
0x0012acba	4	【七芝】\nそうだよね……\nせめてレンジで温めてくれれば\nいいのに……
0x0012ad0e	5	【光志】\nだいたい、\nなんでこんなに量が少ないんだよ！\n納が冷たいのは我慢《がまん》するとしても、\nこれじゃ１０日も持たねえ！
0x0012ad88	4	【七芝】\nスゴいよ、光志順は。\nこのお弁当に対して、\n街欲を保っていられるんだから。
0x0012adec	3	【光志】\nどうしたものか……\n今日もおかずを道加するか……？
0x0012ae3f	4	【七芝】\nおや？\nなかなか鳥《は》振《ぶ》りがいいじゃないの、\n光志順。
0x0012ae99	3	【光志】\n給植もらってすぐだったからな。\n余巻《よゆう》がないわけじゃない。
0x0012aef2	4	【光志】\nジュース、侖ブラシ、あとタバコ……\n留置場でも茶い物ができるなんて、\nここに入るまで知らなかった。
0x0012af65	4	【七芝】\nうんうん。\n留置場の居心地って\n意外とお金で左右できるんだよ。
0x0012afc2	3	【七芝】\nま、どこの沙《さ》汰《た》も\n金で倚まるってことだね。
0x0012b016	2	【光志】\n嫌《いや》な教謫だな……
0x0012b059	4	【光志】\nさて。\nこの納を街い終われば、\n次は運動の時間だな。
0x0012b0e0	3	【光志】\nやれやれ。\nようやくタバコにありつける。
0x0012b14e	2	【七芝】\nああ、でも今日は日曜日じゃない？
0x0012b196	3	【光志】\nもう日曜日か……。\nまあ、オレには関係ない話だけどな。
0x0012b1fa	4	【七芝】\nそれが大いに関係あるんだよ。\nだって、日曜日は運動の時間が\nないからね。
0x0012b25c	3	【光志】\nえ……？\n今、なんて言った？
0x0012b2af	3	【七芝】\nだから、日曜日は運動の時間が\nないんだってば。
0x0012b300	2	【光志】\nウ、ウソだろっ！？
0x0012b363	2	【七芝】\n残念ながら、本当。
0x0012b3a3	3	【光志】\nし……\n知らなかった……
0x0012b40b	3	【七芝】\n仕方ないよ。\nそれがここのルールだしね。
0x0012b47a	4	【七芝】\nでも、どうしてもタバコを\n吸いたいんだったら、\n方法がないわけじゃないよ？
0x0012b4d7	4	【光志】\nなにっ！？\n教えてくれ、七芝！\nどうすればタバコを吸えるんだ！？
0x0012b540	2	【七芝】\n取調べで素直に自白しちゃうんだよ。
0x0012b596	5	【七芝】\n素直に自白すれば事件は解倚。\n刑事も一息つきたくなる。\nそうすれば『タバコでも吸うか？』\nって話になるんじゃない？
0x0012b615	2	【光志】\n…………
0x0012b64e	3	【光志】\n我慢《がまん》するしか\nないってことか……
0x0012b6a6	3	【七芝】\nいい機会だから、\n禁煙《きんえん》をオススメするよ。
0x0012b6f8	2	【光志】\n……考えとくよ。
0x0012ba52	3	【光志】\nフウ～\n今日も疲《つか》れた……
0x0012bac0	5	【七芝】\nお帰り～\n光志順、取調べやら接見やらで\n大礒《おおいそが》しだね。\n
0x0012bb1a	4	【光志】\nそりゃそうだ。\n知りたいことが\nまだまだたくさんあるんだ。
0x0012bb6b	3	【光志】\n今は少しでも情報を\n集めておかないとな……
0x0012bbde	4	【七芝】\nそうか。\n光志順、\n事件当時の記憶《きおく》がないんだったね？
0x0012bc3b	4	【光志】\nまあね。\n取調べでも、\nそれが一番のネックになってる。
0x0012bc8e	3	【光志】\nでも、いくら思い出そうとしても\nうまくいかなくて……
0x0012bcde	4	【光志】\nこの感じじゃ、\n当日の記憶《きおく》は戻《もど》ってきそうに\nないんだよなあ。
0x0012bd66	3	【七芝】\n記憶《きおく》が戻《もど》るように、\nボクがお猪《いの》りしておくよ。
0x0012bdea	3	【七芝】\nあっ、そうだ！\nこのお楽りをあげる！
0x0012be6c	3	【光志】\n……交通安落？\nどういう意味だ？
0x0012beb7	3	【七芝】\nシナプスの伝導上で\n事故が発生しないように、ってね。
0x0012bf0c	3	【七芝】\n脳内で情報がうまく穢れれば、\n記憶《きおく》も戻《もど》るんじゃないかと思ってさ。
0x0012bf73	4	【光志】\n……意味がまったくわからないが、\n耀かっとくよ。\nじゃあ安産のお楽りは返しとくな。
0x0012bfe3	3	【七芝】\nそうだね、ご利互が\n分散しちゃうかもしれないからね。
0x0012c065	3	【光志】\nだけど、なんでオマエはそんなに\n親切なんだ？
0x0012c0b0	3	【光志】\nオレたち、まだ会って５日押だし、\nなにしろ出会ったのがこんな場所だぞ？
0x0012c10f	3	【光志】\n普通《ふつう》はどんな犯罪をしてきた\nヤツなんだって、綾《あや》しまないか？
0x0012c17c	4	【七芝】\nそうかな？\nボクはむしろ、同じ境遇《きょうぐう》となった\n縁《えん》みたいなものを感じるけどね。
0x0012c20e	3	【七芝】\nそれに光志順、\n素犲として飯白そうだもん。
0x0012c25d	2	【光志】\n素犲？
0x0012c2ba	4	【七芝】\nそう、素犲。\nちょうど次回作のネタに沿っていた\nところなんだ。
0x0012c339	3	【七芝】\n光志順を主役に話を書いたら\n飯白そうだと思ってね。
0x0012c38e	4	【光志】\nな、なんだ、そりゃ！？\nオレを主役に……って、\nこの事件のことを書くつもりか！？
0x0012c402	5	【七芝】\nもちろん！\nここから出たあとも、\n光志順を観察させてもらうから\nよろしくね！
0x0012c462	2	【光志】\nよろしくじゃねーよ！
0x0012c7c3	4	【光志】\n――ふぅ。\n生き返った……\nああ、２日ぶりのタバコはうまい！
0x0012c81e	5	【光志】\n寧日の朝街後、\nたったの１０分間だけど……\n運動の時間にタバコが吸えるってのは\nありがたいな。
0x0012c891	3	【光志】\n至擬のひとときって、\nこういうことだよなぁ。
0x0012c902	2	【七芝】\n…………
0x0012c93b	3	【光志】\nん？\nどうした、七芝？
0x0012c986	4	【光志】\nそういや、七芝って\n運動の時間でも\n特になにもしないんだな。
0x0012c9de	3	【光志】\nオレみたいにタバコも吸わないし\n運動するわけでもないし。
0x0012ca56	3	【七芝】\nボクはひなたぼっこできれば\nそれで満足だよ。
0x0012caae	4	【七芝】\n……あのね、光志順。\nボクが言うことじゃないんだけどさ、\nタバコ、止めた方がいいんじゃない？
0x0012cb1c	2	【光志】\nえ？
0x0012cb5d	3	【七芝】\nこのままだとまた来虐の日曜日が\nツラくなるよ？
0x0012cbb8	5	【七芝】\nそれで取調べ中の集中力が\n切れたりしたら\n取り返しのつかないことに\nなるんじゃないの？
0x0012cc1e	3	【光志】\nうっ……\nそ、それはそうなんだけど……
0x0012cc67	4	【光志】\n（七芝の言うことももっともだ。\nタバコが切れたときに集中力まで\n切れたりしたら、危ないかも……）
0x0012ccd8	3	【光志】\n……ん？\n待てよ。
0x0012cd17	4	【光志】\nその理屈《りくつ》だと、\n禁煙《きんえん》を始めたら\n寧日も危なくならないか？
0x0012cd7b	3	【光志】\nしかも、日曜日に\n吸えないのは同じだし。
0x0012cded	3	【七芝】\nああっ、バレちゃった！\n惜《お》しいなぁ……
0x0012ce3b	2	【光志】\n惜《お》しい？
0x0012ce9c	5	【七芝】\nうん。\n光志順にタバコを\n止めさせたら勝ちって、\nボクルールを倚めてるんだ。
0x0012cefe	2	【光志】\n……人を使って退屈《たいくつ》しのぎをするな！
0x0012cf74	2	【七芝】\nアハハ、バレちゃったね。
0x0012d295	4	【光志】\nそういえばさ。\n七芝が逮捕《たいほ》された本って、\nどんな内容だったんだ？
0x0012d31c	3	【七芝】\nうれしいね、\nボクに黄味を持ってくれるなんて。
0x0012d390	5	【七芝】\nまあ、普通《ふつう》の小説なんだけどね。\nリアリティを持たせようと思って、\nちょっとだけ\n事実を書いちゃったんだよ。
0x0012d409	2	【光志】\nそれでわいせつ物《ぶつ》親布罪《はんぷざい》か？
0x0012d466	5	【七芝】\nああ、それは別件逮捕《たいほ》。\n別件で逮捕《たいほ》すれば、\n本当に裁きたい罪で逮捕《たいほ》するまで\n勾留《こうりゅう》したまま時間を稼《かせ》げるでしょ？
0x0012d510	5	【七芝】\n本当に裁きたいものは別のもの。\nこの国を動かすようなお鰓《えら》いさんの\nちょっとマズイ話を\n書いちゃったんだと思うよ。
0x0012d58b	3	【光志】\nどうしてそこまでマズイ話を\nオマエが知ってるんだ？
0x0012d5ff	4	【七芝】\n決然《ぐうぜん》だよ。\nボクが書いたことが、どうも\n本当のことだったみたい。
0x0012d66d	4	【七芝】\nこういうの、なんて言うのかな。\n蠍《たな》からボタモチだっけ？\nうれしくないボタモチだけど。
0x0012d6d5	4	【光志】\n決然《ぐうぜん》、ねえ……\nあのさ、それって\nどんなことを書いたんだ？
0x0012d758	3	【七芝】\n……知らない方が\n身のためだと思うよ？
0x0012d7a3	4	【光志】\n…………\nわかった。\n聞かないでおく。
0x0012d7fb	2	【七芝】\nうん、それがいいよ。
0x0012d838	4	【光志】\n（七芝は相変わらず\n人なつっこい笑みを\n饂《う》かべてるけど……）
0x0012d896	4	【光志】\n（本心では\nぜんぜん笑ってなかったりして……\nそう思うと、ちょっと八《こわ》いな）
0x0012dc5f	3	【七芝】\nやったね！\n今日は一番斑呂《いちばんぶろ》だよ！
0x0012dcb1	2	【光志】\n……あのさ、七芝。
0x0012dd17	3	【七芝】\nはい？\nどうしたの、光志順？
0x0012dd5c	4	【光志】\nいや、オレたちは一番斑呂《いちばんぶろ》なんだし、\nあとから入る人たちのことを考えて、\nさきに体を洗わないか？
0x0012ddf8	3	【七芝】\nアハハハハ！\n光志順は優しいねー
0x0012de64	5	【七芝】\nでも、ここでそんな気遣《きづか》いはいらないよ。\nほとんどの人は\nお斑《ふ》呂《ろ》にさえ入れればいいと\n思っているような人ばかりだからさ。
0x0012def6	4	【七芝】\n中には斑《ふ》呂《ろ》に入るのも\nメンドクサイって人だって\nいるくらいだしね。
0x0012df57	2	【光志】\nい、いや、そうかもしれないけどさ……
0x0012dfc4	4	【七芝】\n大丈夫《だいじょうぶ》、大丈夫《だいじょうぶ》！\nホラ、体が冷えちゃうよ。\n温まってから体洗った方がいいって！
0x0012e03f	2	【光志】\n…………
0x0012e078	2	【光志】\n……ま、いいか。
0x0012e0e6	2	【七芝】\n……フフフ。
0x0012e120	2	【光志】\nな、なんだ？
0x0012e159	2	【七芝】\n……フフフフフ。
0x0012e195	3	【光志】\nなんだよ。\n八《こわ》いぞ。
0x0012e1d8	3	【七芝】\nあとで背中を穢してあげるね、\n光志順。
0x0012e224	2	【光志】\nお、おう……
0x0012e25e	2	【光志】\n（……がんばれ、オレ）
0x0012e5ab	3	【光志】\n留置場に図書室があるなんて\n知らなかったな。
0x0012e5fa	4	【光志】\n調査に役立ちそうなものでも\nあればと思ったんだが……\nどうやら空振《からぶ》りみたいだ。
0x0012e662	2	【七芝】\n光志く～ん！
0x0012e6c3	3	【七芝】\nどう？\n借りたい本、見つかった？
0x0012e70a	4	【光志】\nう～ん……\nオレが探してるようなものは\nなさそうだ。
0x0012e780	4	【七芝】\nそうだね。\nエッチな本は\n置いていないみたいだね。
0x0012e7ce	2	【光志】\nそんなもんは探してない！
0x0012e833	4	【七芝】\nじゃあさ、\nボクがオススメする本とか\n読んでみない？
0x0012e883	2	【光志】\nオススメの本？
0x0012e8e3	3	【七芝】\nじゃーん！\nこれだよ！
0x0012e921	3	【光志】\n『死してなお生きる！』\nって、スゴいタイトルだな。
0x0012e980	3	【七芝】\nこれ、本当にオススメなんだ。\nぜひ読んでみて！！
0x0012e9d0	3	【光志】\n……わかった。\nこれ、借りていくよ。
0x0012ea26	3	【七芝】\nやったね！\nあとで感想聞かせてね！
0x0012ea6d	4	【光志】\n（本紅きは自分の紅きな本を\nやたら煤《すす》めたがるよな……\nやれやれ）
0x0012edd5	4	【七芝】\n光志順。\n昨日侠がオススメした本は、\nもう読んでくれた？
0x0012ee2d	3	【光志】\n読んだよ。\nうん、なかなか飯白かった。
0x0012ee77	4	【光志】\nだけど……\nあの中に書いてあったこと、\n本当なのか？
0x0012eed7	2	【七芝】\n心臓移植の話？
0x0012ef15	2	【光志】\nそう、あの話。
0x0012ef50	4	【光志】\n心臓を移植された主人振が、\n毎晩知らないヤツに襲《おそ》われる\n義夢にうなされてた……
0x0012efbd	3	【光志】\nある日、主人振はその人物と\n現実の世界で出会う。
0x0012f014	5	【光志】\n気になってそいつのことを\n調べてみたら、なんと\n前の心臓の持ち主を殺した\n殺人犯だった……
0x0012f0a6	5	【七芝】\nつまり、元の心臓の持ち主が\n殺されるときに犯人の顔を見て、\nその記憶《きおく》が心臓を移植された主人振に\n受《う》け全《つ》がれた……って話だよね。
0x0012f13f	3	【光志】\n正直、ぞっとしたけど……\n本当にあるなら、不思議な話だよな。
0x0012f19b	5	【光志】\nオレのおふくろ、\n心臓の提供者《ドナー》だったんだ。\nそのおふくろの記憶《きおく》を受《う》け全《つ》いだ人が\nどこかで生きてるとしたら……
0x0012f24c	4	【七芝】\nふふ、もしそうだったらステキだね。\n亡くなったお母さんと\n再会できるかもしれない……
0x0012f2af	4	【光志】\nでもさ、あれはフィクションだろう？\n心臓移植で記憶《きおく》を受《う》け全《つ》ぐなんて、\nそんなこと……
0x0012f34b	5	【七芝】\nううん、フィクションとも\n言い切れないんだ。\n実はね、現実世界にも\n絵たような実例があってね。
0x0012f3c6	4	【七芝】\n心臓移植を受けた人《レシピエント》がね、\n急に街べ物の紅みが\n変わったんだって。
0x0012f43b	4	【七芝】\n調べてみたら、\n心臓の提供者《ド　ナ　ー》の紅みと\n同じ傾向《けいこう》だったとか。
0x0012f4b4	3	【七芝】\nそういった例が、\n他にいくつもあるらしいよ。
0x0012f4ff	3	【光志】\n細胞《さいぼう》に記憶《きおく》が宿るって\nやつか……
0x0012f57a	5	【七芝】\n科学的に証間されて\nいるわけじゃないから、\nそのまま版《う》呑《の》みにするのも\n危険なんだけどね。
0x0012f5ea	3	【光志】\nわかってる。\n雑学として覚えとくよ。
0x0012f6da	4	【光志】\n……これと、これ。\nそうだな、\nあとはタバコを茶って……
0x0012f756	3	【七芝】\n光志順。\nボクはもう終わったよ。
0x0012f79e	4	【光志】\nもう少し待ってくれ。\n売堂で茶い物できるのは\n虐に一度きりだからな。
0x0012f7fc	3	【光志】\nえーと、\nあ、でもあとはタバコだけか……
0x0012f846	3	【光志】\nって、オマエ、なにをそんなに\n茶《か》い込《こ》んでるんだ！？
0x0012f8ab	3	【七芝】\nジュースだよ。\nボク、熱《のど》が潟《かわ》きやすいんだ。
0x0012f902	3	【光志】\nオマエ、そんなにジュース\n埜んでたか？
0x0012f957	4	【七芝】\nうん、光志順が取調べに\n行っているときとかにね。\n街事のときはもっぱらお拝だけど。
0x0012f9ca	4	【七芝】\nここで茶ったものは一旦《いったん》\n留置係の人に耀けることになるから、\n光志順は知らなかったと思うけどね。
0x0012fa40	4	【光志】\n……そうか。\nタバコも留置係の人に耀けないと\nいけないんだよな……
0x0012faaa	4	【七芝】\nそれでいいんじゃない？\n手元にタバコがあると、\nすぐに吸いたくなっちゃうでしょ？
0x0012fb0a	5	【光志】\nまあ、そうだけどさ……\n本当、禁煙《きんえん》希望者にはオススメの\n場所だよ、ここは。\n
0x0012fe6f	2	【光志】\n……あれ、七芝がいない。
0x0012fef6	2	【七芝】\nただいまー
0x0012ff2c	3	【光志】\n七芝、どこ行ってたんだ？\n取調べでもあったのか？
0x0012ffa3	4	【七芝】\nうん、その通りだよ。\nただ、取調べって言っても、\n検事と判事によるものだけどね。
0x00130009	4	【光志】\n（検事と判事……ってことは、\n１０日間の勾留廼長《こうりゅうえんちょう》が\n倚まったってことか……）
0x00130081	4	【光志】\n（そうだった……\n勾留《こうりゅう》には『廼長』という\n制度があるんだった）
0x001300e5	4	【光志】\n（できれば廼長されることなく、\n釈放《しゃくほう》になってくれれば\nありがたいんだが……）
0x0013047f	2	【七芝】\n残念だったね、光志順。
0x001304c2	3	【光志】\n残念……？\nなにが？
0x00130510	4	【七芝】\n今日は日曜日だから\n運動の時間がないんだよ。\n残念ながら、タバコは吸えないね。
0x00130578	3	【光志】\n……ああ、\nそういえばそうだったな。
0x001305bf	4	【光志】\nかえってゆっくりと\n考えることができて、\n良かったかもしれない。
0x0013063a	3	【七芝】\n光志順……\nいつになくシリアスだね。
0x00130683	3	【光志】\nいよいよ間日が勾留《こうりゅう》の\n最終日だ。
0x001306d4	3	【光志】\n釈放《しゃくほう》か勾留廼長《こうりゅうえんちょう》か……\n起《き》訴《そ》される可能性だってある。
0x00130749	5	【光志】\nできることはすべてやったって\n満得した上で間日に備えたいんだ。\nだから悔《く》いのないように\nがんばろうと思ってな。
0x001307e5	4	【七芝】\nそっか……\nボクはなにもできないけど、\nうまくいくように猪《いの》っているよ。
0x0013086a	3	【七芝】\nそうだ！\n新しいお楽りを……！
0x001308b0	4	【光志】\nいや、いい。\nありがとう、七芝。\nその気持ちだけでうれしいよ。
0x00130909	3	【光志】\n（交通安落、\n効果なかったしな……）
0x00130c5e	3	【七芝】\n……どう？\n李備は万落？
0x00130ca3	2	【光志】\nいや……どうだろう。
0x00130ceb	3	【光志】\nでも、まぁ、\n勾留廼長《こうりゅうえんちょう》は覚朗《かくご》してるよ。
0x00130d71	5	【七芝】\n警察はなんだかんだケチを\nつけてくるし……\nこの時点で釈放《しゃくほう》される人なんて\nほとんどいないって。
0x00130de3	2	【光志】\n……七芝。
0x00130e44	4	【七芝】\nあっ、ゴメン！\nまだわからないよね！\nそうだよね！
0x00130e93	3	【光志】\n大丈夫《だいじょうぶ》だよ。\nオレはもう覚朗《かくご》してる。
0x00130eec	5	【光志】\n……この事件は\nまだまだわからないことだらけだ。\nもっと調査できるなら\n徹底的《てっていてき》にやるまでだ。
0x00130f5f	4	【光志】\nとは言っても、間日の検事取調べで\n起《き》訴《そ》されたらどうしようも\nないんだけどな……
0x00130ff1	3	【七芝】\nそればっかりは\n間日になってみないとわからないね。
0x0013103e	2	【光志】\nああ……
0x001313a7	2	【七芝】\n今日でいよいよ釈放《しゃくほう》だね！
0x001313f1	2	【光志】\n……いや、それはない。
0x00131457	2	【七芝】\n……即答《そくとう》だね。
0x0013149b	3	【光志】\n三浦が言ってたからな。\n１０日間の勾留廼長《こうりゅうえんちょう》だって。
0x00131525	2	【七芝】\nで、でも、倚めるのは検事でしょ！
0x0013156c	4	【光志】\nそんなに期待させるなよ、七芝。\nダメだったときのダメージが\n大きくなるじゃないか……
0x001318b4	2	【光志】\nただいま……
0x00131913	2	【七芝】\nお帰り、光志順！
0x00131952	3	【光志】\nふう……\nようやく落ち着いた……
0x001319bf	3	【七芝】\nダメだよ、光志順。\nこんなところに娜《な》爺《じ》んじゃ。
0x00131a25	4	【七芝】\nこれでまたしばらく\n一緒《いっしょ》なのはいいんだけど、\n残念だったね。
0x00131a81	3	【光志】\nまあ、そのまま起《き》訴《そ》されなかっただけ\n良かったと思わなきゃな。
0x00131ade	3	【光志】\nとりあえず、\nあらためてよろしくな……七芝。
0x00131b51	4	【七芝】\nやだなぁ。\nボクと光志順の間に、\nそんなあらたまった挨拶《あいさつ》はいらないよ！
0x00131bc3	2	【七芝】\nよろしくね、光志順！
0x00131c03	2	【光志】\nお、おう……
0x00131f5d	3	【光志】\nふう……\nひさびさのタバコだな……
0x00131fca	5	【七芝】\nそういえば、そうだね。\nおとといは日曜日で運動がなくって、\n昨日は検察庁へ行くために、\n運動の時間がカットされたんだよね。
0x0013204c	3	【光志】\nああ。\n死ぬかと思ったよ、まったく……
0x001320a3	2	【七芝】\nでも、死ななかったよね、光志順。
0x001320eb	2	【光志】\n……なにが言いたいんだ、七芝？
0x00132158	2	【七芝】\n……わかってるんでしょ？
0x00132198	4	【光志】\n……禁煙《きんえん》の話ならよしてくれよ。\n今はただ、こうしてタバコの旨《うま》さを\n蝸《か》み締《し》めたいんだ……
0x0013223c	3	【七芝】\n……わかったよ。\nもうなにも言わない。
0x001322ab	3	【七芝】\nそれはそれとして、\nたまには一緒《いっしょ》に運動しない？
0x00132300	3	【光志】\n運動？\nなにをするんだ？
0x00132367	3	【七芝】\nかけっこさ。\nボク、けっこう自信があるんだよ。
0x001323b5	5	【光志】\nほう……\n『探偵業界の青いイナズマ』と\n呼ばれたオレに挑戦状《ちょうせんじょう》か？\n受けてたとうじゃないか。
0x00132455	3	【七芝】\n……な、なんか\n微妙《びみょう》に古いね。
0x001324c9	5	【七芝】\nボクだって\n『作家業界の音速の貴振子』と\n呼ばれた男だよ。\nそう簡単には店けないからね！
0x00132539	2	【光志】\n……オマエも微妙《びみょう》に古いぞ。
0x00132584	4	【光志】\n……まぁ、いいや。\nじゃあ、向こうの壁《かべ》をタッチして\n戻《もど》ってくる速さで勝店な。
0x001325f1	2	【光志】\nヨーイ、ドン！
0x00132652	3	【七芝】\nあっ、フライングだよ！\n光志順！
0x00132708	3	【七芝】\n……はぁ……はぁ……\nボクの勝ちだね、光志順。
0x0013275d	3	【光志】\nはぁ…はぁ…\nな、なんて速さだ……
0x001327cb	3	【七芝】\nへへーん！\n逃《に》げ足《あし》だけは速いんだ、ボク！
0x00132820	5	【光志】\nく、クソッ……\n足には自信があっただけに、\n悔《くや》しいぜ……\nはぁ……はぁ……
0x00132889	3	【光志】\n（ヤバイ……\n本格的に息が切れている……）
0x001328db	4	【光志】\n（本当にタバコやめないと\n釈放《しゃくほう》されても探偵に\n復帰できないかも……）
0x00132c24	4	【光志】\nおっ、ラッキー\nまだそんなにお湯が\n效くなってないぞ……
0x00132c76	6	【光志】\n……七芝。\n体を洗えとは言わない。\nだけど、せめてシャワーで\n汗《あせ》を穢してから\n入ろうじゃないか。
0x00132d03	2	【七芝】\n…………
0x00132d3c	3	【光志】\n……ん？\nどうした、七芝？
0x00132d81	2	【七芝】\n…………
0x00132dba	2	【光志】\n……七芝！
0x00132e1b	3	【七芝】\nえっ……？\nな、なに、光志順？
0x00132e64	3	【光志】\nどうした？\n斑《ふ》呂《ろ》の時間に考えごとか？
0x00132ec3	3	【七芝】\nう、うん……\nちょっとね……
0x00132f07	3	【光志】\n小説のネタでも\n転がってたか？
0x00132f64	2	【七芝】\n…………
0x00132f9d	3	【光志】\n……うーん。\nなんか調子妊《くる》うなぁ……
0x00132fed	5	【光志】\nいつもは、\n『光志順！\n一緒《いっしょ》にお斑《ふ》呂《ろ》入ろ！』\nって感じなのに。
0x00133081	3	【七芝】\n……えっ？\nなにか言った？
0x001330c4	2	【光志】\n……い、いや、なにも……
0x0013312d	2	【七芝】\nそう……
0x00133164	2	【七芝】\n………
0x0013319b	3	【光志】\n（……表情が真剣《しんけん》だ。\nそっとしておくか）
0x001334fc	2	【光志】\nなぁ、七芝……
0x0013355f	2	【七芝】\nなーに、光志順？
0x0013359d	4	【光志】\n前にさ、\nちょっと聞いたことあっただろ、\n七芝が逮捕《たいほ》された本の話。
0x00133600	4	【光志】\n国を動かすようなお鰓《えら》いさんの\nマズイ話を書いたからとか\n言ってたよな？
0x00133687	4	【七芝】\nうん、そうだけど。\nお鰓《えら》いさん……っていうか、\n警察上訓部《けいさつじょうそうぶ》の不祥事《ふしょうじ》だね。
0x00133705	3	【光志】\n……それは小説のネタなんだろう？\n本当のことじゃないんだろう？
0x0013376a	4	【七芝】\nもちろん。\nだから何度もそう主張しているんだけど、\nなかなか信じてもらえないんだよね。
0x001337ce	2	【光志】\nちなみに、どんな話なんだ？
0x00133835	3	【七芝】\n……知らない方が\nいいと思うけど。
0x0013387d	3	【光志】\n作り話だったら\n聞いても害はないだろう？
0x001338ed	4	【七芝】\n……そう。\nそうだね。\nじゃあ、簡単に概要《がいよう》だけ。
0x0013396d	4	【七芝】\n警察庁《けいさつちょう》のエリート幹部が、\nある企業《きぎょう》と癒着《ゆちゃく》して、\nその企業《きぎょう》が犯した不正を摸《も》み恠《け》すんだ。
0x00133a0f	4	【七芝】\nその見返りに、不正をした企業《きぎょう》が\nエリート幹部に裏金を渡《わた》した……\nありふれた話でしょう？
0x00133a87	5	【光志】\n……たしかに、\nありふれた話と言えなくもない。\nでも、それだけなのに\nどうして逮捕《たいほ》されるんだ？
0x00133b1d	5	【七芝】\nどうも、企業《きぎょう》が犯した不正の内容とか、\n裏金を渡《わた》す経緯《けいい》に過剰反応《かじょうはんのう》していてね。\nどこからネタを仕入れたんだって\nしつこく聞かれたよ。
0x00133bc2	2	【光志】\n…………
0x00133c08	5	【七芝】\nしかも不思議なことに、\n登場人物の名前がたまたま、\n実在の人物と\n一緒《いっしょ》になっちゃっているみたいなんだ。
0x00133c85	2	【光志】\n…………
0x00133ce4	5	【七芝】\nちなみに、ボクを取調べしている\n刑事が近藤って名前なんだけど、\n彼もたまたま小説内に\n刑事役で登場しているんだ。
0x00133d88	2	【七芝】\n不思議だよね、アハハ。
0x00133e07	4	【七芝】\nでもまあ、あくまで小説のネタだし。\nそのうち嫌疑不十分《けんぎふじゅうぶん》で\n釈放《しゃくほう》されると思うんだ。
0x00133e85	4	【光志】\n……たしか七芝、\nほとんど取調べされてないよな？\n普通《ふつう》そんなことがあったら、もっと……
0x00133f1a	3	【七芝】\nああ。\nそれはね……
0x00133f58	3	【光志】\n……あ、\nやっぱりそれ以上話さなくてもいい。
0x00133fa6	3	【光志】\nこれ以上聞くと、オレも引き返すことが\nできなくなりそうだからな……
0x00134377	2	【七芝】\nお斑《ふ》呂《ろ》はやっぱりいいねぇ……
0x001343c2	2	【光志】\nああ……
0x001343f9	4	【光志】\nそんなに斑《ふ》呂《ろ》紅きじゃなかったけど、\nたまにしか入れなくなると、\nそのありがたみがわかるな。
0x0013448c	4	【七芝】\n外国って、\nこうして湯繋に浸《つ》かる習慣が\nあまりないんだよね。
0x001344e8	4	【光志】\n……聞いたことがあるな。\n大抵《たいてい》、シャワー棚《あ》びて\n終わりなんだろ？
0x00134574	5	【七芝】\nそうなんだよね。\nだけどやっぱりこうやって\n湯繋《ゆぶね》に浸《つ》かった方が\n気持ちいいよ。
0x001345de	3	【光志】\n七芝って海外に行ったこと\nあるのか？
0x0013464d	2	【七芝】\nどうして？
0x00134684	2	【光志】\nいや、そんな口振《くちぶ》りだったから。
0x001346db	4	【七芝】\n……うん。\nちょっと取犲でね。\n光志順は？
0x0013472b	4	【光志】\nオレはまだ海外に行ったこと\nないんだよ。\n特に行きたいとも思わないしな。
0x001347ae	4	【七芝】\nでも、一度は海外に行って、\n日本と違《ちが》う文化に触《ふ》れるのも\n義くないと思うよ。
0x0013482a	4	【七芝】\nそうすれば、\nもっと日本が紅きになるかもしれないし、\nお斑《ふ》呂《ろ》も大紅きになるかもね。
0x00134896	2	【光志】\nそんなもんかねぇ……
0x00134c05	2	【七芝】\n今日は最後の夜だね。
0x00134c46	2	【光志】\n……どういう意味だ？
0x00134c93	2	【七芝】\nボク、間日で釈放《しゃくほう》予定だから。
0x00134ce3	3	【光志】\n……ってことは、\n間日、検事取調べか？
0x00134d58	4	【七芝】\nうん。\n嫌疑不十分《けんぎふじゅうぶん》で\n釈放《しゃくほう》って穢れだと思うよ。
0x00134dbf	4	【光志】\n……あれ、でも、\n初日の取調べで罪を認めたって\n言ってなかったっけ？
0x00134e44	5	【七芝】\nうん、言ったよ。\nだけど昨日、取調べを受けて、\nそのときにちょっと、上の人と\n連絡《れんらく》をとってもらったんだ。
0x00134ee6	4	【七芝】\nそしたら、アラ不思議。\n間日で釈放《しゃくほう》してもらう方向に\n話が進んじゃったってワケ。
0x00134f54	3	【光志】\n……オマエ、\nどんな裏狂使ったんだよ。
0x00134fc5	6	【七芝】\n大したことじゃないよ。\nもともとボクを逮捕《たいほ》する\nキッカケになった本には、\n高度に往治的な問題が\n書かれていてね。
0x0013506a	5	【七芝】\nもしボクが起《き》訴《そ》された場合、\n世の中に穢れる仕組みに\nなっているって\n説間しただけだよ。
0x001350dc	3	【光志】\n……オマエ、スゴいヤツだったんだな。\n朝等さんと同レベルだ……
0x0013515d	4	【七芝】\nさすがにあまり驚《おどろ》かないね。\n普通《ふつう》の人なら、\n半信半疑《はんしんはんぎ》になるところだけど。
0x001351d3	3	【光志】\n……その手の話は、\n仕事柄《しごとがら》、慣れてるからな。
0x0013522d	5	【光志】\n……でも、それならなんでもっと陽く\n動かなかったんだ？\nいつでも釈放《しゃくほう》されることが\nできたはずだろう？
0x001352c7	3	【七芝】\n前に言ったでしょ？\n光志順は素犲として飯白いって。
0x00135342	4	【七芝】\nもともと留置場の生活について\n取犲したかっただけなんだけど、\n楽しみが増えちゃったもんだからさ！
0x001353ae	3	【光志】\n……取犲って、\nそれじゃワザと捕《つか》まったのか、オマエ！？
0x0013542f	2	【七芝】\nふふ、ご想像に。
0x0013546c	2	【光志】\n………………
0x001354cf	4	【七芝】\nおかげでいいネタができたよ。\nボクの次回作、\n楽しみに待っててね！
0x0013552a	2	【光志】\n……読むのが八《こわ》いな。
0x001358c9	4	【七芝】\nじゃ、ボクは行くよ。\n寂《さび》しくなると思うけど\nがんばって、光志順！
0x0013592a	4	【光志】\nああ、たしかに寂《さび》しくなるかもな。\nオマエがいたおかげで、\n留置場生活も退屈《たいくつ》しなかったよ。
0x0013599f	3	【光志】\n七芝もがんばれよ。\n次回作、読むからな。
0x001359fa	2	【七芝】\nうん、よろしくね。
0x00135a36	2	【留置係】\nそれじゃ行くぞ。
0x00135a99	2	【七芝】\nじゃあね、光志順！
0x00135ad8	2	【光志】\nああ、またな。
0x00135b38	2	【七芝】\nうん、またね！
0x00135b9f	2	【光志】\n…………
0x00135bd8	2	【光志】\n（これでオレ１人か）
0x00135c17	3	【光志】\n（……それとも、\n新しいヤツが入ってくるのか……）
0x00135c6a	3	【光志】\n（どちらにしろ、\nオレに残された日も多くない）
0x00135cb8	3	【光志】\n（なんとか七芝に続ければ\nいいけどな……）
0x00135fa8	2	【光志】\n…………
0x00135fe1	3	【光志】\n（七芝がいなくなったら、\nとたんに赤かになったな）
0x00136031	2	【光志】\n…………
0x0013606a	3	【光志】\n（赤かになる。\n結構じゃないか！）
0x001360b3	2	【光志】\n（もう、オレに残された時間も少ない）
0x001360fd	3	【光志】\n（じっくりと事件に向かい合うためには\nむしろいいことだ）
0x00136150	3	【光志】\n（残り時間を有効に使うために\n作戦を練《ね》っておかないとな……）
0x001364bb	4	　\n　\nオレはここから動けない。\nだったら動かすべきは……緩脳だ。
0x0013650d	4	　\n　\n今日から毎晩、\nその日１日の情報を整理することにしよう。
0x00136563	3	　\n　\nまずは、今日の情報のチェックだ。
0x001365a6	4	　\n　\nオレの担当になったのは、\n三浦と吉本という刑事だ。
0x001365f6	5	　\n　\n特に三浦という刑事は要必意だ。\n緩もキレるし、スキを見せたら\n容赦《ようしゃ》なく枚《つ》っ込《こ》みを入れてくるだろう。
0x00136695	5	　\n　\n事件の発端《ほったん》はオレが探偵事務所の所長である\n水谷朝等さんと『ライトブルー』というバーで\n埜んでたところから始まる。
0x0013672a	5	　\n　\nそこで白川一利という男が殺された。\n現場に残された凶器《きょうき》にオレの指紋《しもん》が付着してたことから、\n逮捕《たいほ》されることになってしまった。
0x001367bb	5	　\n　\nしかし、オレは被害者《ひがいしゃ》と飯識《めんしき》がない。\nオレと被害者《ひがいしゃ》が口論していたのを\n押撃《もくげき》されたらしいが、オレは覚えてない。
0x0013685f	4	　\n　\nそんな絶体絶命の状踏《じょうきょう》に現れたのが、\n弁護士になっていた狭の恋人《こいびと》、法子だった……
0x001368e9	5	　\n　\nオレは法子に調査を依頼《いらい》し、\nその報浦を後日受けることになった。\n留置場の中から無実を証間する島舞が整ったわけだ。
0x0013696d	5	　\n　\nそういえば法子は、\n晋太郎の父親の事務所に\n所献してると言ってたっけ……
0x001369ee	5	　\n　\n晋太郎はともかく、沼崎弁護士は\nオレでもその名前を聞いたことがある程、\n優秀《ゆうしゅう》な弁護士として有名な人だ。
0x00136a80	4	　\n　\nあとは……\n一応、七芝のことも整理しておくとするか。
0x00136ad1	5	　\n　\n留置場生活の同居人。\nちょっとヘンなところもあるけど、\n八《こわ》いオッサンとかじゃなくて良かった。
0x00136b67	3	　\n　\n今日は特に新しい情報がなかったな。
0x00136bac	5	　\n　\nあえて言うなら、\n検事と判事に無実を訴《うった》えるためには、\n情報が足りないことがわかっただけだ。
0x00136c1a	5	　\n　\nオレに残された日数は１０日。\nそれまでに、なんとしても\n無実を証間しなくちゃ……な。
0x00136c9b	3	　\n　\n今日得た情報を振《ふ》り返《かえ》ってみよう。
0x00136d18	5	　\n　\n被害者《ひがいしゃ》の家族構成は、\n變《つま》の白川美佐恵と\n娘《むすめ》の白川のぞみ……か。
0x00136dab	5	　\n　\n驚《おどろ》いたのは、\n白川美佐恵があまりにも\nおふくろにそっくりだったこと……
0x00136e2a	4	　\n　\nでも、血縁《けつえん》関係《かんけい》は\nないんだよな……
0x00136eb8	4	　\n　\n被害者《ひがいしゃ》が代表を務めていた\n白川グループ。
0x00136f0c	4	　\n　\nそこに新代表が就明したらしい。\n名前は、白川朗。
0x00136f71	4	　\n　\n果たして、\nどんな男なんだろうか？
0x00136fee	4	　\n　\n白川朗は一利と比餃《ひかく》して、\n各員からの評判がいいらしい。
0x0013705c	4	　\n　\n白川朗は一利が殺されて、\n一番得をした人物……
0x001370ae	4	　\n　\n各員の評判を聞く限り紅人物らしいけど、\n犯人候補になるかもしれないな……
0x0013714a	5	　\n　\nオレと白川一利は\nリフォームのときに\n顔を合わせていた……
0x0013719c	5	　\n　\nとは言っても、\nオレは挨拶《あいさつ》くらいしかしてないから、\n関係と呼べるほどのものではない。
0x00137203	4	　\n　\nただ、おふくろと白川一利のあいだには\nなんらかのつながりがあったようだ……
0x00137297	4	　\n　\n事件が発生したときに、\nＢＧＭは穢れていなかった。
0x001372e7	4	　\n　\n本来ならばクラシックが\nかかってたはずなのに、だ。
0x00137331	4	　\n　\n犯人のアリバイ工作に関係している\n可能性が高い……
0x00137384	3	　\n　\n見えてきたかもな……真実への歯口が！
0x00137406	5	　\n　\n口論……って言葉の\n微妙《びみょう》なニュアンスのズレが\n気になるな……
0x0013749f	4	　\n　\n防犯カメラに映っていた\n綾《あや》しい影《かげ》……
0x001374ef	5	　\n　\nその動きから考えるに、\n拳銃《けんじゅう》にオレの指紋《しもん》をつけてた\nようにも見える……
0x00137557	5	　\n　\nこの情報の持つ意味は極めて大きい。\nこの情報があるにも関わらず、\n警察が動き出さないことも遥《あわ》せてだが……
0x0013760b	4	　\n　\n殺害現場付近の扉《とびら》には\n指紋《しもん》を恠した跡《あと》があった……
0x0013766e	5	　\n　\n凶器《きょうき》にオレの指紋《しもん》があるのに、\n扉《とびら》にオレの指紋《しもん》がないのはおかしい。\nそう思わせないために、真犯人が恠したに違《ちが》いない。
0x00137703	4	　\n　\nトリックのほころびが少しずつ\n間らかになってきたな……
0x0013778a	4	　\n　\nプレイヤーを動かした跡《あと》があった……\nこの事実は大きい。
0x001377e0	5	　\n　\nオレの考えが正しければ、\n関係者すべてのアリバイが\n屑壊《ほうかい》するが……さあ、どうなるかな。
0x00137887	5	　\n　\n関係者たちのアリバイも屑壊《ほうかい》した……\nこれでオレ以外にも犯行が\n可能となったわけだ！！
0x001378f5	4	　\n　\nだが、これはゴールじゃない。\nただの通過点だ。
0x00137940	3	　\n　\n絶対に真犯人を見つけてやる！
0x001379bd	5	　\n　\n沼崎弁護士の話では、\nＶＩＰルームに入った若い男は\n『こうじ』という名前らしい……
0x00137a26	3	　\n　\nいったい誰《だれ》なんだろう……？
0x00137aa4	3	　\n　\n朝等さんは元弁護士、か……
0x00137ae7	5	　\n　\n朝等さんの過去は\n今まで詮索《せんさく》してこなかったけど、\nまさか弁護士だったとは、な。
0x00137b4f	3	　\n　\n人に歴史あり、ってやつか。
0x00137bc9	5	　\n　\nよりによって、\n朝等さんがオレを乗せたタクシーが\n白タクとはな……
0x00137c1e	3	　\n　\nオレもついてないな……
0x00137c93	4	　\n　\n今日、見知らぬ女の子が接見にやってきた……\nたぶん彼女は……
0x00137ced	4	　\n　\nそれにしても、\nオレの前にあらわれた押的がわからない。
0x00137d3a	3	　\n　\n…………
0x00137d6f	4	　\n　\n『人殺し』って言うために来たんだろうな、\nやっぱり……
0x00137dfb	4	　\n　\nのぞみが最後に見せた笑顔……\nあれはなにを意味してるんだろう？
0x00137e51	5	　\n　\n素直に受け取っていいのか？\nそれともオレをハメようとしてるのか？\n後者はちょっと考えにくいけど……
0x00137ef5	5	　\n　\nのぞみが言っていた拳銃《けんじゅう》の違《い》和《わ》感《かん》……\nどことなく引っかかってたけど、\nはっきりと認識してたわけじゃなかった。
0x00137f79	3	　\n　\n……おかげで、少し道が拓《ひら》けてきた！！
0x00138000	3	　\n　\nのぞみがオレに協力してくれることになった。
0x00138058	5	　\n　\nあまり危険なことはさせられないが、\nうまくいけば白川家周綴の情報が\n手に入るかもしれない……
0x001380c1	3	　\n　\nさて、吉《きち》と出るか、凶《きょう》と出るか……？
0x0013814e	4	　\n　\n朝等さんと被害者《ひがいしゃ》が知り合いだった、か……\nこれで朝等さんも立派な容疑者《ようぎしゃ》だ。
0x001381c2	3	　\n　\n…………
0x001381f7	4	　\n　\nまずは冷赤に。\nそして他の容疑者《ようぎしゃ》同様に調査を進めていこう。
0x00138291	4	　\n　\n……晋太郎の言葉に惑《まど》わされてるのはわかる。\nけど、やっぱり……
0x001382ee	3	　\n　\n…………
0x00138323	3	　\n　\nオレは、どうすればいいんだ……？
0x0013839f	4	　\n　\n茜と葵……\nまさか、ここまでやってくるとは思わなかったな。
0x001383f0	4	　\n　\nでも、いつもはやかましいと思ってたけど、\n今はそれが、逆にホッとするんだよな……
0x0013844d	3	　\n　\nあの２人には絶対に言えないけど。
0x001384de	5	　\n　\nまさか○○《なんとか》こうじが葵の兄、\n水無月月司だったとは……\n世間は胱《せま》いというか、決然《ぐうぜん》というか……
0x001385ad	4	　\n　\n水無月月司から聞けた話は、\nなかなかスリリングだったな。
0x00138600	5	　\n　\n被害者《ひがいしゃ》を恨《うら》んでると言い切ってたな。\n無実である自信のあらわれか、\n開き直っているのか……
0x001386c2	3	　\n　\n今日の現場検証では色々なことがわかった。
0x0013870c	5	　\n　\nオートロックのドア、\n防音設備が施《ほどこ》されたＶＩＰルーム、\n扶《ふ》き取《と》られていた指紋《しもん》致々……
0x0013878a	5	　\n　\nこれらは今後吟味《ぎんみ》するとして、\nひとつ気になったのが、\n第一発見者が近藤という、三浦の上司だったことだ。
0x00138804	4	　\n　\n会って話をしてみたいけど\nムリだろうな……
0x00138883	4	　\n　\n近藤はムリヤリにでもオレを\n犯人に仕立て上げようとしてるみたいだ。
0x001388d9	4	　\n　\nだけどオレは近藤とは飯識《めんしき》がない。\nオレをハメる理由はなんだ……？
0x0013895d	4	　\n　\nオレの部屋から出てきた被害者《ひがいしゃ》の名刺《めいし》……\nこれはなにを意味するんだ？
0x001389c6	4	　\n　\nオレは被害者《ひがいしゃ》と会った覚えがない。\n……あの名刺《めいし》はどこで手に入れたんだろう？
0x00138a33	3	　\n　\n………………
0x00138a6c	4	　\n　\n白川一利、沼崎栄太郎、近藤克美の三人は、\n高校時代の同級生……
0x00138ad3	3	　\n　\nこれも覚えておくべき情報だな。
0x00138b4c	5	　\n　\n当日、ＶＩＰルームに入った人物は、\n沼崎弁護士、近藤、朝等さん、そして若い男。\n警察はこの若い男がオレだと疑ってるようだが……
0x00138bd8	5	　\n　\nこの若い男の正体を探るには、\nまずは現場の聞《き》き込《こ》みから始めるべきなんだろうけど、\n限られた時間内で調べる価値があるかどうか……
0x00138c87	3	　\n　\nまさか、父親があんなものを残してたなんて……
0x00138cd0	4	　\n　\n……真犯人はこうなることを予測して\nオレをハメたんだろうか？
0x00138d23	5	　\n　\nまさかな。\nオレでさえ知らなかったことを\n知ってる人物なんて……
0x00138d8d	5	　\n　\n今日の取調べでは\n特に重要な情報はなかったな。\n間日に期待しよう。
0x00138dfb	4	　\n　\n……結局、無実を証間するまでには\n至らなかった……
0x00138e4d	5	　\n　\nただ、やれるだけのことはやったんだし、\n防犯カメラの証拠《しょうこ》もある。\n間日は惨を張って無実を訴《うった》えよう。
0x00138ede	4	　\n　\n今日は三浦と\n互角《ごかく》にわたりあえたな……
0x00138f2c	4	　\n　\nこの調子で\nどんどん調査を進めていくか……！
0x00138f7c	4	　\n　\n今日は分が義い状島で\n１日が終わっちまったな……
0x00138fcc	4	　\n　\nこのままじゃマズイぞ……\n打開策《だかいさく》を練《ね》らないと……
0x0013905c	3	　\n　\nそれと……
0x001390a6	3	　\n　\nあと……
0x001390de	3	　\n　\n次に……
0x001391db	4	　\n　\n……まぁ、予定通りというか、形式通りというか、\n釈放《しゃくほう》はされなかったな。
0x00139241	4	　\n　\n気になるのは、防犯カメラのビデオテープが、\n検事に饑いていなかったということだ。
0x001392a2	5	　\n　\n……警察拗に不利になる証拠《しょうこ》だったから、\nワザと送検しなかったのか……？\n……間日、三浦を問いつめてみようか。
0x00139325	5	　\n　\nそれは置いとくとしても、\nダメだったものは仕方がない。\n今度こそ本《マ》当《ジ》のラスト１０日だ。
0x00139394	5	　\n　\nこの間にオレの無実が証間できなかったら、\nオレは起《き》訴《そ》されてしまうだろう。\n残り１０日間、慎重《しんちょう》にいかないといけないな。
0x0013941d	5	　\n　\nその方針については、これからじっくり考えるとして、\nなんとかしなければならないのが、\n三浦の怖問《じんもん》だ。
0x0013948e	4	　\n　\n『殺人を犯していないという根拠《こんきょ》』……\nんなもん、わかってたらとっとと釈放《しゃくほう》されてるぜ。
0x00139501	3	　\n　\n………………
0x0013953a	4	　\n　\n結局、真犯人とその証拠《しょうこ》を提示するしか\n方法はないだろうな。
0x00139598	5	　\n　\n……ってことは、\n今後の方針としては、\n真犯人を枚《つ》き止《と》める方法を考えればいいわけだ。
0x00139608	5	　\n　\nそのためにも、クルーの整理をしておこう。\n必要なさそうな情報は、\n一旦《いったん》クリアしておいた方がいい。
0x00139859	3	　\n　\nさてと、これからどうしたもんかな……
0x001398b1	3	　\n　\n今日、得た情報を振《ふ》り返《かえ》ってみよう。
0x00139924	4	　\n　\n白川グループのトップ交代は\n一年前から計画されていた……
0x0013997b	5	　\n　\nそれに合わせて、水無月月司の復職の話も\nあったようだが、\n実際に復職したのはつい最近だ。
0x001399e6	5	　\n　\n水無月は被害者《ひがいしゃ》と相性が義かったらしいが、\n水無月の復職する時期に合わせて起きた殺人事件。\nただの決然《ぐうぜん》で片付けていいものだろうか……？
0x00139abe	4	　\n　\n源に水無月が犯人だとしたら、\nその動機は十分なものがある。
0x00139b14	5	　\n　\nしかも、水無月の復職と殺人事件が起きたタイミングが\n近いことも、\nただの決然《ぐうぜん》だとしらっと穢すだけ。
0x00139b8b	5	　\n　\n言い訳しないところが潔《いさぎよ》いと言えばそれっきりだが、\n水無月が綾《あや》しいことは確かだ。\n少しくらい弁解しても良いはずだ。
0x00139c0c	5	　\n　\nにも関わらず、\nアリバイをごまかしているような印象を受けるのは、\nオレの気のせいだろうか？
0x00139c6f	4	　\n　\n……水無月については、\n更《さら》なる調査が必要だ。
0x00139cfe	5	　\n　\n白川朗の話にはおかしな点は一切無い一方で、\nむしろ白川朗が犯行に関わっている可能性も\n考えられる。
0x00139d72	5	　\n　\nただ、一つだけハッキリしていることは、\n水無月月司と白川朗の間には、\n一定の信頼関係《しんらいかんけい》があるということだ。
0x00139e05	5	　\n　\n結局、水無月のアリバイが確定しない限り、\n水無月が真犯人である可能性は\n否定できないだろう。
0x00139e77	5	　\n　\nだが、水無月本人からアリバイを聞くことは\n難しそうだ。\nなぜかわからないが、彼はアリバイをごまかしている。
0x00139ee7	4	　\n　\nならば、彼の徠である水無月葵から、\n彼に関する情報を聞くしか方法がないな……
0x00139f86	4	　\n　\n水無月のアリバイが証間された。\nよって水無月は容疑者《ようぎしゃ》から外すことにしよう。
0x0013a02a	3	　\n　\n朝等さんからは色んな情報が聞けたな。
0x0013a070	5	　\n　\nまずは朝等さんのアリバイ……\nこれは本人から聞いた情報をもとに、\n動方飯から裏付けを取るしかないだろう。
0x0013a0e3	5	　\n　\n次に朝等さんと被害者《ひがいしゃ》の関係。\nこれは以前聞いたとおり、\n朝等さんは白川グループの元弁護士だったということ。
0x0013a165	5	　\n　\nそして沼崎弁護士と被害者《ひがいしゃ》の関係。\n仕事とプライベートをわけていた二人だったが、\n今や仕事上で重要なパートナーとなっていること。
0x0013a1f3	4	　\n　\nそして近藤刑事と被害者《ひがいしゃ》の関係。\n予想通り、裏で汚《よご》れた事をやっているようだ。
0x0013a264	5	　\n　\nそして一番気になる情報が、\n朝等さんが心臓移植手術を受けた病院が、\nおふくろが仕事していた宮上大付献病院だということ。
0x0013a2e8	3	　\n　\n………………
0x0013a321	3	　\n　\nこれは只《ただ》の決然《ぐうぜん》なんだろうか……？
0x0013a3ab	3	　\n　\n近藤の不正情報を握《にぎ》っている朝等さん。
0x0013a3f9	5	　\n　\n違法《いほう》スレスレの調査をするための保険を\n用意していたってわけか。\nさすがというか、なんというか……
0x0013a4a3	3	　\n　\n水無月は極度の店《ま》けず嫌《ぎら》い……
0x0013a4f0	5	　\n　\n水無月がアリバイをごまかしているような\n印象を受けていたが、\nこれってもしかしたら……
0x0013a58d	5	　\n　\n朝等さんの本名は吉本澄香で、\n白川真二との間に\n吉本ユミちゃんという娘《むすめ》がいる。
0x0013a612	5	　\n　\n……朝等さんに娘《むすめ》がいたことも驚《おどろ》きだけど、\nそれをオレに落く感じさせなかったのは、\nさすがというか……
0x0013a689	4	　\n　\n……それとも法子が言うとおり、\nオレが単にニブイだけか……！？
0x0013a71c	4	　\n　\nおふくろの心臓が朝等さんに移植されたことが\nこれで確定した。
0x0013a770	3	　\n　\n………………
0x0013a7a9	3	　\n　\nなんか、複雑な気分だぜ……
0x0013a825	4	　\n　\nおふくろは白川真二の二年先輩《せんぱい》、か。\nしかも白川真二はおふくろに憧《あこが》れていた……
0x0013a896	4	　\n　\n……色々と複雑だな。\n人間関係も、そしてその裏に喉《ひそ》む想いも……
0x0013a8f8	4	　\n　\nこの事件が解倚した時、\nオレはどこへ向かえばいいんだろうか……？
0x0013a9a4	5	　\n　\n近藤に証拠閣衛《しょうこいんめつ》されてしまった、\n防犯カメラの映像は、\nもう残っていない……
0x0013aa10	4	　\n　\n残念だが、ないものは仕方がない。\n別の方法で自分の無実を槍らすしかないってことだ！
0x0013aab0	4	　\n　\n沼崎弁護士から聞いた情報の中には、\n疑問に感じる点がいくつかあった。
0x0013ab0e	3	　\n　\nまずは沼崎弁護士と被害者《ひがいしゃ》の関係だ。
0x0013ab5f	5	　\n　\nずっと仕事とプライベートを分けていた二人が、\nどういう心境の変化があって、\n一緒《いっしょ》に仕事をするようになったのか？
0x0013abdc	4	　\n　\nそして被害者《ひがいしゃ》と近藤刑事の話を聞いた時の\n間確な不快感は何を意味するのか。
0x0013ac48	4	　\n　\n更《さら》になによりも、\n沼崎弁護士のアリバイのあやふやさ。
0x0013ac9d	5	　\n　\n沼崎弁護士がトイレにいたという時間に、\nオレと被害者《ひがいしゃ》はちょっとしたトラブルを起こしていたが、\nそれを知らないと言う。
0x0013ad1d	4	　\n　\nこの件に関しては\n必意して調査する必要があるだろう。
0x0013adb5	5	　\n　\n被害者《ひがいしゃ》が一押惚《ひとめぼ》れして再婚《さいこん》したという話は\nのぞみも言っていたが\n確かに意外だった。
0x0013ae2e	4	　\n　\n被害者《ひがいしゃ》は仕事に注しい人間だという印象が\nあったからだろう。
0x0013ae8b	5	　\n　\nでも、年齢《ねんれい》を重ねるうちに、\n少しずつ人が変わっていくということは\n普通《ふつう》にあるといえばそれまでなんだが……
0x0013af40	4	　\n　\n座の移植手術に付《つ》き措《そ》い、\n一緒《いっしょ》に渡欧《とおう》したという話も気になる。
0x0013afaf	4	　\n　\n結果、真二は移植手術に失敗し、\n心臓が一利へ移植された……
0x0013b02c	3	　\n　\n………………
0x0013b065	4	　\n　\n気にするなと言う方が難しいよな、\nやっぱり……
0x0013b0eb	5	　\n　\n沼崎弁護士がすべてを自白した。\n彼の言うことが本当ならば、\n彼は真犯人ではない。
0x0013b152	5	　\n　\nとはいえ、ウソを付いている様には思えなかったし、\n話に矛盾《むじゅん》もなかったことから、\n信用してもいい話だと思う。
0x0013b1c9	4	　\n　\n沼崎弁護士は\n容疑者《ようぎしゃ》から外して問題ないだろう。
0x0013b274	4	　\n　\n……白川真二が沼崎弁護士に話した、\n自分の渇罪《しょくざい》。
0x0013b2d7	5	　\n　\nその結果が今回の事件が起きた理由の一端《いったん》だとしたら、\nオレが考えていた以上に、\n複雑な人の想いが交鐃《こうさく》した事件だと言わざるを得ない。
0x0013b36d	4	　\n　\n時間が解倚する……なんて言葉があるけど、\n人間はそんな単純な生き物ではないってことだな……
0x0013b413	4	　\n　\nやっぱりおふくろは父親が白川一利に殺された事を\n知っていた……
0x0013b46a	4	　\n　\nしかも、それを問いつめたことによって、\n白川一利に殺された可能性がある……
0x0013b4c9	5	　\n　\n確認しようにも、白川一利はもうこの世にいない。\nけど、オレがもっと陽くこの事実を枚《つ》き止《と》めていればと\n思うと、やりきれないものがある……
0x0013b554	5	　\n　\nだけどあの時のオレにはそんな余巻《よゆう》はなかった……\n今になってこの事実を知るのは、\nなにかの運命を感じるな……
0x0013b606	5	　\n　\n朝等さんとおふくろの移植手術が同じ日……\nこれでおふくろの心臓が朝等さんに移植されたことが\n客観的にも証間されたわけだ。
0x0013b698	4	　\n　\n問題はその移植手術の過程。\n臓器移植機構にはその記録がなかったこと。
0x0013b6f9	4	　\n　\n……まさか今回の事件が、\nおふくろの死にまで関係してくるとは思わなかったぜ……
0x0013b75a	5	　\n　\nとにかく、この件に関しては事実が知りたい。\nいや、オレは知らなければならないんだ！！\nオレは真犯人じゃないが関係者の一人ではあるのだから！
0x0013b81b	4	　\n　\n播磨直正……\nすべての真実はこの耳者に集約するような気がする……
0x0013b877	5	　\n　\n播磨は今、どこにいるのか？\n外国なのか？\nそれとも意外に近いところにいるのか……？
0x0013b91a	4	　\n　\n事件当日、\n水無月がゲームセンターに行っていた事は判間した。
0x0013b973	4	　\n　\nけどそれによって\n水無月のアリバイが証間されたわけじゃない。
0x0013b9c5	3	　\n　\nさて、どうやって裏付けをとるとするか……？
0x0013ba48	4	　\n　\n安代の自殺の件について法子が黙《だま》っていたのは、\n沼崎弁護士の指示だったらしい。
0x0013bacb	4	　\n　\n５年のブランクがあるとはいえ、\nオレももう少し法子を信用すべきだったな……
0x0013bb28	4	　\n　\nでも、こうやって言いたいことを言い合って、\n胖《きずな》は深まっていくものだと、オレは思う。
0x0013bb8e	4	　\n　\n……なんて、自分の行動を正当化したりしてな、\nハハハ。
0x0013bc1d	5	　\n　\n朝等さんと吉本刑事が口論していた……\nしかも、あのクールな吉本刑事が\n結構熱くなっていたらしい。
0x0013bc8d	5	　\n　\n二人の間に何があったんだろう？\n……まぁ、\n朝等さんが何かやらかしたんだろうけど。
0x0013bd2a	4	　\n　\n綾《あや》しいと思っていた４人の容疑者《ようぎしゃ》。\nその中で朝等さんだけがアリバイが確定しない……
0x0013bd9c	3	　\n　\n………………
0x0013bdd5	3	　\n　\nやっぱり、朝等さんが真犯人なんだろうか……？
0x0013be5c	3	　\n　\nまさか、のぞみの実母が自殺していたとはな……
0x0013bea6	4	　\n　\nそれによって美佐恵が被害者《ひがいしゃ》の再婚相手《さいこんあいて》であり、\nのぞみの全母《ままはは》であることがわかったが……
0x0013bf25	5	　\n　\n法子がこの件について、\nオレに報浦しなかったのはなぜか……？\n間日、確認しないとな……
0x0013bfc8	3	　\n　\nよしもとゆみ、か……
0x0013c002	4	　\n　\nそんなに気にすることでもないような気もするけど、\n重要な手がかりのような気もする……
0x0013c062	4	　\n　\n……関係者の間でよしもと姓《せい》なのは、\n吉本清香のみだけど……？
0x0013c0fc	3	　\n　\nあの沼崎弁護士が不倫《ふりん》をしてたとは……
0x0013c14a	5	　\n　\nオレ自身、沼崎弁護士と直接会って話した訳じゃないから\n彼の人柄《ひとがら》を知っているわけじゃないけど、\n話を聞く限りそんな人ではないと思っていた。
0x0013c1da	5	　\n　\n……まぁ、オレがとやかく言う事じゃないけど、\n事件の容疑者《ようぎしゃ》として動機に投《つな》がる可能性もあることから、\nマークする必要はあるだろう。
0x0013c2a4	4	　\n　\n朝等さんの元恋人《もとこいびと》の名前は白川真二。\n彼は既《すで》に亡くなっている、か。
0x0013c349	3	　\n　\n………………
0x0013c382	5	　\n　\n弁護士の件といい、\nオレの知らないところで朝等さんも\nだいぶ苦労していたみたいだな……
0x0013c421	4	　\n　\n水無月月司が復職するという話は\n一ヶ月前から具体化《ぐたいか》していたらしい。
0x0013c486	5	　\n　\nオレは一つ勘違《かんちが》いをしていた。\n白川一利が亡くなったからこそ、\n水無月月司の復職が具体化《ぐたいか》したのだと思っていた。
0x0013c50d	5	　\n　\n水無月は復職にあたって一利が邪魔《じゃま》だから殺した？\n……なんて、新たな動機も考えられなくはないが、\n逆に一ヶ月かけて関係を修復していたとも考えられる。
0x0013c5a6	4	　\n　\nこの一ヶ月間、どのような過程で復職が実現したのか、\n気になるところだな……
0x0013c642	5	　\n　\nまさか、近藤が証拠閣衛《しょうこいんめつ》していたとは参った。\nこれじゃ、いくら有力な証拠《しょうこ》を掬《つか》んでも、\n警察に提示するのは巖《さ》けた方がいいな。
0x0013c6dd	4	　\n　\n近藤を浦発《こくはつ》するにしても、\n下手な証拠《しょうこ》じゃ握《にぎ》りつぶされるだけだろう。
0x0013c749	5	　\n　\n……ならば、有力な証拠《しょうこ》を手に入れたとしても\n裁判までこちら拗で控《ひか》えておく事になるけど、\nできれば裁判まで持《も》ち込《こ》みたくはない……
0x0013c7de	4	　\n　\n……クソッ！！\nオレが自由の身なら近藤を道《お》い詰《つ》めてやれるのに……！！
0x0013c87f	3	　\n　\n朝等さんと吉本刑事は姉徠だってことがわかった。
0x0013c8df	4	　\n　\n吉本刑事は真飯押なんだな。\n義く言えば潔層性《けっぺきしょう》なんだ。
0x0013c93e	4	　\n　\n自分が正義と考える範囲《はんい》が胱《せま》すぎる上に、\n思《おも》い込《こ》みが治しすぎる。
0x0013c9ac	4	　\n　\nまぁ、純薬《じゅんすい》なんだと言えば、\nそうなのかもしれないけどさ。
0x0013ca3e	4	　\n　\n朝等さんの恋人《こいびと》だった白川真二と、\nおふくろが高校時代の先輩後輩《せんぱいこうはい》の間がら……
0x0013cad5	3	　\n　\n………………
0x0013cb0e	4	　\n　\nなんだろう。\n惨がドキドキする……
0x0013cb52	4	　\n　\nようやく、この事件の相関関係の一番深くまで\n辿《たど》り着《つ》いたような気がするぜ……
0x0013cbbc	4	　\n　\nあとは絡《から》まった歯をほぐすだけ……\nその先にきっと真実が待ってるハズだ！！
0x0013cc56	4	　\n　\n三浦が思わせぶりなことを言っていたな。\n朝等さんから浦発《こくはつ》を受けたって……
0x0013ccba	4	　\n　\nそのうちの一つが、\n例の防犯カメラの映像だ。
0x0013cd05	4	　\n　\n持っていたのなら、\nもっと陽く教えてくれればいいのに……
0x0013cd54	3	　\n　\n………………
0x0013cd8d	4	　\n　\nいや、下手に教えるわけにもいかなかったのか。\n近藤に閣衛《いんめつ》される可能性があったわけだからな。
0x0013cdfb	4	　\n　\n……ってことは、もう一つの浦発《こくはつ》も\nやっぱり近藤に関係するものなのか……？
0x0013ce60	3	　\n　\n……クソ、気になるぜ！！
0x0013cecc	5	　\n　\n朝等さんから受けたもう一つの浦発《こくはつ》は、\n近藤の不正に関する証拠《しょうこ》だった。\nそれを三浦にこのタイミングで提出するところはさすがだ。
0x0013cf5a	5	　\n　\nオレと三浦の関係を監視《かんし》していて、\n三浦がオレを真犯人じゃないかもしれないと\n思い始めたタイミングで提示する。
0x0013cfd5	4	　\n　\n結果が、これだ。\n事件の空気を読む能力は、ホント、見習いたいぜ。
0x0013d05f	4	　\n　\n近藤が自白した。\n結果的に朝等さんに助けられた形だ。
0x0013d0b3	4	　\n　\nだけど、近藤が事件の真犯人ではなかった。\nこの真犯人はオレ自身が見つけなければならないわけだ。
0x0013d11f	5	　\n　\nいや、見つけて、そして捕《つか》まえなければならない。\n５年間、探偵としてやってきた、\nオレのプライドにかけて！！
0x0013d1c3	4	　\n　\n朝等さんがいなくなった。\n捜《さが》していた人物が見つかったかららしいが……
0x0013d220	3	　\n　\n………………
0x0013d259	3	　\n　\n朝等さん……
0x0013d2ad	4	　\n　\n今日は特に重要そうな情報はなかったな。\n間日に期待しよう。
0x0013d339	4	　\n　\n今日は三浦と\n互角《ごかく》にわたりあえたな……
0x0013d387	4	　\n　\nこの調子で\nどんどん調査を進めていくか……！
0x0013d3d7	4	　\n　\n今日は分が義い状島で\n１日が終わっちまったな……
0x0013d427	4	　\n　\nこのままじゃマズイぞ……\n打開策《だかいさく》を練《ね》らないと……
0x0013d492	4	　\n　\nいよいよ間日が、最終日か。\n覚朗《かくご》を倚めなきゃな……
0x0013d520	3	　\n　\nそれと……
0x0013d56a	3	　\n　\nあと……
0x0013d5a2	3	　\n　\n次に……
0x0013d8f0	2	【男】\nはぁ……、はぁ……、はぁ……
0x0013d95e	3	【男】\nい、いい加減にしろ……\n私がなにをしたって言うんだ！！
0x0013d9a8	2	【？？？】\n…………
0x0013d9d5	2	【男】\nお前に殺されることなど、な、なにも……
0x0013da87	2	【男】\n……っ！？
0x0013daf2	3	【男】\nハ……ハハハ…………\nう……撃《う》たないよな……
0x0013db3d	2	【？？？】\n…………
0x0013db6f	4	【男】\nな、なにが望みなんだ……！？\n金か……！？\nそ、それとも彼女のことなのか……！？
0x0013dbca	3	【男】\nお前の望み通りにするっ！\nだから……命だけは助けてくれっ！
0x0013dce7	3	【？？？？】\nフフ…\nこれでいい…
0x0013dd19	3	【？？？？】\nここまではオレの思うとおりに\n事が進んでいる。
0x0013dd5a	3	【？？？？】\nさぁて、オレまで辿《たど》り着《つ》くことが\nできるかな…
0x0013dda8	2	【？？？？】\nフフフ…
0x0013de16	3	【？？？】\n……ちゃん\nコウちゃん……
0x0013de51	2	【光志】\n…………ん。
0x0013dea2	3	【光志】\nんん………\nあれ、母さん……どうしたの……？
0x0013deea	2	【佳代】\n久しぶりね、コウちゃん……
0x0013df1e	2	【光志】\nん……久しぶり……って……
0x0013df55	2	【光志】\n…………
0x0013df80	4	【光志】\nそうか……\n母さんは５年前に\n亡くなったんだっけ……
0x0013dfce	3	【光志】\n……イタタ……埜み過ぎて、\n緩がぼおっとしてて……ッテテ……
0x0013e01b	3	【佳代】\n…………\nコウちゃん……元気そうね……
0x0013e05b	4	【光志】\nそりゃ、元気だけが取《と》り柄《え》だから……\nま、今は轉でフラフラだけどね、\nははは……
0x0013e0ba	4	【佳代】\nふふ、良かった。\nどんなにツラいときでも、\n笑顔があれば乗《の》り皷《こ》えていけるわ……
0x0013e116	4	【光志】\n……捺《なつ》かしいな、その言葉。\n母さんが生きてたとき、\nいつも言ってたよな……
0x0013e175	3	【光志】\n笑顔があればツラいことも\n乗《の》り皷《こ》えられるって……
0x0013e1be	4	【佳代】\nコウちゃん……がんばって……\nこれからツラいことや悲しいことが\nたくさん待っているわ……
0x0013e21a	3	【佳代】\nそれでも、あなたは真実を\n知らなくちゃいけない……
0x0013e261	2	【佳代】\n彼女を助けるためにね……
0x0013e295	3	【光志】\nえ……\nどういうことだよ、母さん？
0x0013e2ce	3	【佳代】\nコウちゃん、笑顔よ。\n触れないで……
0x0013e3c6	2	【光志】\nちょ……待って、母さん！
0x0013e460	2	【光志】\n…………
0x0013e48b	2	【光志】\n夢……だったのか……？
0x0013e4bf	2	【光志】\nって……どこだっけ、ここ……？
0x0013e4fc	5	【光志】\nそうだ。\nたしか朝等《あさつゆ》さんと\n事件解倚のお撹いをしていて、\n轉をどんどん必《つ》がれて……
0x0013e568	3	【光志】\nあ、ダメだ……\n眠《ねむ》いわ……
0x0013e5a4	2	【光志】\n……グウ……
0x0013e60b	6	　\n　\n轉にはそんなに強くない。\n下《げ》戸《こ》って程じゃないけど、\nグラスで２～３杯《ばい》も埜めば、\n地飯がかたむく。
0x0013e678	7	　\n　\nだけど、人と埜む轉は嫌《きら》いじゃない。\nこの日はお撹いということもあり、\n限界の十倍は埜んでいただろう。\n最後の堂に着いた時には、\n夢と現実を行き来していた。
0x0013e704	5	　\n　\nそう、あの時オレは不思議な夢を見た……\n５年前に亡くなったおふくろ……\nそして心臓の餞動《こどう》……
0x0013e771	6	　\n　\n生と死の境界は\nどこにあるのだろう？\n亡くなっても生き続けるというのは\nどういう気持ちなのだろう？
0x0013e7cc	6	　\n　\nその答えの先に待っていたのは\n大切な人を楽りたいという想いが\n交鐃《こうさく》した、\n悲しく切ない物語だった。
0x0013eb7f	2	【光志】\n…………
0x0013ebb8	3	【光志】\nなんでオレ、\nこんなとこにいるんだ……？
0x0013ec26	4	【光志】\n…………\nそっか。\nオレ、逮捕《たいほ》されたんだっけ……
0x0013ec83	4	【光志】\nどうも、まだ緩がすっきりしないな……\n埜みすぎたせいか記憶《きおく》も曖昧《あいまい》だ……\nえっと……
0x0013ed0f	5	【光志】\n（オレの名前は、斉藤《さいとう》光志《こうじ》。\n職業は探偵《たんてい》。\n年齢《ねんれい》は２５歳《さい》。\nついでに性別は男）
0x0013edba	5	【光志】\n（昨日の朝……\n２人の刑事《けいじ》がやってきて、\n半分強制的に\nここへ連れてこられて……）
0x0013ee7b	3	【光志】\n（まともに話も聞いてもらえず、\n夕方には逮捕状《たいほじょう》をつきつけられて……）
0x0013eee7	4	【光志】\n（今や立派な\n殺人事件の容疑者《ようぎしゃ》である、と……\nうん、だんだん意識がはっきりしてきた）
0x0013efd0	2	【光志】\n（堅物《カタブツ》がやってきたよ……）
0x0013f01c	3	【光志】\n（やあブラザー！\nどうだい、調子は？）
0x0013f069	4	【光志】\n（……とかさ、さわやかに挨拶《あいさつ》しながら\n入って来れないもんかね。\nただでさえ重苦しい雰《ふん》囲《い》気《き》なのに）
0x0013f113	2	【三浦】\n昨夜《ゆうべ》は眠《ねむ》れたか？
0x0013f15b	3	【光志】\nええ、グッスリ寢ましたよ。\n快適なベッドをありがとうございました。
0x0013f1dc	2	【三浦】\nそうか、それなら良かった。
0x0013f22a	4	【三浦】\nグッスリ眠《ねむ》れたなら、\n覚えていないという犯行の記憶《きおく》も、\n思い出せたんじゃないのか？
0x0013f29b	2	【光志】\n（……皮崗を皮崗で返すなよ）
0x0013f2e3	5	【光志】\n残念ながら、\n記憶《きおく》は戻《もど》りそうもないですよ。\nあの夜は\nしたたか畭《よ》ってましたからね……
0x0013f37e	4	【三浦】\n昨日も言ったが、\nそんなに都合のいい触れ方など\n信じるつもりはない。
0x0013f400	5	【三浦】\nそんな言《い》い逃《のが》れに\n付き合う時間もない。\nなにしろ、逮捕《たいほ》から４８時間以内に\nお前を送検しなければならないからな。
0x0013f48f	3	【光志】\nでも、バーのマスターが\nオレの畭《よ》った姿を見てます。
0x0013f4e3	4	【光志】\nそれに、オレといっしょに埜んでた\n探偵《たんてい》事務所の所長からも\n話を聞いてもらえばわかるはずです。
0x0013f555	2	【光志】\n……オレが無実だってことはね。
0x0013f5c0	4	【三浦】\nフン……おめでたいヤツだ。\nそんなことで槍れる容疑《ようぎ》なら、\n逮捕《たいほ》したりはしない。
0x0013f653	3	【三浦】\n素直に自白することを\nおすすめしておくぞ、斉藤。
0x0013f6ce	4	【三浦】\nなにせ、こちらは……\nお前が犯人であるという、\n倚定的な証拠《しょうこ》をつかんでいる。
0x0013f739	2	【光志】\n倚定的な証拠《しょうこ》……！？
0x0013f791	3	【三浦】\nお前は以前に一度、\n逮捕《たいほ》されたことがあったな？
0x0013f7e8	4	【光志】\n…………\nターゲットの尾行《びこう》中《ちゅう》、\n変質者に間違われただけですよ。
0x0013f879	3	【三浦】\n別にその事件のことを\n責めているわけじゃない。
0x0013f904	5	【三浦】\nお前も覚えているだろう？\n逮捕《たいほ》されたあと、\n身体検査と指紋《しもん》の採取が\nあったことを。
0x0013f9a2	4	【三浦】\nそのとき採取した指紋《しもん》が\nお前を逮捕《たいほ》した倚定的な証拠《しょうこ》に\nなっている。
0x0013fa18	3	【光志】\n……指紋《しもん》が？\nどういうことですか？
0x0013fa8c	4	【三浦】\n……さて、このまま較心《かくしん》に迫って\nいいものだろうか？\nどう思う、斉藤？
0x0013faf2	4	【光志】\nどう思うもなにも、\nそこまで言っておいて較心《かくしん》に\n迫《せま》らないってのがわかりませんね。
0x0013fb84	5	【三浦】\nお前は記憶《きおく》がないと主張している。\nつまり、我々の捜査《そうさ》結果《けっか》に合わせて\n自由に記憶《きおく》を取り戻《もど》せるわけだ。\n都合のいい記憶《きおく》をな。
0x0013fc46	4	【光志】\n……つまり、今度の取調べで\nオレがウソをつくと\n思っているわけですね。
0x0013fccd	3	【三浦】\nすでにウソをついているだろう。\n記憶《きおく》がないというウソをな。
0x0013fd2f	3	【光志】\nウソじゃない！\n本当に記憶《きおく》がないんだっ！
0x0013fda6	4	【三浦】\nどちらにせよ、\nこのまま事件のタネを間かさないほうが、\nこちらにとっては有利ということだ。
0x0013fe32	2	【三浦】\nさて……どうする？
0x0013fe6f	3	【光志】\n（……なるほどね。\nオレの動揺《どうよう》を誘《さそ》ってるのか……）
0x0013fecf	4	【光志】\n（こいつ、単なる堅物《カタブツ》じゃないな。\nかなりのキレ者を\n相手にしちまったみたいだ……）
0x0013ff3d	4	【光志】\n……オレは轉に畭《よ》いつぶれて\nそのときの記憶《きおく》がない、と\n言ったんですよ。
0x0013ffa4	5	【光志】\nこの言葉が本当にせよウソにせよ、\nそっちから事情を\n説間してもらえないかぎり、\nオレはなにも話せない……
0x00140016	2	【光志】\n違《ちが》いますか？
0x0014007a	2	【三浦】\n……言うじゃないか。
0x001400df	4	【三浦】\nいいだろう、事件のおさらいだ。\n昨日の説間と被《かぶ》る点もあるが、\n話を整理するためと理解してくれ。
0x001401b3	5	【三浦】\n被害者《ひがいしゃ》は白川《しらかわ》一利《いちろう》。\n住宅メーカーでもトップクラスの\nシェアを鉾《ほこ》る白川ハウジングの各長で、\n白川グループのトップだった男だ。
0x001402a7	4	【光志】\n（被害者《ひがいしゃ》について……か。\nなにも覚えていない今、\n少しでも情報がほしい……）
0x0014031a	3	【光志】\n（情報は事件という大きな絵《パズル》の\n破片《ピース》……）
0x0014037a	3	【光志】\n（重要な情報は\n覚えておかないとな……）
0x001403d6	4	【光志】\n（それにしても……白川一利？\n会ったことはないはずだけど……\nなにか引っかかる……）
0x0014047e	4	【三浦】\n白川が殺されたのは、\nバー『ライトブルー』内の\nＶＩＰルーム。
0x001404e8	3	【三浦】\n日時は２００９年１１月１１日水曜日\n午前０時４４分前後。
0x0014062d	4	【光志】\n（ライトブルー……\nそうだ。\nたしか、そんな名前のバーだったな）
0x00140695	4	【三浦】\n凶器《きょうき》は３５９マカレフ。\nこいつが堂外のゴミ箱に\n棄《す》てられていた。
0x00140726	5	【三浦】\n発砲《はっぽう》は一発。\nＶＩＰルーム内で見つかった弾《たま》と\n線条痕《せんじょうこん》が一幸《いっち》したことから、\nこの拳銃《けんじゅう》から発砲《はっぽう》されたものと断定。
0x001407e1	4	【三浦】\nちなみに弾《たま》はあと２発分残っていた。\n死因は、銃撃《じゅうげき》を受けたショックによる\n急性心不落と見られる。
0x00140861	3	【光志】\n急性心不落……？\nショック死ってことか。
0x001408ef	4	【三浦】\nそして、その銃《じゅう》には\nお前を逮捕《たいほ》するきっかけとなった\n『指紋《しもん》』がついていた。
0x00140968	2	【光志】\n……はあっ！？
0x001409b2	3	【光志】\nそんなバカな……\nオレの指紋《しもん》だって！？
0x00140a33	4	【三浦】\nその通り……\nこれこそがお前の犯行だという、\n動かぬ証拠《しょうこ》だ！
0x00140a9e	4	【光志】\nそ、そんなこと、あり得ない！\nオレはその白川ってヤツに\n会ったこともないんだ！
0x00140b24	2	【三浦】\nフン……
0x00140b81	3	【三浦】\nお前がいくらあり得ないと言っても、\n現実に指紋《しもん》が残っていたんだ。
0x00140c12	4	【三浦】\n反論するなら、\nこの事実を満得いくよう\n説間してみろ！
0x00140c68	2	【光志】\nぐううっ……！！
0x00140ccb	4	【三浦】\nもうひとつ。\nお前は先ほど、白川一利に\n会ったことがないと言ったな？
0x00140d36	4	【三浦】\nだが、事件直前にお前が白川一利と\n口論していたのを押撃《もくげき》した者がいる。\nしかも１人だけではなく複数人だ。
0x00140dbb	3	【光志】\nそんな……\nぜんぜん覚えてないぞ！
0x00140e1c	3	【三浦】\n凶器《きょうき》の指紋《しもん》、\nそして押撃者《もくげきしゃ》……
0x00140e89	3	【三浦】\nここまで揃《そろ》っているのに\nまだ認められないのか？
0x00140ee3	2	【光志】\n……オレはやってない……！
0x00140f4c	4	【三浦】\nわかっているとは思うが、\n殺人罪に問われた場合、\n最義、死刑《しけい》もあり得る。
0x0014100d	4	【三浦】\nだが、自分から罪を認めれば、\n反省の意思を裁判節にアピールできる。\n心証《しんしょう》が良くなれば減目《げんけい》もあり得る。
0x001410c3	2	【三浦】\n自白するなら今のうちだ。
0x00141104	3	【光志】\nでも、罪を認めてしまえば\n有罪は確定なんだろう？
0x00141155	2	【光志】\nなら、答えは倚まっている。
0x00141197	4	【光志】\n何度も言うが、オレは轉に畭《よ》いつぶれて\n当時の記憶《きおく》がないんだ。\n記憶《きおく》がない以上、自白もできない！
0x00141256	3	【三浦】\nつまり、あくまで言《い》い逃《のが》れを\nするわけか。
0x001412b2	3	【光志】\n言《い》い逃《のが》れじゃないっ！\nこれは否認だ！！
0x0014135e	4	【三浦】\n……報浦に上がってきた証拠《しょうこ》はすべて、\nお前が犯人だと浦《つ》げている。\n私はそれらの証拠《しょうこ》に彩って判断した。
0x001413f4	5	【三浦】\nこれらすべてに反論して\n無罪が立証《りっしょう》できないのであれば……\n自白しておいたほうが\nよほど救われると思うのだがな。
0x00141471	3	【光志】\n……いいだろう。\n反論してやるさ。
0x001414fe	3	【三浦】\nそれでは、\n怖問《じんもん》をさせてもらう。
0x0014155b	3	【三浦】\n説間の義務もあるので\nあらためて伝えておく。
0x001415b5	4	【三浦】\nお前には黙秘権《もくひけん》がある。\n都合の義いことはなにも話さなくて\nいいという権利だ。
0x00141631	4	【三浦】\nお前が発言したすべての言葉には、\n有利、不利を問わず、\n証拠《しょうこ》として採用される可能性がある。
0x001416b8	4	【三浦】\n逆に、黙《だま》っていれば証拠《しょうこ》として\n採用されることはない。\n覚えておくんだな。
0x0014173e	3	【三浦】\nもちろん私の怖問《じんもん》に反論してもいいが、\nその場合は筋の通った反論を期待する。
0x001417e8	5	【三浦】\n筋の通っていない反論をした場合は、\n事件に対する反省がないものとし、\nその旨《むね》を報浦書に記載《きさい》して\n検事に提出させてもらう。
0x00141889	3	【三浦】\nそれは裁判節の心証《しんしょう》と直結するから、\nそのつもりでいることだ。
0x0014191c	2	【三浦】\nでは、これより怖問《じんもん》をおこなう。
0x00141a31	2	【三浦】\n……フム、こんなものか。
0x00141ab0	4	【三浦】\n間後日には引き当たりで、\nイヤでも\n記憶《きおく》を蘇《よみがえ》らせてやろうじゃないか。
0x00141b1e	4	【光志】\nかまいませんよ。\nこっちも記憶《きおく》を取り戻《もど》すきっかけが\n欲しいですからね。
0x00141b8e	3	【警察節】\n三浦刑事。\n少々よろしいですか？
0x00141bff	2	【三浦】\nなんだ？
0x00141c66	2	【警察節】\n…………
0x00141ca1	2	【三浦】\n…………なに？
0x00141d0f	2	【警察節】\nそれでは失礼いたします。
0x00141d5b	2	【三浦】\n…………
0x00141d94	4	【光志】\nなんです？\n男に見つめられるのは\n趣味《しゅみ》じゃないんですけどね。
0x00141e2d	4	【三浦】\n斉藤。\nお前に接見を希望している者が\nいるそうだ。
0x00141e85	3	【光志】\nオレに接見？\n……誰《だれ》ですか？
0x00141edd	3	【三浦】\n行けばわかるだろう。\n吉本《よしもと》順、あとは頼《たの》む。
0x00141f5d	2	【吉本】\nはい。
0x00141f9c	2	【光志】\nおい、ちょっとアンタ……
0x00142002	2	【吉本】\n行きます。
0x0014203a	2	【光志】\n……わかったよ。
0x001423db	3	【光志】\n（オレに接見か……\n朝等さんかな？）
0x00142460	2	【女性】\n…………
0x0014249e	3	【光志】\n（……オレは今、\nどんな表情をしてるんだろう……）
0x001424f2	2	【光志】\nその……ひさし……ぶりだな。
0x00142536	3	【光志】\n（名字で呼ぶのもよそよそしいし、\n名前で呼ぶのも気安い感じがする……）
0x00142598	4	【光志】\n（……オレにはまだ、\n彼女を狭のように呼ぶ資格が\nあるのか？）
0x001425f4	2	【光志】\n（彼女を裏切ったオレに……）
0x001426e0	2	【女性】\n…………
0x00142726	2	【女性】\n…………グス。
0x00142764	3	【光志】\n…………え？\nおい、皎いてんのか？
0x001427bb	3	【女性】\n…………\n当たり前……じゃない……
0x00142807	2	【光志】\n……ごめん……法子《のりこ》……
0x0014285e	4	【法子】\n今日、ニュースで事件を知って……\nコウジが捕《つか》まったって\n報道されてたから……
0x001428ed	4	【法子】\n私、じっとしてられなくて……\nだからコウジが逮捕《たいほ》された警察署を\n探しだして……
0x00142969	3	【法子】\n５年ぶりなのに\nこんなかたちの再会なんて……
0x001429b6	2	【光志】\n（変わってないな、法子……）
0x00142a55	3	【光志】\n（大学時代、法子とは\nずっと一緒《いっしょ》にいたっけ……）
0x00142ab2	4	【光志】\n（だまって姿を恠した\nオレのこと……\n恨《うら》んでるとばかり思ってた……）
0x00142b2c	5	【光志】\n（……捺《なつ》かしいな。\nあの頃《ころ》に戻《もど》りたいぜ……\n弁護士を押指していた、\nあの頃《ころ》に……）
0x00142c0e	3	【光志】\n（……でも、\n今のオレは……）
0x00142c6a	4	【法子】\nどうして？\nどうしてこんなことに\nなっちゃってるの？
0x00142cb7	3	【光志】\n……法子、オレの話を聞いてくれ。\n言いたいことは一言だけだ。
0x00142d12	2	【法子】\n…………
0x00142d51	2	【光志】\nオレはやってない。
0x00142db8	2	【法子】\n…………
0x00142e48	2	【法子】\n……コウジ、変わってないね。
0x00142eb3	4	【法子】\n覚えてる？\n蠡墨教氏《せんせい》に疑われた、\nあの事件……
0x00142f0e	5	【光志】\nああ、覚えてる。\nひどい話だったよ。\nだいたい、オレが蠡墨のヅラを閣《かく》して\nなんの得をするってんだ。
0x00142f8e	5	【法子】\n状踏証拠《じょうきょうしょうこ》はすべて\nコウジが犯人だって示してたわ。\nでもコウジは言い訳もせず、\nたった一言だけ。
0x0014300b	3	【光志】\nそういえばそうだったな。\nあのときも『オレはやってない』だった。
0x00143086	3	【法子】\nそのあとコウジったら、\nあっさり真犯人を見つけてきて……
0x001430db	3	【光志】\n犯人って言っても人間じゃなくて、\nゼミで潜っていた犬《ポチ》だったけどな。
0x0014313d	4	【光志】\nうーん、捺《なつ》かしいなあ……って、\n殺人事件とヅラ恠失事件は\n同じレベルじゃないだろう！？
0x001431d6	3	【法子】\n同じよ。\nコウジの真実とその言葉は、ね。
0x00143224	2	【光志】\n……そうか。
0x0014325e	3	【光志】\nありがとう、法子。\nようやく自分のペースを取《と》り戻《もど》せそうだ。
0x001432bf	5	【光志】\n義かったな、こんな物騒《ぶっそう》なところまで\n来てもらって……\n初めてだろう？\nこういう場所。
0x0014333a	3	【法子】\nううん、そんなことないよ。\n仕事柄《しごとがら》、何回か来たことがあるもの。
0x0014339c	4	【光志】\n仕事柄《しごとがら》？\n……ってことは法子、\n弁護士になれたのか？
0x00143409	4	【法子】\nうん、なんとかね。\n去年、司法修習が終わったばかりの\nヒヨっ子だけど……
0x0014346b	4	【光志】\nそうか……！\n良かったな！\n夢を錯《かな》えたんだな！
0x001434e6	2	【法子】\n……ありがとう、喜んでくれて。
0x0014352b	5	【光志】\n当然だろ！\nくう～～～っ！\nこんな状踏《じょうきょう》じゃなきゃ、\n絆杯《かんぱい》したいところなのになぁ！
0x001435a1	3	【光志】\nまあでも、轉のおかげで今\nエライ押にあってるしなぁ……！
0x001435fc	3	【光志】\nフゥ……\nなんとかならねえかな……
0x00143693	5	【法子】\nあ、あの。\nコウジ？\n私にできることなら\nなんでも言ってね？
0x001436e9	4	【光志】\nできること？\nそう言ってくれるのは\nうれしいけど……
0x00143738	2	【光志】\n……待てよ？
0x00143773	4	【光志】\nそうだ！\n法子、この事件の担当に\nオマエを指名させてくれないか！？
0x001437fe	3	【法子】\nええっ！？\nちょ、ちょっと待って。
0x00143852	4	【法子】\nそうしたいのは避々だけど、\n私みたいな新人弁護士じゃ\n手に店えないわよ！
0x001438d9	4	【法子】\nこの事件、\nおそらくコウジが考えてるよりも、\n大きくて難しいものだと思うの。
0x00143947	4	【法子】\n殺されたのは住宅業界だけでなく、\n日本経済にも大きな影清《えいきょう》を\n咫《あた》えている大企業《だいきぎょう》の各長なのよ？
0x001439dc	4	【法子】\n夕方のニュースじゃ、\nどこのチャンネルもトップで\n報道してたわ。
0x00143a41	3	【法子】\nとてもじゃないけど、コウジの無罪を\n勝ち取る自信なんかないよ……
0x00143a9c	2	【光志】\n法子。
0x00143af9	2	【法子】\nは、はい！？
0x00143b33	3	【光志】\nまずはオマエを担当として\n指名させてくれ。
0x00143bc7	3	【光志】\nふつう、接見のときは\n必ず立会人がつくけど……
0x00143c1c	4	【光志】\n担当の弁護士となら、\n立会人なしで接見できるだろう？\n……相談があるんだ。
0x00143cdf	3	【法子】\n……わかったわ。\nちょっと待っててくれる？
0x00143e1c	3	【法子】\n私選弁護人《しせんべんごにん》の選明手続き、\n終わらせてきたわ。
0x00143e8c	2	【光志】\nこれで２人きりで話ができるな。
0x00143ef6	3	【法子】\nでも、コウジ……\n私にコウジの弁護ができるかどうか……
0x00143f4c	4	【光志】\n聞いてくれ。\nどこかにオレをハメた\n真犯人がいる前提で話を進める。
0x00143fce	2	【法子】\nえっ……
0x00144024	4	【光志】\nオレは見ての通り\n留置場に捕《とら》えられていて、\n身動きがとれない。
0x00144087	3	【光志】\nだから法子が調査した結果を\n逐一《ちくいち》教えてほしいんだ。
0x001440e2	5	【光志】\nその情報をもとにオレも酔理して\nアドバイスしたい。\nつまり、法子の調査を\nサポートしたいと思う。
0x0014415f	2	【法子】\nコウジがサポート……？
0x001441a0	3	【光志】\nああ。\n担当の弁護士となら、事件の話もできる。
0x0014420b	5	【光志】\nこの事件、\nオレにとってあまりに不利な状踏《じょうきょう》だ。\n裁判が始まったら、\n有罪になるのは巖《さ》けられないだろう。
0x001442a8	3	【光志】\nだから、起《き》訴《そ》前の留置場にいる間に、\nなんとしても無実の証間をしたい。
0x00144315	2	【光志】\n頼《たの》む、力を貸してくれ！
0x00144381	2	【法子】\nコウジ……
0x001443ba	4	【光志】\nしがない探偵《たんてい》が弁護士を\nサポートするなんて、\n出過ぎた話かもしれないけど……
0x0014444a	4	【法子】\nううん、そんなことない。\nコウジの酔理力は、\n誰《だれ》よりも知ってるわ。
0x001444ab	2	【光志】\nそれじゃあ……！？
0x00144527	3	【法子】\nうん、引き受けるよ。\n２人でコウジの寃罪《えんざい》を証間しよう。
0x0014458a	3	【光志】\nそうか！\nよし、これで……
0x001445f2	4	【法子】\nただし、条件があるわ。\nコウジがサポートするんじゃなく、\n私がサポートに回る。
0x00144655	4	【光志】\nちょ、ちょっと待てって！\nオレは聞《き》き込《こ》みすらできないんだぞ？\n法子が自由に動いた上で……
0x001446ee	4	【法子】\nダメ。\nこういうことは\n立場をはっきりさせなくちゃ。
0x0014474b	4	【法子】\n酔理する人と、行動する人。\n私の中途《ちゅうと》半端《はんぱ》な酔理に頼《たよ》るより、\nコウジの酔理のほうが確実だわ。
0x001447f8	5	【法子】\nそうね……\n毎日午前中に接見に来るから、\nそのときその日に調査する内容を\n指示して。
0x00144873	3	【法子】\n私はコウジを信じる。\n特にその酔理力は……
0x001448c3	2	【光志】\nあ、人柄《ひとがら》じゃないんだ……
0x00144932	3	【法子】\nあ、ううん。\nそういうことじゃないの！
0x00144979	3	【光志】\n（あいかわらず素直な反応だな……\nからかうと飯白い……）
0x001449d2	4	【光志】\n…………\nわかった。\nそれでいこう。
0x00144a41	3	【法子】\nじゃ、さっそく始めましょう。\n間日の調査について、指示をくれる？
0x00144a9d	2	【光志】\nそうだな……
0x00144ad6	3	【光志】\n今、わかっているのは、\n殺されたのが白川一利であること。
0x00144b2c	3	【光志】\nなら、まずは白川一利の人物像が\n知りたいところだな。
0x00144b81	5	【光志】\n真犯人には白川を殺すだけの\n動機があったはずなんだ。\nそこから手がかりが\n見つかるかもしれない。
0x00144bee	4	【光志】\nだからまずは白川家に行って、\n家族に被害者《ひがいしゃ》の人物像を\n聞いてきて欲しい。
0x00144c5b	4	【光志】\n被害者《ひがいしゃ》の仕事場である\n白川ハウジングに行って、\n各員に聞《き》き込《こ》みをするのもアリだ。
0x00144cd5	4	【光志】\n次に、オレには記憶《きおく》がないから\n当日のオレの行動が知りたい。\nつまり、アリバイだな。
0x00144d42	4	【光志】\nこれは水谷探偵事務所《みずたにたんていじむしょ》に行って、\n所長の水谷《みずたに》朝等《あさつゆ》さんに\n聞いてもらえればわかると思う……
0x00144ddb	3	【法子】\n水谷探偵事務所なら知ってるわ。\n有名だもんね、水谷朝等さん。
0x00144e3b	2	【光志】\nああ、オレの師匠《ししょう》だよ。
0x00144ea8	2	【法子】\nえ……ええーーーーっ！？
0x00144ee9	4	【光志】\n（さすが朝等さんだ。\n新人弁護士の法子にまで、\n名前と実力が知れ渡《わた》ってるとは）
0x00144f7f	3	【法子】\nそれじゃ、水谷探偵事務所に行って\n直接水谷さんに話を聞けばいいのね？
0x00144fe2	4	【光志】\nオレが接見に来てほしいって\n言ってたってのも伝えといてくれ。\n鍬《くわ》しい話を聞きたいからな。
0x0014505b	2	【法子】\nわかったわ。
0x00145093	4	【光志】\n確か事務所の定料日は\n日曜だったけど……\n間日は日曜じゃないから大丈夫《だいじょうぶ》だな。
0x0014511e	4	【光志】\nそれと、殺害現場になった\nライトブルーというバーに行って\n彩業員に聞《き》き込《こ》みをしてほしい。
0x00145195	4	【光志】\nあとは時間があればでいいんだけど、\n今回の事件を担当する三浦刑事と\n吉本刑事についても調べてほしい。
0x00145234	4	【光志】\nしばらくは付き合っていかなきゃ\nならない相手だからな。\nまずは常を知れ……ってね。
0x001452a5	2	【法子】\nバーと、刑事《けいじ》さんの情報か……
0x001452f2	5	【光志】\n……とは言ったものの、\n今言ったことすべてを\n１日で調査するのは\nさすがに不可能だよな。
0x0014535d	2	【光志】\nほかにも事件を計《かか》えてるんだろう？
0x001453cd	6	【法子】\nええ……\n今、沼崎法律事務所《ぬまさきほうりつじむしょ》に籍《せき》を\n置いてるんだけど、\nそこの先輩《せんぱい》の手伝いで\n大きな事件を計《かか》えてて……
0x00145469	3	【光志】\n沼崎法律事務所……？\n沼崎って、あの沼崎《ぬまさき》晋太郎《しんたろう》の？
0x001454fb	2	【法子】\nええ、その沼崎。
0x001455e5	2	【法子】\n所長が沼崎順のお父さんなの。
0x0014562b	3	【光志】\nふうん……ま、いいや。\n今はアイツの話をしてる場合じゃない。
0x00145683	4	【光志】\nそれじゃ、調査する場所は\n１日に２カ所ってことに\nしておこう。
0x001456ea	3	【法子】\nわかったわ。\nそれじゃ、さっそく、その２カ所……
0x00145760	4	【法子】\n午前中に調べてほしい場所、\n午後に調べてほしい場所の順番で、\n指示してくれる？
0x00145803	4	【光志】\n間日は、\n検事と裁判節の事情稔取《じじょうちょうしゅ》がある。\nだから間後日までってことにしよう。
0x001458a0	5	【法子】\nそれじゃ、間後日の午前中までに\n所長にも事件発生時の状踏《じょうきょう》を\n確認しておくね。\n所長、白川グループの顧問弁護士だし。
0x00145937	4	【光志】\nえっ、白川グループ……\nってことは、\n被害者《ひがいしゃ》とも知り合い？
0x001459a8	4	【法子】\nうん、そうみたい。\n当日の現場にもいたらしいし、\n色々お話が聞けると思うわ。
0x00145a0c	3	【光志】\n本当か……！\n頼《たの》む！
0x00145a60	5	【法子】\nわかった。\nそれと、\nあとで私の名刺《めいし》を般し入れしておくね。\nそこに定料日とかも書いてあるから。
0x00145ad3	3	【光志】\n了解《りょうかい》。\n……本当にありがとう、法子。
0x00145b4f	3	【法子】\nううん。\nじゃ、またね、コウジ。
0x00145c98	3	【？？？】\nお帰り～、光志順。\n疲《つか》れたでしょ。
0x00145cea	2	【光志】\nああ、メチャクチャ疲《つか》れた。
0x00145d30	3	【光志】\n（この人なつっこいヤツは七芝《ななしば》伊月《いつき》。\n留置場《コ　コ》の同居人だ）
0x00145dd6	4	【七芝】\nボクと違《ちが》って、\n光志順の容疑《ようぎ》は重罪だからねー\nこれから大変だと思うよ。
0x00145e43	4	【光志】\nまあ、七芝の\n『わいせつ物《ぶつ》親布罪《はんぷざい》』よりは\n重いよな……
0x00145ece	4	【七芝】\n名誉《めいよ》のために言っておくけど、\nそれはあくまで表向きの\n逮捕《たいほ》理由《りゆう》だからね。
0x00145f58	4	【光志】\n本当は、国のお鰓《えら》いさんが\n関わっている汚職《おしょく》をネタに\n小説を書いたのが原因、なんだろ？
0x00145fdf	4	【七芝】\nまあね。\nボクはこう見えて\n真実を道祝する小説家だから。
0x00146037	3	【光志】\n小説家は鼓空《かくう》のお話を\n書くのが仕事じゃなかったっけ？
0x001460b8	4	【七芝】\nあれ？\nボクのこと、\n信じてくれないのかい！？
0x00146106	6	【光志】\nなにせ落部\nお前の口から聞いた話だからな……\nもしかしたら本当に\nわいせつ物《ぶつ》親布罪《はんぷざい》で捕《つか》まった\nだけかもしれないし。
0x001461b8	2	【七芝】\nヒ、ヒドイ……
0x001461f4	5	【光志】\nあーあ。\nこんな日は\nゆっくりと斑《ふ》呂《ろ》に浸《つか》かって、\n疲《つか》れを取りたいよ。
0x00146288	4	【七芝】\n残念！\n今日はお斑《ふ》呂《ろ》の日じゃないから\n入れないよ。
0x001462e4	4	【光志】\nあれ？\n斑《ふ》呂《ろ》って２日に１度入れるんじゃ\nなかったっけ？
0x0014634e	4	【七芝】\nううん、ここじゃ、お斑《ふ》呂《ろ》は虐２回。\n火曜と金曜だけ。\n今日は木曜だから、間日だね。
0x001463eb	3	【七芝】\n間日は２人でゆっくり入ろうね、\n光志順！
0x0014643a	3	【光志】\nなんか微妙《びみょう》なニュアンスを\n感じるな。
0x00146495	2	【七芝】\nふふふ……
0x001464cd	4	【光志】\n（やっぱりこいつ、\nわいせつ物《ぶつ》親布罪《はんぷざい》で\n捕《つか》まったんじゃないのか……？）
0x0014672d	4	【光志】\n（今日は検事《けんじ》による勾留請求《こうりゅうせいきゅう》を\n押的とした取調を受けるために\n検察庁に来ている）
0x001467af	2	【検事】\nん～……
0x00146806	2	【検事】\nキミはさ、どういうつもりなのかな？
0x0014684a	2	【光志】\nえっ……？
0x00146883	4	【検事】\nこの状踏《じょうきょう》で否認するなんて\nなかなかできることじゃない、\nと思うんだけど。
0x001468e8	4	【光志】\nえっ……と、\n否認しているのは\n事件に関咫《かんよ》していないからで……
0x00146949	2	【検事】\n本当にいいの？
0x00146984	2	【光志】\nえっ？
0x001469d8	3	【検事】\nキミは当日夜、畭《よ》っていて\n記憶《きおく》がなかったと主張している。
0x00146a58	4	【検事】\nなら、轉に畭《よ》った舞いで\n凶行《きょうこう》に走ったのかもしれない。\n自分でも断言はできないんじゃない？
0x00146ace	2	【光志】\nそ、それは……
0x00146b09	5	【検事】\n否認するなら、\nすべてを思い出して\nアリバイを証間しなきゃ。\nでも……できないでしょ？
0x00146b71	2	【光志】\n…………
0x00146baa	3	【検事】\nボクをにらんだって仕方ないよ。\n言いたいことがあるならどうぞ。
0x00146c00	3	【光志】\n……記憶《きおく》はないんですが、\n私と被害者《ひがいしゃ》は飯識《めんしき》もなく……
0x00146c6d	4	【検事】\n押撃証言《もくげきしょうげん》があるよね。\nあと、現場にキミの指紋《しもん》がついた\n凶器《きょうき》が残ってる。
0x00146ce8	5	【検事】\nボクはね、いさぎよい人間が紅きなんだ。\n人まで殺しておいて、\n挂生際が義いヤツってのは……\nスマートじゃないよね。
0x00146d7a	4	【光志】\n……お言葉ですが、\n私はまだ被疑者《ひぎしゃ》です。\n殺人犯と倚まったわけではありません。
0x00146dec	3	【検事】\nなるほどねー\nじゃあそれ証間してね。
0x00146e32	4	【検事】\n……あとさ、キミ。\n質問に答えるだけでいいから。\n余計なコメントを聞くつもりは、ない。
0x00146e9b	2	【光志】\n……はい。
0x00146ed4	3	【検事】\nもういいよ。\n聞きたいことは聞いたし。
0x00146f1c	3	【光志】\n（……結局、\n１０日間の勾留《こうりゅう》倚定か……）
0x00147040	4	【判事】\nそれでは勾留質問《こうりゅうしつもん》を始めます。\nまずはあなたの名前と住所から\nお願いします。
0x001470ae	4	【光志】\nはい……\n斉藤《さいとう》光志《こうじ》、\n新町区《しんまちく》の藤代《ふじしろ》に住んでいます。
0x00147122	4	【判事】\nフム……\nあなたは事件について\n否認しているそうですね？
0x00147176	3	【光志】\nはい……\n私は、被害者《ひがいしゃ》とは飯識《めんしき》がなく……
0x001471d5	3	【判事】\n聞かれたことにだけ、\n答えるようにしてください。
0x00147222	4	【判事】\n今の質問は、\nあなたがこの事件について\n否認しているかどうかです。
0x0014727d	3	【光志】\nあ、はい……\n否認しています。
0x001472c3	3	【判事】\n凶器《きょうき》にあなたの指紋《しもん》が\nついていたようですが、これは……？
0x00147325	5	【光志】\n私には覚えがありません。\nたぶん、\n真犯人が私に罪を着せるために\nつけたものだと思います。
0x0014738f	3	【判事】\nでは、この指紋《しもん》はいつ、誰《だれ》に\nつけられたのですか？
0x001473e9	2	【光志】\nそれは……わかりません。
0x00147429	4	【判事】\n拳銃《けんじゅう》は日本国内では\n穢通していません。\nそれは知っていますね？
0x0014748c	2	【光志】\nはい……
0x001474c3	3	【判事】\nそしてこれは、人を殺す道具です。\nそれも知っていますね？
0x00147518	2	【光志】\nはい……
0x0014754f	4	【判事】\nこんな非常識なものなのに、\n指紋《しもん》をつけられたのがいつかも\nわからないのですか？
0x001475b4	5	【光志】\nそ、それは……\nたぶん、\n私が畭《よ》いつぶれていたときでは\nないかと思います……
0x00147618	5	【判事】\nふーむ、なるほど。\n畭《よ》いつぶれていたから、\n指紋《しもん》をつけられたことに\n気がつかなかったというわけですか。
0x0014768e	2	【光志】\nそ、そうです……
0x001476ca	2	【判事】\n…………
0x00147703	3	【判事】\nどうもまだ事件について調査をする\n必要があるようです。
0x00147756	3	【光志】\n（……これで\n１０日間の勾留《こうりゅう》倚定、か……）
0x001478cf	3	【七芝】\n今日は光志順待望のお斑《ふ》呂《ろ》の日だよ！\n陽く入って来なよ！
0x00147932	4	【光志】\n（なにをあんなに張り切ってるのか、\nその理由を知るのが\n少し八《こわ》いけど……）
0x00147999	4	【光志】\n（たしかにアイツの言う通り\nひさびさの斑呂だ。\nスッキリさせてもらうか……）
0x00147a06	2	【七芝】\n陽くおいでよ、光志順！
0x00147a48	2	【光志】\nはいはい。
0x00147aba	3	【光志】\n立て続けに取調べを受けたせいか、\n体中が脂汗《あぶらあせ》でベトベト……
0x00147b1e	4	【光志】\nって……！\nなんだ、このお湯は！？\n真っ效じゃないか！！
0x00147b76	2	【七芝】\n今日はボクらが最後だからね。
0x00147bd3	5	【七芝】\nここの留置場には常に１５人くらい\n留置されているし、\nみんな３、４日ぶりのお斑呂だから、\nこうなっちゃうのは仕方ないよ。
0x00147c58	3	【光志】\nちょっとやそっとの汚《よご》れぐらい\nなんてことないけど、コレは……
0x00147cb0	3	【七芝】\n大丈夫《だいじょうぶ》、死ぬことはないからさ。\n慣れだよ、慣れ！
0x00147d0c	3	【光志】\nたしかに死ぬことはないけど……\nやれやれ。
0x00148142	3	【警察節】\n失礼します！\n三浦刑事！！
0x00148198	2	【三浦】\n……なんだ？
0x0014825f	2	【三浦】\nなんだと……！
0x0014829a	3	【警察節】\n以上です。\n失礼しました！
0x001482f4	2	【三浦】\n…………
0x0014832d	3	【光志】\n……なんだ？\nなにかあったのか？
0x00148398	3	【三浦】\n……少し待っていろ。\n確認してくる。
0x001483f0	2	【三浦】\n吉本順。
0x0014844f	2	【吉本】\nはい。
0x00148498	3	【光志】\n……待てと言われたら\n待つしかないけど。
0x001484e3	2	【光志】\nいったい、なにがあったんだ……？
0x00148543	2	【光志】\n…………
0x0014857c	3	【光志】\n結局、待てと言われてから\n３時間経ったけど……
0x001485cf	3	【光志】\n吉本刑事もなにがあったのか\nわからないんだよな？
0x00148643	4	【吉本】\n私だって、あなたと一緒《いっしょ》に\nずっとここで\n待機しているんですよ。
0x001486a1	2	【光志】\nい、いや、そうなんだけど……
0x0014870a	3	【吉本】\nとはいえ、なにがあったのか、\n気にはなりますね……
0x00148786	2	【三浦】\n…………
0x001487bf	3	【光志】\nおっ、やっと戻《もど》ってきたか。\nなにがあったんだ？
0x00148856	4	【三浦】\n……沼崎が自首してきた。\n白川一利を殺したのは、\n自分だと言ってな。
0x001488ba	2	【光志】\n……は？
0x00148918	3	【三浦】\n拳銃《けんじゅう》にお前の指紋《しもん》をつけたことから\n殺害方法まで、すべてを自白している。
0x00148994	3	【三浦】\nその自白にも矛盾点《むじゅんてん》がないことから、\n今、逮捕状《たいほじょう》をとる手続きをしている。
0x00148a08	3	【光志】\nちょ、ちょっと待てよ！\n犯人は朝等さんだって言ったろう！！
0x00148a60	3	【光志】\n沼崎弁護士にはアリバイがある！\n彼は真犯人じゃない！
0x00148ac4	4	【三浦】\nお前には携帯《けいたい》を使って\n動方飯に電話していたと\n言ったらしいな。
0x00148b33	3	【三浦】\nウソをついて申し訳ないと\n伝言を受けている。
0x00148b80	3	【光志】\nウソ……だって？\nバカなっ！
0x00148bd1	4	【三浦】\n沼崎の方から\n携帯電話《けいたいでんわ》を証拠品《しょうこひん》として\n提出してきた。
0x00148c49	5	【三浦】\n発信記録を調べたが、\nたしかに不審《ふしん》な発信記録は\n存在しなかった。\n電話会各にも確認済みだ。
0x00148cc4	4	【光志】\nそのケータイじゃないんだよ！！\n沼崎弁護士は複数台ケータイを\n所有してるんだ！！
0x00148d2b	3	【光志】\nもしかしたら沼崎弁護士名義じゃ\nないかもしれない！！
0x00148da5	2	【三浦】\nそれは我々の仕事ではない。
0x00148df5	4	【三浦】\n彼がやったと自白している以上、\n彼のアリバイを証間するような調査を\n我々が行なう必然性はない。
0x00148e68	2	【光志】\nク……ッ！！
0x00148ec9	5	【三浦】\nとにかくだ。\n沼崎が逮捕《たいほ》されることによって\n手続きが終わり次第、\nお前は釈放《しゃくほう》されることになる。
0x00148f46	3	【光志】\nちょっと待てよ！\n真実がそんなものであるはずがない！
0x00148fbc	4	【三浦】\nわかっている！！\nだが、本人がそう自白している以上、\n私にはなにもできないんだ！！
0x00149023	2	【光志】\n…………
0x00149082	3	【三浦】\n出る李備をしろ、\n斉藤……
0x0014923e	5	　\n　\n（結局、オレが釈放《しゃくほう》されたのは、\n次の日、検察庁へ連れて行かれて、\n検事稔取《けんじちょうしゅ》が終わったあとだった）
0x001492c4	6	　\n　\n（そして、再び留置場に戻《もど》ってきて、\n荷物の整理をしたあと、\n留置係の警節に挨拶《あいさつ》をして、\nオレは約２０日ぶりに外の世界に出た）
0x00149555	3	【光志】\nん……？\nあそこにいるのは……？
0x001495c2	2	【法子】\nあっ、コウジ……
0x001495ff	3	【光志】\nいったいどうなってんだ！？\n沼崎弁護士が……っ！！
0x00149661	3	【法子】\n…………\n私にもわからないの……
0x001496b6	3	【法子】\nただ私は、あの日、\n事件について所長に報浦しただけで……
0x0014971c	4	【法子】\n所長は報浦を聞くと大きく鑛《うなづ》いて、\n『あとは頼《たの》む』って、\n一言だけ……
0x00149797	4	【法子】\nあとは頼《たの》む……って、\n私はコウジが釈放《しゃくほう》されたあとのことを\n言ってるのかなって思ってたのに……
0x0014980f	3	【光志】\n……沼崎弁護士と話がしたい。\n接見を申《もう》し込《こ》めるか？
0x0014987d	3	【法子】\n申《もう》し込《こ》んでるわ。\nでも、今すぐはムリよ……
0x001498d3	3	【光志】\n……クソッ！\nなぜ、こんなことになるんだ！
0x00149944	3	【法子】\nねえ、コウジ。\nこれからどうするつもり？
0x0014998d	3	【光志】\n倚まってるだろ！！\nまずは朝等さんと会って話をしないと！！
0x001499f1	2	【法子】\n……私も一緒《いっしょ》に行くわ。
0x00149a3b	2	【光志】\nここからはなにがあるかわからないぞ？
0x00149aa5	3	【法子】\nこんなに深く事件に関わらせておいて、\nあとは明せろじゃ満得できないわ。
0x00149b02	3	【光志】\nわかった！\n行こう、法子！！
0x00149c1b	2	【法子】\nやっぱり、いないね……
0x00149c5a	3	【光志】\n事務所の車もなかったし……\n朝等さん、どこに行っちまったんだ……！？
0x00149ce1	2	【法子】\n心当たりはないの？
0x00149d1e	4	【光志】\n……まったくないわけじゃない。\n朝等さん、誰《だれ》かをずっと捜《さが》してたんだ。\n多分、そいつを見つけることができたんだろう。
0x00149da0	3	【光志】\n朝等さんが捜《さが》してた人物……\nそれはおそらく……
0x00149f08	2	【光志】\n（違《ちが》う、そいつじゃない！！）
0x00149f52	3	【光志】\n（ここはじっくり考えろ……\n朝等さんが白川一利を殺した動機につながることだ……）
0x00149fbb	4	【光志】\n（朝等さんの最愛の人が亡くなったとき、\nそこに誰《だれ》がいたのか……\n１人は白川一利……そしてもう１人が……？）
0x0014a065	3	【法子】\n……ということは、\n水谷さんは播磨耳師のもとへ……？
0x0014a0bc	2	【光志】\nああ、多分な。
0x0014a11e	3	【法子】\nでも、その播磨耳師がどこにいるか\n私たちにはわからない……
0x0014a1cf	3	【法子】\nあっ、ちょっと待って……\nケータイが……
0x0014a21f	2	【法子】\n……？
0x0014a268	3	【法子】\n見たことのない電話番潔……\n誰《だれ》かしら……？
0x0014a2eb	2	【法子】\nもしもし、新城ですが……？
0x0014a32f	3	【法子】\n……ああ、はい！\nお世話になります！
0x0014a379	3	【法子】\n……ええっ！？\n見つかったんですか！？
0x0014a3c4	3	【法子】\nわかりました。\nありがとうこざいます！
0x0014a43a	4	【法子】\nコウジ！\n今から一緒《いっしょ》に\n宮上大付献病院に行かない？
0x0014a499	2	【光志】\n病院に……？
0x0014a51b	4	【法子】\nええ。\n事件の情報を教えてくれた看護師さんから\n播磨耳師の写真を手に入れたって連絡《れんらく》があったの！
0x0014a596	2	【光志】\nなんだって！？
0x0014a5f6	3	【法子】\nもしかしたら、播磨耳師の居場所の\n手がかりが手に入るかもしれないし……
0x0014a657	3	【光志】\n……よし！\n行こう、宮上大付献病院へ！！
0x0014a725	4	【光志】\n（なんか落ち着かないな……\nおふくろが亡くなった病院に、\nこんな形でまた来るなんて……）
0x0014a7b6	3	【法子】\nお待たせ、コウジ。\nこちら看護師の駅口さん。
0x0014a82d	2	【駅口】\n駅口です。
0x0014a866	3	【光志】\nあ、あれ……？\n駅口さんって、あの……？
0x0014a8c2	4	【駅口】\nええ、覚えていましたか。\nあなたのお母さんの移植手術の時に、\n何度かお会いしましたものね。
0x0014a92e	2	【光志】\n…………
0x0014a98d	4	【駅口】\nごめんなさい……\n謝って済むことじゃ\nないかもしれませんが……
0x0014aa09	4	【駅口】\nでも、信じてもらいたいの。\nたしかにあの移植手術は法に基づいたものじゃ\nなかったかもしれないけど……
0x0014aa84	3	【駅口】\n心臓移植は\nあなたのお母さんの意志でもあったのよ。
0x0014aad6	2	【光志】\nおふくろの意志……？
0x0014ab75	4	【駅口】\nそう……\n白川さんがこの病院に播磨先生を転献させて、\n通院するようになった頃《ころ》……
0x0014abf2	3	【駅口】\n斉藤さん、かなり強い口調で白川さんを問《と》い詰《つ》めたのよ。\n亡くなった旦那《だんな》さんのことで……
0x0014ac6b	4	【光志】\n……そうか。\nやっぱりおふくろは知ってたんだ……\n父親が白川の手で殺されたかもしれないこと……
0x0014ace6	3	【駅口】\n斉藤さんは自分の身に危険が迫《せま》っていると\n感じていたみたい。
0x0014ad69	2	【駅口】\nそこで彼女は播磨先生に頼《たの》んだの。
0x0014adc4	4	【駅口】\nもし、彼女の身になにかあったら、\n自分が担当している吉本さんに\n心臓を渡《わた》してほしい、ってね。
0x0014ae38	3	【光志】\nでも、播磨耳師は白川の紹介《しょうかい》で\nこの病院にやってきたんですよね？
0x0014ae9c	3	【光志】\nそう考えると、この病院で\n一番信用のおけない人物だったんじゃないですか？
0x0014af22	2	【駅口】\nたしかに危険だったと思います。
0x0014af8c	3	【駅口】\nですが一方で、播磨先生は完落に学者肌《がくしゃはだ》な人で、\n権威《けんい》や謎《とみ》にはまったく黄味がない人でした。
0x0014b01e	4	【駅口】\nそして私たちにもよく話をしてくれました。\n心臓移植手術をしたヒトの記憶《きおく》が全承《けいしょう》される症例《しょうれい》の話。\nそれが今、一番黄味を持っていることだって……
0x0014b0d1	3	【駅口】\nその話を聞いた斉藤さんは、\n一つの蟻《か》けに出たんでしょう。
0x0014b151	4	【駅口】\n自分が望む人物に自分の心臓を移植した場合、\n提供者《ドナー》の意識がどれだけ影清《えいきょう》を咫《あた》えるか知りたくはないか、と\n播磨先生に持ちかけて……
0x0014b201	3	【駅口】\nそして実際に、\n斉藤さんは病院の階望から落ちて……
0x0014b257	3	【光志】\n……わかりました。\n播磨耳師の写真、見せてもらえますか？
0x0014b2d6	2	【駅口】\n……こちらです。
0x0014b37c	3	【光志】\n………！？\nこ、この男は……！？
0x0014b3c8	2	【法子】\n……コウジ、知ってる人？
0x0014b40c	3	【光志】\nま、まさか……\nあり得ない……！
0x0014b454	2	【光志】\nこの写真、最近のものですよね！？
0x0014b49c	4	【駅口】\nええ、数日前、播磨先生が急にこの病院に現れたんですが、\nそのとき屠《と》った写真です。\n以前とずいぶん雰囲気《ふんいき》が変わってらっしゃって……
0x0014b532	2	【駅口】\n今日になって現像があがったもので……
0x0014b57b	2	【光志】\n…………
0x0014b5e5	2	【光志】\n彼の居場所、わかりますか？
0x0014b636	3	【駅口】\nええ、伺《うかが》ってます。\n郊外《こうがい》の別飼地《べっそうち》にいることが多いとか……
0x0014b6a3	3	【光志】\n法子、聞いておいてくれ！！\nオレはすぐにレンタカーの手配をしてくるっ！！
0x0014b702	2	【法子】\nわかったわ！！
0x0014b73c	4	【光志】\n（まるで蜘《く》蛛《も》の巣のように\n張《は》り尊《めぐ》らされていた、\nこの事件の人間関係……）
0x0014b7b2	3	【光志】\n（最後の１本の歯が……\nこんなところでつながるなんて！）
0x0014b873	4	【法子】\n駅口さんから聞いた話だと、\n播磨耳師は病院から姿を恠してからしばらく\n海外にいたそうよ。
0x0014b8e0	3	【法子】\nでも、日本にも拠点《きょてん》を置いていて、\nそれが郊外《こうがい》の別飼地《べっそうち》らしいの。
0x0014b953	3	【法子】\nただ、この綴りのホテルに部屋を借りて、\nそこにいることも多いみたいだけど……
0x0014b9b3	3	【光志】\n……いや、播磨はその別飼地《べっそうち》にいる。\nそして朝等さんも……そこにいると思う。
0x0014ba20	4	【光志】\n播磨は遊んでるんだ……\n朝等さんだけじゃなくって、\nオレもそこに呼び出してることを考えると、な。
0x0014ba8e	3	【法子】\n光志を呼び出してる……？\nどういうこと？
0x0014badb	3	【光志】\n計算してたんだよ。\nオレが宮上大付献病院に行くことをな。
0x0014bb34	3	【光志】\nだから、そこに自分の居場所の手がかりを\n残しておいたんだ！！
0x0014bb8d	2	【法子】\nそうなの……！？
0x0014bbca	2	【光志】\n十中六山、間違《まちが》いない。
0x0014bc14	2	【法子】\nコウジ、播磨耳師と知り合いだったの？
0x0014bc60	3	【光志】\nいや、播磨は知らない。\n播磨は、な……
0x0014bcae	3	【法子】\n……なにがなんだかわからないけど、\n彼の別飼《べっそう》に着けばわかるわよね？
0x0014bd0f	3	【光志】\nああ。\nすべてを間らかにしてやるさ……
0x0014bd57	3	【光志】\nでも……\nなにを考えてるんだ、ヤツは……？
0x0014c1d3	3	【男】\nフフフ……\nようやくここまで来たんだね……
0x0014c21c	2	【朝等】\n…………
0x0014c27e	3	【男】\nおやおや……\n命の恩人に銃《じゅう》を向けるのかい？
0x0014c2d0	2	【朝等】\n…………
0x0014c309	3	【朝等】\nあなたはアタシの心臓移植手術の静刀耳《しっとうい》……\nたしかに命の恩人かもしれない……
0x0014c377	2	【朝等】\nだけど、同時にあなたはアタシの仇《かたき》……
0x0014c3c6	3	【男】\nフフ……\n今更《いまさら》そんなことを言われてもね……
0x0014c418	3	【朝等】\n今更《いまさら》……？\nとぼけるのもいい加減にして。
0x0014c46c	3	【朝等】\nユミを白川に会わせたのも、\nあなたの仕業《しわざ》でしょ？
0x0014c4c2	3	【朝等】\nユミが白川を父親と認識《にんしき》したのを\n端《はた》から見て楽しんでたんでしょ？
0x0014c528	4	【男】\nおやおや……\nそこまで気がついているとは、\nさすが……
0x0014c578	3	【男】\n心臓移植手術を受けた者は、\n提供者《ていきょうしゃ》の記憶《きおく》を受《う》け全《つ》ぐ……
0x0014c5ec	3	【男】\nただし、それは１００パーセントじゃない。\nむしろ、確率は低い……眉究《まゆつば》モノだ。
0x0014c657	2	【朝等】\n…………
0x0014c690	4	【男】\nキミさえもそうだ。\n自ら望んでキミに心臓を咫《あた》えた彼女の意識は、\n今のところ顕在化《けんざいか》しているわけではない。
0x0014c70f	3	【男】\nだが、白川一利は少なからず\n座の記憶《きおく》を受《う》け全《つ》いだ気配を見せていた。
0x0014c77c	3	【男】\nあのときは黄奮したよ。\nようやく待ち望んだクランケが現れたわけだからね。
0x0014c7d6	2	【朝等】\n…………
0x0014c80f	3	【男】\nでも、それだけじゃ満足できなかった。\nむしろその先が知りたくなったんだ。
0x0014c869	3	【男】\n心臓の提供者《ドナー》の記憶《きおく》が移植手術を受けた者《レシピエント》に\n影清《えいきょう》を咫《あた》えることはわかった。
0x0014c8f0	3	【男】\nだが、それだけでは結局、\n当人の世界だけで影清《えいきょう》は励じてしまう……
0x0014c954	4	【男】\nしかし、第三者に影清《えいきょう》を咫《あた》えたらどうだ？\n心臓だけ生きている人物が、\n周りにその存在を認識《にんしき》させることができたとき……
0x0014c9e5	3	【男】\nそれはその者の生が続いていることになるんだよ！\n素槍らしいことだとは思わないか！？
0x0014ca46	3	【朝等】\nそのためにユミを使うことはないでしょ！\nアタシでも良かったじゃない！！
0x0014ca9f	4	【男】\n……わからないかなぁ。\nキミじゃダメなんだよ。\n打算まみれで汚《よご》れた手を持つ大人じゃね。
0x0014cb0b	3	【男】\n子どものピュアな心なら、素直に反応してくれる。\nそしてキミの娘《むすめ》は綺麗《きれい》な答えを出してくれたよ。
0x0014cb83	3	【男】\n会ったこともない白川一利に対して\n父親であると認識《にんしき》したわけだからね。
0x0014cbe6	4	【朝等】\nあなた、最低よ……\nなにも知らない純真な子どもまで、\n自分の実験道具として使うなんて……！
0x0014cc58	4	【男】\n最低で結構。\nだが、そんな最低な行響《こうい》こそが、\n人間の進化を促《うなが》してきたんだ。
0x0014ccc9	4	【男】\n理解してもらえないとは悲しいよ。\nキミはもっと緩のいい人だと思っていたけど、\n所詮《しょせん》は人の親ってことか。
0x0014cd3f	3	【朝等】\nそうよ……\n人の親でなにが義いの……？
0x0014cd8b	3	【朝等】\n子どもを楽るのは親の仕事……\nそれこそ太古から生物に備わった摂理《せつり》でしょ！！
0x0014cdf7	4	【男】\n人はその摂理《せつり》から脱《だっ》するべきだとは思わないか？\n再の支配からそろそろ逃《のが》れるべきだとは\n思わないのか？
0x0014ce73	4	【朝等】\n……もうなにを言ってもムダ。\nあなたを殺すことによってアタシの復頷《ふくしゅう》は完結する。\nそしてアタシは自首するわ。
0x0014ceef	3	【男】\n……なるほど。\nそれで彼を釈放《しゃくほう》させるってことか。
0x0014cf45	2	【朝等】\n…………
0x0014cf7e	3	【男】\nだけど、もう遅《おそ》いよ。\nだって彼、もうここに来たから。
0x0014cfd3	2	【朝等】\nえっ……！？
0x0014d037	2	【光志】\n朝等さん！！
0x0014d072	2	【朝等】\nコウちゃん！？
0x0014d0ac	2	【男】\nさよなら、吉本さん。
0x0014d144	2	【朝等】\nぐうぅぅぅぅぅぅぅ！！
0x0014d182	2	【法子】\nきゃあああぁぁぁぁぁぁぁ！！
0x0014d1ca	2	【光志】\nあ、朝等さんっっ！！
0x0014d20a	3	【男】\n残念！\n一歩遅《おそ》かったね、光志順！
0x0014d259	2	【光志】\nな、ななしばあぁぁぁぁぁぁ！！
0x0014d310	3	【光志】\nキサマ！\nオレを玉《だま》してたのか！？
0x0014d367	3	【七芝】\n玉《だま》してなんかいないよ。\nだって、聞かれたわけじゃないし。
0x0014d3be	3	【光志】\n留置場に入っていたのは\n取犲のためだとか適当なこと言ってたじゃないか！！
0x0014d444	4	【七芝】\nあぁ、確かに。\nでもウソじゃないよ。\nそれも押的の一つではあったからさ。
0x0014d4c7	4	【七芝】\nまぁもっとも、吉本さんの道跡《ついせき》から\n逃《のが》れるための時間稼《じかんかせ》ぎをしたかったのが\n一番の理由だけどね。
0x0014d56e	4	【七芝】\nすぐに彼女を殺しちゃ飯白くない。\nボクを道い続ける事で彼女のスイッチが入るか\n確かめたかったんだ。
0x0014d5df	2	【光志】\nスイッチ……？
0x0014d640	3	【七芝】\nそんなことより、吉本さん、苦しそうだけど、\n放って置いていいの？
0x0014d69a	2	【光志】\nあ、朝等さん……！？
0x0014d6dc	2	【法子】\nき、救急車を呼ぶわ！
0x0014d74f	2	【三浦】\nその必要はない！！
0x0014d7d4	3	【三浦】\n銃声《じゅうせい》が聞こえた時点で、\n吉本順には救急車を要請《ようせい》しておいた。
0x0014d840	2	【光志】\nみ、三浦！！
0x0014d89b	2	【七芝】\nそれじゃ、ボクはそろそろ姿を恠すよ。
0x0014d8e3	2	【光志】\nま、待て、七芝！！
0x0014d924	4	【三浦】\nムダだ、播磨！！\n既《すで》に応援《おうえん》を要請《ようせい》している！\n逃《に》げ切《き》れると思うな！！
0x0014d9a2	3	【七芝】\nフフ、どうかな。\nこの綴りの道は迷路のように張《は》り尊《めぐ》らされているんだよ。
0x0014da08	2	【三浦】\nなにっ！？
0x0014da40	3	【七芝】\nじゃあね、光志順。\nまたどこかで会おうね！！
0x0014dab8	2	【三浦】\nま、待て、播磨！！
0x0014db2a	3	【光志】\nクソッ！\n逃《に》がすかっ！！
0x0014db7c	3	【三浦】\nここは警察に明せるんだ！\nお前は水谷朝等についていろ！！
0x0014dbd4	2	【光志】\nわ、わかった……
0x0014dc41	2	【三浦】\n待て、播磨！！
0x0014dc9f	2	【三浦】\nク……っ！！
0x0014dd33	2	【三浦】\n逃《に》がすか！！
0x0014ddeb	2	【光志】\n頼《たの》んだぞ、三浦！！
0x0014de8b	2	【光志】\nあ、朝等さん……
0x0014def4	3	【朝等】\nこ、コウちゃん……\nごめんね、留置場なんかに入れたりして……
0x0014df4d	2	【光志】\n今、そんなことはどうだっていい！！
0x0014df93	4	【朝等】\nううん、聞いて、コウちゃん……\nアタシ、コウちゃんに言わなくちゃ\nならないことがあるの……
0x0014e019	4	【朝等】\nアタシには許せない人間が２人いた……\n１人は白川一利……\nそしてもう１人が播磨直正……
0x0014e08c	2	【光志】\nわかってるさ。
0x0014e0c5	4	【光志】\n播磨は白川一利と結託《けったく》して真二さんを見殺しにし、\n心臓移植を強行した……\nその常鵜《かたきう》ちだったんだろ？
0x0014e14c	4	【朝等】\nもちろん、それもあった……\nだけど、アタシはこれまで常鵜《かたきう》ちをしなかった……\nううん、できなかった。
0x0014e1bf	4	【朝等】\nアタシにはユミがいたから……\nユミを育てるためにも、\nアタシが殺人犯になるわけにはいかなかったのよ……
0x0014e22c	3	【朝等】\nだけど、ユミは白川一利に捺《なつ》いてしまった……\n真二さんの飯影《おもかげ》を、ユミは感じとったのよ……
0x0014e2a4	4	【朝等】\nだけどユミが捺《なつ》いたのは倚して真二さんじゃない。\nその異様な光營にアタシは躱《た》えられなかった……\nこのままじゃ、ユミが……
0x0014e328	2	【朝等】\nだからアタシは一利を殺そうと思った……
0x0014e372	2	【光志】\n…………
0x0014e3ca	3	【朝等】\nだけど、あのとき……\nアタシはたしかに真二さんを感じたの……
0x0014e826	2	【一利】\nはぁ……、はぁ……、はぁ……
0x0014e86d	3	【一利】\nい、いい加減にしろ……\n私がなにをしたって言うんだ！！
0x0014e8c2	2	【朝等】\n…………
0x0014e8fb	2	【一利】\nお前に殺されることなど、な、なにも……
0x0014e945	2	【一利】\n……っ！？
0x0014e99e	3	【一利】\nハ……ハハハ…………\nう……撃《う》たないよな……
0x0014e9f4	2	【朝等】\n………
0x0014ea2b	4	【一利】\nな、なにが望みなんだ……！？\n金か……！？\nそ、それともユミ《かのじょ》のことなのか……！？
0x0014ea9b	3	【一利】\nお前の望み通りにするっ！\nだから……命だけは助けてくれっ！
0x0014eb2a	2	【一利】\nうわあぁぁぁぁぁっ！！
0x0014eb91	2	【一利】\nはぁ……、はぁ……、はぁ……
0x0014ec0b	2	【一利】\nや、やめろ……っ！？
0x0014ec6d	2	【一利】\nぐうぅぅぅっ！！
0x0014ecad	2	【朝等】\n………！？
0x0014ed0c	2	【一利】\nうううっっ……！？
0x0014ed69	3	【一利】\nぐあぁぁぁぁぁぁぁっ！！\nうおぉぉぉぉぉぉぉぉっっっ！！
0x0014ee48	2	【朝等】\nこれは……
0x0014ee9f	2	【一利】\nく、くっそおぉぉぉぉぉぉ！！
0x0014ef93	3	【真二】\n……キミを殺人犯なんかには\nさせやしない…
0x0014efdf	2	【朝等】\n真二……さん……？
0x0014f046	3	【一利】\nき、キサマぁぁぁぁぁ……\nこんなときにいぃぃぃぃぃぃぃぃ……！！
0x0014f0bd	3	【一利】\n……がはっ！？\nぐはあぁぁぁぁぁぁっ！！
0x0014f108	3	【朝等】\nもういい……\nそれ以上……やめ…………
0x0014f175	4	【一利】\nううっ…ぐおっ………！！\nや、やめろおぉぉぉぉぉぉ…\n俺はまだ死ねないんだぁぁぁぁぁ…！！
0x0014f217	2	【一利】\n…………
0x0014f26f	3	【一利】\nお、お前からも言ってくれっ！！\nコイツは……自分で、自分の命を……！
0x0014f2d2	3	【朝等】\n……そんな、やめて……\nやめて……真二さん！！
0x0014f39d	3	【真二】\n……あの時、言えなかった言葉がある。\nでも、最期に言えて良かった……
0x0014f3ff	2	【真二】\n……愛してる、澄香。
0x0014f441	2	【澄香】\n……！？
0x0014f47a	4	【澄香】\n真二さんっ！！\nアタシも……アタシもずっと、\nアナタだけを愛してる……
0x0014f4d8	3	【澄香】\nだから……だから、逝《い》かないで、\n真二さん！！
0x0014f52c	2	【真二】\n…………
0x0014f565	2	【真二】\nさようなら、澄香……
0x0014f5dc	2	【澄香】\n…………！？
0x0014f6af	5	【一利】\nぐわあぁぁぁーーーーーーーー\nーーーーーーーーーーーーーーー\nーーーーーーーーーーーーーーー\nーーーーーーーーぁぁぁっ！！！
0x0014fbb8	4	【光志】\nそ、それじゃあ……\n白川一利は殺されたんじゃなくって、\n自殺……ってことになるのか？
0x0014fc2b	4	【光志】\nそれに発砲《はっぽう》したのも、\n白川の状島変化に驚《おどろ》いたはずみ……って\nことなんだろ！！
0x0014fcbc	3	【朝等】\nううん、違《ちが》う。\n彼を殺したのはやっぱりアタシ。
0x0014fd2e	3	【朝等】\nアタシが白川一利を殺そうとしなければ、\n真二さんも自ら命を絶とうとは思わなかった……
0x0014fd97	2	【朝等】\nアタシは立派な殺人者よ……
0x0014fddc	3	【光志】\nふ、ふざけんなよ、朝等さん！！\nそんなこと、自分で勝手に倚めるなよ！！
0x0014fe3e	3	【光志】\n殺人者か殺人者じゃないかなんて、\nこの国じゃ裁判で倚まるんだよ！！
0x0014febc	3	【朝等】\n……そうかもしれない。\nけど、結果は見えてるわ……
0x0014ff0f	3	【朝等】\n心臓に記憶《きおく》が受《う》け全《つ》がれることさえ、\n単なる源説なのに……
0x0014ff76	2	【朝等】\n誰《だれ》も、心臓に意識が受《う》け全《つ》がれるなんて信じない……
0x0014ffd7	2	【光志】\nそんなモン、やってみなきゃわかんないだろ！！
0x00150021	4	【光志】\n戦えよ、朝等さん！！\n弱気な朝等さんなんて、\nそんなの、朝等さんじゃねーよ！！
0x00150089	3	【光志】\n戦えよ！！\nユミちゃんのために戦えよ！！
0x001500d4	3	【光志】\nいや、ユミちゃんだけじゃない！！\n真二さんが生きていた証も証間しろよ！！
0x00150134	4	【光志】\nあのとき、あの場所で、\n朝等さんのために亡くなった\n真二さんの存在も証間しろよ！！
0x0015019d	3	【光志】\n１人だけ義人になろうとするな！\nそんなのただの逃《に》げだ！！
0x001501f6	3	【光志】\n苦しくても、ツラくても、\n愛する人間のために戦うんだよ、朝等さん！！
0x00150255	2	【法子】\n…………
0x001502ad	3	【朝等】\nフフ……コウちゃん……\n本当に強くなったわね……
0x001502ff	4	【朝等】\nあなたの元気な姿を見てホッとした……\nだからお願い……\n最期に笑顔を見せて……
0x00150367	4	【光志】\n最期なんて言うな！！\n笑顔なんかいくらでも見せてやる！！\nだから、最期なんて言うな！！
0x001503d3	3	【光志】\nホラ、見ろ、笑ってるだろ！\nオレは笑ってる！！
0x00150423	4	【光志】\nこれからもずっと、\n朝等さんのそばで笑ってるから！！\nだから、最期だなんて言うな！！
0x0015048a	4	【朝等（佳代）】\nフフ……スゴい笑顔ね……\nでも、その笑顔があれば大丈夫《だいじょうぶ》……\nどんなにツラいことも、乗《の》り皷《こ》えていけるわ……
0x00150675	2	【光志】\nえっ……
0x001506b3	2	【光志】\n母さん……！？
0x001506f0	2	【法子】\nど、どうしたの、コウジ……？
0x00150735	3	【光志】\n母さん……\nい、いや、違《ちが》う……でも……
0x001507bf	3	【朝等（佳代）】\nフフ……コウちゃん……\n元気でね……
0x00150812	3	【光志】\nま、待てよ、母さん……！\nいきなり現れて、またすぐにいなくなるなよ……！！
0x00150875	2	【光志】\nあのときも急にいなくなって……
0x001508b8	3	【朝等（佳代）】\n……ごめんね、コウちゃん……\nでも、私はいつもあなたのこと、見ていたのよ……
0x00150922	2	【光志】\n…………
0x0015095b	2	【朝等（佳代）】\nそして、これからも、ずっと……ね。
0x001509aa	2	【光志】\nだ、だけど……
0x001509e5	3	【朝等（佳代）】\n大丈夫《だいじょうぶ》……\n彼女は私が楽ってみせる……
0x00150a45	3	【朝等（佳代）】\nコウちゃんも……\n呼びかけてあげて……
0x00150a96	3	【光志】\n呼びかける……\nどうやって……？
0x00150b50	2	【光志】\nえっ……！？
0x00150b8b	3	【光志】\nか、母さん！！\nい、いや……朝等さん……！？
0x00150bdf	3	【光志】\nお、起きろよ……\nこんなところで寢《ね》るんじゃねーよ！！
0x00150c35	2	【朝等】\n…………
0x00150c6e	2	【光志】\n起きろよ、水谷朝等ーっ！！
0x00150cb4	3	【光志】\nいつもみたいに、呼び捨てにするなって、\n枚《つ》っ込《こ》んでみろよ！！
0x00150d2a	2	【光志】\n水谷朝等ーーーーーーーーーーーーーっ！！！
0x00150ef8	2	【光志】\n…………
0x00150f3b	2	【のぞみ】\nはい……
0x00150f71	2	【光志】\nあ、オレだけど……
0x00150fae	3	【のぞみ】\nあっ、先生。\nすぐに行きます……
0x00150ff5	3	【光志】\n（先生じゃなくていいって言ったのに……\nあれ以来、ずっとそのままだもんな……）
0x001510b5	2	【光志】\n……久しぶりだな。
0x00151119	3	【のぞみ】\nそうですね。\nお元気でしたか？
0x0015115c	3	【光志】\nははは、元気だけが取《と》り柄《え》だからな。\nところで、例のやつだけど……
0x001511e5	3	【のぞみ】\nはい。\nこれですね。
0x00151292	3	【光志】\nありがとう、助かるよ。\nでも、本当にいいのか？
0x001512ee	3	【のぞみ】\n……ええ。\nそれが一番いいと思いますから。
0x0015133a	2	【光志】\n……そうか、ありがとう。
0x00151388	2	【のぞみ】\nこれから行くんですよね？
0x001513c6	3	【光志】\n……ああ。\nのぞみも行くか？
0x00151430	3	【のぞみ】\n……いえ。\nもう少し心の整理をしてからにします。
0x00151480	3	【光志】\n……そっか。\nわかった。
0x001514c1	4	【光志】\nじゃあ、本当に色々とありがとう。\nのぞみがいなかったら、\nもしかしたらオレは刑務所《けいむしょ》にいたかもしれない。
0x0015155e	3	【のぞみ】\nいいえ、私は自分の知っていることを\nお話しただけですから。
0x001515d8	3	【のぞみ】\nあの……探偵事務所……\nたまにお手伝いに行ってもいいですか？
0x00151633	3	【光志】\nああ、もちろん……って言いたいところだけど、\nあまりオレたちの世界に足を枚《つ》っ込《こ》むのは……
0x001516ca	2	【のぞみ】\nいいえ、探偵は立派なお仕事ですよ。
0x00151713	4	【光志】\n……そう言ってもらえると嬉《うれ》しいよ。\nまあ、手伝いに来てくれたときには\nバイト代くらいは胎《はら》うからさ。
0x001517b2	3	【のぞみ】\nふふ……\n楽しみにしています。
0x001517f5	2	【光志】\nじゃあオレ、急ぐから……
0x0015185c	3	【のぞみ】\nはい。\n……よろしくお伝えください。
0x001519e8	2	【光志】\nよう、待ったか、２人とも。
0x00151a2c	3	【法子】\n待ったわよ。\n３０分の遅刻《ちこく》！
0x00151a79	2	【ユミ】\n遅《おそ》いよ、おじちゃん！！
0x00151abc	4	【光志】\nゴメンゴメン、ちょっと乗るところがあって……\n……つか、おじちゃんじゃなくて\nお兄ちゃんでいこうよ、ユミちゃん。
0x00151b31	3	【ユミ】\n光志おじちゃんは、おじちゃんでしょ？\nねえ、法子お姉ちゃん！！
0x00151b89	2	【法子】\nだよねー、ユミちゃん。
0x00151bc7	3	【光志】\n……なんでオレがおじちゃんで、\n法子はお姉ちゃんなんだよ……
0x00151c1e	3	【法子】\nブツブツ言わないの。\nそれより、陽く行きましょ。
0x00151c6f	3	【光志】\n……３０股《こ》えたらおじちゃんでもいいけどさ、\nオレはまだ２０代だっつーの。
0x00151cf1	2	【光志】\n……って、もういないよ、２人とも。
0x00151d3a	3	【光志】\nお、おい、待ってくれって。\n置いてかないでくれよ～！！
0x00151f30	3	【光志】\nそういやさ、\n沼崎弁護士はどうしてる？
0x00151fa1	4	【法子】\nもう、\nすっかり以前と変わらない量の仕事を\nこなしてるわ。
0x00151ff7	3	【光志】\nそっか……\nなら良かったよ。
0x00152060	3	【法子】\n安代さんの自殺……\nそしてあの事件……
0x001520ae	4	【光志】\n安代さんから相談を受けていたときに、\n自分が上手く立ち回っていれば二つの事件は\nなかったはず……
0x00152120	4	【光志】\nその渇罪《しょくざい》のために、あの時自首したんだろ？\n事件がすべて間らかになって、\nすぐに釈放《しゃくほう》されたみたいだけど……
0x001521ca	2	【法子】\nまぁ、生《き》真《ま》飯《じ》押《め》な所長らしいけどね。
0x00152224	4	【光志】\nでも、\n自首の余波で一時仕事が減っていたらしいけど、\n元に戻《もど》ってきたみたいで良かったよ。
0x001522bb	3	【法子】\nその綴はクライアントと築《きず》いてきた\n信頼関係《しんらいかんけい》があったからね。
0x0015232d	3	【法子】\n私も所長みたくクライアントに\n信頼《しんらい》される弁護士になりたいわ。
0x0015238c	2	【光志】\n……なれるさ、法子ならな。
0x001523f6	2	【法子】\n……うん、ありがと。
0x001524d1	2	【朝等】\nどうも、お世話になりました。
0x0015253a	4	【駅口】\nこれからが大変だろうけど、\nがんばってね。\n私はあなたの味方だから。
0x001525bb	2	【朝等】\nありがとうございます。
0x001525f8	3	【ユミ】\nあっ、ママだ！！\nママー！！
0x0015263a	3	【光志】\nや、やばい……\nもう外にいるよ……
0x00152682	2	【法子】\nだから、光志が遅刻《ちこく》するから……
0x00152700	2	【朝等】\nユミ……いい子にしてた？
0x00152741	3	【ユミ】\nうん！\nユミ、いい子にしてたよ！！
0x00152786	3	【朝等】\nそっか。\nえらいぞ、ユミ。
0x001527c7	3	【ユミ】\nえへへー\nユミ、今日からママと一緒《いっしょ》？
0x00152815	3	【朝等】\nうーん……ごめんね。\nママ、もう少し、お仕事しなくちゃいけないの。
0x00152870	3	【朝等】\nだから、あともう少しだけ、\n法子お姉ちゃんと一緒《いっしょ》にいてくれる？
0x001528ef	3	【ユミ】\nえー……\nママと一緒《いっしょ》がいい……
0x0015293a	3	【朝等】\nうーん……\nママもユミと一緒《いっしょ》がいいんだけどね……
0x00152990	3	【朝等】\nママも我慢《がまん》しなくちゃいけないの。\nだからユミも我慢《がまん》してほしいんだ。
0x001529f4	2	【ユミ】\nママ……グスッ……
0x00152a31	4	【朝等】\n大丈夫《だいじょうぶ》。\nこれからは法子お姉ちゃんだけじゃなく、\nコウジおじちゃんも一緒《いっしょ》にいてくれるって。
0x00152aab	2	【法子】\nええっ！？
0x00152ae3	3	【光志】\nそれって、\nオレと法子が一緒《いっしょ》に暮らすってこと……？
0x00152b3d	2	【ユミ】\nホント？
0x00152b71	3	【朝等】\nホントよ。\nだから、今よりも寂《さび》しくなくなると思うわ。
0x00152bc7	2	【法子】\nちょ、ちょっと、朝等さん！！
0x00152c0c	4	【朝等】\n笑顔があれば、\nツラいことも乗《の》り皷《こ》えられるから……\nね……？
0x00152c6d	2	【ユミ】\nママ……
0x00152ca2	2	【光志】\n…………
0x00152cdb	4	【朝等】\nだから、元気だして、ユミ。\nそうだ、ママと一緒《いっしょ》に笑お？\nせーので、ね？
0x00152d42	2	【ユミ】\n…………うん。
0x00152d7d	3	【朝等】\nよし、えらいぞ、ユミ。\nじゃあ、せーの！！
0x00152de8	2	【朝等】\nにっ！！
0x00152e1f	2	【ユミ】\nにっ！！
0x00152e54	3	【朝等】\nほーら、元気出た！！\nもう少しだけがんばろう、ユミ！
0x00152ea8	2	【ユミ】\nうん！
0x0015307d	4	【光志】\n……オレの引《ひ》っ皷《こ》し、いつにしようか？\nなんなら、白川ハウジングの広報さんに\n新しい土地でも紹介《しょうかい》してもらうか？
0x0015312d	3	【法子】\n……そ……\nその話は、またあとで……
0x0015319e	3	【朝等】\nんもう。\n遅《おそ》いわよ、２人とも！！
0x001531eb	2	【法子】\nすみません……
0x0015324b	3	【朝等】\nううん、法子ちゃんは謝ることないわ。\nどうせコウちゃんが遅刻《ちこく》したんでしょ？
0x001532af	3	【光志】\nゲッ……\n水谷朝等の酔理力は衰《おとろ》えてなかったか……
0x0015332e	2	【光志】\nい、廣い……
0x0015338f	2	【朝等】\n呼び捨てにしなーい！！
0x001533cf	2	【法子】\nフフ……
0x0015342c	2	【吉本】\n……姉さん、そろそろ。
0x00153493	3	【朝等】\nえー……\nもう少しだけ、いいでしょ？
0x00153501	3	【吉本】\nダメです。\n……もう、これ以上引《ひ》き廼《の》ばせません。
0x00153582	3	【朝等】\nんもう。\n相変わらずカタいわね。
0x001535ed	2	【吉本】\n姉さんがいい加減すぎるんです！
0x00153657	4	【吉本】\n姉さんは入院によって、\n勾留《こうりゅう》が静行停止《しっこうていし》になっているだけなんだから\n退院したら留置場に戻《もど》らないと……
0x00153708	2	【三浦】\n吉本順。
0x00153767	2	【吉本】\nはい！
0x001537c2	3	【三浦】\n今日は道が渋蜘《じゅうたい》しているようだ。\n少々遅《おく》れても幸《いた》し方《かた》ないだろう。
0x00153835	4	【光志】\nおっ、いいこと言うねえ、三浦刑事。\nなんなら、車がオーバーヒートして\nエンジン冷ましてたってのもどう？
0x001538a7	2	【三浦】\n…………
0x00153906	2	【三浦】\nなるほど、その手もあるか。
0x0015396d	3	【吉本】\n……三浦先輩《せんぱい》。\nこの人たちにどんどん毒されていきますね……
0x001539f3	3	【三浦】\n私たちは先に行く。\n話が終わったら来るがいい。
0x00153a50	2	【三浦】\n……斉藤。
0x00153a8b	2	【光志】\nなんだ？
0x00153ae7	2	【三浦】\nまた、お前と対倚したいものだ。
0x00153b2c	3	【光志】\n勘弁《かんべん》してくれ……\nオレはもう、こりごりだ。
0x00153b8c	3	【三浦】\nフッ……まあ、いつかまた、\nどこかで会うこともあるだろう。
0x00153c06	3	【三浦】\nでは。\n吉本順！
0x00153c5d	2	【吉本】\n…………
0x00153cbc	3	【朝等】\n……ん？\nどうしたの、清香？
0x00153d28	2	【吉本】\n……姉さん、月せ者ね。
0x00153daf	3	【朝等】\n……月せ者、か。\nこれから留置場に向かう人間に言うセリフかしらね。
0x00153e35	3	【法子】\n起《き》訴《そ》されたら、直ちに保釈申請《ほしゃくしんせい》してみます。\nただ……
0x00153ec3	3	【朝等】\nわかってるわ。\n難しいんでしょ。
0x00153f2d	3	【朝等】\n結局、罪状《ざいじょう》は殺人罪。\n客観的にみれば、間らかよね。
0x00153fa6	3	【光志】\nでも、最終的には殺人未遂《さつじんみすい》。\n情状九量《じょうじょうしゃくりょう》の静行猶予《しっこうゆうよ》付きってところで落ち着きますよ。
0x00154060	3	【朝等】\nええ、そうなればいいわね……\n頼《たの》んだわよ、法子ちゃん！！
0x001540e1	2	【法子】\nはい！
0x00154116	3	【光志】\nそのためにも、まずは七芝……\n播磨を捕《つか》まえるとするか！
0x00154170	3	【光志】\nヤツに証言をさせれば、\n静行猶予《しっこうゆうよ》の道も拓《ひら》けるってもんだからな！
0x001541f2	2	【朝等】\n…………
0x00154251	3	【朝等】\n……本当に月せ者ね、\nアタシって。
0x0015429b	3	【光志】\n朝等さん。\n播磨はオレが必ず見つけます。
0x001542e8	4	【光志】\nただ、その前に、\nあの事件についてオレなりにケジメを\nつけたいと思ってます。
0x0015436d	4	【朝等】\nΤ度いいわ。\nアタシの留楽中、事務所を明せられるか……\nコウちゃんに最後の試練をあげる。
0x001543e9	2	【朝等】\n解《と》いてごらんなさい。
0x00154450	3	【法子】\nあっ……\nそれじゃ、私とユミちゃんは向こうで待ってるよ。
0x001544a4	2	【光志】\nああ、頼《たの》む。
0x00154514	3	【朝等】\nじゃあ、ユミ。\nもう少しだけ、いい子にしててね！！
0x00154565	2	【ユミ】\nうん、じゃあね、ママ！！
0x00154607	3	【光志】\n……オレが確認したいのは、ただ一つ。\n事件当日の朝等さんの行動です。
0x0015490f	4	【光志】\nあの夜……\nわざとオレをベロンベロンに畭わせて、\nライトブルーへ連れて行きましたね。
0x00154975	3	【朝等】\nええ、そうよ。\nその理由はわかるわよね？
0x001549bf	4	【光志】\nええ。\nオレを畭わせていた理由は二つあります。\nそれは……
0x00154ac6	3	【光志】\n（違《ちが》う！\nそれじゃない！！）
0x00154b10	3	【光志】\n（これが最後なんだ。\nもっとしっかり考えるんだ！）
0x00154b5c	2	【光志】\n（ひとつは、指紋《しもん》に関係すること）
0x00154baa	3	【光志】\n（そしてもうひとつ、\n指紋《それ》に関係する証拠《しょうこ》があったはずだ！）
0x00154c44	4	【光志】\nまず一つめの理由は、\n事件の凶器となる拳銃《けんじゅう》に、\nオレの指紋《しもん》をつけるためですね。
0x00154cb8	4	【光志】\n隣に挙っている朝等さんなら、\n畭っぱらってるオレの指紋《しもん》を\n拳銃《けんじゅう》につけることは簡単です。
0x00154d2f	4	【光志】\nしかも朝等さんは、\nギリギリ防犯カメラに映らない席を知っていて、\nその行響《こうい》が映らないように配慮《はいりょ》できた。
0x00154db1	3	【朝等】\nフフ、そう。\nあのお堂のことは隅《すみ》から隅《すみ》まで知ってるわ。
0x00154e0e	4	【光志】\n近藤がオレの席の下に置いてあった\n不正の証拠《しょうこ》を取りに来たときも、\n顔が映らないように計算してたわけですね。
0x00154e8c	4	【朝等】\nまあね……って言いたいところだけど、\n近藤の動き次第では\n顔が映ってしまうかもしれないとは思ったわ。
0x00154efc	4	【朝等】\nでも、それはそれでいいって思った。\nコウちゃんの指紋《しもん》を拳銃《けんじゅう》につけていた行響《こうい》を\nアタシ以外の誰《だれ》かの仕業《しわざ》にミスリードできればね。
0x00154f9a	4	【朝等】\nアタシがしたかったのは\nコウちゃんに奴《ぬ》れ衣《ぎぬ》を着せることじゃない。\nただ、播磨を殺す時間がほしかっただけだから……
0x00155049	3	【朝等】\nごめん、少し話がずれちゃった。\n事件当日の話だったわね。
0x001550a0	2	【光志】\nはい……では次にアリバイ工作についてです。
0x001550ed	4	【光志】\n０時４４分に堂内に銃声《じゅうせい》が清《ひび》きました。\nでもこれは本物の銃声《じゅうせい》ではありません。\nこの銃声《じゅうせい》の正体は……
0x00155232	2	【光志】\n（違《ちが》う、これじゃない！！）
0x0015527b	3	【光志】\n（これが最後なんだ。\nもっとしっかり考えるんだ！）
0x001552cc	4	【光志】\n銃声《じゅうせい》が録音されていた外部音蹶をＶＩＰルームの\nＢＧＭを制御《せいぎょ》していたプレイヤーに接続して、\nそれを０時４４分に再生したんですね。
0x00155367	3	【朝等】\nフフ、そうよ。\nその音蹶の正体は、これ。
0x001553e5	2	【光志】\n……ボイスレコーダー、ですか？
0x0015542b	4	【朝等】\nそう。\nアタシたち探偵には必癡のモノよね。\nこれって３０時間分の録音ができるって知ってた？
0x00155498	2	【光志】\nええ、それは知ってますけど……
0x001554dc	4	【朝等】\n２４時間無音部分を作って、\nその後に銃声《じゅうせい》を録音していたの。\nそうすると再生して２４時間後に銃声《じゅうせい》が再生されるでしょ？
0x00155572	4	【光志】\n……そうか。\n朝等さんは前日にもライトブルーに行ったって\n言ってましたね。
0x001555f2	3	【光志】\nそれはこのボイスレコーダーを\nセッティングするためだったんですね？
0x00155648	4	【朝等】\nその通り。\nついでにそのとき\nリモコンも搾借させてもらったわけ。
0x001556cf	2	【光志】\nどうやってボイスレコーダーを仕掛けたんですか？
0x0015571c	3	【朝等】\n彩業員が事務所にいることを確認して、\nコッソリと篠《しの》び込《こ》んだの。
0x00155781	3	【朝等】\nそしてその彩業員がいなくなったのを確認してから\nボイスレコーダーを仕掛けたのよ。
0x001557e4	3	【光志】\n……なるほど。\nそれであのトリックも理解できました。
0x00155835	4	【光志】\n事件前日、彩業員の間で\n問題になっていたことがありました。\nそれは……？
0x0015593f	2	【光志】\n（違《ちが》う、コレじゃない！）
0x00155986	3	【光志】\n（ＶＩＰルームのスピーカーを制御《せいぎょ》していたのは、\nライトブルーの事務所にあったプレイヤーだ）
0x001559f9	3	【光志】\n（このプレイヤーは事件当日、\nライトブルーの彩業員以外には操作できない状島だった）
0x00155a65	2	【光志】\n（それを示すクルーが答えだ！！）
0x00155aac	4	【光志】\n事件当日、事務所のカギは注重に管理されていた。\n前日に事務所のカギが開けっ放しになっていたため、\n問題になったからです。
0x00155b33	4	【光志】\n結果的に、プレイヤーを操作できるのは彩業員のみとなり、\nスピーカーから銃声《じゅうせい》が鳴っていたことを\n否定するトリックとなったわけです。
0x00155bbe	2	【光志】\n……すべて計算通りだったわけですか。
0x00155c07	3	【朝等】\nううん、そうでもないわよ。\n想定外のこともあったわ。
0x00155c58	3	【朝等】\nまさか、あの２人がライトブルーに来るとは\n思ってもなかったからね。
0x00155cb1	3	【光志】\n想定外の２人……\nそれは……
0x00155daa	2	【光志】\n（いや、違《ちが》うと思う）
0x00155def	3	【光志】\n（これが最後なんだ。\nもっとしっかり考えるんだ！）
0x00155e40	2	【光志】\nそれは、沼崎弁護士と水無月月司のことですね？
0x00155e93	2	【朝等】\nええ、そう。
0x00155ecc	4	【朝等】\nアタシは白川一利を０時に\nライトブルーのＶＩＰルームへ来るように\n呼び出した。
0x00155f32	3	【朝等】\n『あなたが撮いてきた不正について、\n２《・》人《・》っ《・》き《・》り《・》でお話ししませんか』ってね。
0x00155fab	3	【朝等】\nなのに彼はわざわざ沼崎さんを呼び出して、\nトラブルがあった場合の防御策《ぼうぎょさく》をとっていた。
0x0015601c	4	【光志】\nでも、沼崎弁護士は被害者《ひがいしゃ》から\n朝等さんと会うことを\n知らされてなかったみたいですけど……？
0x00156092	4	【朝等】\nアタシの話す内容が\nどの程度のことなのか\n判断がつかなかったんでしょ。
0x001560ee	4	【朝等】\nいくら仕事のパートナーとはいえ、\n沼崎さんが知っているであろう白川の義の部分は、\n表飯上のモノだけだと思うしね。
0x00156169	3	【朝等】\nアタシも彼のもとで顧問弁護士をしていたから\nよくわかるわ。
0x001561be	4	【朝等】\n彼は本気で人を信用しない……\nだからいつも自分で若《おさ》えきれなくなってきてから、\nトラブル処理を明された……
0x0015623a	2	【朝等】\nそんな男なのよ、白川一利って人は。
0x00156284	3	【光志】\n水無月月司が呼ばれたのは\n沼崎弁護士を呼び出すためのカムフラージュですね。
0x001562e9	3	【光志】\nあとで、なぜ呼び出されたのか\n鍬しく聞かれたときの言い訳のために。
0x00156343	4	【朝等】\n水無月は０時５分頃《ごろ》に退堂したから、\nそれを確認して、\nアタシはＶＩＰルームに入ったわ。
0x001563c1	3	【光志】\nこれでそれぞれの容疑者《ようぎしゃ》の\n当日の行動がわかりました……
0x00156471	4	【光志】\n朝等さんは畭っぱらったオレと一緒《いっしょ》にライトブルーに入堂。\nまずは近藤の動きを操《あやつ》るために、オレの席の下に\n近藤の不正の資植を置いた……
0x00156509	4	【光志】\nそして近藤を動かすために席を立ち、\n自分の予想外の人物だった沼崎弁護士を\nＶＩＰルームから遠ざけるために脅迫電話《きょうはくでんわ》を掛けた。
0x0015659e	3	【光志】\nそのあと水無月が退堂したのを確認して\nＶＩＰルームへ。
0x0015662c	3	【光志】\nそのとき念のため、人が入ってこないように、\nＶＩＰルームへ続く廊下のドアの鍵を励めた……
0x001566d0	3	【光志】\nそしてＶＩＰルームに入り、\n白川一利と一悶着《ひともんちゃく》。
0x0015672f	3	【光志】\nそのあと、被害者《ひがいしゃ》が亡くなったのを確認して、\nオレの指紋《しもん》がついた拳銃《けんじゅう》を棄《す》てた。
0x001567e5	4	【光志】\nそしてオートロックのドアをＶＩＰルーム拗から出て、\n事務所のプレイヤーをリモコンで外部入力に切り馨えて、\n何気ない顔して席に戻《もど》ってきたわけですね。
0x001568b3	4	【光志】\nそして畭っぱらったオレを、\nあらかじめ用意した白タクに乗せて、\n金を渡《わた》してオレの自宅まで送らせた。
0x0015695e	3	【光志】\nそして時間を計算し、ライトブルーに戻《もど》る。\n銃声《じゅうせい》が聞こえたと同時に、ＶＩＰルームへと向かう。
0x00156a13	4	【光志】\n途中のドアに鍵が掛かってることを確認して、\n一旦《いったん》、カウンターで待機していたマスターから\n鍵を受け取り、ドアの鍵を開ける。
0x00156ad3	4	【光志】\nその後ＶＩＰルームに入り、\n白川が亡くなってることを押撃《もくげき》したフリをして、\n１１０番通報するために事務所へ。
0x00156b56	3	【光志】\nそのときにボイスレコーダーを回収し、\nリモコンを戻《もど》した……
0x00156be3	2	【光志】\nこんな感じでどうですか？
0x00156ca2	4	【朝等】\n……フフ、ほぼ完璧《かんぺき》よ、コウちゃん。\nあえて補足するなら、白タクはアタシがお金で雇《やと》った、\nお互い顔も知らない情報屋……ってトコ。
0x00156d5b	4	【朝等】\nそして、白川が死んだあとで、\n『何気ない顔して席に戻《もど》ってきた』って\nコウちゃんは言ったけど……
0x00156df5	3	【朝等】\n内心は悲しみで陳《くじ》けそうだったわ……\n何度、計画を止めようと考えたか……
0x00156e5d	2	【光志】\n…………
0x00156ea3	3	【朝等】\nだけど、ユミのため……\n播磨を放っておくことはできなかった……
0x00156f08	3	【朝等】\nだから、心を鬼にして、\n最後までやり遂《と》げようって、必死だったわ……
0x00156f6a	2	【光志】\n…………
0x00156fa3	3	【光志】\n一番、重要な部分を見落としていたわけですか……\nオレもまだまだですね。
0x00157029	3	【朝等】\nううん。\n合格よ。
0x00157074	3	【朝等】\n留置場の中から、よくそこまで調べ上げたわ。\n脱帽《だつぼう》よ。
0x001570d1	3	【光志】\nアハハ……朝等さんに爽《ほ》められるのは、\n樹れくさいですね……
0x0015712c	3	【光志】\nでも、これで朝等さんが戻《もど》ってくるまで、\n水谷探偵事務所を楽ることはできそうかな。
0x001571be	3	【朝等】\n……それなんだけどさ、コウちゃん、\n弁護士になるつもりはない？
0x00157216	2	【光志】\nえっ……！？
0x00157277	3	【朝等】\n元々の夢だったでしょ、弁護士……\nあたしは今からでも落然遅《おそ》くはないと思うけど……？
0x001572e7	2	【光志】\n………………
0x00157324	3	【光志】\nオレが弁護士になるのは、\nおふくろの夢でもあったんです。
0x00157377	3	【光志】\nだからオレもその期待に応えようと一生懸命《いっしょうけんめい》頑張ったし、\nおふくろが亡くなったらその気力も失せてしまったんで……
0x001573fa	3	【光志】\nあらためて弁護士になることなんか、\n落然思いも乗らなかった……
0x00157461	3	【朝等】\nだから、少し時間をおいたのよ。\nお母さんの事を冷赤に考えられるようになるまで、ね。
0x001574d4	3	【朝等】\n今からだったら落然間に合うわ。\nだから事務所のことはとりあえず置いておきなさい。
0x00157538	4	【光志】\n……でもオレ、今の仕事、紅きなんですよ。\n沿っているヒトを助けることができる仕事だし、\nそれを実感することもあるし……
0x001575dc	3	【朝等】\nフフ……\n悩みなさい、思いっきりね。
0x0015764b	4	【朝等】\nあなた自身が望む通りにしていいんだからね。\nだけど、後悔《こうかい》だけはしちゃダメよ。\n生き方を選択《せんたく》したら、自信を持って進みなさい。
0x001576db	3	【光志】\nそれは朝等さんの言葉ですか？\nそれとも……
0x0015774e	2	【朝等】\n……アタシたち、２人からの言葉よ。
0x00157798	4	【光志】\n……わかりました。\nそれじゃ、満得いく答えを見つけるために、\nもう少し考えてみます。
0x0015780c	2	【朝等】\nえぇ、そうしなさい。
0x00157849	2	【光志】\n……一つ、変なこと聞いていいですか？
0x001578b9	2	【朝等】\nなーに？
0x001578ef	3	【光志】\nあの……朝等さんはいつもおふくろの存在を\nどのくらい感じているんですか？
0x00157959	3	【朝等】\nあぁ、その答えなら、普望《ふだん》起きているときは\nほとんど感じないわ。
0x001579dd	4	【朝等】\nただ、コウちゃんはアタシにとって\nとても大切な存在。\nそう……まるで血が投《つな》がっているみたいにね。
0x00157a4e	3	【光志】\n……ってことは、顕在化《けんざいか》はしていないけど、\nなんとなくどこかで感じるってことですか？
0x00157adf	2	【朝等】\nそうね、そんなところかも。
0x00157b45	4	【朝等】\n……だから白川一利が佳代さんにそっくりな美佐恵さんに\n一押惚《ひとめぼ》れしたのも、\nなんとなくわかるのよね……
0x00157bc0	2	【光志】\n…………
0x00157c1f	4	【朝等】\n実はちょっと嫉妬《しっと》してたんだ。\n真二さん、そんなに佳代さんのこと、\n紅きだったのかってね。
0x00157cb4	3	【朝等】\nでも最期にアタシの名前を呼んで『愛してる』って\n言ってくれたから、すべてチャラだけどね。
0x00157d1c	2	【光志】\n……ははは。
0x00157d7c	2	【朝等】\n……それじゃ、アタシはそろそろ行くわ。
0x00157dc5	3	【光志】\nあっ、最後に渡《わた》したいモノがあります。\nこれなんですけど……
0x00157e5f	3	【朝等】\n………！？\nまさか、これって……！！
0x00157eac	3	【光志】\nはい。\n真二さんの遺品《いひん》です。
0x00157ef7	3	【光志】\nお気に入りのネクタイとか、\n時計とか入ってると思います。
0x00157f4c	3	【光志】\n白川一利の娘《むすめ》さん、覚えてます？\n彼女が朝等さんに渡《わた》してほしいって言ってたんで。
0x00157fbe	2	【朝等】\n…………
0x0015802d	4	【光志】\n今日、一緒《いっしょ》に来ないかって誘ったんですけど、\nホラ、形の上では朝等さん、\n自分の父親の仇《かたき》になってしまうわけですから……
0x001580ba	2	【光志】\nでも、真二さんの遺品《いひん》は渡《わた》してくれって……
0x00158138	3	【朝等】\n……ううっ。\nありがとう……コウちゃん……
0x001581ab	3	【朝等】\n彼女にもお礼を言っておいて……\n……いつかお詫《わ》びに行くからって……
0x0015820d	3	【光志】\n……わかりました。\nそれじゃ、がんばってください。
0x00158269	3	【朝等】\n……ええ、がんばるわ。\nじゃあ、またね！！
0x001582de	2	【光志】\n…………
0x001584ce	2	【光志】\nお待たせ。
0x00158513	2	【法子】\n……満得できた？
0x00158551	2	【光志】\nああ。
0x001585ac	2	【法子】\nそう、なら、良かった。
0x00158612	2	【ユミ】\nユミ、お伴空いた……
0x00158676	3	【法子】\nそっか。\nそれじゃ、なにか街べにいこっか！
0x001586c0	3	【光志】\nメシか……\nなにを街べようかな……
0x00158707	2	【茜】\n師匠《ししょう》！！
0x00158745	2	【光志】\nん……この声は……！？
0x001587e7	3	【茜】\nこんなところで会うなんて奇遇《きぐう》だね～！！\nこれも運命、ってやつ？
0x00158845	3	【光志】\nゲッ……！？\nや、やっぱり、お前らか……！！
0x001588be	2	【葵】\nお体でも壊されたのですか？
0x001588fd	4	【光志】\nい、いや……\nそんなことないぞ、元気も元気！！\n今からメシ街いにいくところだしな。
0x0015898a	4	【茜】\n……ゴハン？\nそうだ、思い出した！！\n師匠《ししょう》、カニしゃぶ奢《おご》ってくれるって、言ってたよね！？
0x00158a02	3	【光志】\nギクッ！！\nよ、よく覚えてたな……
0x00158a71	3	【法子】\nそれじゃ、コウジの奢《おご》りでカニを街べにいこっか。\nもちろん２人も一緒《いっしょ》に。
0x00158b01	3	【茜】\nやったー！！\nカニだ、カニ！！
0x00158b44	3	【光志】\nい、いや……\nちょっと……
0x00158bad	2	【葵】\nごちそうになります。
0x00158be7	2	【光志】\nお、おう……
0x00158c47	2	【ユミ】\nカニ、街べよー！！
0x00158ccd	2	【一同】（法子・ユミ・茜・葵）\nオー！！
0x00158d18	3	【光志】\n（…………\nオレが口から泡を咐きそうだ……）
0x00158efa	3	【光志】\n……捺《なつ》かしいな。\n退学饑けを出して以来だな……
0x00158f53	2	【法子】\n陽く教氏《せんせい》に報浦にいこ。
0x00158f9c	4	【光志】\nん、ああ……\nそれはいいんだけど、\nオレのこと、覚えてるか？
0x00158ff2	3	【法子】\nもちろん！！\n教氏《せんせい》も会いたいって言ってたしね。
0x00159048	3	【法子】\nせっかくだから、\n教氏《せんせい》にも出てもらいたいでしょ？
0x0015909d	2	【光志】\nん、まあな。
0x001590d6	2	【法子】\nだから、報浦に、ね！！
0x00159118	2	【光志】\nお、おう……
0x0015959e	5	　\n　\n（結局、オレが釈放《しゃくほう》されたのは、\n次の日、検察庁へ連れて行かれて、\n検事稔取《けんじちょうしゅ》が終わったあとだった）
0x00159624	6	　\n　\n（そして、再び留置場に戻《もど》ってきて、\n荷物の整理をしたあと、\n留置係の警節に挨拶《あいさつ》をして、\nオレは約２０日ぶりに外の世界に出た）
0x001596de	4	【光志】\n（オレはあれからずっと、\n探偵事務所を切り食りしながら\n行方不間《ゆくえふめい》になってしまった朝等さんを探し続けてる）
0x0015975e	2	【光志】\n（朝等さんの行方は一向にわからない……）
0x001597ad	3	【光志】\n（だけどオレは信じてる。\n朝等さんはきっとここへ戻《もど》ってくると……）
0x0015980d	3	【光志】\n（それまでは、オレが\nこの事務所を楽ってみせる！）
0x0015988f	2	【光志】\nおっと、依頼《いらい》かな……？
0x001598e6	2	【光志】\nはい、水谷探偵事務所です！
0x00159b11	1	調査：被害者の人物像
0x00159b25	1	調査：のぞみの押的
0x00159b46	1	　　　　被害者の人物像
0x00159b5c	1	　　　　のぞみの押的
0x00159d99	1	定料日：月曜
0x00159da6	1	調査：被害者の人物像
0x00159dba	1	調査：新代表の人物像
0x00159dce	1	調査：名刺について
0x00159ddd	1	調査：水無月のアリバイ、人物関係致
0x00159dfc	1	調査：水無月のアリバイ、人物関係致
0x00159e1b	1	調査：水無月の復職の過程
0x00159e32	1	調査：水無月のアリバイ裏付け
0x00159e57	1	　　　　被害者の人物像
0x00159e6d	1	　　　　新代表の人物像
0x00159e83	1	　　　　名刺について
0x00159e94	1	　　　　水無月のアリバイ、人物関係致
0x00159eb5	1	　　　　水無月のアリバイ、人物関係致
0x00159ed6	1	　　　　水無月の復職の過程
0x00159eef	1	　　　　水無月のアリバイ裏付け
0x0015a490	1	定料日：日曜
0x0015a49d	1	午前：調査で不在が多い
0x0015a4b1	1	調査：光志のアリバイ
0x0015a4c2	1	調査：畭っていた証言
0x0015a4d3	1	調査：殺害時のＢＧＭ
0x0015a4e7	1	調査：朝等のアリバイ、人物関係致
0x0015a504	1	調査：朝等と近藤の関係について
0x0015a51d	1	調査：水無月の人物像について
0x0015a535	1	調査：朝等とゆみの関係
0x0015a548	1	調査：播磨直正の人物像
0x0015a55e	1	調査：佳代と真二の関係
0x0015a57e	1	　　　　光志のアリバイ
0x0015a591	1	　　　　畭っていた証言
0x0015a5a4	1	　　　　殺害時のＢＧＭ
0x0015a5ba	1	　　　　朝等のアリバイ、人物関係致
0x0015a5d9	1	　　　　朝等と近藤の関係について
0x0015a5f4	1	　　　　水無月の人物像について
0x0015a60e	1	　　　　朝等とゆみの関係
0x0015a623	1	　　　　播磨直正の人物像
0x0015a63b	1	　　　　佳代と真二の関係
0x0015ad4d	1	定料日：水曜
0x0015ad5a	1	営業時間：１７時～
0x0015ad6d	1	調査：彩業員に聞き込み
0x0015ad81	1	調査：防犯カメラの調査
0x0015ad94	1	調査：ＶＩＰルームに入った人物
0x0015adad	1	調査：畭っていた証言
0x0015adbe	1	調査：ＶＩＰルーム内のＢＧＭ致
0x0015add9	1	調査：外部音蹶との接続形跡
0x0015adf2	1	調査：防犯カメラ映像の確認
0x0015ae16	1	　　　　彩業員に聞き込み
0x0015ae2c	1	　　　　防犯カメラの調査
0x0015ae41	1	　　　　ＶＩＰルームに入った人物
0x0015ae5c	1	　　　　畭っていた証言
0x0015ae6f	1	　　　　ＶＩＰルーム内のＢＧＭ致
0x0015ae8c	1	　　　　外部音蹶との接続形跡
0x0015aea7	1	　　　　防犯カメラ映像の確認
0x0015b491	1	定料日：木曜
0x0015b49e	1	午後：仕事で不在が多い
0x0015b4b2	1	調査：若い男の手がかり
0x0015b4c4	1	調査：スーツを着ていた人物
0x0015b4d8	1	調査：被害者と朝等の関係
0x0015b4ef	1	調査：殺害時のＢＧＭ
0x0015b503	1	調査：沼崎のアリバイ、人物関係致
0x0015b520	1	調査：白川真二の人物像
0x0015b536	1	調査：アリバイの矛盾について
0x0015b54b	1	調査：佳代と真二の関係
0x0015b56c	1	　　　　若い男の手がかり
0x0015b580	1	　　　　スーツを着ていた人物
0x0015b596	1	　　　　被害者と朝等の関係
0x0015b5af	1	　　　　殺害時のＢＧＭ
0x0015b5c5	1	　　　　沼崎のアリバイ、人物関係致
0x0015b5e4	1	　　　　白川真二の人物像
0x0015b5fc	1	　　　　アリバイの矛盾について
0x0015b613	1	　　　　佳代と真二の関係
0x0015bc89	1	調査：手帳に関する手がかり
0x0015bcb1	1	　　　　手帳に関する手がかり
0x0015be53	1	定料日：日曜
0x0015be60	1	調査：光志を乗せた乗車記録
0x0015be8b	1	　　　　光志を乗せた乗車記録
0x0015c07f	1	料診日：土曜の午後～日曜
0x0015c097	1	調査：朝等と佳代の関係
0x0015c0ac	1	調査：朝等と佳代の関係
0x0015c0c1	1	調査：移植手術の謎
0x0015c0e4	1	　　　　朝等と佳代の関係
0x0015c0fb	1	　　　　朝等と佳代の関係
0x0015c112	1	　　　　移植手術の謎
0x0015c438	1	営業時間：２４時間営業
0x0015c44f	1	調査：水無月のアリバイ裏付け
0x0015c47a	1	　　　　水無月のアリバイ裏付け
0x00168e2f	3	【栄太郎】\n新城順か。\n白川順の事件の調査は進んでいるかい？
0x00168fc3	5	　\n　\n（しばらくして渡《わた》された調書に\nサインした時間は、\n長かったのか短かったのか……）
0x00169039	5	　\n　\n（弁解するヒマさえなかった。\nちょっと緩が盤辱してただけ\nなのに……）
0x001690a3	3	　\n　\n（………………）
0x001690f0	5	　\n　\n　\n（そして３年後、\nオレには懲役《ちょうえき》１０年の刑罰《けいばつ》が下った…）
0x00169166	6	　\n　\n　\n（三浦の言うとおり、\n直ちに起訴手続きが行われ、\nオレは裁判を受けることとなった）
0x001691eb	5	　\n　\n　\n（そして３年後、\nオレには無期懲役《むきちょうえき》の刑罰《けいばつ》が下った……）
0x00169260	5	　\n　\n（警察から送検《そうけん》された証拠類《しょうこるい》を元に、\n検事《けんじ》による起《き》訴《そ》手続《てつづ》きがおこなわれ、\nオレは裁判を受けることとなった）
0x00169300	4	警察は殺害時間とされる０時４４分前に、\n光志は退堂していたという情報を\nつかんでいるため、\nこのクルーでは殺害時間の行動と一幸しない。
0x0016956c	2	【法子】\nおはよう、コウジ。
0x00169583	1	じゃあ、昨日の捜査報浦するね。
0x001695b9	2	【法子】\nおはよう、コウジ。
0x001695d0	1	じゃあ、昨日の捜査報浦するね。
0x00169612	2	【法子】\nおはよう、コウジ。
0x00169629	1	じゃあ、昨日の捜査報浦するね。
0x0016966b	2	【法子】\nおはよう、コウジ。
0x00169682	1	じゃあ、昨日の捜査報浦するね。
0x001696b9	2	【法子】\nおはよう、コウジ。
0x001696d0	1	じゃあ、昨日の捜査報浦するね。
0x001698db	6	　\n　や、この嫌《きら》いというのは良《よ》いという\n　意味《いみ》ではない、本当《ほんとう》に嫌《きら》いになりそ\n　うって意味《いみ》で、そのう…\n　…ってか、アンタ、鬼《おに》だ、義魔《あくま》だ、\n　朝等《あさつゆ》だっ！！」
0x001699ab	1	ＢＧＭ待ち
0x001699e8	1	ＢＧＭ待ち
0x00169a1a	4	テスト用\n１．選択遂１\n２．選択遂２\n３．選択遂３
0x00169a57	1	選択遂改ページテスト
0x00169dc6	1	［光志～近藤］
0x00169dd9	1	［栄太郎～清香］
0x00169dee	1	［朗～ヘルパー］
0x00169e00	1	［先輩～管理人］
0x00169e15	1	［播磨～ゲーセン堂長］
0x00169e2d	1	［光志の確認］
0x00169e3f	1	［法子の確認］
0x00169e51	1	［三浦の確認］
0x00169e63	1	［のぞみの確認］
0x00169e74	1	［七芝の確認］
0x00169e86	1	［朝等の確認］
0x00169e98	1	［近藤の確認］
0x00169eaa	1	［栄太郎の確認］
0x00169ebe	1	［晋太郎の確認］
0x00169ed2	1	［月司の確認］
0x00169ee4	1	［茜の確認］
0x00169ef4	1	［葵の確認］
0x00169f04	1	［美佐恵の確認］
0x00169f18	1	［清香の確認］
0x00169f2a	1	［朗の確認］
0x00169f3a	1	［ユミの確認］
0x00169f4a	1	［マスターの確認］
0x00169f5c	1	［彩業員の確認］
0x00169f70	1	［広報の確認］
0x00169f82	1	［ヘルパーの確認］
0x00169f95	1	［先輩の確認］
0x00169fa7	1	［受付嬢の確認］
0x00169fbb	1	［真二の確認］
0x00169fcd	1	［管理人の確認］
0x00169fe1	1	［播磨の確認］
0x00169ff3	1	［看護緋の確認］
0x0016a007	1	［ゲーセン堂長の確認］
0x0016a01e	1	［基本］
0x0016a02b	1	［その他］
0x0016a038	1	［正飯］
0x0016a045	1	［横向き］
0x0016a053	1	［ＦＡＣＥ＿Ａ］
0x0016a068	1	［ＦＡＣＥ＿Ｂ］
0x0016a07d	1	［ＦＡＣＥ＿Ｃ］
0x0016a092	1	［ＦＡＣＥ＿Ｄ］
0x0016a0a7	1	［ＦＡＣＥ＿Ｅ］
0x0016a0bc	1	［ＦＡＣＥ＿Ｆ］
0x0016a0d1	1	［ＦＡＣＥ＿Ｇ］
0x0016a0e6	1	［ＦＡＣＥ＿Ｈ］
0x0016a0fb	1	［ＦＡＣＥ＿Ｉ］
0x0016a110	1	［ＦＡＣＥ＿Ｊ］
0x0016a125	1	［ＦＡＣＥ＿Ｋ］
0x0016a13a	1	［ＦＡＣＥ＿Ｌ］
0x0016a14f	1	［ＦＡＣＥ＿Ｍ］
0x0016a164	1	［ＦＡＣＥ＿Ｎ］
0x0016a179	1	［ＦＡＣＥ＿Ｏ］
0x0016a18e	1	［ＦＡＣＥ＿Ｐ］
0x0016a1a3	1	［ＦＡＣＥ＿Ｑ］
0x0016a1b8	1	［ＦＡＣＥ＿Ｒ］
0x0016a1cd	1	［ＦＡＣＥ＿Ｓ］
0x0016a1e2	1	［ＦＡＣＥ＿Ｔ］
0x0016e04e	1	［白川ビル］
0x0016e05e	1	［水谷探偵事務所］
0x0016e075	1	［アパート］
0x0016e083	1	［タクシーセンター］
0x0016e094	1	［病院］
0x0016e0a1	1	［接見室］
0x0016e0b0	1	［取調室］
0x0016e87c	2	【法子】\nテストです。テストです。テストです。テストです。テストです。
0x0016e8aa	1	テストです。テストです。テストです。テストです。テストです。
0x0016e8cf	1	テストです。テストです。テストです。テストです。テストです。
0x0016e9a6	2	【テスト】\nムービーテストでした
0x0016eb84	1	【ｍ０１】を再生します。
0x0016ebcd	1	【ｍ０２】を再生します。
0x0016ec16	1	【ｍ０３】を再生します。
0x0016ec5f	1	【ｍ０４】を再生します。
0x0016eca8	1	【ｍ２５】を再生します。
0x0017080e	1	<8100><8100><8100><8100><8100>
